currency,period,value
AUD,1957-01,0.892857
AUD,1957-02,0.892857
AUD,1957-03,0.892857
AUD,1957-04,0.892857
AUD,1957-05,0.892857
AUD,1957-06,0.892857
AUD,1957-07,0.892857
AUD,1957-08,0.892857
AUD,1957-09,0.892857
AUD,1957-10,0.892857
AUD,1957-11,0.892857
AUD,1957-12,0.892857
AUD,1958-01,0.892857
AUD,1958-02,0.892857
AUD,1958-03,0.892857
AUD,1958-04,0.892857
AUD,1958-05,0.892857
AUD,1958-06,0.892857
AUD,1958-07,0.892857
AUD,1958-08,0.892857
AUD,1958-09,0.892857
AUD,1958-10,0.892857
AUD,1958-11,0.892857
AUD,1958-12,0.892857
AUD,1959-01,0.892857
AUD,1959-02,0.892857
AUD,1959-03,0.892857
AUD,1959-04,0.892857
AUD,1959-05,0.892857
AUD,1959-06,0.892857
AUD,1959-07,0.892857
AUD,1959-08,0.892857
AUD,1959-09,0.892857
AUD,1959-10,0.892857
AUD,1959-11,0.892857
AUD,1959-12,0.892857
AUD,1960-01,0.892857
AUD,1960-02,0.892857
AUD,1960-03,0.892857
AUD,1960-04,0.892857
AUD,1960-05,0.892857
AUD,1960-06,0.892857
AUD,1960-07,0.892857
AUD,1960-08,0.892857
AUD,1960-09,0.892857
AUD,1960-10,0.892857
AUD,1960-11,0.892857
AUD,1960-12,0.892857
AUD,1961-01,0.892857
AUD,1961-02,0.892857
AUD,1961-03,0.892857
AUD,1961-04,0.892857
AUD,1961-05,0.892857
AUD,1961-06,0.892857
AUD,1961-07,0.892857
AUD,1961-08,0.892857
AUD,1961-09,0.892857
AUD,1961-10,0.892857
AUD,1961-11,0.892857
AUD,1961-12,0.892857
AUD,1962-01,0.892857
AUD,1962-02,0.892857
AUD,1962-03,0.892857
AUD,1962-04,0.892857
AUD,1962-05,0.892857
AUD,1962-06,0.892857
AUD,1962-07,0.892857
AUD,1962-08,0.892857
AUD,1962-09,0.892857
AUD,1962-10,0.892857
AUD,1962-11,0.892857
AUD,1962-12,0.892857
AUD,1963-01,0.892857
AUD,1963-02,0.892857
AUD,1963-03,0.892857
AUD,1963-04,0.892857
AUD,1963-05,0.892857
AUD,1963-06,0.892857
AUD,1963-07,0.892857
AUD,1963-08,0.892857
AUD,1963-09,0.892857
AUD,1963-10,0.892857
AUD,1963-11,0.892857
AUD,1963-12,0.892857
AUD,1964-01,0.892857
AUD,1964-02,0.892857
AUD,1964-03,0.892857
AUD,1964-04,0.892857
AUD,1964-05,0.892857
AUD,1964-06,0.892857
AUD,1964-07,0.892857
AUD,1964-08,0.892857
AUD,1964-09,0.892857
AUD,1964-10,0.892857
AUD,1964-11,0.892857
AUD,1964-12,0.892857
AUD,1965-01,0.892857
AUD,1965-02,0.892857
AUD,1965-03,0.892857
AUD,1965-04,0.892857
AUD,1965-05,0.892857
AUD,1965-06,0.892857
AUD,1965-07,0.892857
AUD,1965-08,0.892857
AUD,1965-09,0.892857
AUD,1965-10,0.892857
AUD,1965-11,0.892857
AUD,1965-12,0.892857
AUD,1966-01,0.892857
AUD,1966-02,0.892857
AUD,1966-03,0.892857
AUD,1966-04,0.892857
AUD,1966-05,0.892857
AUD,1966-06,0.892857
AUD,1966-07,0.892857
AUD,1966-08,0.892857
AUD,1966-09,0.892857
AUD,1966-10,0.892857
AUD,1966-11,0.892857
AUD,1966-12,0.892857
AUD,1967-01,0.892857
AUD,1967-02,0.892857
AUD,1967-03,0.892857
AUD,1967-04,0.892857
AUD,1967-05,0.892857
AUD,1967-06,0.892857
AUD,1967-07,0.892857
AUD,1967-08,0.892857
AUD,1967-09,0.892857
AUD,1967-10,0.892857
AUD,1967-11,0.892857
AUD,1967-12,0.892857
AUD,1968-01,0.892857
AUD,1968-02,0.892857
AUD,1968-03,0.892857
AUD,1968-04,0.892857
AUD,1968-05,0.892857
AUD,1968-06,0.892857
AUD,1968-07,0.892857
AUD,1968-08,0.892857
AUD,1968-09,0.892857
AUD,1968-10,0.892857
AUD,1968-11,0.892857
AUD,1968-12,0.892857
AUD,1969-01,0.892857
AUD,1969-02,0.892857
AUD,1969-03,0.892857
AUD,1969-04,0.892857
AUD,1969-05,0.892857
AUD,1969-06,0.892857
AUD,1969-07,0.892857
AUD,1969-08,0.892857
AUD,1969-09,0.892857
AUD,1969-10,0.892857
AUD,1969-11,0.892857
AUD,1969-12,0.892857
AUD,1970-01,0.892857
AUD,1970-02,0.892857
AUD,1970-03,0.892857
AUD,1970-04,0.892857
AUD,1970-05,0.892857
AUD,1970-06,0.892857
AUD,1970-07,0.892857
AUD,1970-08,0.892857
AUD,1970-09,0.892857
AUD,1970-10,0.892857
AUD,1970-11,0.892857
AUD,1970-12,0.892857
AUD,1971-01,0.89436
AUD,1971-02,0.889838
AUD,1971-03,0.889477
AUD,1971-04,0.88981
AUD,1971-05,0.889474
AUD,1971-06,0.889439
AUD,1971-07,0.889578
AUD,1971-08,0.883732
AUD,1971-09,0.871224
AUD,1971-10,0.863814
AUD,1971-11,0.862869
AUD,1971-12,0.851264
AUD,1972-01,0.839648
AUD,1972-02,0.839631
AUD,1972-03,0.839631
AUD,1972-04,0.839631
AUD,1972-05,0.839631
AUD,1972-06,0.839631
AUD,1972-07,0.839631
AUD,1972-08,0.839539
AUD,1972-09,0.839631
AUD,1972-10,0.839842
AUD,1972-11,0.839701
AUD,1972-12,0.82882
AUD,1973-01,0.786383
AUD,1973-02,0.740244
AUD,1973-03,0.707764
AUD,1973-04,0.706714
AUD,1973-05,0.706714
AUD,1973-06,0.706311
AUD,1973-07,0.705305
AUD,1973-08,0.706806
AUD,1973-09,0.681309
AUD,1973-10,0.674646
AUD,1973-11,0.674685
AUD,1973-12,0.674174
AUD,1974-01,0.67462
AUD,1974-02,0.673401
AUD,1974-03,0.673185
AUD,1974-04,0.673814
AUD,1974-05,0.673659
AUD,1974-06,0.674139
AUD,1974-07,0.675732
AUD,1974-08,0.674589
AUD,1974-09,0.692037
AUD,1974-10,0.763781
AUD,1974-11,0.762798
AUD,1974-12,0.759177
AUD,1975-01,0.752172
AUD,1975-02,0.74186
AUD,1975-03,0.736139
AUD,1975-04,0.745379
AUD,1975-05,0.746072
AUD,1975-06,0.748782
AUD,1975-07,0.763704
AUD,1975-08,0.780387
AUD,1975-09,0.788273
AUD,1975-10,0.792002
AUD,1975-11,0.792049
AUD,1975-12,0.797573
AUD,1976-01,0.795862
AUD,1976-02,0.794622
AUD,1976-03,0.801351
AUD,1976-04,0.808308
AUD,1976-05,0.810608
AUD,1976-06,0.814662
AUD,1976-07,0.809127
AUD,1976-08,0.805309
AUD,1976-09,0.804806
AUD,1976-10,0.810373
AUD,1976-11,0.831734
AUD,1976-12,0.950373
AUD,1977-01,0.921443
AUD,1977-02,0.917135
AUD,1977-03,0.909631
AUD,1977-04,0.904763
AUD,1977-05,0.906556
AUD,1977-06,0.90253
AUD,1977-07,0.891266
AUD,1977-08,0.905279
AUD,1977-09,0.906037
AUD,1977-10,0.893686
AUD,1977-11,0.887279
AUD,1977-12,0.882154
AUD,1978-01,0.878585
AUD,1978-02,0.880568
AUD,1978-03,0.878504
AUD,1978-04,0.877433
AUD,1978-05,0.886874
AUD,1978-06,0.878519
AUD,1978-07,0.870052
AUD,1978-08,0.866498
AUD,1978-09,0.867361
AUD,1978-10,0.855727
AUD,1978-11,0.873215
AUD,1978-12,0.876049
AUD,1979-01,0.876887
AUD,1979-02,0.884054
AUD,1979-03,0.891678
AUD,1979-04,0.902156
AUD,1979-05,0.904429
AUD,1979-06,0.900026
AUD,1979-07,0.886325
AUD,1979-08,0.886305
AUD,1979-09,0.887879
AUD,1979-10,0.89849
AUD,1979-11,0.914552
AUD,1979-12,0.906594
AUD,1980-01,0.901166
AUD,1980-02,0.905706
AUD,1980-03,0.917168
AUD,1980-04,0.916729
AUD,1980-05,0.884867
AUD,1980-06,0.867359
AUD,1980-07,0.863187
AUD,1980-08,0.863808
AUD,1980-09,0.854424
AUD,1980-10,0.851584
AUD,1980-11,0.856542
AUD,1980-12,0.855737
AUD,1981-01,0.846106
AUD,1981-02,0.860124
AUD,1981-03,0.859942
AUD,1981-04,0.867181
AUD,1981-05,0.876743
AUD,1981-06,0.876668
AUD,1981-07,0.875114
AUD,1981-08,0.87735
AUD,1981-09,0.870734
AUD,1981-10,0.874005
AUD,1981-11,0.873027
AUD,1981-12,0.881209
AUD,1982-01,0.896983
AUD,1982-02,0.921784
AUD,1982-03,0.942568
AUD,1982-04,0.95025
AUD,1982-05,0.94322
AUD,1982-06,0.9685
AUD,1982-07,0.988826
AUD,1982-08,1.021572
AUD,1982-09,1.042309
AUD,1982-10,1.058871
AUD,1982-11,1.060869
AUD,1982-12,1.033503
AUD,1983-01,1.017368
AUD,1983-02,1.034371
AUD,1983-03,1.131557
AUD,1983-04,1.151691
AUD,1983-05,1.138462
AUD,1983-06,1.139797
AUD,1983-07,1.142097
AUD,1983-08,1.137191
AUD,1983-09,1.127158
AUD,1983-10,1.094056
AUD,1983-11,1.091545
AUD,1983-12,1.110174
AUD,1984-01,1.103921
AUD,1984-02,1.069927
AUD,1984-03,1.051158
AUD,1984-04,1.082013
AUD,1984-05,1.104174
AUD,1984-06,1.1334
AUD,1984-07,1.197116
AUD,1984-08,1.181078
AUD,1984-09,1.202292
AUD,1984-10,1.195911
AUD,1984-11,1.16418
AUD,1984-12,1.189034
AUD,1985-01,1.225837
AUD,1985-02,1.353815
AUD,1985-03,1.436006
AUD,1985-04,1.515799
AUD,1985-05,1.475754
AUD,1985-06,1.501706
AUD,1985-07,1.431393
AUD,1985-08,1.412487
AUD,1985-09,1.450082
AUD,1985-10,1.42335
AUD,1985-11,1.476071
AUD,1985-12,1.468713
AUD,1986-01,1.429823
AUD,1986-02,1.429168
AUD,1986-03,1.41314
AUD,1986-04,1.383332
AUD,1986-05,1.378196
AUD,1986-06,1.450641
AUD,1986-07,1.588432
AUD,1986-08,1.633038
AUD,1986-09,1.609186
AUD,1986-10,1.566135
AUD,1986-11,1.549794
AUD,1986-12,1.516024
AUD,1987-01,1.513763
AUD,1987-02,1.498445
AUD,1987-03,1.455403
AUD,1987-04,1.405209
AUD,1987-05,1.398552
AUD,1987-06,1.392961
AUD,1987-07,1.411433
AUD,1987-08,1.414118
AUD,1987-09,1.375328
AUD,1987-10,1.40214
AUD,1987-11,1.456941
AUD,1987-12,1.407149
AUD,1988-01,1.404968
AUD,1988-02,1.401204
AUD,1988-03,1.364844
AUD,1988-04,1.336319
AUD,1988-05,1.284002
AUD,1988-06,1.237912
AUD,1988-07,1.250677
AUD,1988-08,1.240516
AUD,1988-09,1.261692
AUD,1988-10,1.235477
AUD,1988-11,1.1759
AUD,1988-12,1.162758
AUD,1989-01,1.149202
AUD,1989-02,1.169587
AUD,1989-03,1.226171
AUD,1989-04,1.243474
AUD,1989-05,1.299135
AUD,1989-06,1.323763
AUD,1989-07,1.32064
AUD,1989-08,1.310908
AUD,1989-09,1.294045
AUD,1989-10,1.290792
AUD,1989-11,1.276901
AUD,1989-12,1.2726
AUD,1990-01,1.278625
AUD,1990-02,1.317818
AUD,1990-03,1.32385
AUD,1990-04,1.309257
AUD,1990-05,1.312222
AUD,1990-06,1.284264
AUD,1990-07,1.261977
AUD,1990-08,1.237175
AUD,1990-09,1.212481
AUD,1990-10,1.247116
AUD,1990-11,1.292367
AUD,1990-12,1.299929
AUD,1991-01,1.283476
AUD,1991-02,1.275967
AUD,1991-03,1.295981
AUD,1991-04,1.283569
AUD,1991-05,1.293954
AUD,1991-06,1.316535
AUD,1991-07,1.296532
AUD,1991-08,1.27804
AUD,1991-09,1.261137
AUD,1991-10,1.261289
AUD,1991-11,1.271388
AUD,1991-12,1.295851
AUD,1992-01,1.337477
AUD,1992-02,1.330522
AUD,1992-03,1.318375
AUD,1992-04,1.31155
AUD,1992-05,1.322833
AUD,1992-06,1.32349
AUD,1992-07,1.342082
AUD,1992-08,1.379971
AUD,1992-09,1.384038
AUD,1992-10,1.397866
AUD,1992-11,1.449603
AUD,1992-12,1.450042
AUD,1993-01,1.484072
AUD,1993-02,1.467334
AUD,1993-03,1.412369
AUD,1993-04,1.404124
AUD,1993-05,1.431231
AUD,1993-06,1.481442
AUD,1993-07,1.475807
AUD,1993-08,1.4748
AUD,1993-09,1.533952
AUD,1993-10,1.511623
AUD,1993-11,1.503883
AUD,1993-12,1.485016
AUD,1994-01,1.437092
AUD,1994-02,1.396429
AUD,1994-03,1.405884
AUD,1994-04,1.396459
AUD,1994-05,1.379985
AUD,1994-06,1.362995
AUD,1994-07,1.361506
AUD,1994-08,1.350762
AUD,1994-09,1.348533
AUD,1994-10,1.354835
AUD,1994-11,1.325293
AUD,1994-12,1.29104
AUD,1995-01,1.306665
AUD,1995-02,1.343608
AUD,1995-03,1.361054
AUD,1995-04,1.358825
AUD,1995-05,1.373415
AUD,1995-06,1.388733
AUD,1995-07,1.376464
AUD,1995-08,1.348329
AUD,1995-09,1.325778
AUD,1995-10,1.320018
AUD,1995-11,1.341665
AUD,1995-12,1.349333
AUD,1996-01,1.348737
AUD,1996-02,1.323591
AUD,1996-03,1.296627
AUD,1996-04,1.271571
AUD,1996-05,1.253979
AUD,1996-06,1.263333
AUD,1996-07,1.266893
AUD,1996-08,1.276846
AUD,1996-09,1.260896
AUD,1996-10,1.262903
AUD,1996-11,1.255428
AUD,1996-12,1.254176
AUD,1997-01,1.286083
AUD,1997-02,1.302606
AUD,1997-03,1.268472
AUD,1997-04,1.283613
AUD,1997-05,1.292507
AUD,1997-06,1.326432
AUD,1997-07,1.3476
AUD,1997-08,1.349161
AUD,1997-09,1.381291
AUD,1997-10,1.387054
AUD,1997-11,1.439745
AUD,1997-12,1.508632
AUD,1998-01,1.522528
AUD,1998-02,1.483334
AUD,1998-03,1.492901
AUD,1998-04,1.533038
AUD,1998-05,1.588558
AUD,1998-06,1.656417
AUD,1998-07,1.617876
AUD,1998-08,1.696079
AUD,1998-09,1.700251
AUD,1998-10,1.618228
AUD,1998-11,1.574976
AUD,1998-12,1.615275
AUD,1999-01,1.583998
AUD,1999-02,1.562868
AUD,1999-03,1.585962
AUD,1999-04,1.558405
AUD,1999-05,1.509875
AUD,1999-06,1.522993
AUD,1999-07,1.521762
AUD,1999-08,1.551618
AUD,1999-09,1.541345
AUD,1999-10,1.53311
AUD,1999-11,1.564973
AUD,1999-12,1.562582
AUD,2000-01,1.521435
AUD,2000-02,1.590617
AUD,2000-03,1.641265
AUD,2000-04,1.677002
AUD,2000-05,1.733249
AUD,2000-06,1.682372
AUD,2000-07,1.700538
AUD,2000-08,1.722853
AUD,2000-09,1.80624
AUD,2000-10,1.892044
AUD,2000-11,1.91359
AUD,2000-12,1.830548
AUD,2001-01,1.800531
AUD,2001-02,1.870508
AUD,2001-03,1.987795
AUD,2001-04,2.000876
AUD,2001-05,1.923429
AUD,2001-06,1.930431
AUD,2001-07,1.96233
AUD,2001-08,1.907107
AUD,2001-09,1.978992
AUD,2001-10,1.98205
AUD,2001-11,1.932968
AUD,2001-12,1.944108
AUD,2002-01,1.935346
AUD,2002-02,1.949735
AUD,2002-03,1.906286
AUD,2002-04,1.866974
AUD,2002-05,1.81728
AUD,2002-06,1.757588
AUD,2002-07,1.806297
AUD,2002-08,1.845641
AUD,2002-09,1.827758
AUD,2002-10,1.817369
AUD,2002-11,1.782332
AUD,2002-12,1.775269
AUD,2003-01,1.715489
AUD,2003-02,1.681255
AUD,2003-03,1.661299
AUD,2003-04,1.642399
AUD,2003-05,1.542849
AUD,2003-06,1.504943
AUD,2003-07,1.511229
AUD,2003-08,1.536541
AUD,2003-09,1.5127
AUD,2003-10,1.442636
AUD,2003-11,1.396282
AUD,2003-12,1.353432
AUD,2004-01,1.298274
AUD,2004-02,1.285879
AUD,2004-03,1.335097
AUD,2004-04,1.347027
AUD,2004-05,1.418766
AUD,2004-06,1.440422
AUD,2004-07,1.397186
AUD,2004-08,1.408404
AUD,2004-09,1.423944
AUD,2004-10,1.365308
AUD,2004-11,1.298552
AUD,2004-12,1.302496
AUD,2005-01,1.307015
AUD,2005-02,1.281025
AUD,2005-03,1.273266
AUD,2005-04,1.293726
AUD,2005-05,1.305576
AUD,2005-06,1.304937
AUD,2005-07,1.329451
AUD,2005-08,1.313411
AUD,2005-09,1.306221
AUD,2005-10,1.326488
AUD,2005-11,1.360147
AUD,2005-12,1.347792
AUD,2006-01,1.33457
AUD,2006-02,1.348794
AUD,2006-03,1.375964
AUD,2006-04,1.358037
AUD,2006-05,1.308946
AUD,2006-06,1.352153
AUD,2006-07,1.329955
AUD,2006-08,1.310445
AUD,2006-09,1.323108
AUD,2006-10,1.326835
AUD,2006-11,1.295325
AUD,2006-12,1.272595
AUD,2007-01,1.277255
AUD,2007-02,1.278031
AUD,2007-03,1.261611
AUD,2007-04,1.208713
AUD,2007-05,1.212176
AUD,2007-06,1.18719
AUD,2007-07,1.152689
AUD,2007-08,1.207229
AUD,2007-09,1.183736
AUD,2007-10,1.113225
AUD,2007-11,1.114919
AUD,2007-12,1.146472
AUD,2008-01,1.134382
AUD,2008-02,1.095596
AUD,2008-03,1.079589
AUD,2008-04,1.07515
AUD,2008-05,1.053087
AUD,2008-06,1.050867
AUD,2008-07,1.039159
AUD,2008-08,1.133236
AUD,2008-09,1.221149
AUD,2008-10,1.455199
AUD,2008-11,1.522453
AUD,2008-12,1.496823
AUD,2009-01,1.484058
AUD,2009-02,1.542892
AUD,2009-03,1.50306
AUD,2009-04,1.402894
AUD,2009-05,1.30666
AUD,2009-06,1.245997
AUD,2009-07,1.242649
AUD,2009-08,1.197186
AUD,2009-09,1.160991
AUD,2009-10,1.103065
AUD,2009-11,1.087814
AUD,2009-12,1.107852
AUD,2010-01,1.094877
AUD,2010-02,1.127724
AUD,2010-03,1.096816
AUD,2010-04,1.078908
AUD,2010-05,1.149793
AUD,2010-06,1.172771
AUD,2010-07,1.14253
AUD,2010-08,1.112101
AUD,2010-09,1.067546
AUD,2010-10,1.019203
AUD,2010-11,1.011499
AUD,2010-12,1.006324
AUD,2011-01,1.004306
AUD,2011-02,0.992262
AUD,2011-03,0.989688
AUD,2011-04,0.94622
AUD,2011-05,0.936579
AUD,2011-06,0.942929
AUD,2011-07,0.928882
AUD,2011-08,0.95176
AUD,2011-09,0.977825
AUD,2011-10,0.987402
AUD,2011-11,0.989778
AUD,2011-12,0.986767
AUD,2012-01,0.961354
AUD,2012-02,0.932201
AUD,2012-03,0.949759
AUD,2012-04,0.966284
AUD,2012-05,1.003133
AUD,2012-06,1.001957
AUD,2012-07,0.970926
AUD,2012-08,0.954912
AUD,2012-09,0.962466
AUD,2012-10,0.970839
AUD,2012-11,0.961296
AUD,2012-12,0.954844
AUD,2013-01,0.95258
AUD,2013-02,0.969533
AUD,2013-03,0.967059
AUD,2013-04,0.962612
AUD,2013-05,1.011799
AUD,2013-06,1.059907
AUD,2013-07,1.091699
AUD,2013-08,1.107632
AUD,2013-09,1.077363
AUD,2013-10,1.050897
AUD,2013-11,1.072616
AUD,2013-12,1.112332
AUD,2014-01,1.129833
AUD,2014-02,1.114493
AUD,2014-03,1.100904
AUD,2014-04,1.07374
AUD,2014-05,1.074538
AUD,2014-06,1.067989
AUD,2014-07,1.065065
AUD,2014-08,1.07433
AUD,2014-09,1.104478
AUD,2014-10,1.139138
AUD,2014-11,1.15715
AUD,2014-12,1.210656
AUD,2015-01,1.238548
AUD,2015-02,1.28353
AUD,2015-03,1.292723
AUD,2015-04,1.293347
AUD,2015-05,1.266918
AUD,2015-06,1.295814
AUD,2015-07,1.350067
AUD,2015-08,1.370608
AUD,2015-09,1.417037
AUD,2015-10,1.387388
AUD,2015-11,1.398198
AUD,2015-12,1.379858
AUD,2016-01,1.428163
AUD,2016-02,1.402287
AUD,2016-03,1.335744
AUD,2016-04,1.305383
AUD,2016-05,1.367092
AUD,2016-06,1.351262
AUD,2016-07,1.327552
AUD,2016-08,1.310258
AUD,2016-09,1.31713
AUD,2016-10,1.312328
AUD,2016-11,1.327448
AUD,2016-12,1.361899
AUD,2017-01,1.342877
AUD,2017-02,1.304776
AUD,2017-03,1.311984
AUD,2017-04,1.328075
AUD,2017-05,1.345577
AUD,2017-06,1.323405
AUD,2017-07,1.283533
AUD,2017-08,1.26364
AUD,2017-09,1.254534
AUD,2017-10,1.284437
AUD,2017-11,1.311471
AUD,2017-12,1.308423
AUD,2018-01,1.257611
AUD,2018-02,1.27024
AUD,2018-03,1.288035
AUD,2018-04,1.301123
AUD,2018-05,1.32868
AUD,2018-06,1.334107
AUD,2018-07,1.351409
AUD,2018-08,1.364896
AUD,2018-09,1.388641
AUD,2018-10,1.407056
AUD,2018-11,1.379508
AUD,2018-12,1.39212
AUD,2019-01,1.399351
AUD,2019-02,1.400337
AUD,2019-03,1.411996
AUD,2019-04,1.406118
AUD,2019-05,1.44096
AUD,2019-06,1.440189
AUD,2019-07,1.431716
AUD,2019-08,1.476763
AUD,2019-09,1.468762
AUD,2019-10,1.472208
AUD,2019-11,1.464207
AUD,2019-12,1.453576
AUD,2020-01,1.458483
AUD,2020-02,1.499876
AUD,2020-03,1.609086
AUD,2020-04,1.590064
AUD,2020-05,1.534154
AUD,2020-06,1.450335
AUD,2020-07,1.422529
AUD,2020-08,1.389353
AUD,2020-09,1.383005
AUD,2020-10,1.403047
AUD,2020-11,1.374134
AUD,2020-12,1.328504
AUD,2021-01,1.295261
AUD,2021-02,1.289957
AUD,2021-03,1.297999
AUD,2021-04,1.297703
AUD,2021-05,1.288768
AUD,2021-06,1.308448
AUD,2021-07,1.347152
AUD,2021-08,1.369248
AUD,2021-09,1.366794
AUD,2021-10,1.350648
AUD,2021-11,1.368282
AUD,2021-12,1.396099
AUD,2022-01,1.393861
AUD,2022-02,1.395251
AUD,2022-03,1.356429
AUD,2022-04,1.355732
AUD,2022-05,1.417655
AUD,2022-06,1.424073
AUD,2022-07,1.45958
AUD,2022-08,1.436653
AUD,2022-09,1.496837
AUD,2022-10,1.574975
AUD,2022-11,1.515645
AUD,2022-12,1.481294
AUD,2023-01,1.441639
AUD,2023-02,1.448065
AUD,2023-03,1.497742
AUD,2023-04,1.494253
AUD,2023-05,1.504286
AUD,2023-06,1.490605
AUD,2023-07,1.485267
AUD,2023-08,1.541796
AUD,2023-09,1.555813
AUD,2023-10,1.575091
AUD,2023-11,1.53923
AUD,2023-12,1.497147
AUD,2024-01,1.505925
AUD,2024-02,1.531641
AUD,2024-03,1.52556
AUD,2024-04,1.535317
AUD,2024-05,1.509183
AUD,2024-06,1.506247
AUD,2024-07,1.499214
AUD,2024-08,1.503937
AUD,2024-09,1.476613
AUD,2024-10,1.490353
AUD,2024-11,1.530367
AUD,2024-12,1.577463
AUD,2025-01,1.605843
AUD,2025-02,1.587404
AUD,2025-03,1.587804
AUD,2025-04,1.591615
AUD,2025-05,1.553623
AUD,2025-06,1.538986
AUD,2025-07,1.529764
AUD,2025-08,1.540701
AUD,2025-09,1.516796
AUD,2025-10,1.528823
AUD,2025-11,1.537329
AUD,2025-12,1.506057
AUD,2026-01,1.474416
AUD,2026-02,1.417717
AUD,2026-03,1.424969
AUD,2026-04,1.408658
AUD,2026-05,1.392778
AUD,2026-06,1.423196
AUD,2026-07,1.436023
AUD,2026-08,1.408193
CNY,1957-01,2.461809
CNY,1957-02,2.461809
CNY,1957-03,2.461809
CNY,1957-04,2.461809
CNY,1957-05,2.461809
CNY,1957-06,2.461809
CNY,1957-07,2.461809
CNY,1957-08,2.461809
CNY,1957-09,2.461809
CNY,1957-10,2.461809
CNY,1957-11,2.461809
CNY,1957-12,2.461809
CNY,1958-01,2.461809
CNY,1958-02,2.461809
CNY,1958-03,2.461809
CNY,1958-04,2.461809
CNY,1958-05,2.461809
CNY,1958-06,2.461809
CNY,1958-07,2.461809
CNY,1958-08,2.461809
CNY,1958-09,2.461809
CNY,1958-10,2.461809
CNY,1958-11,2.461809
CNY,1958-12,2.461809
CNY,1959-01,2.461809
CNY,1959-02,2.461809
CNY,1959-03,2.461809
CNY,1959-04,2.461809
CNY,1959-05,2.461809
CNY,1959-06,2.461809
CNY,1959-07,2.461809
CNY,1959-08,2.461809
CNY,1959-09,2.461809
CNY,1959-10,2.461809
CNY,1959-11,2.461809
CNY,1959-12,2.461809
CNY,1960-01,2.461809
CNY,1960-02,2.461809
CNY,1960-03,2.461809
CNY,1960-04,2.461809
CNY,1960-05,2.461809
CNY,1960-06,2.461809
CNY,1960-07,2.461809
CNY,1960-08,2.461809
CNY,1960-09,2.461809
CNY,1960-10,2.461809
CNY,1960-11,2.461809
CNY,1960-12,2.461809
CNY,1961-01,2.461809
CNY,1961-02,2.461809
CNY,1961-03,2.461809
CNY,1961-04,2.461809
CNY,1961-05,2.461809
CNY,1961-06,2.461809
CNY,1961-07,2.461809
CNY,1961-08,2.461809
CNY,1961-09,2.461809
CNY,1961-10,2.461809
CNY,1961-11,2.461809
CNY,1961-12,2.461809
CNY,1962-01,2.461809
CNY,1962-02,2.461809
CNY,1962-03,2.461809
CNY,1962-04,2.461809
CNY,1962-05,2.461809
CNY,1962-06,2.461809
CNY,1962-07,2.461809
CNY,1962-08,2.461809
CNY,1962-09,2.461809
CNY,1962-10,2.461809
CNY,1962-11,2.461809
CNY,1962-12,2.461809
CNY,1963-01,2.461809
CNY,1963-02,2.461809
CNY,1963-03,2.461809
CNY,1963-04,2.461809
CNY,1963-05,2.461809
CNY,1963-06,2.461809
CNY,1963-07,2.461809
CNY,1963-08,2.461809
CNY,1963-09,2.461809
CNY,1963-10,2.461809
CNY,1963-11,2.461809
CNY,1963-12,2.461809
CNY,1964-01,2.461809
CNY,1964-02,2.461809
CNY,1964-03,2.461809
CNY,1964-04,2.461809
CNY,1964-05,2.461809
CNY,1964-06,2.461809
CNY,1964-07,2.461809
CNY,1964-08,2.461809
CNY,1964-09,2.461809
CNY,1964-10,2.461809
CNY,1964-11,2.461809
CNY,1964-12,2.461809
CNY,1965-01,2.461809
CNY,1965-02,2.461809
CNY,1965-03,2.461809
CNY,1965-04,2.461809
CNY,1965-05,2.461809
CNY,1965-06,2.461809
CNY,1965-07,2.461809
CNY,1965-08,2.461809
CNY,1965-09,2.461809
CNY,1965-10,2.461809
CNY,1965-11,2.461809
CNY,1965-12,2.461809
CNY,1966-01,2.461809
CNY,1966-02,2.461809
CNY,1966-03,2.461809
CNY,1966-04,2.461809
CNY,1966-05,2.461809
CNY,1966-06,2.461809
CNY,1966-07,2.461809
CNY,1966-08,2.461809
CNY,1966-09,2.461809
CNY,1966-10,2.461809
CNY,1966-11,2.461809
CNY,1966-12,2.461809
CNY,1967-01,2.461809
CNY,1967-02,2.461809
CNY,1967-03,2.461809
CNY,1967-04,2.461809
CNY,1967-05,2.461809
CNY,1967-06,2.461809
CNY,1967-07,2.461809
CNY,1967-08,2.461809
CNY,1967-09,2.461809
CNY,1967-10,2.461809
CNY,1967-11,2.461809
CNY,1967-12,2.461809
CNY,1968-01,2.461809
CNY,1968-02,2.461809
CNY,1968-03,2.461809
CNY,1968-04,2.461809
CNY,1968-05,2.461809
CNY,1968-06,2.461809
CNY,1968-07,2.461809
CNY,1968-08,2.461809
CNY,1968-09,2.461809
CNY,1968-10,2.461809
CNY,1968-11,2.461809
CNY,1968-12,2.461809
CNY,1969-01,2.461809
CNY,1969-02,2.461809
CNY,1969-03,2.461809
CNY,1969-04,2.461809
CNY,1969-05,2.461809
CNY,1969-06,2.461809
CNY,1969-07,2.461809
CNY,1969-08,2.461809
CNY,1969-09,2.461809
CNY,1969-10,2.461809
CNY,1969-11,2.461809
CNY,1969-12,2.461809
CNY,1970-01,2.461809
CNY,1970-02,2.461809
CNY,1970-03,2.461809
CNY,1970-04,2.461809
CNY,1970-05,2.461809
CNY,1970-06,2.461809
CNY,1970-07,2.461809
CNY,1970-08,2.461809
CNY,1970-09,2.461809
CNY,1970-10,2.461809
CNY,1970-11,2.461809
CNY,1970-12,2.461809
CNY,1971-01,2.461809
CNY,1971-02,2.461809
CNY,1971-03,2.461809
CNY,1971-04,2.461809
CNY,1971-05,2.461809
CNY,1971-06,2.461809
CNY,1971-07,2.461809
CNY,1971-08,2.461809
CNY,1971-09,2.461809
CNY,1971-10,2.461809
CNY,1971-11,2.461809
CNY,1971-12,2.461809
CNY,1972-01,2.267308
CNY,1972-02,2.267308
CNY,1972-03,2.267308
CNY,1972-04,2.267308
CNY,1972-05,2.267308
CNY,1972-06,2.267308
CNY,1972-07,2.217408
CNY,1972-08,2.217408
CNY,1972-09,2.217408
CNY,1972-10,2.217408
CNY,1972-11,2.227208
CNY,1972-12,2.240108
CNY,1973-01,2.240108
CNY,1973-02,2.129508
CNY,1973-03,1.990107
CNY,1973-04,2.006407
CNY,1973-05,1.983307
CNY,1973-06,1.916407
CNY,1973-07,1.877207
CNY,1973-08,1.922007
CNY,1973-09,1.921307
CNY,1973-10,1.911307
CNY,1973-11,1.970107
CNY,1973-12,2.005207
CNY,1974-01,2.035807
CNY,1974-02,2.018607
CNY,1974-03,1.990407
CNY,1974-04,1.955007
CNY,1974-05,1.901107
CNY,1974-06,1.939507
CNY,1974-07,1.946307
CNY,1974-08,1.973907
CNY,1974-09,2.002007
CNY,1974-10,1.966207
CNY,1974-11,1.927507
CNY,1974-12,1.876907
CNY,1975-01,1.815507
CNY,1975-02,1.786706
CNY,1975-03,1.758106
CNY,1975-04,1.786706
CNY,1975-05,1.776206
CNY,1975-06,1.769306
CNY,1975-07,1.853607
CNY,1975-08,1.941407
CNY,1975-09,1.963907
CNY,1975-10,1.952407
CNY,1975-11,1.947807
CNY,1975-12,1.966207
CNY,1976-01,1.966207
CNY,1976-02,1.951207
CNY,1976-03,1.961207
CNY,1976-04,1.964307
CNY,1976-05,1.968507
CNY,1976-06,1.967707
CNY,1976-07,1.956907
CNY,1976-08,1.938707
CNY,1976-09,1.918707
CNY,1976-10,1.907707
CNY,1976-11,1.902607
CNY,1976-12,1.893207
CNY,1977-01,1.897207
CNY,1977-02,1.910207
CNY,1977-03,1.901107
CNY,1977-04,1.889607
CNY,1977-05,1.877607
CNY,1977-06,1.876507
CNY,1977-07,1.853607
CNY,1977-08,1.846707
CNY,1977-09,1.848407
CNY,1977-10,1.832507
CNY,1977-11,1.805107
CNY,1977-12,1.755306
CNY,1978-01,1.708206
CNY,1978-02,1.677306
CNY,1978-03,1.659206
CNY,1978-04,1.692306
CNY,1978-05,1.731606
CNY,1978-06,1.725006
CNY,1978-07,1.715006
CNY,1978-08,1.694606
CNY,1978-09,1.693806
CNY,1978-10,1.657306
CNY,1978-11,1.634806
CNY,1978-12,1.613906
CNY,1979-01,1.582306
CNY,1979-02,1.573906
CNY,1979-03,1.571606
CNY,1979-04,1.582806
CNY,1979-05,1.589806
CNY,1979-06,1.577506
CNY,1979-07,1.544606
CNY,1979-08,1.545806
CNY,1979-09,1.532806
CNY,1979-10,1.525606
CNY,1979-11,1.525806
CNY,1979-12,1.506705
CNY,1980-01,1.493705
CNY,1980-02,1.500605
CNY,1980-03,1.551106
CNY,1980-04,1.547006
CNY,1980-05,1.490505
CNY,1980-06,1.465005
CNY,1980-07,1.4525
CNY,1980-08,1.4726
CNY,1980-09,1.4681
CNY,1980-10,1.4803
CNY,1980-11,1.5173
CNY,1980-12,1.5419
CNY,1981-01,1.551786
CNY,1981-02,1.613106
CNY,1981-03,1.631364
CNY,1981-04,1.665968
CNY,1981-05,1.727015
CNY,1981-06,1.760523
CNY,1981-07,1.764657
CNY,1981-08,1.80031
CNY,1981-09,1.754181
CNY,1981-10,1.757624
CNY,1981-11,1.740872
CNY,1981-12,1.740473
CNY,1982-01,1.77128
CNY,1982-02,1.819956
CNY,1982-03,1.842878
CNY,1982-04,1.856486
CNY,1982-05,1.812335
CNY,1982-06,1.901377
CNY,1982-07,1.930019
CNY,1982-08,1.943218
CNY,1982-09,1.95671
CNY,1982-10,1.98867
CNY,1982-11,2.000179
CNY,1982-12,1.944491
CNY,1983-01,1.923795
CNY,1983-02,1.965284
CNY,1983-03,1.983387
CNY,1983-04,1.993838
CNY,1983-05,1.989481
CNY,1983-06,1.994886
CNY,1983-07,1.99662
CNY,1983-08,1.984322
CNY,1983-09,1.986676
CNY,1983-10,1.966445
CNY,1983-11,1.994
CNY,1983-12,1.99201
CNY,1984-01,2.048995
CNY,1984-02,2.062832
CNY,1984-03,2.064605
CNY,1984-04,2.092919
CNY,1984-05,2.186641
CNY,1984-06,2.217771
CNY,1984-07,2.299576
CNY,1984-08,2.371787
CNY,1984-09,2.546911
CNY,1984-10,2.648768
CNY,1984-11,2.678511
CNY,1984-12,2.79528
CNY,1985-01,2.816033
CNY,1985-02,2.834728
CNY,1985-03,2.853324
CNY,1985-04,2.847995
CNY,1985-05,2.855595
CNY,1985-06,2.86933
CNY,1985-07,2.880864
CNY,1985-08,2.909277
CNY,1985-09,2.972195
CNY,1985-10,3.078218
CNY,1985-11,3.208579
CNY,1985-12,3.2095
CNY,1986-01,3.2095
CNY,1986-02,3.215226
CNY,1986-03,3.220248
CNY,1986-04,3.214327
CNY,1986-05,3.201424
CNY,1986-06,3.2115
CNY,1986-07,3.643527
CNY,1986-08,3.7129
CNY,1986-09,3.715014
CNY,1986-10,3.725682
CNY,1986-11,3.7314
CNY,1986-12,3.7314
CNY,1987-01,3.7314
CNY,1987-02,3.7314
CNY,1987-03,3.7314
CNY,1987-04,3.7314
CNY,1987-05,3.7314
CNY,1987-06,3.7314
CNY,1987-07,3.7314
CNY,1987-08,3.7314
CNY,1987-09,3.7314
CNY,1987-10,3.7314
CNY,1987-11,3.7314
CNY,1987-12,3.7314
CNY,1988-01,3.7314
CNY,1988-02,3.7314
CNY,1988-03,3.7314
CNY,1988-04,3.7314
CNY,1988-05,3.7314
CNY,1988-06,3.7314
CNY,1988-07,3.7314
CNY,1988-08,3.7314
CNY,1988-09,3.7314
CNY,1988-10,3.7314
CNY,1988-11,3.7314
CNY,1988-12,3.7314
CNY,1989-01,3.7314
CNY,1989-02,3.7314
CNY,1989-03,3.7314
CNY,1989-04,3.7314
CNY,1989-05,3.7314
CNY,1989-06,3.731418
CNY,1989-07,3.7314
CNY,1989-08,3.7314
CNY,1989-09,3.7314
CNY,1989-10,3.7314
CNY,1989-11,3.7314
CNY,1989-12,4.182525
CNY,1990-01,4.7339
CNY,1990-02,4.7339
CNY,1990-03,4.7339
CNY,1990-04,4.733852
CNY,1990-05,4.7339
CNY,1990-06,4.733876
CNY,1990-07,4.7339
CNY,1990-08,4.7339
CNY,1990-09,4.734216
CNY,1990-10,4.7339
CNY,1990-11,4.971358
CNY,1990-12,5.2352
CNY,1991-01,5.2352
CNY,1991-02,5.2352
CNY,1991-03,5.2352
CNY,1991-04,5.276719
CNY,1991-05,5.325723
CNY,1991-06,5.366721
CNY,1991-07,5.36931
CNY,1991-08,5.372491
CNY,1991-09,5.386929
CNY,1991-10,5.39169
CNY,1991-11,5.399421
CNY,1991-12,5.423152
CNY,1992-01,5.461819
CNY,1992-02,5.477632
CNY,1992-03,5.487127
CNY,1992-04,5.509755
CNY,1992-05,5.518174
CNY,1992-06,5.4893
CNY,1992-07,5.45637
CNY,1992-08,5.4417
CNY,1992-09,5.504755
CNY,1992-10,5.5486
CNY,1992-11,5.613414
CNY,1992-12,5.810628
CNY,1993-01,5.779612
CNY,1993-02,5.787433
CNY,1993-03,5.745461
CNY,1993-04,5.720177
CNY,1993-05,5.739193
CNY,1993-06,5.750368
CNY,1993-07,5.7756
CNY,1993-08,5.790623
CNY,1993-09,5.801538
CNY,1993-10,5.8013
CNY,1993-11,5.80858
CNY,1993-12,5.821009
CNY,1994-01,8.721905
CNY,1994-02,8.724868
CNY,1994-03,8.724135
CNY,1994-04,8.725079
CNY,1994-05,8.68591
CNY,1994-06,8.683586
CNY,1994-07,8.660505
CNY,1994-08,8.607226
CNY,1994-09,8.558143
CNY,1994-10,8.54917
CNY,1994-11,8.53702
CNY,1994-12,8.503343
CNY,1995-01,8.460805
CNY,1995-02,8.455268
CNY,1995-03,8.448291
CNY,1995-04,8.442115
CNY,1995-05,8.337
CNY,1995-06,8.320595
CNY,1995-07,8.320745
CNY,1995-08,8.325274
CNY,1995-09,8.33744
CNY,1995-10,8.335348
CNY,1995-11,8.333443
CNY,1995-12,8.335015
CNY,1996-01,8.3384
CNY,1996-02,8.33375
CNY,1996-03,8.349543
CNY,1996-04,8.35145
CNY,1996-05,8.347864
CNY,1996-06,8.34236
CNY,1996-07,8.340932
CNY,1996-08,8.337923
CNY,1996-09,8.33411
CNY,1996-10,8.329905
CNY,1996-11,8.329395
CNY,1996-12,8.329014
CNY,1997-01,8.325967
CNY,1997-02,8.322742
CNY,1997-03,8.325752
CNY,1997-04,8.325659
CNY,1997-05,8.322852
CNY,1997-06,8.322371
CNY,1997-07,8.316182
CNY,1997-08,8.318681
CNY,1997-09,8.31707
CNY,1997-10,8.313486
CNY,1997-11,8.310894
CNY,1997-12,8.3099
CNY,1998-01,8.309445
CNY,1998-02,8.307174
CNY,1998-03,8.307595
CNY,1998-04,8.3058
CNY,1998-05,8.308395
CNY,1998-06,8.31
CNY,1998-07,8.31
CNY,1998-08,8.31
CNY,1998-09,8.305452
CNY,1998-10,8.2778
CNY,1998-11,8.277821
CNY,1998-12,8.27795
CNY,1999-01,8.278921
CNY,1999-02,8.278137
CNY,1999-03,8.279152
CNY,1999-04,8.279186
CNY,1999-05,8.278535
CNY,1999-06,8.277986
CNY,1999-07,8.2776
CNY,1999-08,8.277245
CNY,1999-09,8.277448
CNY,1999-10,8.27749
CNY,1999-11,8.278225
CNY,1999-12,8.279352
CNY,2000-01,8.277998
CNY,2000-02,8.277001
CNY,2000-03,8.276999
CNY,2000-04,8.277006
CNY,2000-05,8.277006
CNY,2000-06,8.276991
CNY,2000-07,8.277011
CNY,2000-08,8.277003
CNY,2000-09,8.277001
CNY,2000-10,8.277003
CNY,2000-11,8.276988
CNY,2000-12,8.276996
CNY,2001-01,8.277
CNY,2001-02,8.276998
CNY,2001-03,8.276993
CNY,2001-04,8.277012
CNY,2001-05,8.277003
CNY,2001-06,8.276991
CNY,2001-07,8.276995
CNY,2001-08,8.276996
CNY,2001-09,8.277007
CNY,2001-10,8.276987
CNY,2001-11,8.277007
CNY,2001-12,8.276996
CNY,2002-01,8.277003
CNY,2002-02,8.277
CNY,2002-03,8.276993
CNY,2002-04,8.276997
CNY,2002-05,8.277005
CNY,2002-06,8.276993
CNY,2002-07,8.277
CNY,2002-08,8.276997
CNY,2002-09,8.276991
CNY,2002-10,8.276994
CNY,2002-11,8.277008
CNY,2002-12,8.277008
CNY,2003-01,8.277002
CNY,2003-02,8.277009
CNY,2003-03,8.277006
CNY,2003-04,8.277001
CNY,2003-05,8.276986
CNY,2003-06,8.276998
CNY,2003-07,8.276993
CNY,2003-08,8.276997
CNY,2003-09,8.277007
CNY,2003-10,8.276992
CNY,2003-11,8.276997
CNY,2003-12,8.276994
CNY,2004-01,8.276996
CNY,2004-02,8.277007
CNY,2004-03,8.277004
CNY,2004-04,8.273703
CNY,2004-05,8.267444
CNY,2004-06,8.281943
CNY,2004-07,8.284922
CNY,2004-08,8.281052
CNY,2004-09,8.277545
CNY,2004-10,8.28061
CNY,2004-11,8.277495
CNY,2004-12,8.276458
CNY,2005-01,8.277004
CNY,2005-02,8.276993
CNY,2005-03,8.276999
CNY,2005-04,8.276493
CNY,2005-05,8.276517
CNY,2005-06,8.276496
CNY,2005-07,8.220864
CNY,2005-08,8.10168
CNY,2005-09,8.091871
CNY,2005-10,8.089293
CNY,2005-11,8.083792
CNY,2005-12,8.07571
CNY,2006-01,8.066496
CNY,2006-02,8.051049
CNY,2006-03,8.035039
CNY,2006-04,8.015585
CNY,2006-05,8.015362
CNY,2006-06,8.006742
CNY,2006-07,7.990387
CNY,2006-08,7.97274
CNY,2006-09,7.933299
CNY,2006-10,7.901946
CNY,2006-11,7.863102
CNY,2006-12,7.822403
CNY,2007-01,7.788257
CNY,2007-02,7.75011
CNY,2007-03,7.738153
CNY,2007-04,7.724155
CNY,2007-05,7.67417
CNY,2007-06,7.632342
CNY,2007-07,7.575348
CNY,2007-08,7.573048
CNY,2007-09,7.522452
CNY,2007-10,7.502531
CNY,2007-11,7.420435
CNY,2007-12,7.371391
CNY,2008-01,7.240733
CNY,2008-02,7.165917
CNY,2008-03,7.074267
CNY,2008-04,6.998984
CNY,2008-05,6.972039
CNY,2008-06,6.898371
CNY,2008-07,6.836474
CNY,2008-08,6.851819
CNY,2008-09,6.837663
CNY,2008-10,6.836149
CNY,2008-11,6.829188
CNY,2008-12,6.856521
CNY,2009-01,6.835803
CNY,2009-02,6.836795
CNY,2009-03,6.836298
CNY,2009-04,6.831558
CNY,2009-05,6.824454
CNY,2009-06,6.833818
CNY,2009-07,6.831898
CNY,2009-08,6.832462
CNY,2009-09,6.828305
CNY,2009-10,6.827034
CNY,2009-11,6.827408
CNY,2009-12,6.827716
CNY,2010-01,6.82705
CNY,2010-02,6.829202
CNY,2010-03,6.826301
CNY,2010-04,6.825847
CNY,2010-05,6.82786
CNY,2010-06,6.818724
CNY,2010-07,6.776661
CNY,2010-08,6.787788
CNY,2010-09,6.743384
CNY,2010-10,6.667656
CNY,2010-11,6.653556
CNY,2010-12,6.646918
CNY,2011-01,6.59882
CNY,2011-02,6.582346
CNY,2011-03,6.564889
CNY,2011-04,6.528038
CNY,2011-05,6.495278
CNY,2011-06,6.474716
CNY,2011-07,6.458199
CNY,2011-08,6.404306
CNY,2011-09,6.390335
CNY,2011-10,6.369916
CNY,2011-11,6.355616
CNY,2011-12,6.340506
CNY,2012-01,6.312756
CNY,2012-02,6.300218
CNY,2012-03,6.312179
CNY,2012-04,6.30022
CNY,2012-05,6.31877
CNY,2012-06,6.360714
CNY,2012-07,6.371012
CNY,2012-08,6.360052
CNY,2012-09,6.322066
CNY,2012-10,6.273282
CNY,2012-11,6.236381
CNY,2012-12,6.235729
CNY,2013-01,6.223514
CNY,2013-02,6.234145
CNY,2013-03,6.217318
CNY,2013-04,6.184893
CNY,2013-05,6.140364
CNY,2013-06,6.134439
CNY,2013-07,6.134045
CNY,2013-08,6.121697
CNY,2013-09,6.120028
CNY,2013-10,6.103982
CNY,2013-11,6.093644
CNY,2013-12,6.07492
CNY,2014-01,6.051951
CNY,2014-02,6.081207
CNY,2014-03,6.173422
CNY,2014-04,6.225025
CNY,2014-05,6.237806
CNY,2014-06,6.231294
CNY,2014-07,6.199749
CNY,2014-08,6.155322
CNY,2014-09,6.13945
CNY,2014-10,6.126127
CNY,2014-11,6.126481
CNY,2014-12,6.190039
CNY,2015-01,6.218976
CNY,2015-02,6.252176
CNY,2015-03,6.239525
CNY,2015-04,6.202888
CNY,2015-05,6.203361
CNY,2015-06,6.205743
CNY,2015-07,6.208657
CNY,2015-08,6.339296
CNY,2015-09,6.36852
CNY,2015-10,6.350274
CNY,2015-11,6.371098
CNY,2015-12,6.453057
CNY,2016-01,6.574136
CNY,2016-02,6.549882
CNY,2016-03,6.506778
CNY,2016-04,6.478554
CNY,2016-05,6.530542
CNY,2016-06,6.592455
CNY,2016-07,6.677528
CNY,2016-08,6.648173
CNY,2016-09,6.673025
CNY,2016-10,6.729756
CNY,2016-11,6.842736
CNY,2016-12,6.922789
CNY,2017-01,6.895511
CNY,2017-02,6.872602
CNY,2017-03,6.897014
CNY,2017-04,6.891173
CNY,2017-05,6.885102
CNY,2017-06,6.808887
CNY,2017-07,6.773221
CNY,2017-08,6.670848
CNY,2017-09,6.568458
CNY,2017-10,6.625751
CNY,2017-11,6.6216
CNY,2017-12,6.596276
CNY,2018-01,6.42725
CNY,2018-02,6.322437
CNY,2018-03,6.321415
CNY,2018-04,6.300631
CNY,2018-05,6.374249
CNY,2018-06,6.466318
CNY,2018-07,6.71802
CNY,2018-08,6.84865
CNY,2018-09,6.855803
CNY,2018-10,6.921122
CNY,2018-11,6.939536
CNY,2018-12,6.886526
CNY,2019-01,6.788843
CNY,2019-02,6.738166
CNY,2019-03,6.71252
CNY,2019-04,6.717222
CNY,2019-05,6.860944
CNY,2019-06,6.901175
CNY,2019-07,6.877214
CNY,2019-08,7.062691
CNY,2019-09,7.117783
CNY,2019-10,7.097845
CNY,2019-11,7.019423
CNY,2019-12,7.016311
CNY,2020-01,6.921604
CNY,2020-02,6.997025
CNY,2020-03,7.021889
CNY,2020-04,7.075899
CNY,2020-05,7.107124
CNY,2020-06,7.084636
CNY,2020-07,7.009634
CNY,2020-08,6.928833
CNY,2020-09,6.812286
CNY,2020-10,6.728191
CNY,2020-11,6.602048
CNY,2020-12,6.541034
CNY,2021-01,6.46877
CNY,2021-02,6.45869
CNY,2021-03,6.510379
CNY,2021-04,6.515889
CNY,2021-05,6.431057
CNY,2021-06,6.424389
CNY,2021-07,6.474174
CNY,2021-08,6.476238
CNY,2021-09,6.45756
CNY,2021-10,6.421615
CNY,2021-11,6.389192
CNY,2021-12,6.368903
CNY,2022-01,6.356662
CNY,2022-02,6.344247
CNY,2022-03,6.345085
CNY,2022-04,6.43484
CNY,2022-05,6.695864
CNY,2022-06,6.694826
CNY,2022-07,6.733494
CNY,2022-08,6.801665
CNY,2022-09,7.019708
CNY,2022-10,7.194049
CNY,2022-11,7.173986
CNY,2022-12,6.975291
CNY,2023-01,6.795227
CNY,2023-02,6.836268
CNY,2023-03,6.894324
CNY,2023-04,6.88939
CNY,2023-05,6.989238
CNY,2023-06,7.16332
CNY,2023-07,7.187955
CNY,2023-08,7.25081
CNY,2023-09,7.297713
CNY,2023-10,7.308831
CNY,2023-11,7.225581
CNY,2023-12,7.142167
CNY,2024-01,7.171082
CNY,2024-02,7.193399
CNY,2024-03,7.201611
CNY,2024-04,7.238992
CNY,2024-05,7.233124
CNY,2024-06,7.254512
CNY,2024-07,7.262014
CNY,2024-08,7.150139
CNY,2024-09,7.078402
CNY,2024-10,7.08703
CNY,2024-11,7.208144
CNY,2024-12,7.281319
CNY,2025-01,7.298065
CNY,2025-02,7.274878
CNY,2025-03,7.250495
CNY,2025-04,7.298978
CNY,2025-05,7.212968
CNY,2025-06,7.181275
CNY,2025-07,7.172676
CNY,2025-08,7.173868
CNY,2025-09,7.124541
CNY,2025-10,7.120151
CNY,2025-11,7.10623
CNY,2025-12,7.045322
CNY,2026-01,6.969328
CNY,2026-02,6.908124
CNY,2026-03,6.895715
CNY,2026-04,6.834383
CNY,2026-05,6.797751
CNY,2026-06,6.775986
CNY,2026-07,6.776512
CNY,2026-08,6.736097
EUR,1974-06,0.828947
EUR,1974-07,0.826536
EUR,1974-08,0.839989
EUR,1974-09,0.851027
EUR,1974-10,0.838713
EUR,1974-11,0.825447
EUR,1974-12,0.810215
EUR,1975-01,0.785941
EUR,1975-02,0.773796
EUR,1975-03,0.764257
EUR,1975-04,0.776266
EUR,1975-05,0.767807
EUR,1975-06,0.767823
EUR,1975-07,0.806733
EUR,1975-08,0.836969
EUR,1975-09,0.851506
EUR,1975-10,0.846233
EUR,1975-11,0.847214
EUR,1975-12,0.85789
EUR,1976-01,0.85873
EUR,1976-02,0.863633
EUR,1976-03,0.884794
EUR,1976-04,0.897396
EUR,1976-05,0.902847
EUR,1976-06,0.910423
EUR,1976-07,0.911507
EUR,1976-08,0.908369
EUR,1976-09,0.903368
EUR,1976-10,0.902387
EUR,1976-11,0.900539
EUR,1976-12,0.891421
EUR,1977-01,0.891756
EUR,1977-02,0.89534
EUR,1977-03,0.892584
EUR,1977-04,0.888633
EUR,1977-05,0.885356
EUR,1977-06,0.885306
EUR,1977-07,0.870719
EUR,1977-08,0.87465
EUR,1977-09,0.878427
EUR,1977-10,0.866259
EUR,1977-11,0.856973
EUR,1977-12,0.833782
EUR,1978-01,0.816165
EUR,1978-02,0.810066
EUR,1978-03,0.798298
EUR,1978-04,0.798732
EUR,1978-05,0.819135
EUR,1978-06,0.809983
EUR,1978-07,0.79476
EUR,1978-08,0.777769
EUR,1978-09,0.769599
EUR,1978-10,0.732619
EUR,1978-11,0.756142
EUR,1978-12,0.74928
EUR,1979-01,0.73623
EUR,1979-02,0.739826
EUR,1979-03,0.739625
EUR,1979-04,0.747938
EUR,1979-05,0.756287
EUR,1979-06,0.747634
EUR,1979-07,0.720841
EUR,1979-08,0.723002
EUR,1979-09,0.715333
EUR,1979-10,0.71849
EUR,1979-11,0.71565
EUR,1979-12,0.699612
EUR,1980-01,0.692748
EUR,1980-02,0.69913
EUR,1980-03,0.736845
EUR,1980-04,0.742975
EUR,1980-05,0.713167
EUR,1980-06,0.702729
EUR,1980-07,0.694123
EUR,1980-08,0.707724
EUR,1980-09,0.706892
EUR,1980-10,0.722101
EUR,1980-11,0.748911
EUR,1980-12,0.769803
EUR,1981-01,0.777782
EUR,1981-02,0.828922
EUR,1981-03,0.829479
EUR,1981-04,0.851546
EUR,1981-05,0.903618
EUR,1981-06,0.938284
EUR,1981-07,0.967605
EUR,1981-08,0.993317
EUR,1981-09,0.946502
EUR,1981-10,0.921201
EUR,1981-11,0.910316
EUR,1981-12,0.922995
EUR,1982-01,0.9373
EUR,1982-02,0.968476
EUR,1982-03,0.987464
EUR,1982-04,1.001774
EUR,1982-05,0.967898
EUR,1982-06,1.023075
EUR,1982-07,1.043386
EUR,1982-08,1.050491
EUR,1982-09,1.062438
EUR,1982-10,1.074835
EUR,1982-11,1.092163
EUR,1982-12,1.047744
EUR,1983-01,1.040042
EUR,1983-02,1.059504
EUR,1983-03,1.065843
EUR,1983-04,1.080907
EUR,1983-05,1.088602
EUR,1983-06,1.120645
EUR,1983-07,1.137563
EUR,1983-08,1.173364
EUR,1983-09,1.174048
EUR,1983-10,1.154829
EUR,1983-11,1.185503
EUR,1983-12,1.21652
EUR,1984-01,1.243259
EUR,1984-02,1.204529
EUR,1984-03,1.162889
EUR,1984-04,1.183054
EUR,1984-05,1.227619
EUR,1984-06,1.225988
EUR,1984-07,1.273039
EUR,1984-08,1.288858
EUR,1984-09,1.349041
EUR,1984-10,1.373172
EUR,1984-11,1.340675
EUR,1984-12,1.389662
EUR,1985-01,1.424552
EUR,1985-02,1.480967
EUR,1985-03,1.484073
EUR,1985-04,1.379924
EUR,1985-05,1.388973
EUR,1985-06,1.364488
EUR,1985-07,1.296607
EUR,1985-08,1.253306
EUR,1985-09,1.275359
EUR,1985-10,1.195243
EUR,1985-11,1.174318
EUR,1985-12,1.145718
EUR,1986-01,1.121986
EUR,1986-02,1.078822
EUR,1986-03,1.047861
EUR,1986-04,1.052666
EUR,1986-05,1.037221
EUR,1986-06,1.0401
EUR,1986-07,1.010179
EUR,1986-08,0.979112
EUR,1986-09,0.972785
EUR,1986-10,0.961418
EUR,1986-11,0.971605
EUR,1986-12,0.9575
EUR,1987-01,0.899855
EUR,1987-02,0.885093
EUR,1987-03,0.883662
EUR,1987-04,0.871832
EUR,1987-05,0.860346
EUR,1987-06,0.876541
EUR,1987-07,0.889833
EUR,1987-08,0.895949
EUR,1987-09,0.873595
EUR,1987-10,0.868403
EUR,1987-11,0.814848
EUR,1987-12,0.791482
EUR,1988-01,0.800129
EUR,1988-02,0.821799
EUR,1988-03,0.81022
EUR,1988-04,0.80605
EUR,1988-05,0.814159
EUR,1988-06,0.844796
EUR,1988-07,0.887123
EUR,1988-08,0.905923
EUR,1988-09,0.900422
EUR,1988-10,0.877222
EUR,1988-11,0.843779
EUR,1988-12,0.844448
EUR,1989-01,0.87882
EUR,1989-02,0.888836
EUR,1989-03,0.896698
EUR,1989-04,0.899216
EUR,1989-05,0.937926
EUR,1989-06,0.955419
EUR,1989-07,0.913733
EUR,1989-08,0.928127
EUR,1989-09,0.940948
EUR,1989-10,0.906757
EUR,1989-11,0.893735
EUR,1989-12,0.857164
EUR,1990-01,0.831881
EUR,1990-02,0.820823
EUR,1990-03,0.835254
EUR,1990-04,0.825356
EUR,1990-05,0.811618
EUR,1990-06,0.817777
EUR,1990-07,0.792734
EUR,1990-08,0.759901
EUR,1990-09,0.7615
EUR,1990-10,0.739575
EUR,1990-11,0.724173
EUR,1990-12,0.731526
EUR,1991-01,0.736795
EUR,1991-02,0.722654
EUR,1991-03,0.78188
EUR,1991-04,0.826419
EUR,1991-05,0.833952
EUR,1991-06,0.868713
EUR,1991-07,0.870714
EUR,1991-08,0.850253
EUR,1991-09,0.828088
EUR,1991-10,0.825559
EUR,1991-11,0.795087
EUR,1991-12,0.769283
EUR,1992-01,0.77286
EUR,1992-02,0.792095
EUR,1992-03,0.812749
EUR,1992-04,0.804928
EUR,1992-05,0.788684
EUR,1992-06,0.767505
EUR,1992-07,0.729664
EUR,1992-08,0.713541
EUR,1992-09,0.722038
EUR,1992-10,0.75521
EUR,1992-11,0.807265
EUR,1992-12,0.807257
EUR,1993-01,0.8251
EUR,1993-02,0.845849
EUR,1993-03,0.848436
EUR,1993-04,0.819045
EUR,1993-05,0.821662
EUR,1993-06,0.84435
EUR,1993-07,0.878452
EUR,1993-08,0.882489
EUR,1993-09,0.848253
EUR,1993-10,0.859371
EUR,1993-11,0.885882
EUR,1993-12,0.885885
EUR,1994-01,0.897556
EUR,1994-02,0.894828
EUR,1994-03,0.87578
EUR,1994-04,0.877852
EUR,1994-05,0.858843
EUR,1994-06,0.845214
EUR,1994-07,0.818514
EUR,1994-08,0.817623
EUR,1994-09,0.809518
EUR,1994-10,0.793248
EUR,1994-11,0.804218
EUR,1994-12,0.822491
EUR,1995-01,0.806002
EUR,1995-02,0.794608
EUR,1995-03,0.759376
EUR,1995-04,0.745514
EUR,1995-05,0.75692
EUR,1995-06,0.751106
EUR,1995-07,0.743614
EUR,1995-08,0.767021
EUR,1995-09,0.776068
EUR,1995-10,0.756372
EUR,1995-11,0.755423
EUR,1995-12,0.766706
EUR,1996-01,0.774231
EUR,1996-02,0.776076
EUR,1996-03,0.780439
EUR,1996-04,0.791252
EUR,1996-05,0.802151
EUR,1996-06,0.798146
EUR,1996-07,0.787101
EUR,1996-08,0.77928
EUR,1996-09,0.78802
EUR,1996-10,0.79468
EUR,1996-11,0.783172
EUR,1996-12,0.799853
EUR,1997-01,0.822553
EUR,1997-02,0.857884
EUR,1997-03,0.869782
EUR,1997-04,0.873447
EUR,1997-05,0.870107
EUR,1997-06,0.879807
EUR,1997-07,0.905336
EUR,1997-08,0.932364
EUR,1997-09,0.909275
EUR,1997-10,0.892697
EUR,1997-11,0.877744
EUR,1997-12,0.899634
EUR,1998-01,0.91941
EUR,1998-02,0.918765
EUR,1998-03,0.922243
EUR,1998-04,0.916637
EUR,1998-05,0.901694
EUR,1998-06,0.907963
EUR,1998-07,0.911228
EUR,1998-08,0.907833
EUR,1998-09,0.866632
EUR,1998-10,0.837745
EUR,1998-11,0.858868
EUR,1998-12,0.853176
EUR,1999-01,0.86156
EUR,1999-02,0.89236
EUR,1999-03,0.918917
EUR,1999-04,0.934256
EUR,1999-05,0.940975
EUR,1999-06,0.963647
EUR,1999-07,0.966283
EUR,1999-08,0.943179
EUR,1999-09,0.952413
EUR,1999-10,0.934114
EUR,1999-11,0.967446
EUR,1999-12,0.989142
EUR,2000-01,0.986733
EUR,2000-02,1.016965
EUR,2000-03,1.037009
EUR,2000-04,1.056359
EUR,2000-05,1.104003
EUR,2000-06,1.053652
EUR,2000-07,1.064348
EUR,2000-08,1.106222
EUR,2000-09,1.146944
EUR,2000-10,1.16983
EUR,2000-11,1.167826
EUR,2000-12,1.114927
EUR,2001-01,1.065941
EUR,2001-02,1.085116
EUR,2001-03,1.099929
EUR,2001-04,1.121191
EUR,2001-05,1.144229
EUR,2001-06,1.172155
EUR,2001-07,1.16216
EUR,2001-08,1.110822
EUR,2001-09,1.0978
EUR,2001-10,1.10405
EUR,2001-11,1.125853
EUR,2001-12,1.120677
EUR,2002-01,1.132378
EUR,2002-02,1.149406
EUR,2002-03,1.141855
EUR,2002-04,1.128958
EUR,2002-05,1.090641
EUR,2002-06,1.04703
EUR,2002-07,1.008023
EUR,2002-08,1.022781
EUR,2002-09,1.019648
EUR,2002-10,1.019279
EUR,2002-11,0.99869
EUR,2002-12,0.982314
EUR,2003-01,0.941649
EUR,2003-02,0.928272
EUR,2003-03,0.925589
EUR,2003-04,0.922013
EUR,2003-05,0.863654
EUR,2003-06,0.857526
EUR,2003-07,0.879439
EUR,2003-08,0.898038
EUR,2003-09,0.891532
EUR,2003-10,0.85532
EUR,2003-11,0.854767
EUR,2003-12,0.814114
EUR,2004-01,0.792891
EUR,2004-02,0.790819
EUR,2004-03,0.815598
EUR,2004-04,0.83446
EUR,2004-05,0.832926
EUR,2004-06,0.823884
EUR,2004-07,0.815355
EUR,2004-08,0.821368
EUR,2004-09,0.818521
EUR,2004-10,0.800834
EUR,2004-11,0.769859
EUR,2004-12,0.745911
EUR,2005-01,0.762311
EUR,2005-02,0.768493
EUR,2005-03,0.757648
EUR,2005-04,0.772948
EUR,2005-05,0.787919
EUR,2005-06,0.822078
EUR,2005-07,0.830808
EUR,2005-08,0.813541
EUR,2005-09,0.816052
EUR,2005-10,0.832351
EUR,2005-11,0.848554
EUR,2005-12,0.843503
EUR,2006-01,0.8263
EUR,2006-02,0.837665
EUR,2006-03,0.831988
EUR,2006-04,0.815017
EUR,2006-05,0.783143
EUR,2006-06,0.790583
EUR,2006-07,0.788455
EUR,2006-08,0.780571
EUR,2006-09,0.785721
EUR,2006-10,0.792983
EUR,2006-11,0.776416
EUR,2006-12,0.756861
EUR,2007-01,0.769353
EUR,2007-02,0.764899
EUR,2007-03,0.755213
EUR,2007-04,0.739896
EUR,2007-05,0.740134
EUR,2007-06,0.745255
EUR,2007-07,0.729123
EUR,2007-08,0.734129
EUR,2007-09,0.719744
EUR,2007-10,0.702903
EUR,2007-11,0.681078
EUR,2007-12,0.686388
EUR,2008-01,0.67948
EUR,2008-02,0.678146
EUR,2008-03,0.644179
EUR,2008-04,0.634944
EUR,2008-05,0.642842
EUR,2008-06,0.64301
EUR,2008-07,0.634154
EUR,2008-08,0.668063
EUR,2008-09,0.696091
EUR,2008-10,0.751621
EUR,2008-11,0.785486
EUR,2008-12,0.745201
EUR,2009-01,0.755724
EUR,2009-02,0.782243
EUR,2009-03,0.766963
EUR,2009-04,0.758238
EUR,2009-05,0.732805
EUR,2009-06,0.713503
EUR,2009-07,0.709885
EUR,2009-08,0.7009
EUR,2009-09,0.686827
EUR,2009-10,0.674987
EUR,2009-11,0.670522
EUR,2009-12,0.68454
EUR,2010-01,0.700779
EUR,2010-02,0.730765
EUR,2010-03,0.73706
EUR,2010-04,0.746006
EUR,2010-05,0.796253
EUR,2010-06,0.819193
EUR,2010-07,0.783286
EUR,2010-08,0.775758
EUR,2010-09,0.765702
EUR,2010-10,0.719577
EUR,2010-11,0.732405
EUR,2010-12,0.756462
EUR,2011-01,0.748811
EUR,2011-02,0.732703
EUR,2011-03,0.714394
EUR,2011-04,0.692559
EUR,2011-05,0.697143
EUR,2011-06,0.695079
EUR,2011-07,0.701133
EUR,2011-08,0.69723
EUR,2011-09,0.726457
EUR,2011-10,0.729854
EUR,2011-11,0.737802
EUR,2011-12,0.758942
EUR,2012-01,0.775004
EUR,2012-02,0.756264
EUR,2012-03,0.757553
EUR,2012-04,0.759802
EUR,2012-05,0.782165
EUR,2012-06,0.798362
EUR,2012-07,0.813875
EUR,2012-08,0.806519
EUR,2012-09,0.777992
EUR,2012-10,0.770782
EUR,2012-11,0.779608
EUR,2012-12,0.762283
EUR,2013-01,0.752659
EUR,2013-02,0.748661
EUR,2013-03,0.771422
EUR,2013-04,0.767735
EUR,2013-05,0.770342
EUR,2013-06,0.758286
EUR,2013-07,0.764609
EUR,2013-08,0.751355
EUR,2013-09,0.749265
EUR,2013-10,0.733446
EUR,2013-11,0.741147
EUR,2013-12,0.729759
EUR,2014-01,0.734749
EUR,2014-02,0.732177
EUR,2014-03,0.723474
EUR,2014-04,0.723989
EUR,2014-05,0.728267
EUR,2014-06,0.735712
EUR,2014-07,0.738628
EUR,2014-08,0.751
EUR,2014-09,0.775198
EUR,2014-10,0.789121
EUR,2014-11,0.801792
EUR,2014-12,0.811005
EUR,2015-01,0.860865
EUR,2015-02,0.881106
EUR,2015-03,0.923022
EUR,2015-04,0.927893
EUR,2015-05,0.897068
EUR,2015-06,0.89187
EUR,2015-07,0.909492
EUR,2015-08,0.897978
EUR,2015-09,0.891207
EUR,2015-10,0.890221
EUR,2015-11,0.931577
EUR,2015-12,0.919451
EUR,2016-01,0.92086
EUR,2016-02,0.9016
EUR,2016-03,0.901115
EUR,2016-04,0.881915
EUR,2016-05,0.884204
EUR,2016-06,0.890646
EUR,2016-07,0.903484
EUR,2016-08,0.891965
EUR,2016-09,0.891907
EUR,2016-10,0.907036
EUR,2016-11,0.926326
EUR,2016-12,0.948636
EUR,2017-01,0.942206
EUR,2017-02,0.939664
EUR,2017-03,0.936016
EUR,2017-04,0.932703
EUR,2017-05,0.904505
EUR,2017-06,0.890555
EUR,2017-07,0.868839
EUR,2017-08,0.84701
EUR,2017-09,0.839346
EUR,2017-10,0.850666
EUR,2017-11,0.852009
EUR,2017-12,0.844888
EUR,2018-01,0.819851
EUR,2018-02,0.809896
EUR,2018-03,0.810642
EUR,2018-04,0.814625
EUR,2018-05,0.846676
EUR,2018-06,0.856336
EUR,2018-07,0.855759
EUR,2018-08,0.865963
EUR,2018-09,0.857763
EUR,2018-10,0.870816
EUR,2018-11,0.879773
EUR,2018-12,0.878423
EUR,2019-01,0.875952
EUR,2019-02,0.880989
EUR,2019-03,0.884778
EUR,2019-04,0.88984
EUR,2019-05,0.894093
EUR,2019-06,0.8855
EUR,2019-07,0.891421
EUR,2019-08,0.898802
EUR,2019-09,0.908787
EUR,2019-10,0.904811
EUR,2019-11,0.904915
EUR,2019-12,0.899828
EUR,2020-01,0.900894
EUR,2020-02,0.917069
EUR,2020-03,0.904184
EUR,2020-04,0.920667
EUR,2020-05,0.917339
EUR,2020-06,0.888553
EUR,2020-07,0.872574
EUR,2020-08,0.845465
EUR,2020-09,0.84805
EUR,2020-10,0.849257
EUR,2020-11,0.844779
EUR,2020-12,0.821741
EUR,2021-01,0.821664
EUR,2021-02,0.82661
EUR,2021-03,0.840449
EUR,2021-04,0.834848
EUR,2021-05,0.823353
EUR,2021-06,0.830167
EUR,2021-07,0.845902
EUR,2021-08,0.849508
EUR,2021-09,0.849631
EUR,2021-10,0.861965
EUR,2021-11,0.876236
EUR,2021-12,0.884663
EUR,2022-01,0.883871
EUR,2022-02,0.881733
EUR,2022-03,0.907563
EUR,2022-04,0.9245
EUR,2022-05,0.9454
EUR,2022-06,0.946557
EUR,2022-07,0.982536
EUR,2022-08,0.987459
EUR,2022-09,1.009978
EUR,2022-10,1.017846
EUR,2022-11,0.980708
EUR,2022-12,0.944418
EUR,2023-01,0.928699
EUR,2023-02,0.933363
EUR,2023-03,0.934169
EUR,2023-04,0.911788
EUR,2023-05,0.920274
EUR,2023-06,0.922596
EUR,2023-07,0.904425
EUR,2023-08,0.916717
EUR,2023-09,0.936042
EUR,2023-10,0.946756
EUR,2023-11,0.925352
EUR,2023-12,0.917265
EUR,2024-01,0.917013
EUR,2024-02,0.926394
EUR,2024-03,0.919791
EUR,2024-04,0.93221
EUR,2024-05,0.924899
EUR,2024-06,0.929492
EUR,2024-07,0.922184
EUR,2024-08,0.908168
EUR,2024-09,0.900436
EUR,2024-10,0.91713
EUR,2024-11,0.940876
EUR,2024-12,0.954343
EUR,2025-01,0.965891
EUR,2025-02,0.96042
EUR,2025-03,0.92544
EUR,2025-04,0.892066
EUR,2025-05,0.886719
EUR,2025-06,0.868414
EUR,2025-07,0.856442
EUR,2025-08,0.859768
EUR,2025-09,0.85237
EUR,2025-10,0.859833
EUR,2025-11,0.865047
EUR,2025-12,0.854083
EUR,2026-01,0.851995
EUR,2026-02,0.845752
EUR,2026-03,0.8652
EUR,2026-04,0.854266
EUR,2026-05,0.856685
EUR,2026-06,0.868274
EUR,2026-07,0.875856
EUR,2026-08,0.862603
HKD,1957-01,5.7143
HKD,1957-02,5.7143
HKD,1957-03,5.7143
HKD,1957-04,5.7143
HKD,1957-05,5.7143
HKD,1957-06,5.7143
HKD,1957-07,5.7143
HKD,1957-08,5.7143
HKD,1957-09,5.7143
HKD,1957-10,5.7143
HKD,1957-11,5.7143
HKD,1957-12,5.7143
HKD,1958-01,5.7143
HKD,1958-02,5.7143
HKD,1958-03,5.7143
HKD,1958-04,5.7143
HKD,1958-05,5.7143
HKD,1958-06,5.7143
HKD,1958-07,5.7143
HKD,1958-08,5.7143
HKD,1958-09,5.7143
HKD,1958-10,5.7143
HKD,1958-11,5.7143
HKD,1958-12,5.7143
HKD,1959-01,5.7143
HKD,1959-02,5.7143
HKD,1959-03,5.7143
HKD,1959-04,5.7143
HKD,1959-05,5.7143
HKD,1959-06,5.7143
HKD,1959-07,5.7143
HKD,1959-08,5.7143
HKD,1959-09,5.7143
HKD,1959-10,5.7143
HKD,1959-11,5.7143
HKD,1959-12,5.7143
HKD,1960-01,5.7143
HKD,1960-02,5.7143
HKD,1960-03,5.7143
HKD,1960-04,5.7143
HKD,1960-05,5.7143
HKD,1960-06,5.7143
HKD,1960-07,5.7143
HKD,1960-08,5.7143
HKD,1960-09,5.7143
HKD,1960-10,5.7143
HKD,1960-11,5.7143
HKD,1960-12,5.7143
HKD,1961-01,5.7143
HKD,1961-02,5.7143
HKD,1961-03,5.7143
HKD,1961-04,5.7143
HKD,1961-05,5.7143
HKD,1961-06,5.7143
HKD,1961-07,5.7143
HKD,1961-08,5.7143
HKD,1961-09,5.7143
HKD,1961-10,5.7143
HKD,1961-11,5.7143
HKD,1961-12,5.7143
HKD,1962-01,5.7143
HKD,1962-02,5.7143
HKD,1962-03,5.7143
HKD,1962-04,5.7143
HKD,1962-05,5.7143
HKD,1962-06,5.7143
HKD,1962-07,5.7143
HKD,1962-08,5.7143
HKD,1962-09,5.7143
HKD,1962-10,5.7143
HKD,1962-11,5.7143
HKD,1962-12,5.7143
HKD,1963-01,5.7143
HKD,1963-02,5.7143
HKD,1963-03,5.7143
HKD,1963-04,5.7143
HKD,1963-05,5.7143
HKD,1963-06,5.7143
HKD,1963-07,5.7143
HKD,1963-08,5.7143
HKD,1963-09,5.7143
HKD,1963-10,5.7143
HKD,1963-11,5.7143
HKD,1963-12,5.7143
HKD,1964-01,5.7143
HKD,1964-02,5.7143
HKD,1964-03,5.7143
HKD,1964-04,5.7143
HKD,1964-05,5.7143
HKD,1964-06,5.7143
HKD,1964-07,5.7143
HKD,1964-08,5.7143
HKD,1964-09,5.7143
HKD,1964-10,5.7143
HKD,1964-11,5.7143
HKD,1964-12,5.7143
HKD,1965-01,5.7143
HKD,1965-02,5.7143
HKD,1965-03,5.7143
HKD,1965-04,5.7143
HKD,1965-05,5.7143
HKD,1965-06,5.7143
HKD,1965-07,5.7143
HKD,1965-08,5.7143
HKD,1965-09,5.7143
HKD,1965-10,5.7143
HKD,1965-11,5.7143
HKD,1965-12,5.7143
HKD,1966-01,5.7143
HKD,1966-02,5.7143
HKD,1966-03,5.7143
HKD,1966-04,5.7143
HKD,1966-05,5.7143
HKD,1966-06,5.7143
HKD,1966-07,5.7143
HKD,1966-08,5.7143
HKD,1966-09,5.7143
HKD,1966-10,5.7143
HKD,1966-11,5.7143
HKD,1966-12,5.7143
HKD,1967-01,5.7143
HKD,1967-02,5.7143
HKD,1967-03,5.7143
HKD,1967-04,5.7143
HKD,1967-05,5.7143
HKD,1967-06,5.7143
HKD,1967-07,5.7143
HKD,1967-08,5.7143
HKD,1967-09,5.7143
HKD,1967-10,5.7143
HKD,1967-11,5.7143
HKD,1967-12,6.0606
HKD,1968-01,6.0606
HKD,1968-02,6.0606
HKD,1968-03,6.0606
HKD,1968-04,6.0606
HKD,1968-05,6.0606
HKD,1968-06,6.0606
HKD,1968-07,6.0606
HKD,1968-08,6.0606
HKD,1968-09,6.0606
HKD,1968-10,6.0606
HKD,1968-11,6.0606
HKD,1968-12,6.0606
HKD,1969-01,6.0606
HKD,1969-02,6.0606
HKD,1969-03,6.0606
HKD,1969-04,6.0606
HKD,1969-05,6.0606
HKD,1969-06,6.0606
HKD,1969-07,6.0606
HKD,1969-08,6.0606
HKD,1969-09,6.0606
HKD,1969-10,6.0606
HKD,1969-11,6.0606
HKD,1969-12,6.0606
HKD,1970-01,6.0606
HKD,1970-02,6.0606
HKD,1970-03,6.0606
HKD,1970-04,6.0606
HKD,1970-05,6.0606
HKD,1970-06,6.0606
HKD,1970-07,6.0606
HKD,1970-08,6.0606
HKD,1970-09,6.0606
HKD,1970-10,6.0606
HKD,1970-11,6.0606
HKD,1970-12,6.0606
HKD,1971-01,6.0606
HKD,1971-02,6.0606
HKD,1971-03,6.0606
HKD,1971-04,6.0606
HKD,1971-05,6.0606
HKD,1971-06,6.0606
HKD,1971-07,6.0606
HKD,1971-08,5.986716
HKD,1971-09,5.897753
HKD,1971-10,5.847322
HKD,1971-11,5.842632
HKD,1971-12,5.766303
HKD,1972-01,5.633
HKD,1972-02,5.581
HKD,1972-03,5.556
HKD,1972-04,5.573
HKD,1972-05,5.564
HKD,1972-06,5.719
HKD,1972-07,5.709
HKD,1972-08,5.683
HKD,1972-09,5.659
HKD,1972-10,5.651
HKD,1972-11,5.658
HKD,1972-12,5.711
HKD,1973-01,5.675
HKD,1973-02,5.135
HKD,1973-03,5.12
HKD,1973-04,5.149
HKD,1973-05,5.139
HKD,1973-06,5.054
HKD,1973-07,5.03
HKD,1973-08,5.108
HKD,1973-09,5.115
HKD,1973-10,5.076
HKD,1973-11,5.079
HKD,1973-12,5.078
HKD,1974-01,5.096
HKD,1974-02,5.07
HKD,1974-03,5.061
HKD,1974-04,5.071
HKD,1974-05,5.055
HKD,1974-06,5.05
HKD,1974-07,5.067
HKD,1974-08,5.065
HKD,1974-09,5.063
HKD,1974-10,5.043
HKD,1974-11,4.933
HKD,1974-12,4.805
HKD,1975-01,4.765
HKD,1975-02,4.657
HKD,1975-03,4.778
HKD,1975-04,4.918
HKD,1975-05,4.907
HKD,1975-06,4.947
HKD,1975-07,5.003
HKD,1975-08,5.062
HKD,1975-09,5.064
HKD,1975-10,5.044
HKD,1975-11,5.03
HKD,1975-12,5.047
HKD,1976-01,5.012
HKD,1976-02,4.995
HKD,1976-03,4.973
HKD,1976-04,4.929
HKD,1976-05,4.897
HKD,1976-06,4.928
HKD,1976-07,4.932
HKD,1976-08,4.91
HKD,1976-09,4.893
HKD,1976-10,4.861
HKD,1976-11,4.784
HKD,1976-12,4.743
HKD,1977-01,4.672
HKD,1977-02,4.651
HKD,1977-03,4.633
HKD,1977-04,4.643
HKD,1977-05,4.68
HKD,1977-06,4.69
HKD,1977-07,4.653
HKD,1977-08,4.651
HKD,1977-09,4.665
HKD,1977-10,4.685
HKD,1977-11,4.681
HKD,1977-12,4.64
HKD,1978-01,4.611
HKD,1978-02,4.612
HKD,1978-03,4.615
HKD,1978-04,4.624
HKD,1978-05,4.651
HKD,1978-06,4.654
HKD,1978-07,4.653
HKD,1978-08,4.707
HKD,1978-09,4.746
HKD,1978-10,4.734
HKD,1978-11,4.795
HKD,1978-12,4.802
HKD,1979-01,4.761
HKD,1979-02,4.802
HKD,1979-03,4.883
HKD,1979-04,5.106
HKD,1979-05,5.065
HKD,1979-06,5.116
HKD,1979-07,5.151
HKD,1979-08,5.129
HKD,1979-09,5.056
HKD,1979-10,4.996
HKD,1979-11,5.017
HKD,1979-12,4.95
HKD,1980-01,4.865
HKD,1980-02,4.9
HKD,1980-03,5.02
HKD,1980-04,4.993
HKD,1980-05,4.912
HKD,1980-06,4.922
HKD,1980-07,4.92
HKD,1980-08,4.951
HKD,1980-09,4.958
HKD,1980-10,5.028
HKD,1980-11,5.1
HKD,1980-12,5.144
HKD,1981-01,5.182524
HKD,1981-02,5.301222
HKD,1981-03,5.301205
HKD,1981-04,5.357455
HKD,1981-05,5.447275
HKD,1981-06,5.514727
HKD,1981-07,5.70363
HKD,1981-08,5.938357
HKD,1981-09,6.025952
HKD,1981-10,5.986881
HKD,1981-11,5.668111
HKD,1981-12,5.632864
HKD,1982-01,5.7959
HKD,1982-02,5.885694
HKD,1982-03,5.829848
HKD,1982-04,5.827
HKD,1982-05,5.754925
HKD,1982-06,5.866932
HKD,1982-07,5.902476
HKD,1982-08,6.059818
HKD,1982-09,6.12531
HKD,1982-10,6.603775
HKD,1982-11,6.672395
HKD,1982-12,6.541739
HKD,1983-01,6.52519
HKD,1983-02,6.606026
HKD,1983-03,6.653565
HKD,1983-04,6.786762
HKD,1983-05,6.966738
HKD,1983-06,7.282227
HKD,1983-07,7.1678
HKD,1983-08,7.441609
HKD,1983-09,8.007857
HKD,1983-10,8.09475
HKD,1983-11,7.812053
HKD,1983-12,7.804452
HKD,1984-01,7.796833
HKD,1984-02,7.788263
HKD,1984-03,7.79425
HKD,1984-04,7.807333
HKD,1984-05,7.815864
HKD,1984-06,7.813062
HKD,1984-07,7.851952
HKD,1984-08,7.838783
HKD,1984-09,7.843026
HKD,1984-10,7.824159
HKD,1984-11,7.8235
HKD,1984-12,7.828725
HKD,1985-01,7.810976
HKD,1985-02,7.801694
HKD,1985-03,7.800929
HKD,1985-04,7.790205
HKD,1985-05,7.776636
HKD,1985-06,7.76985
HKD,1985-07,7.752682
HKD,1985-08,7.790568
HKD,1985-09,7.80435
HKD,1985-10,7.790795
HKD,1985-11,7.804211
HKD,1985-12,7.806381
HKD,1986-01,7.808071
HKD,1986-02,7.804211
HKD,1986-03,7.812557
HKD,1986-04,7.79575
HKD,1986-05,7.808048
HKD,1986-06,7.810714
HKD,1986-07,7.812286
HKD,1986-08,7.800286
HKD,1986-09,7.802643
HKD,1986-10,7.799886
HKD,1986-11,7.797361
HKD,1986-12,7.793136
HKD,1987-01,7.769825
HKD,1987-02,7.795158
HKD,1987-03,7.801705
HKD,1987-04,7.802409
HKD,1987-05,7.80487
HKD,1987-06,7.808005
HKD,1987-07,7.809048
HKD,1987-08,7.809148
HKD,1987-09,7.803495
HKD,1987-10,7.807681
HKD,1987-11,7.796805
HKD,1987-12,7.772568
HKD,1988-01,7.787211
HKD,1988-02,7.797825
HKD,1988-03,7.802761
HKD,1988-04,7.81181
HKD,1988-05,7.815648
HKD,1988-06,7.807309
HKD,1988-07,7.8135
HKD,1988-08,7.805022
HKD,1988-09,7.810643
HKD,1988-10,7.813275
HKD,1988-11,7.809475
HKD,1988-12,7.806238
HKD,1989-01,7.804675
HKD,1989-02,7.800947
HKD,1989-03,7.796935
HKD,1989-04,7.7828
HKD,1989-05,7.779955
HKD,1989-06,7.793409
HKD,1989-07,7.804
HKD,1989-08,7.807804
HKD,1989-09,7.8078
HKD,1989-10,7.808119
HKD,1989-11,7.813952
HKD,1989-12,7.81015
HKD,1990-01,7.811619
HKD,1990-02,7.810342
HKD,1990-03,7.812864
HKD,1990-04,7.796595
HKD,1990-05,7.787727
HKD,1990-06,7.7855
HKD,1990-07,7.770433
HKD,1990-08,7.770717
HKD,1990-09,7.764747
HKD,1990-10,7.772227
HKD,1990-11,7.795125
HKD,1990-12,7.80335
HKD,1991-01,7.795024
HKD,1991-02,7.794342
HKD,1991-03,7.791124
HKD,1991-04,7.793923
HKD,1991-05,7.779845
HKD,1991-06,7.734075
HKD,1991-07,7.761023
HKD,1991-08,7.764636
HKD,1991-09,7.752425
HKD,1991-10,7.754182
HKD,1991-11,7.759053
HKD,1991-12,7.773786
HKD,1992-01,7.76119
HKD,1992-02,7.758237
HKD,1992-03,7.746318
HKD,1992-04,7.740357
HKD,1992-05,7.742135
HKD,1992-06,7.734332
HKD,1992-07,7.734087
HKD,1992-08,7.731838
HKD,1992-09,7.72979
HKD,1992-10,7.729752
HKD,1992-11,7.7348
HKD,1992-12,7.741636
HKD,1993-01,7.737558
HKD,1993-02,7.733505
HKD,1993-03,7.733183
HKD,1993-04,7.730595
HKD,1993-05,7.72898
HKD,1993-06,7.736205
HKD,1993-07,7.75561
HKD,1993-08,7.751532
HKD,1993-09,7.738414
HKD,1993-10,7.73072
HKD,1993-11,7.72717
HKD,1993-12,7.724478
HKD,1994-01,7.725095
HKD,1994-02,7.7353
HKD,1994-03,7.726843
HKD,1994-04,7.726905
HKD,1994-05,7.726171
HKD,1994-06,7.73085
HKD,1994-07,7.726535
HKD,1994-08,7.7272
HKD,1994-09,7.727505
HKD,1994-10,7.727605
HKD,1994-11,7.730555
HKD,1994-12,7.737852
HKD,1995-01,7.74386
HKD,1995-02,7.731421
HKD,1995-03,7.73183
HKD,1995-04,7.7336
HKD,1995-05,7.7351
HKD,1995-06,7.735568
HKD,1995-07,7.738465
HKD,1995-08,7.741626
HKD,1995-09,7.73676
HKD,1995-10,7.731738
HKD,1995-11,7.733843
HKD,1995-12,7.734545
HKD,1996-01,7.732876
HKD,1996-02,7.732315
HKD,1996-03,7.732467
HKD,1996-04,7.734495
HKD,1996-05,7.736268
HKD,1996-06,7.74036
HKD,1996-07,7.737859
HKD,1996-08,7.734536
HKD,1996-09,7.732775
HKD,1996-10,7.732191
HKD,1996-11,7.732347
HKD,1996-12,7.735548
HKD,1997-01,7.73969
HKD,1997-02,7.747416
HKD,1997-03,7.745971
HKD,1997-04,7.748264
HKD,1997-05,7.743062
HKD,1997-06,7.74449
HKD,1997-07,7.745373
HKD,1997-08,7.74359
HKD,1997-09,7.743952
HKD,1997-10,7.737318
HKD,1997-11,7.731356
HKD,1997-12,7.745555
HKD,1998-01,7.74251
HKD,1998-02,7.741174
HKD,1998-03,7.745782
HKD,1998-04,7.749736
HKD,1998-05,7.74901
HKD,1998-06,7.747123
HKD,1998-07,7.748252
HKD,1998-08,7.749381
HKD,1998-09,7.748005
HKD,1998-10,7.748329
HKD,1998-11,7.743153
HKD,1998-12,7.747091
HKD,1999-01,7.748396
HKD,1999-02,7.748885
HKD,1999-03,7.74812
HKD,1999-04,7.75042
HKD,1999-05,7.752237
HKD,1999-06,7.758146
HKD,1999-07,7.761211
HKD,1999-08,7.758982
HKD,1999-09,7.766003
HKD,1999-10,7.768193
HKD,1999-11,7.77403
HKD,1999-12,7.775884
HKD,2000-01,7.78086
HKD,2000-02,7.781839
HKD,2000-03,7.783131
HKD,2000-04,7.788483
HKD,2000-05,7.791191
HKD,2000-06,7.795158
HKD,2000-07,7.799129
HKD,2000-08,7.801159
HKD,2000-09,7.796779
HKD,2000-10,7.797641
HKD,2000-11,7.798907
HKD,2000-12,7.799003
HKD,2001-01,7.799613
HKD,2001-02,7.799581
HKD,2001-03,7.799577
HKD,2001-04,7.799092
HKD,2001-05,7.799707
HKD,2001-06,7.799408
HKD,2001-07,7.79978
HKD,2001-08,7.799763
HKD,2001-09,7.799693
HKD,2001-10,7.799718
HKD,2001-11,7.799548
HKD,2001-12,7.798891
HKD,2002-01,7.798876
HKD,2002-02,7.799387
HKD,2002-03,7.799526
HKD,2002-04,7.799493
HKD,2002-05,7.799461
HKD,2002-06,7.799871
HKD,2002-07,7.799883
HKD,2002-08,7.799946
HKD,2002-09,7.799768
HKD,2002-10,7.799396
HKD,2002-11,7.799195
HKD,2002-12,7.798563
HKD,2003-01,7.799116
HKD,2003-02,7.79934
HKD,2003-03,7.798945
HKD,2003-04,7.799417
HKD,2003-05,7.798508
HKD,2003-06,7.798682
HKD,2003-07,7.798995
HKD,2003-08,7.799236
HKD,2003-09,7.786705
HKD,2003-10,7.742985
HKD,2003-11,7.762452
HKD,2003-12,7.764046
HKD,2004-01,7.765795
HKD,2004-02,7.774091
HKD,2004-03,7.792392
HKD,2004-04,7.79707
HKD,2004-05,7.796813
HKD,2004-06,7.797456
HKD,2004-07,7.799887
HKD,2004-08,7.799658
HKD,2004-09,7.799242
HKD,2004-10,7.789227
HKD,2004-11,7.776598
HKD,2004-12,7.776473
HKD,2005-01,7.795355
HKD,2005-02,7.799713
HKD,2005-03,7.799635
HKD,2005-04,7.798744
HKD,2005-05,7.791057
HKD,2005-06,7.776219
HKD,2005-07,7.775064
HKD,2005-08,7.771363
HKD,2005-09,7.762246
HKD,2005-10,7.756563
HKD,2005-11,7.754284
HKD,2005-12,7.753542
HKD,2006-01,7.754232
HKD,2006-02,7.759879
HKD,2006-03,7.759589
HKD,2006-04,7.756535
HKD,2006-05,7.754259
HKD,2006-06,7.763697
HKD,2006-07,7.773755
HKD,2006-08,7.776517
HKD,2006-09,7.782509
HKD,2006-10,7.785921
HKD,2006-11,7.782261
HKD,2006-12,7.773117
HKD,2007-01,7.80006
HKD,2007-02,7.811557
HKD,2007-03,7.813423
HKD,2007-04,7.815377
HKD,2007-05,7.818766
HKD,2007-06,7.81408
HKD,2007-07,7.819375
HKD,2007-08,7.815679
HKD,2007-09,7.782764
HKD,2007-10,7.754508
HKD,2007-11,7.778037
HKD,2007-12,7.797991
HKD,2008-01,7.804308
HKD,2008-02,7.797278
HKD,2008-03,7.782315
HKD,2008-04,7.791977
HKD,2008-05,7.799739
HKD,2008-06,7.807285
HKD,2008-07,7.800047
HKD,2008-08,7.808289
HKD,2008-09,7.787801
HKD,2008-10,7.75894
HKD,2008-11,7.750966
HKD,2008-12,7.750534
HKD,2009-01,7.756627
HKD,2009-02,7.753668
HKD,2009-03,7.750343
HKD,2009-04,7.750284
HKD,2009-05,7.75113
HKD,2009-06,7.750739
HKD,2009-07,7.750161
HKD,2009-08,7.750676
HKD,2009-09,7.750345
HKD,2009-10,7.750086
HKD,2009-11,7.750051
HKD,2009-12,7.752824
HKD,2010-01,7.762268
HKD,2010-02,7.767553
HKD,2010-03,7.76156
HKD,2010-04,7.762741
HKD,2010-05,7.787003
HKD,2010-06,7.788969
HKD,2010-07,7.77682
HKD,2010-08,7.7705
HKD,2010-09,7.765502
HKD,2010-10,7.759123
HKD,2010-11,7.755143
HKD,2010-12,7.774228
HKD,2011-01,7.780409
HKD,2011-02,7.78905
HKD,2011-03,7.792824
HKD,2011-04,7.773936
HKD,2011-05,7.774367
HKD,2011-06,7.785532
HKD,2011-07,7.788971
HKD,2011-08,7.797816
HKD,2011-09,7.794763
HKD,2011-10,7.778669
HKD,2011-11,7.782408
HKD,2011-12,7.777241
HKD,2012-01,7.763567
HKD,2012-02,7.754988
HKD,2012-03,7.762553
HKD,2012-04,7.762104
HKD,2012-05,7.763832
HKD,2012-06,7.759057
HKD,2012-07,7.755866
HKD,2012-08,7.756215
HKD,2012-09,7.754253
HKD,2012-10,7.751828
HKD,2012-11,7.750667
HKD,2012-12,7.750291
HKD,2013-01,7.753331
HKD,2013-02,7.75566
HKD,2013-03,7.759244
HKD,2013-04,7.762148
HKD,2013-05,7.761973
HKD,2013-06,7.760342
HKD,2013-07,7.756403
HKD,2013-08,7.755551
HKD,2013-09,7.75435
HKD,2013-10,7.753862
HKD,2013-11,7.752487
HKD,2013-12,7.753709
HKD,2014-01,7.757857
HKD,2014-02,7.761698
HKD,2014-03,7.761432
HKD,2014-04,7.754364
HKD,2014-05,7.752297
HKD,2014-06,7.751797
HKD,2014-07,7.750441
HKD,2014-08,7.750512
HKD,2014-09,7.752622
HKD,2014-10,7.757492
HKD,2014-11,7.754491
HKD,2014-12,7.75476
HKD,2015-01,7.753179
HKD,2015-02,7.755336
HKD,2015-03,7.758302
HKD,2015-04,7.750956
HKD,2015-05,7.752395
HKD,2015-06,7.752875
HKD,2015-07,7.751714
HKD,2015-08,7.752783
HKD,2015-09,7.750136
HKD,2015-10,7.750069
HKD,2015-11,7.750625
HKD,2015-12,7.750819
HKD,2016-01,7.781838
HKD,2016-02,7.782674
HKD,2016-03,7.761778
HKD,2016-04,7.756598
HKD,2016-05,7.763622
HKD,2016-06,7.762245
HKD,2016-07,7.756966
HKD,2016-08,7.75627
HKD,2016-09,7.756305
HKD,2016-10,7.757317
HKD,2016-11,7.756171
HKD,2016-12,7.758992
HKD,2017-01,7.756612
HKD,2017-02,7.759952
HKD,2017-03,7.766634
HKD,2017-04,7.774475
HKD,2017-05,7.787299
HKD,2017-06,7.798931
HKD,2017-07,7.809191
HKD,2017-08,7.821627
HKD,2017-09,7.81349
HKD,2017-10,7.805704
HKD,2017-11,7.805138
HKD,2017-12,7.813236
HKD,2018-01,7.819532
HKD,2018-02,7.822038
HKD,2018-03,7.840837
HKD,2018-04,7.848431
HKD,2018-05,7.848803
HKD,2018-06,7.847229
HKD,2018-07,7.847832
HKD,2018-08,7.849635
HKD,2018-09,7.837537
HKD,2018-10,7.837905
HKD,2018-11,7.829816
HKD,2018-12,7.820106
HKD,2019-01,7.842002
HKD,2019-02,7.84785
HKD,2019-03,7.849423
HKD,2019-04,7.844967
HKD,2019-05,7.848236
HKD,2019-06,7.826106
HKD,2019-07,7.812016
HKD,2019-08,7.841193
HKD,2019-09,7.835813
HKD,2019-10,7.842305
HKD,2019-11,7.82838
HKD,2019-12,7.805379
HKD,2020-01,7.77294
HKD,2020-02,7.774905
HKD,2020-03,7.764878
HKD,2020-04,7.751282
HKD,2020-05,7.752013
HKD,2020-06,7.750293
HKD,2020-07,7.751079
HKD,2020-08,7.750264
HKD,2020-09,7.75019
HKD,2020-10,7.750378
HKD,2020-11,7.752604
HKD,2020-12,7.752083
HKD,2021-01,7.753131
HKD,2021-02,7.752934
HKD,2021-03,7.765314
HKD,2021-04,7.768927
HKD,2021-05,7.76536
HKD,2021-06,7.76185
HKD,2021-07,7.770533
HKD,2021-08,7.784104
HKD,2021-09,7.780905
HKD,2021-10,7.779759
HKD,2021-11,7.79064
HKD,2021-12,7.798744
HKD,2022-01,7.792289
HKD,2022-02,7.799522
HKD,2022-03,7.822778
HKD,2022-04,7.840925
HKD,2022-05,7.848983
HKD,2022-06,7.848179
HKD,2022-07,7.849086
HKD,2022-08,7.84654
HKD,2022-09,7.849352
HKD,2022-10,7.84969
HKD,2022-11,7.829991
HKD,2022-12,7.785027
HKD,2023-01,7.820285
HKD,2023-02,7.84656
HKD,2023-03,7.848629
HKD,2023-04,7.849645
HKD,2023-05,7.836778
HKD,2023-06,7.832139
HKD,2023-07,7.816689
HKD,2023-08,7.825837
HKD,2023-09,7.828677
HKD,2023-10,7.824634
HKD,2023-11,7.807135
HKD,2023-12,7.80989
HKD,2024-01,7.816883
HKD,2024-02,7.821607
HKD,2024-03,7.82262
HKD,2024-04,7.830714
HKD,2024-05,7.811364
HKD,2024-06,7.809544
HKD,2024-07,7.809242
HKD,2024-08,7.795844
HKD,2024-09,7.791107
HKD,2024-10,7.769981
HKD,2024-11,7.779672
HKD,2024-12,7.773677
HKD,2025-01,7.785153
HKD,2025-02,7.782171
HKD,2025-03,7.772864
HKD,2025-04,7.76467
HKD,2025-05,7.804689
HKD,2025-06,7.848674
HKD,2025-07,7.849799
HKD,2025-08,7.826682
HKD,2025-09,7.785562
HKD,2025-10,7.774913
HKD,2025-11,7.776546
HKD,2025-12,7.781743
HKD,2026-01,7.796941
HKD,2026-02,7.816387
HKD,2026-03,7.826522
HKD,2026-04,7.833585
HKD,2026-05,7.832996
HKD,2026-06,7.837524
HKD,2026-07,7.841106
HKD,2026-08,7.842639
IDR,1967-01,137
IDR,1967-02,137
IDR,1967-03,137
IDR,1967-04,137
IDR,1967-05,137
IDR,1967-06,137
IDR,1967-07,137
IDR,1967-08,140.5
IDR,1967-09,146
IDR,1967-10,150
IDR,1967-11,179
IDR,1967-12,220.5
IDR,1968-01,250.5
IDR,1968-02,266
IDR,1968-03,266
IDR,1968-04,276
IDR,1968-05,293
IDR,1968-06,301
IDR,1968-07,304
IDR,1968-08,308
IDR,1968-09,315.5
IDR,1968-10,323.5
IDR,1968-11,326
IDR,1968-12,326
IDR,1969-01,326
IDR,1969-02,326
IDR,1969-03,326
IDR,1969-04,326
IDR,1969-05,326
IDR,1969-06,326
IDR,1969-07,326
IDR,1969-08,326
IDR,1969-09,326
IDR,1969-10,326
IDR,1969-11,326
IDR,1969-12,326
IDR,1970-01,326
IDR,1970-02,326
IDR,1970-03,326
IDR,1970-04,352
IDR,1970-05,378
IDR,1970-06,378
IDR,1970-07,378
IDR,1970-08,378
IDR,1970-09,378
IDR,1970-10,378
IDR,1970-11,378
IDR,1970-12,378
IDR,1971-01,378
IDR,1971-02,378
IDR,1971-03,378
IDR,1971-04,378
IDR,1971-05,378
IDR,1971-06,378
IDR,1971-07,378
IDR,1971-08,396.5
IDR,1971-09,415
IDR,1971-10,415
IDR,1971-11,415
IDR,1971-12,415
IDR,1972-01,415
IDR,1972-02,415
IDR,1972-03,415
IDR,1972-04,415
IDR,1972-05,415
IDR,1972-06,415
IDR,1972-07,415
IDR,1972-08,415
IDR,1972-09,415
IDR,1972-10,415
IDR,1972-11,415
IDR,1972-12,415
IDR,1973-01,415
IDR,1973-02,415
IDR,1973-03,415
IDR,1973-04,415
IDR,1973-05,415
IDR,1973-06,415
IDR,1973-07,415
IDR,1973-08,415
IDR,1973-09,415
IDR,1973-10,415
IDR,1973-11,415
IDR,1973-12,415
IDR,1974-01,415
IDR,1974-02,415
IDR,1974-03,415
IDR,1974-04,415
IDR,1974-05,415
IDR,1974-06,415
IDR,1974-07,415
IDR,1974-08,415
IDR,1974-09,415
IDR,1974-10,415
IDR,1974-11,415
IDR,1974-12,415
IDR,1975-01,415
IDR,1975-02,415
IDR,1975-03,415
IDR,1975-04,415
IDR,1975-05,415
IDR,1975-06,415
IDR,1975-07,415
IDR,1975-08,415
IDR,1975-09,415
IDR,1975-10,415
IDR,1975-11,415
IDR,1975-12,415
IDR,1976-01,415
IDR,1976-02,415
IDR,1976-03,415
IDR,1976-04,415
IDR,1976-05,415
IDR,1976-06,415
IDR,1976-07,415
IDR,1976-08,415
IDR,1976-09,415
IDR,1976-10,415
IDR,1976-11,415
IDR,1976-12,415
IDR,1977-01,415
IDR,1977-02,415
IDR,1977-03,415
IDR,1977-04,415
IDR,1977-05,415
IDR,1977-06,415
IDR,1977-07,415
IDR,1977-08,415
IDR,1977-09,415
IDR,1977-10,415
IDR,1977-11,415
IDR,1977-12,415
IDR,1978-01,415
IDR,1978-02,415
IDR,1978-03,415
IDR,1978-04,415
IDR,1978-05,415
IDR,1978-06,415
IDR,1978-07,415
IDR,1978-08,415
IDR,1978-09,415
IDR,1978-10,415
IDR,1978-11,529.545
IDR,1978-12,625
IDR,1979-01,625
IDR,1979-02,595.065
IDR,1979-03,622.894
IDR,1979-04,624.406
IDR,1979-05,625.653
IDR,1979-06,626.07
IDR,1979-07,625.423
IDR,1979-08,625.598
IDR,1979-09,625.75
IDR,1979-10,626.365
IDR,1979-11,627.42
IDR,1979-12,627.022
IDR,1980-01,626.74
IDR,1980-02,629.34
IDR,1980-03,629
IDR,1980-04,628.917
IDR,1980-05,627.221
IDR,1980-06,625.458
IDR,1980-07,625.537
IDR,1980-08,626.466
IDR,1980-09,625.212
IDR,1980-10,625.74
IDR,1980-11,626.98
IDR,1980-12,627.317
IDR,1981-01,627.356
IDR,1981-02,629.34
IDR,1981-03,628.311
IDR,1981-04,628.86
IDR,1981-05,629.65
IDR,1981-06,630.673
IDR,1981-07,632.426
IDR,1981-08,633.624
IDR,1981-09,633.192
IDR,1981-10,634.13
IDR,1981-11,634.66
IDR,1981-12,638.858
IDR,1982-01,645.467
IDR,1982-02,648.177
IDR,1982-03,648.365
IDR,1982-04,652.604
IDR,1982-05,652.604
IDR,1982-06,655.577
IDR,1982-07,658.685
IDR,1982-08,662.4
IDR,1982-09,667.54
IDR,1982-10,676.12
IDR,1982-11,682.875
IDR,1982-12,686.635
IDR,1983-01,693.89
IDR,1983-02,699.115
IDR,1983-03,701.56
IDR,1983-04,968.64
IDR,1983-05,967.565
IDR,1983-06,972.962
IDR,1983-07,977.546
IDR,1983-08,982.5
IDR,1983-09,983.84
IDR,1983-10,982.28
IDR,1983-11,988
IDR,1983-12,993.28
IDR,1984-01,994.308
IDR,1984-02,993.16
IDR,1984-03,996.23
IDR,1984-04,1002.16
IDR,1984-05,1007.24
IDR,1984-06,1010.21
IDR,1984-07,1020.64
IDR,1984-08,1037.27
IDR,1984-09,1057.17
IDR,1984-10,1060.19
IDR,1984-11,1063.12
IDR,1984-12,1069.64
IDR,1985-01,1079.5
IDR,1985-02,1087.6
IDR,1985-03,1098.63
IDR,1985-04,1105.09
IDR,1985-05,1114
IDR,1985-06,1117.39
IDR,1985-07,1117.35
IDR,1985-08,1117.05
IDR,1985-09,1121.67
IDR,1985-10,1121.85
IDR,1985-11,1122.12
IDR,1985-12,1124.71
IDR,1986-01,1126.69
IDR,1986-02,1127.25
IDR,1986-03,1127.13
IDR,1986-04,1124.28
IDR,1986-05,1125.8
IDR,1986-06,1130.09
IDR,1986-07,1130.37
IDR,1986-08,1130.56
IDR,1986-09,1436.2
IDR,1986-10,1633.19
IDR,1986-11,1647.88
IDR,1986-12,1651.28
IDR,1987-01,1631.19
IDR,1987-02,1639.42
IDR,1987-03,1647.13
IDR,1987-04,1641.68
IDR,1987-05,1641.77
IDR,1987-06,1645.15
IDR,1987-07,1645.15
IDR,1987-08,1640.96
IDR,1987-09,1645.54
IDR,1987-10,1649.3
IDR,1987-11,1648.25
IDR,1987-12,1650.64
IDR,1988-01,1655.7143
IDR,1988-02,1661.0476
IDR,1988-03,1660
IDR,1988-04,1661.6667
IDR,1988-05,1669.4091
IDR,1988-06,1676.6364
IDR,1988-07,1686.5714
IDR,1988-08,1694
IDR,1988-09,1698.2727
IDR,1988-10,1704.8095
IDR,1988-11,1713.1818
IDR,1988-12,1721.1818
IDR,1989-01,1721.8636
IDR,1989-02,1730.05
IDR,1989-03,1738.1739
IDR,1989-04,1742.75
IDR,1989-05,1756.0435
IDR,1989-06,1758.0909
IDR,1989-07,1762.1429
IDR,1989-08,1769.1304
IDR,1989-09,1774.8571
IDR,1989-10,1775.4545
IDR,1989-11,1781.8636
IDR,1989-12,1782.3333
IDR,1990-01,1791.5652
IDR,1990-02,1797.45
IDR,1990-03,1806.5909
IDR,1990-04,1813.4286
IDR,1990-05,1817.9565
IDR,1990-06,1827.2857
IDR,1990-07,1834.3182
IDR,1990-08,1842.3913
IDR,1990-09,1847.15
IDR,1990-10,1848.9565
IDR,1990-11,1858.5423
IDR,1990-12,1874.0952
IDR,1991-01,1889.4783
IDR,1991-02,1896.6
IDR,1991-03,1909.619
IDR,1991-04,1920.3182
IDR,1991-05,1935.6087
IDR,1991-06,1945.35
IDR,1991-07,1952.1565
IDR,1991-08,1958.3864
IDR,1991-09,1965.2976
IDR,1991-10,1974.2065
IDR,1991-11,1978.7262
IDR,1991-12,1986.9773
IDR,1992-01,1996.1304
IDR,1992-02,2005.9875
IDR,1992-03,2012.4659
IDR,1992-04,2016.7614
IDR,1992-05,2025.9048
IDR,1992-06,2030.3523
IDR,1992-07,2033.0926
IDR,1992-08,2033.2824
IDR,1992-09,2038.2159
IDR,1992-10,2043.7045
IDR,1992-11,2057.7714
IDR,1992-12,2065.0709
IDR,1993-01,2065.0538
IDR,1993-02,2064.7315
IDR,1993-03,2069.1361
IDR,1993-04,2071.4832
IDR,1993-05,2077.7324
IDR,1993-06,2084.5686
IDR,1993-07,2093.6023
IDR,1993-08,2097.0523
IDR,1993-09,2103.725
IDR,1993-10,2103.9252
IDR,1993-11,2098.43
IDR,1993-12,2104.8274
IDR,1994-01,2110.0214
IDR,1994-02,2124.9435
IDR,1994-03,2149.5817
IDR,1994-04,2157.7752
IDR,1994-05,2161.3568
IDR,1994-06,2167.3859
IDR,1994-07,2167.4848
IDR,1994-08,2164.853
IDR,1994-09,2176.0495
IDR,1994-10,2172.9305
IDR,1994-11,2175.5
IDR,1994-12,2188.9582
IDR,1995-01,2213.9868
IDR,1995-02,2218.0815
IDR,1995-03,2226.2774
IDR,1995-04,2230.05
IDR,1995-05,2228.997
IDR,1995-06,2227.375
IDR,1995-07,2230.2857
IDR,1995-08,2251.86
IDR,1995-09,2271.369
IDR,1995-10,2266.5227
IDR,1995-11,2282.3295
IDR,1995-12,2286.0119
IDR,1996-01,2290.4429
IDR,1996-02,2301.2857
IDR,1996-03,2330.8333
IDR,1996-04,2329.6905
IDR,1996-05,2329.5522
IDR,1996-06,2329.8925
IDR,1996-07,2334.1174
IDR,1996-08,2341.9659
IDR,1996-09,2329.1214
IDR,1996-10,2323.8639
IDR,1996-11,2337.5538
IDR,1996-12,2355.2705
IDR,1997-01,2369.8318
IDR,1997-02,2384.3472
IDR,1997-03,2409.1579
IDR,1997-04,2425.3
IDR,1997-05,2436.75
IDR,1997-06,2445.4762
IDR,1997-07,2511.7273
IDR,1997-08,2722.8889
IDR,1997-09,3003.1818
IDR,1997-10,3590.1739
IDR,1997-11,3440.7368
IDR,1997-12,4827.4091
IDR,1998-01,9261.9
IDR,1998-02,8901.25
IDR,1998-03,9385.2727
IDR,1998-04,7967.2368
IDR,1998-05,9557.5882
IDR,1998-06,13176.864
IDR,1998-07,13876.136
IDR,1998-08,12112.5
IDR,1998-09,10948.909
IDR,1998-10,8562.2727
IDR,1998-11,7712.4
IDR,1998-12,7685.6364
IDR,1999-01,8548.3296
IDR,1999-02,8760.8224
IDR,1999-03,8911.4692
IDR,1999-04,8621.5775
IDR,1999-05,7956.275
IDR,1999-06,7352.6587
IDR,1999-07,6763.6893
IDR,1999-08,7424.9849
IDR,1999-09,8276.4195
IDR,1999-10,7535.3588
IDR,1999-11,6997.1187
IDR,1999-12,7138.9137
IDR,2000-01,7263.6095
IDR,2000-02,7422.0762
IDR,2000-03,7462.5809
IDR,2000-04,7762.3146
IDR,2000-05,8353.9025
IDR,2000-06,8611.2169
IDR,2000-07,9163.6627
IDR,2000-08,8438.5992
IDR,2000-09,8626.9698
IDR,2000-10,8941.2277
IDR,2000-11,9340.7181
IDR,2000-12,9447.5729
IDR,2001-01,9478.626
IDR,2001-02,9646.0222
IDR,2001-03,10214.335
IDR,2001-04,11137.77
IDR,2001-05,11274.456
IDR,2001-06,11318.491
IDR,2001-07,10878.127
IDR,2001-08,8968.6221
IDR,2001-09,9298.5908
IDR,2001-10,10086.794
IDR,2001-11,10563.946
IDR,2001-12,10263.615
IDR,2002-01,10390.924
IDR,2002-02,10227.079
IDR,2002-03,9911.2261
IDR,2002-04,9483.8775
IDR,2002-05,9104.9159
IDR,2002-06,8714.3678
IDR,2002-07,8979.9833
IDR,2002-08,8925.4507
IDR,2002-09,8955.8538
IDR,2002-10,9145.1632
IDR,2002-11,9066.4832
IDR,2002-12,8926.3819
IDR,2003-01,8889.5708
IDR,2003-02,8895.5162
IDR,2003-03,8925.656
IDR,2003-04,8811.6722
IDR,2003-05,8411.7394
IDR,2003-06,8224.5781
IDR,2003-07,8336.8721
IDR,2003-08,8512.2032
IDR,2003-09,8455.0543
IDR,2003-10,8439.7534
IDR,2003-11,8501.8517
IDR,2003-12,8485.0107
IDR,2004-01,8381.9862
IDR,2004-02,8435.1284
IDR,2004-03,8580.0362
IDR,2004-04,8623.9794
IDR,2004-05,9006.7943
IDR,2004-06,9391.2813
IDR,2004-07,9038.0097
IDR,2004-08,9252.457
IDR,2004-09,9183.4903
IDR,2004-10,9103.9098
IDR,2004-11,9024.3623
IDR,2004-12,9234.8786
IDR,2005-01,9202.2318
IDR,2005-02,9251.2582
IDR,2005-03,9376.5521
IDR,2005-04,9555.3343
IDR,2005-05,9479.7053
IDR,2005-06,9631.4773
IDR,2005-07,9806.309
IDR,2005-08,9993.1751
IDR,2005-09,10232.956
IDR,2005-10,10086.405
IDR,2005-11,10041.3
IDR,2005-12,9847.8096
IDR,2006-01,9480.0228
IDR,2006-02,9254.9002
IDR,2006-03,9159.3704
IDR,2006-04,8929.4439
IDR,2006-05,9033.5687
IDR,2006-06,9368.6818
IDR,2006-07,9132.0958
IDR,2006-08,9093.5214
IDR,2006-09,9150.5235
IDR,2006-10,9174.1134
IDR,2006-11,9138.6363
IDR,2006-12,9084.4484
IDR,2007-01,9075.1278
IDR,2007-02,9067.7501
IDR,2007-03,9171.3419
IDR,2007-04,9093.6045
IDR,2007-05,8827.7271
IDR,2007-06,8985.0482
IDR,2007-07,9070.8631
IDR,2007-08,9371.3701
IDR,2007-09,9304.0495
IDR,2007-10,9099.0867
IDR,2007-11,9267.3414
IDR,2007-12,9348.5004
IDR,2008-01,9403.1369
IDR,2008-02,9182.8668
IDR,2008-03,9171.5263
IDR,2008-04,9204.3862
IDR,2008-05,9279.8576
IDR,2008-06,9288.1657
IDR,2008-07,9158.5433
IDR,2008-08,9149.1907
IDR,2008-09,9346.9329
IDR,2008-10,9985.9637
IDR,2008-11,11770.651
IDR,2008-12,11373.96
IDR,2009-01,11183.287
IDR,2009-02,11916.2
IDR,2009-03,11865.546
IDR,2009-04,11030.8
IDR,2009-05,10357.854
IDR,2009-06,10213.678
IDR,2009-07,10109.864
IDR,2009-08,10002.128
IDR,2009-09,9854.3742
IDR,2009-10,9488.0384
IDR,2009-11,9464.581
IDR,2009-12,9464.6918
IDR,2010-01,9294.1628
IDR,2010-02,9342.5701
IDR,2010-03,9164.0541
IDR,2010-04,9027.3072
IDR,2010-05,9167.0341
IDR,2010-06,9149.599
IDR,2010-07,9042.438
IDR,2010-08,8975.9613
IDR,2010-09,8966.6014
IDR,2010-10,8927.4714
IDR,2010-11,8949.0494
IDR,2010-12,9020.5654
IDR,2011-01,9040.2632
IDR,2011-02,8913.4296
IDR,2011-03,8760.2369
IDR,2011-04,8651.2965
IDR,2011-05,8565.6319
IDR,2011-06,8567.6743
IDR,2011-07,8532.8289
IDR,2011-08,8540.5897
IDR,2011-09,8804.0755
IDR,2011-10,8865.4754
IDR,2011-11,9011.7077
IDR,2011-12,9079.759
IDR,2012-01,9074.2214
IDR,2012-02,9008.9268
IDR,2012-03,9152.7514
IDR,2012-04,9169.5426
IDR,2012-05,9317.3565
IDR,2012-06,9444.4123
IDR,2012-07,9444.3527
IDR,2012-08,9497.8747
IDR,2012-09,9558.5771
IDR,2012-10,9601.6118
IDR,2012-11,9622.8061
IDR,2012-12,9637.0914
IDR,2013-01,9661.2347
IDR,2013-02,9681.6929
IDR,2013-03,9712.363
IDR,2013-04,9722.5766
IDR,2013-05,9762.1613
IDR,2013-06,9882.1287
IDR,2013-07,10082.097
IDR,2013-08,10645.121
IDR,2013-09,11293.601
IDR,2013-10,11081.839
IDR,2013-11,11542.729
IDR,2013-12,12007.897
IDR,2014-01,12102.707
IDR,2014-02,11913.433
IDR,2014-03,11420.645
IDR,2014-04,11439.891
IDR,2014-05,11527.935
IDR,2014-06,11894.713
IDR,2014-07,11661.652
IDR,2014-08,11717.384
IDR,2014-09,11909.159
IDR,2014-10,12144.177
IDR,2014-11,12168.812
IDR,2014-12,12448.457
IDR,2015-01,12577.718
IDR,2015-02,12779.778
IDR,2015-03,13059.714
IDR,2015-04,12941.921
IDR,2015-05,13140.342
IDR,2015-06,13305.019
IDR,2015-07,13387.497
IDR,2015-08,13796.084
IDR,2015-09,14415.507
IDR,2015-10,13781.488
IDR,2015-11,13679.976
IDR,2015-12,13870.496
IDR,2016-01,13876.806
IDR,2016-02,13509.029
IDR,2016-03,13180.317
IDR,2016-04,13168.765
IDR,2016-05,13429.998
IDR,2016-06,13331.163
IDR,2016-07,13119.166
IDR,2016-08,13162.231
IDR,2016-09,13108.746
IDR,2016-10,13024.819
IDR,2016-11,13336.152
IDR,2016-12,13408.158
IDR,2017-01,13360.661
IDR,2017-02,13330.103
IDR,2017-03,13342.195
IDR,2017-04,13304.469
IDR,2017-05,13321.925
IDR,2017-06,13304.349
IDR,2017-07,13347.209
IDR,2017-08,13342.494
IDR,2017-09,13305.576
IDR,2017-10,13529.068
IDR,2017-11,13525.107
IDR,2017-12,13559.119
IDR,2018-01,13375.472
IDR,2018-02,13601.084
IDR,2018-03,13758.855
IDR,2018-04,13814.746
IDR,2018-05,14048.744
IDR,2018-06,14038.133
IDR,2018-07,14407.849
IDR,2018-08,14566.439
IDR,2018-09,14871.693
IDR,2018-10,15176.716
IDR,2018-11,14649.433
IDR,2018-12,14504.479
IDR,2019-01,14159.53
IDR,2019-02,14039.493
IDR,2019-03,14209.025
IDR,2019-04,14147.576
IDR,2019-05,14390.785
IDR,2019-06,14221.194
IDR,2019-07,14035.227
IDR,2019-08,14235.288
IDR,2019-09,14096.885
IDR,2019-10,14118.744
IDR,2019-11,14068.296
IDR,2019-12,14009.235
IDR,2020-01,13725.362
IDR,2020-02,13785.03
IDR,2020-03,15244.036
IDR,2020-04,15815.616
IDR,2020-05,14859.126
IDR,2020-06,14205.574
IDR,2020-07,14531.495
IDR,2020-08,14712.933
IDR,2020-09,14833.575
IDR,2020-10,14733.009
IDR,2020-11,14212.905
IDR,2020-12,14155.578
IDR,2021-01,14060.124
IDR,2021-02,14054.041
IDR,2021-03,14400.9
IDR,2021-04,14537.56
IDR,2021-05,14320.323
IDR,2021-06,14357.986
IDR,2021-07,14505.682
IDR,2021-08,14379.399
IDR,2021-09,14257.493
IDR,2021-10,14179.305
IDR,2021-11,14279.056
IDR,2021-12,14317.543
IDR,2022-01,14342.082
IDR,2022-02,14346.642
IDR,2022-03,14340.852
IDR,2022-04,14389.188
IDR,2022-05,14579.312
IDR,2022-06,14701.498
IDR,2022-07,14990.113
IDR,2022-08,14833.861
IDR,2022-09,14993.569
IDR,2022-10,15441.781
IDR,2022-11,15660.231
IDR,2022-12,15585.494
IDR,2023-01,15256.603
IDR,2023-02,15150.287
IDR,2023-03,15287.424
IDR,2023-04,14874.097
IDR,2023-05,14831.381
IDR,2023-06,14939.639
IDR,2023-07,15048.236
IDR,2023-08,15253.271
IDR,2023-09,15373.951
IDR,2023-10,15759.848
IDR,2023-11,15594.598
IDR,2023-12,15510.191
IDR,2024-01,15634.633
IDR,2024-02,15654.529
IDR,2024-03,15695.145
IDR,2024-04,16088.91
IDR,2024-05,16070.474
IDR,2024-06,16355.061
IDR,2024-07,16251.839
IDR,2024-08,15755.654
IDR,2024-09,15325.899
IDR,2024-10,15579.972
IDR,2024-11,15820.991
IDR,2024-12,16043.654
IDR,2025-01,16257.72
IDR,2025-02,16346.254
IDR,2025-03,16471.796
IDR,2025-04,16828.894
IDR,2025-05,16427.944
IDR,2025-06,16304.71
IDR,2025-07,16297.381
IDR,2025-08,16307.87
IDR,2025-09,16535.289
IDR,2025-10,16603.718
IDR,2025-11,16698.566
IDR,2025-12,16695.132
IDR,2026-01,16831.743
IDR,2026-02,16827.254
IDR,2026-03,16924.121
IDR,2026-04,17156.068
IDR,2026-05,17594.933
IDR,2026-06,17897.9
IDR,2026-07,18010.98
IDR,2026-08,17805.013
JPY,1957-01,360
JPY,1957-02,360
JPY,1957-03,360
JPY,1957-04,360
JPY,1957-05,360
JPY,1957-06,360
JPY,1957-07,360
JPY,1957-08,360
JPY,1957-09,360
JPY,1957-10,360
JPY,1957-11,360
JPY,1957-12,360
JPY,1958-01,360
JPY,1958-02,360
JPY,1958-03,360
JPY,1958-04,360
JPY,1958-05,360
JPY,1958-06,360
JPY,1958-07,360
JPY,1958-08,360
JPY,1958-09,360
JPY,1958-10,360
JPY,1958-11,360
JPY,1958-12,360
JPY,1959-01,360
JPY,1959-02,360
JPY,1959-03,360
JPY,1959-04,360
JPY,1959-05,360
JPY,1959-06,360
JPY,1959-07,360
JPY,1959-08,360
JPY,1959-09,360
JPY,1959-10,360
JPY,1959-11,360
JPY,1959-12,360
JPY,1960-01,360
JPY,1960-02,360
JPY,1960-03,360
JPY,1960-04,360
JPY,1960-05,360
JPY,1960-06,360
JPY,1960-07,360
JPY,1960-08,360
JPY,1960-09,360
JPY,1960-10,360
JPY,1960-11,360
JPY,1960-12,360
JPY,1961-01,360
JPY,1961-02,360
JPY,1961-03,360
JPY,1961-04,360
JPY,1961-05,360
JPY,1961-06,360
JPY,1961-07,360
JPY,1961-08,360
JPY,1961-09,360
JPY,1961-10,360
JPY,1961-11,360
JPY,1961-12,360
JPY,1962-01,360
JPY,1962-02,360
JPY,1962-03,360
JPY,1962-04,360
JPY,1962-05,360
JPY,1962-06,360
JPY,1962-07,360
JPY,1962-08,360
JPY,1962-09,360
JPY,1962-10,360
JPY,1962-11,360
JPY,1962-12,360
JPY,1963-01,360
JPY,1963-02,360
JPY,1963-03,360
JPY,1963-04,360
JPY,1963-05,360
JPY,1963-06,360
JPY,1963-07,360
JPY,1963-08,360
JPY,1963-09,360
JPY,1963-10,360
JPY,1963-11,360
JPY,1963-12,360
JPY,1964-01,360
JPY,1964-02,360
JPY,1964-03,360
JPY,1964-04,360
JPY,1964-05,360
JPY,1964-06,360
JPY,1964-07,360
JPY,1964-08,360
JPY,1964-09,360
JPY,1964-10,360
JPY,1964-11,360
JPY,1964-12,360
JPY,1965-01,360
JPY,1965-02,360
JPY,1965-03,360
JPY,1965-04,360
JPY,1965-05,360
JPY,1965-06,360
JPY,1965-07,360
JPY,1965-08,360
JPY,1965-09,360
JPY,1965-10,360
JPY,1965-11,360
JPY,1965-12,360
JPY,1966-01,360
JPY,1966-02,360
JPY,1966-03,360
JPY,1966-04,360
JPY,1966-05,360
JPY,1966-06,360
JPY,1966-07,360
JPY,1966-08,360
JPY,1966-09,360
JPY,1966-10,360
JPY,1966-11,360
JPY,1966-12,360
JPY,1967-01,360
JPY,1967-02,360
JPY,1967-03,360
JPY,1967-04,360
JPY,1967-05,360
JPY,1967-06,360
JPY,1967-07,360
JPY,1967-08,360
JPY,1967-09,360
JPY,1967-10,360
JPY,1967-11,360
JPY,1967-12,360
JPY,1968-01,360
JPY,1968-02,360
JPY,1968-03,360
JPY,1968-04,360
JPY,1968-05,360
JPY,1968-06,360
JPY,1968-07,360
JPY,1968-08,360
JPY,1968-09,360
JPY,1968-10,360
JPY,1968-11,360
JPY,1968-12,360
JPY,1969-01,360
JPY,1969-02,360
JPY,1969-03,360
JPY,1969-04,360
JPY,1969-05,360
JPY,1969-06,360
JPY,1969-07,360
JPY,1969-08,360
JPY,1969-09,360
JPY,1969-10,360
JPY,1969-11,360
JPY,1969-12,357.62062
JPY,1970-01,357.74455
JPY,1970-02,357.61359
JPY,1970-03,357.54737
JPY,1970-04,358.02997
JPY,1970-05,358.878
JPY,1970-06,358.83745
JPY,1970-07,359.32646
JPY,1970-08,358.09707
JPY,1970-09,357.88208
JPY,1970-10,357.65167
JPY,1970-11,357.56653
JPY,1970-12,357.66832
JPY,1971-01,358.02
JPY,1971-02,357.545
JPY,1971-03,357.5187
JPY,1971-04,357.50318
JPY,1971-05,357.413
JPY,1971-06,357.41182
JPY,1971-07,357.40429
JPY,1971-08,355.78
JPY,1971-09,338.02095
JPY,1971-10,331.11053
JPY,1971-11,328.752
JPY,1971-12,320.07273
JPY,1972-01,312.72
JPY,1972-02,305.187
JPY,1972-03,302.53652
JPY,1972-04,303.5605
JPY,1972-05,304.37955
JPY,1972-06,302.41454
JPY,1972-07,301.0305
JPY,1972-08,301.16087
JPY,1972-09,301.119
JPY,1972-10,301.011
JPY,1972-11,300.9885
JPY,1972-12,301.2405
JPY,1973-01,301.78818
JPY,1973-02,278.42056
JPY,1973-03,261.90136
JPY,1973-04,265.49143
JPY,1973-05,264.65046
JPY,1973-06,264.49809
JPY,1973-07,264.55381
JPY,1973-08,265.22
JPY,1973-09,265.47474
JPY,1973-10,266.33476
JPY,1973-11,278.2625
JPY,1973-12,280.1775
JPY,1974-01,298.13364
JPY,1974-02,291.08722
JPY,1974-03,282.16476
JPY,1974-04,277.77409
JPY,1974-05,278.96636
JPY,1974-06,282.97
JPY,1974-07,290.98
JPY,1974-08,302.28364
JPY,1974-09,299.084
JPY,1974-10,299.36455
JPY,1974-11,300.075
JPY,1974-12,300.41143
JPY,1975-01,299.68455
JPY,1975-02,291.65833
JPY,1975-03,287.94857
JPY,1975-04,292.19682
JPY,1975-05,291.43048
JPY,1975-06,292.95103
JPY,1975-07,295.93122
JPY,1975-08,297.65998
JPY,1975-09,299.48286
JPY,1975-10,302.00173
JPY,1975-11,302.35556
JPY,1975-12,305.42666
JPY,1976-01,304.46151
JPY,1976-02,301.23996
JPY,1976-03,300.34094
JPY,1976-04,298.79847
JPY,1976-05,298.57582
JPY,1976-06,298.91434
JPY,1976-07,294.52615
JPY,1976-08,290.51948
JPY,1976-09,287.03772
JPY,1976-10,290.75085
JPY,1976-11,294.92931
JPY,1976-12,294.50851
JPY,1977-01,290.78508
JPY,1977-02,284.71791
JPY,1977-03,280.11211
JPY,1977-04,275.2267
JPY,1977-05,277.30616
JPY,1977-06,272.74378
JPY,1977-07,264.6689
JPY,1977-08,266.46029
JPY,1977-09,266.77338
JPY,1977-10,254.73869
JPY,1977-11,244.46952
JPY,1977-12,240.84542
JPY,1978-01,240.78713
JPY,1978-02,240.0016
JPY,1978-03,231.57395
JPY,1978-04,221.35988
JPY,1978-05,225.95641
JPY,1978-06,214.17982
JPY,1978-07,199.64503
JPY,1978-08,188.8971
JPY,1978-09,189.92123
JPY,1978-10,183.80075
JPY,1978-11,191.93824
JPY,1978-12,196.02615
JPY,1979-01,197.40748
JPY,1979-02,200.43875
JPY,1979-03,206.41171
JPY,1979-04,216.12581
JPY,1979-05,218.07939
JPY,1979-06,218.77767
JPY,1979-07,216.39086
JPY,1979-08,217.807
JPY,1979-09,222.205
JPY,1979-10,230.20739
JPY,1979-11,244.86695
JPY,1979-12,240.27776
JPY,1980-01,237.63456
JPY,1980-02,244.03284
JPY,1980-03,248.41856
JPY,1980-04,249.57302
JPY,1980-05,227.99221
JPY,1980-06,217.85999
JPY,1980-07,220.94267
JPY,1980-08,224.00769
JPY,1980-09,214.58476
JPY,1980-10,209.1913
JPY,1980-11,212.9205
JPY,1980-12,209.58753
JPY,1981-01,202.01335
JPY,1981-02,205.37045
JPY,1981-03,208.69695
JPY,1981-04,214.65749
JPY,1981-05,220.56808
JPY,1981-06,223.96553
JPY,1981-07,232.17675
JPY,1981-08,233.52335
JPY,1981-09,229.38444
JPY,1981-10,231.32272
JPY,1981-11,223.29527
JPY,1981-12,218.6483
JPY,1982-01,224.42793
JPY,1982-02,235.40792
JPY,1982-03,240.86331
JPY,1982-04,243.84049
JPY,1982-05,236.44473
JPY,1982-06,251.18504
JPY,1982-07,254.75004
JPY,1982-08,258.81693
JPY,1982-09,262.68961
JPY,1982-10,270.89863
JPY,1982-11,264.64527
JPY,1982-12,241.89775
JPY,1983-01,232.7118
JPY,1983-02,236.11736
JPY,1983-03,237.80227
JPY,1983-04,237.54478
JPY,1983-05,235.0931
JPY,1983-06,239.93952
JPY,1983-07,240.41994
JPY,1983-08,244.41835
JPY,1983-09,242.49644
JPY,1983-10,232.9019
JPY,1983-11,234.94407
JPY,1983-12,234.28292
JPY,1984-01,233.66606
JPY,1984-02,233.57345
JPY,1984-03,225.34734
JPY,1984-04,225.01433
JPY,1984-05,230.70907
JPY,1984-06,233.43737
JPY,1984-07,242.76737
JPY,1984-08,242.33731
JPY,1984-09,245.20881
JPY,1984-10,246.78259
JPY,1984-11,243.22997
JPY,1984-12,247.81104
JPY,1985-01,253.9846
JPY,1985-02,260.39006
JPY,1985-03,258.2938
JPY,1985-04,251.44357
JPY,1985-05,251.6673
JPY,1985-06,248.89952
JPY,1985-07,241.48874
JPY,1985-08,237.21051
JPY,1985-09,236.61568
JPY,1985-10,214.65656
JPY,1985-11,204.05094
JPY,1985-12,202.81157
JPY,1986-01,200.15447
JPY,1986-02,184.55
JPY,1986-03,178.54906
JPY,1986-04,174.87333
JPY,1986-05,166.9462
JPY,1986-06,167.72567
JPY,1986-07,158.66774
JPY,1986-08,154.09134
JPY,1986-09,154.66369
JPY,1986-10,156.20385
JPY,1986-11,162.92342
JPY,1986-12,162.31758
JPY,1987-01,154.62472
JPY,1987-02,153.48486
JPY,1987-03,151.40668
JPY,1987-04,142.88915
JPY,1987-05,140.35728
JPY,1987-06,144.52135
JPY,1987-07,150.29528
JPY,1987-08,147.59727
JPY,1987-09,143.17356
JPY,1987-10,143.27964
JPY,1987-11,135.24621
JPY,1987-12,128.27134
JPY,1988-01,127.55336
JPY,1988-02,129.2253
JPY,1988-03,127.14873
JPY,1988-04,125.05535
JPY,1988-05,124.73109
JPY,1988-06,127.28911
JPY,1988-07,133.09958
JPY,1988-08,133.64029
JPY,1988-09,134.42048
JPY,1988-10,128.82635
JPY,1988-11,123.16093
JPY,1988-12,123.5087
JPY,1989-01,127.12358
JPY,1989-02,127.70992
JPY,1989-03,130.35186
JPY,1989-04,132.09907
JPY,1989-05,138.32087
JPY,1989-06,143.97855
JPY,1989-07,140.50955
JPY,1989-08,141.27988
JPY,1989-09,145.1007
JPY,1989-10,141.9891
JPY,1989-11,143.57805
JPY,1989-12,143.72909
JPY,1990-01,144.99464
JPY,1990-02,145.58098
JPY,1990-03,153.19807
JPY,1990-04,158.39528
JPY,1990-05,153.56824
JPY,1990-06,153.86449
JPY,1990-07,149.1559
JPY,1990-08,147.41045
JPY,1990-09,138.71749
JPY,1990-10,129.79783
JPY,1990-11,128.99219
JPY,1990-12,133.64049
JPY,1991-01,133.62866
JPY,1991-02,130.37346
JPY,1991-03,137.15402
JPY,1991-04,137.08981
JPY,1991-05,138.11706
JPY,1991-06,139.86546
JPY,1991-07,137.90391
JPY,1991-08,136.82592
JPY,1991-09,134.55099
JPY,1991-10,130.71003
JPY,1991-11,129.63049
JPY,1991-12,128.16841
JPY,1992-01,125.16085
JPY,1992-02,127.5656
JPY,1992-03,132.87509
JPY,1992-04,133.44808
JPY,1992-05,130.70727
JPY,1992-06,126.90575
JPY,1992-07,125.68868
JPY,1992-08,126.30092
JPY,1992-09,122.66761
JPY,1992-10,121.1682
JPY,1992-11,123.88053
JPY,1992-12,124.00178
JPY,1993-01,125.0679
JPY,1993-02,120.90745
JPY,1993-03,116.97872
JPY,1993-04,112.23056
JPY,1993-05,110.43423
JPY,1993-06,107.30462
JPY,1993-07,107.59309
JPY,1993-08,103.80378
JPY,1993-09,105.39187
JPY,1993-10,106.95803
JPY,1993-11,107.85402
JPY,1993-12,109.95955
JPY,1994-01,111.38613
JPY,1994-02,106.31055
JPY,1994-03,105.09333
JPY,1994-04,103.37724
JPY,1994-05,103.70358
JPY,1994-06,102.64681
JPY,1994-07,98.582343
JPY,1994-08,99.886705
JPY,1994-09,98.833657
JPY,1994-10,98.471022
JPY,1994-11,98.002763
JPY,1994-12,100.1461
JPY,1995-01,99.732727
JPY,1995-02,98.239413
JPY,1995-03,90.601336
JPY,1995-04,83.868377
JPY,1995-05,84.96528
JPY,1995-06,84.565768
JPY,1995-07,87.23088
JPY,1995-08,94.612133
JPY,1995-09,100.43287
JPY,1995-10,100.73132
JPY,1995-11,101.84781
JPY,1995-12,101.78737
JPY,1996-01,105.63056
JPY,1996-02,105.61657
JPY,1996-03,105.88512
JPY,1996-04,107.21556
JPY,1996-05,106.3408
JPY,1996-06,108.861
JPY,1996-07,109.24384
JPY,1996-08,107.86573
JPY,1996-09,109.87091
JPY,1996-10,112.35776
JPY,1996-11,112.2671
JPY,1996-12,113.87349
JPY,1997-01,117.82666
JPY,1997-02,122.92909
JPY,1997-03,122.57218
JPY,1997-04,125.55535
JPY,1997-05,118.61363
JPY,1997-06,114.28668
JPY,1997-07,115.14869
JPY,1997-08,117.87916
JPY,1997-09,120.72538
JPY,1997-10,120.96101
JPY,1997-11,125.18188
JPY,1997-12,129.4889
JPY,1998-01,129.49861
JPY,1998-02,125.68992
JPY,1998-03,128.99994
JPY,1998-04,132.13063
JPY,1998-05,134.95995
JPY,1998-06,140.1523
JPY,1998-07,140.62901
JPY,1998-08,144.67955
JPY,1998-09,134.59011
JPY,1998-10,120.77504
JPY,1998-11,120.34614
JPY,1998-12,117.19197
JPY,1999-01,113.16331
JPY,1999-02,116.71685
JPY,1999-03,119.6392
JPY,1999-04,119.72193
JPY,1999-05,122.05013
JPY,1999-06,120.76418
JPY,1999-07,119.53875
JPY,1999-08,113.25146
JPY,1999-09,107.01016
JPY,1999-10,106.02613
JPY,1999-11,104.7007
JPY,1999-12,102.58991
JPY,2000-01,105.09912
JPY,2000-02,109.44963
JPY,2000-03,106.38179
JPY,2000-04,105.52999
JPY,2000-05,108.27854
JPY,2000-06,106.10919
JPY,2000-07,107.90385
JPY,2000-08,108.12484
JPY,2000-09,106.75878
JPY,2000-10,108.45231
JPY,2000-11,108.90605
JPY,2000-12,112.10934
JPY,2001-01,116.78349
JPY,2001-02,116.17888
JPY,2001-03,121.347
JPY,2001-04,123.71813
JPY,2001-05,121.81477
JPY,2001-06,122.24275
JPY,2001-07,124.57385
JPY,2001-08,121.4507
JPY,2001-09,118.77828
JPY,2001-10,121.2809
JPY,2001-11,122.34883
JPY,2001-12,127.05863
JPY,2002-01,132.60026
JPY,2002-02,133.59494
JPY,2002-03,131.02166
JPY,2002-04,130.74577
JPY,2002-05,126.36475
JPY,2002-06,123.32923
JPY,2002-07,118.04568
JPY,2002-08,118.95599
JPY,2002-09,120.70872
JPY,2002-10,123.91586
JPY,2002-11,121.49017
JPY,2002-12,122.00195
JPY,2003-01,118.73841
JPY,2003-02,119.37772
JPY,2003-03,118.61084
JPY,2003-04,119.94969
JPY,2003-05,117.27902
JPY,2003-06,118.37244
JPY,2003-07,118.70161
JPY,2003-08,118.82998
JPY,2003-09,114.94663
JPY,2003-10,109.58025
JPY,2003-11,109.2494
JPY,2003-12,107.8019
JPY,2004-01,106.34161
JPY,2004-02,106.58262
JPY,2004-03,108.56468
JPY,2004-04,107.71707
JPY,2004-05,112.01527
JPY,2004-06,109.45551
JPY,2004-07,109.32256
JPY,2004-08,110.49718
JPY,2004-09,110.08679
JPY,2004-10,108.89041
JPY,2004-11,104.76854
JPY,2004-12,103.78108
JPY,2005-01,103.38404
JPY,2005-02,104.92694
JPY,2005-03,105.18181
JPY,2005-04,107.3128
JPY,2005-05,106.66044
JPY,2005-06,108.69261
JPY,2005-07,111.94413
JPY,2005-08,110.62537
JPY,2005-09,111.02922
JPY,2005-10,114.90481
JPY,2005-11,118.44725
JPY,2005-12,118.57927
JPY,2006-01,115.52505
JPY,2006-02,117.91072
JPY,2006-03,117.27432
JPY,2006-04,117.026
JPY,2006-05,111.75849
JPY,2006-06,114.72297
JPY,2006-07,115.66479
JPY,2006-08,115.9413
JPY,2006-09,117.06615
JPY,2006-10,118.67087
JPY,2006-11,117.313
JPY,2006-12,117.18384
JPY,2007-01,120.44989
JPY,2007-02,120.54654
JPY,2007-03,117.23193
JPY,2007-04,118.88293
JPY,2007-05,120.80411
JPY,2007-06,122.63267
JPY,2007-07,121.58709
JPY,2007-08,116.74737
JPY,2007-09,115.00792
JPY,2007-10,115.94167
JPY,2007-11,110.94946
JPY,2007-12,112.25967
JPY,2008-01,107.81074
JPY,2008-02,107.11611
JPY,2008-03,100.87862
JPY,2008-04,102.58048
JPY,2008-05,104.33583
JPY,2008-06,106.90665
JPY,2008-07,106.82613
JPY,2008-08,109.2769
JPY,2008-09,106.61758
JPY,2008-10,100.11172
JPY,2008-11,96.819209
JPY,2008-12,91.161063
JPY,2009-01,90.421242
JPY,2009-02,92.542258
JPY,2009-03,97.835667
JPY,2009-04,98.73546
JPY,2009-05,96.609295
JPY,2009-06,96.599155
JPY,2009-07,94.473409
JPY,2009-08,94.838413
JPY,2009-09,91.44315
JPY,2009-10,90.376697
JPY,2009-11,89.157259
JPY,2009-12,89.814057
JPY,2010-01,91.31662
JPY,2010-02,90.2073
JPY,2010-03,90.678521
JPY,2010-04,93.48913
JPY,2010-05,92.150954
JPY,2010-06,90.919565
JPY,2010-07,87.49927
JPY,2010-08,85.333608
JPY,2010-09,84.376573
JPY,2010-10,81.794824
JPY,2010-11,82.513022
JPY,2010-12,83.290905
JPY,2011-01,82.628231
JPY,2011-02,82.625214
JPY,2011-03,81.719776
JPY,2011-04,83.391242
JPY,2011-05,81.174937
JPY,2011-06,80.448579
JPY,2011-07,79.402519
JPY,2011-08,76.995641
JPY,2011-09,76.79352
JPY,2011-10,76.653714
JPY,2011-11,77.470746
JPY,2011-12,77.811325
JPY,2012-01,76.967734
JPY,2012-02,78.458511
JPY,2012-03,82.477133
JPY,2012-04,81.296217
JPY,2012-05,79.72825
JPY,2012-06,79.240284
JPY,2012-07,78.985946
JPY,2012-08,78.692963
JPY,2012-09,78.171123
JPY,2012-10,78.981996
JPY,2012-11,81.017717
JPY,2012-12,83.612486
JPY,2013-01,89.047084
JPY,2013-02,93.117683
JPY,2013-03,94.869816
JPY,2013-04,97.904468
JPY,2013-05,101.01817
JPY,2013-06,97.366185
JPY,2013-07,99.695216
JPY,2013-08,97.930827
JPY,2013-09,99.203056
JPY,2013-10,97.781882
JPY,2013-11,100.02835
JPY,2013-12,103.3858
JPY,2014-01,103.94214
JPY,2014-02,102.01953
JPY,2014-03,102.35487
JPY,2014-04,102.53087
JPY,2014-05,101.76397
JPY,2014-06,102.05626
JPY,2014-07,101.72303
JPY,2014-08,102.96694
JPY,2014-09,107.28379
JPY,2014-10,107.98977
JPY,2014-11,116.28265
JPY,2014-12,119.26323
JPY,2015-01,118.27935
JPY,2015-02,118.67178
JPY,2015-03,120.34068
JPY,2015-04,119.61763
JPY,2015-05,120.87394
JPY,2015-06,123.73086
JPY,2015-07,123.39756
JPY,2015-08,123.12873
JPY,2015-09,120.17565
JPY,2015-10,120.02227
JPY,2015-11,122.58355
JPY,2015-12,121.69155
JPY,2016-01,118.1659
JPY,2016-02,114.80966
JPY,2016-03,112.97237
JPY,2016-04,109.60965
JPY,2016-05,108.94686
JPY,2016-06,105.47821
JPY,2016-07,104.1282
JPY,2016-08,101.22728
JPY,2016-09,101.87176
JPY,2016-10,103.827
JPY,2016-11,108.34595
JPY,2016-12,116.10986
JPY,2017-01,115.08003
JPY,2017-02,112.91311
JPY,2017-03,112.95735
JPY,2017-04,110.31899
JPY,2017-05,112.23676
JPY,2017-06,110.94192
JPY,2017-07,112.49538
JPY,2017-08,109.85639
JPY,2017-09,110.73151
JPY,2017-10,112.9358
JPY,2017-11,112.79778
JPY,2017-12,112.90698
JPY,2018-01,110.88632
JPY,2018-02,107.94816
JPY,2018-03,106.07695
JPY,2018-04,107.65847
JPY,2018-05,109.69316
JPY,2018-06,110.05891
JPY,2018-07,111.44707
JPY,2018-08,111.00412
JPY,2018-09,111.96076
JPY,2018-10,112.86609
JPY,2018-11,113.30326
JPY,2018-12,112.33239
JPY,2019-01,108.91618
JPY,2019-02,110.36924
JPY,2019-03,111.19066
JPY,2019-04,111.61519
JPY,2019-05,109.92641
JPY,2019-06,108.10059
JPY,2019-07,108.22092
JPY,2019-08,106.21891
JPY,2019-09,107.45422
JPY,2019-10,108.12668
JPY,2019-11,108.89443
JPY,2019-12,109.09372
JPY,2020-01,109.33262
JPY,2020-02,110.06993
JPY,2020-03,107.51013
JPY,2020-04,107.68909
JPY,2020-05,107.19701
JPY,2020-06,107.61865
JPY,2020-07,106.7708
JPY,2020-08,106.02317
JPY,2020-09,105.5764
JPY,2020-10,105.2119
JPY,2020-11,104.42004
JPY,2020-12,103.76646
JPY,2021-01,103.78096
JPY,2021-02,105.38372
JPY,2021-03,108.73818
JPY,2021-04,108.93611
JPY,2021-05,109.14791
JPY,2021-06,110.09879
JPY,2021-07,110.26111
JPY,2021-08,109.8262
JPY,2021-09,110.15824
JPY,2021-10,113.09842
JPY,2021-11,114.0021
JPY,2021-12,113.94337
JPY,2022-01,114.90743
JPY,2022-02,115.1975
JPY,2022-03,118.62177
JPY,2022-04,126.29716
JPY,2022-05,128.79717
JPY,2022-06,134.00205
JPY,2022-07,136.73462
JPY,2022-08,135.14083
JPY,2022-09,142.95638
JPY,2022-10,147.29511
JPY,2022-11,142.33331
JPY,2022-12,134.88662
JPY,2023-01,130.51977
JPY,2023-02,132.8982
JPY,2023-03,133.59519
JPY,2023-04,133.58277
JPY,2023-05,137.05587
JPY,2023-06,141.27039
JPY,2023-07,141.03609
JPY,2023-08,144.80817
JPY,2023-09,147.70221
JPY,2023-10,149.62059
JPY,2023-11,149.75413
JPY,2023-12,144.20806
JPY,2024-01,146.22833
JPY,2024-02,149.49681
JPY,2024-03,149.71947
JPY,2024-04,153.84253
JPY,2024-05,155.87283
JPY,2024-06,157.84151
JPY,2024-07,157.8532
JPY,2024-08,146.26275
JPY,2024-09,143.24001
JPY,2024-10,149.68303
JPY,2024-11,153.5648
JPY,2024-12,153.73787
JPY,2025-01,156.39499
JPY,2025-02,151.83177
JPY,2025-03,149.13819
JPY,2025-04,144.21099
JPY,2025-05,144.66562
JPY,2025-06,144.59799
JPY,2025-07,146.90948
JPY,2025-08,147.69788
JPY,2025-09,147.92683
JPY,2025-10,151.46687
JPY,2025-11,155.11508
JPY,2025-12,155.86396
JPY,2026-01,156.71728
JPY,2026-02,155.15462
JPY,2026-03,158.67611
JPY,2026-04,159.06418
JPY,2026-05,158.23881
JPY,2026-06,160.7243
JPY,2026-07,162.50609
JPY,2026-08,158.80137
KRW,1957-01,50
KRW,1957-02,50
KRW,1957-03,50
KRW,1957-04,50
KRW,1957-05,50
KRW,1957-06,50
KRW,1957-07,50
KRW,1957-08,50
KRW,1957-09,50
KRW,1957-10,50
KRW,1957-11,50
KRW,1957-12,50
KRW,1958-01,50
KRW,1958-02,50
KRW,1958-03,50
KRW,1958-04,50
KRW,1958-05,50
KRW,1958-06,50
KRW,1958-07,50
KRW,1958-08,50
KRW,1958-09,50
KRW,1958-10,50
KRW,1958-11,50
KRW,1958-12,50
KRW,1959-01,50
KRW,1959-02,50
KRW,1959-03,50
KRW,1959-04,50
KRW,1959-05,50
KRW,1959-06,50
KRW,1959-07,50
KRW,1959-08,50
KRW,1959-09,50
KRW,1959-10,50
KRW,1959-11,50
KRW,1959-12,50
KRW,1960-01,50
KRW,1960-02,57.5
KRW,1960-03,65
KRW,1960-04,65
KRW,1960-05,65
KRW,1960-06,65
KRW,1960-07,65
KRW,1960-08,65
KRW,1960-09,65
KRW,1960-10,65
KRW,1960-11,65
KRW,1960-12,65
KRW,1961-01,82.5
KRW,1961-02,115
KRW,1961-03,130
KRW,1961-04,130
KRW,1961-05,130
KRW,1961-06,130
KRW,1961-07,130
KRW,1961-08,130
KRW,1961-09,130
KRW,1961-10,130
KRW,1961-11,130
KRW,1961-12,130
KRW,1962-01,130
KRW,1962-02,130
KRW,1962-03,130
KRW,1962-04,130
KRW,1962-05,130
KRW,1962-06,130
KRW,1962-07,130
KRW,1962-08,130
KRW,1962-09,130
KRW,1962-10,130
KRW,1962-11,130
KRW,1962-12,130
KRW,1963-01,130
KRW,1963-02,130
KRW,1963-03,130
KRW,1963-04,130
KRW,1963-05,130
KRW,1963-06,130
KRW,1963-07,130
KRW,1963-08,130
KRW,1963-09,130
KRW,1963-10,130
KRW,1963-11,130
KRW,1963-12,130
KRW,1964-01,130
KRW,1964-02,130
KRW,1964-03,130
KRW,1964-04,130
KRW,1964-05,255.77
KRW,1964-06,255.77
KRW,1964-07,255.77
KRW,1964-08,255.77
KRW,1964-09,255.77
KRW,1964-10,255.77
KRW,1964-11,255.77
KRW,1964-12,255.77
KRW,1965-01,255.77
KRW,1965-02,255.77
KRW,1965-03,258.31565
KRW,1965-04,259.3156
KRW,1965-05,266.40577
KRW,1965-06,268.21539
KRW,1965-07,271.55692
KRW,1965-08,272.24538
KRW,1965-09,272.1
KRW,1965-10,271.964
KRW,1965-11,271.78
KRW,1965-12,271.78
KRW,1966-01,271.77583
KRW,1966-02,271.68
KRW,1966-03,269.344
KRW,1966-04,271.372
KRW,1966-05,271.18
KRW,1966-06,271.18
KRW,1966-07,271.18
KRW,1966-08,271.18
KRW,1966-09,271.18
KRW,1966-10,271.18
KRW,1966-11,271.18
KRW,1966-12,271.18
KRW,1967-01,270.38913
KRW,1967-02,269.85625
KRW,1967-03,269.942
KRW,1967-04,270.08333
KRW,1967-05,270.07692
KRW,1967-06,270.05417
KRW,1967-07,270.1587
KRW,1967-08,270.20961
KRW,1967-09,270.3856
KRW,1967-10,270.37174
KRW,1967-11,270.41654
KRW,1967-12,274.19231
KRW,1968-01,274.6
KRW,1968-02,274.59583
KRW,1968-03,274.648
KRW,1968-04,274.764
KRW,1968-05,274.76296
KRW,1968-06,274.7625
KRW,1968-07,274.76538
KRW,1968-08,275.36154
KRW,1968-09,278.096
KRW,1968-10,280.276
KRW,1968-11,281.43077
KRW,1968-12,281.648
KRW,1969-01,281.6
KRW,1969-02,282.09167
KRW,1969-03,282.85
KRW,1969-04,283.652
KRW,1969-05,284.52222
KRW,1969-06,284.99583
KRW,1969-07,285.408
KRW,1969-08,286.94
KRW,1969-09,288.264
KRW,1969-10,290.17826
KRW,1969-11,303.872
KRW,1969-12,304.52692
KRW,1970-01,304.84583
KRW,1970-02,305.85833
KRW,1970-03,306.626
KRW,1970-04,307.71192
KRW,1970-05,308.76154
KRW,1970-06,309.89
KRW,1970-07,311.47308
KRW,1970-08,312.498
KRW,1970-09,313.394
KRW,1970-10,314.17083
KRW,1970-11,315.17
KRW,1970-12,316.26538
KRW,1971-01,317.72958
KRW,1971-02,319.47917
KRW,1971-03,321.354
KRW,1971-04,323.24583
KRW,1971-05,325.654
KRW,1971-06,332.17885
KRW,1971-07,370.8
KRW,1971-08,370.8
KRW,1971-09,370.8
KRW,1971-10,370.8
KRW,1971-11,370.8
KRW,1971-12,372.13461
KRW,1972-01,374.6875
KRW,1972-02,379.14
KRW,1972-03,384.556
KRW,1972-04,389.825
KRW,1972-05,394.58889
KRW,1972-06,398.564
KRW,1972-07,399.376
KRW,1972-08,399.11154
KRW,1972-09,398.756
KRW,1972-10,398.58261
KRW,1972-11,398.66
KRW,1972-12,398.86522
KRW,1973-01,398.84583
KRW,1973-02,398.9
KRW,1973-03,398.872
KRW,1973-04,398.925
KRW,1973-05,398.9037
KRW,1973-06,398.864
KRW,1973-07,398.704
KRW,1973-08,398.57308
KRW,1973-09,397.81667
KRW,1973-10,397.26364
KRW,1973-11,397.04
KRW,1973-12,397.16
KRW,1974-01,397.775
KRW,1974-02,398.28333
KRW,1974-03,398.648
KRW,1974-04,398.96
KRW,1974-05,399
KRW,1974-06,399
KRW,1974-07,399
KRW,1974-08,399
KRW,1974-09,399
KRW,1974-10,399
KRW,1974-11,399
KRW,1974-12,467
KRW,1975-01,484
KRW,1975-02,484
KRW,1975-03,484
KRW,1975-04,484
KRW,1975-05,484
KRW,1975-06,484
KRW,1975-07,484
KRW,1975-08,484
KRW,1975-09,484
KRW,1975-10,484
KRW,1975-11,484
KRW,1975-12,484
KRW,1976-01,484
KRW,1976-02,484
KRW,1976-03,484
KRW,1976-04,484
KRW,1976-05,484
KRW,1976-06,484
KRW,1976-07,484
KRW,1976-08,484
KRW,1976-09,484
KRW,1976-10,484
KRW,1976-11,484
KRW,1976-12,484
KRW,1977-01,484
KRW,1977-02,484
KRW,1977-03,484
KRW,1977-04,484
KRW,1977-05,484
KRW,1977-06,484
KRW,1977-07,484
KRW,1977-08,484
KRW,1977-09,484
KRW,1977-10,484
KRW,1977-11,484
KRW,1977-12,484
KRW,1978-01,484
KRW,1978-02,484
KRW,1978-03,484
KRW,1978-04,484
KRW,1978-05,484
KRW,1978-06,484
KRW,1978-07,484
KRW,1978-08,484
KRW,1978-09,484
KRW,1978-10,484
KRW,1978-11,484
KRW,1978-12,484
KRW,1979-01,484
KRW,1979-02,484
KRW,1979-03,484
KRW,1979-04,484
KRW,1979-05,484
KRW,1979-06,484
KRW,1979-07,484
KRW,1979-08,484
KRW,1979-09,484
KRW,1979-10,484
KRW,1979-11,484
KRW,1979-12,484
KRW,1980-01,552
KRW,1980-02,580.084
KRW,1980-03,583.50417
KRW,1980-04,589.808
KRW,1980-05,593.6
KRW,1980-06,598.94583
KRW,1980-07,605.4
KRW,1980-08,615.896
KRW,1980-09,618.76087
KRW,1980-10,638.27727
KRW,1980-11,656.368
KRW,1980-12,659.95417
KRW,1981-01,662.22083
KRW,1981-02,667.73913
KRW,1981-03,671.56087
KRW,1981-04,676.10208
KRW,1981-05,681.905
KRW,1981-06,684.37273
KRW,1981-07,686.46739
KRW,1981-08,687.80714
KRW,1981-09,686.7
KRW,1981-10,683.81429
KRW,1981-11,688.56389
KRW,1981-12,694.68409
KRW,1982-01,705.17
KRW,1982-02,710.05556
KRW,1982-03,714.67609
KRW,1982-04,721.03182
KRW,1982-05,724.35
KRW,1982-06,738.3
KRW,1982-07,743.06429
KRW,1982-08,744.45
KRW,1982-09,743.6119
KRW,1982-10,743.6475
KRW,1982-11,745.60263
KRW,1982-12,746.3587
KRW,1983-01,749.80476
KRW,1983-02,752.1921
KRW,1983-03,757.9413
KRW,1983-04,765.28809
KRW,1983-05,767.96429
KRW,1983-06,775.82273
KRW,1983-07,779.88
KRW,1983-08,787.19348
KRW,1983-09,790.82619
KRW,1983-10,791.37
KRW,1983-11,796.31842
KRW,1983-12,799.23571
KRW,1984-01,800.33095
KRW,1984-02,799.11579
KRW,1984-03,794.51364
KRW,1984-04,796.41429
KRW,1984-05,801.54545
KRW,1984-06,802.20476
KRW,1984-07,810.95714
KRW,1984-08,811.42174
KRW,1984-09,815.82105
KRW,1984-10,820.03636
KRW,1984-11,818.89474
KRW,1984-12,825.735
KRW,1985-01,832.16667
KRW,1985-02,839.16471
KRW,1985-03,850.70952
KRW,1985-04,861.21364
KRW,1985-05,871.10909
KRW,1985-06,875
KRW,1985-07,876.45909
KRW,1985-08,885.09546
KRW,1985-09,894.05053
KRW,1985-10,894.49545
KRW,1985-11,893.35263
KRW,1985-12,893.12857
KRW,1986-01,892.74762
KRW,1986-02,888.57368
KRW,1986-03,886.66191
KRW,1986-04,887.95455
KRW,1986-05,889.09524
KRW,1986-06,890.7381
KRW,1986-07,888.59091
KRW,1986-08,886.45238
KRW,1986-09,883.05714
KRW,1986-10,878.80909
KRW,1986-11,873.54444
KRW,1986-12,868.43182
KRW,1987-01,862.865
KRW,1987-02,860.22105
KRW,1987-03,856.10909
KRW,1987-04,844.67727
KRW,1987-05,832.535
KRW,1987-06,818.38636
KRW,1987-07,811.81304
KRW,1987-08,811.87619
KRW,1987-09,810.07619
KRW,1987-10,808.47143
KRW,1987-11,802.30526
KRW,1987-12,798.34546
KRW,1988-01,791.31579
KRW,1988-02,776.85
KRW,1988-03,757.36956
KRW,1988-04,745.31429
KRW,1988-05,739.43809
KRW,1988-06,732.88182
KRW,1988-07,728.67
KRW,1988-08,725.74348
KRW,1988-09,723.00476
KRW,1988-10,712.725
KRW,1988-11,696.085
KRW,1988-12,687.89524
KRW,1989-01,685.285
KRW,1989-02,680.28421
KRW,1989-03,675.67954
KRW,1989-04,669.99474
KRW,1989-05,669.24762
KRW,1989-06,669.43333
KRW,1989-07,669.835
KRW,1989-08,671.13409
KRW,1989-09,672.72944
KRW,1989-10,673.85789
KRW,1989-11,674.93809
KRW,1989-12,677.655
KRW,1990-01,686.18421
KRW,1990-02,692.47368
KRW,1990-03,700.49524
KRW,1990-04,708.7619
KRW,1990-05,711.84762
KRW,1990-06,718.07143
KRW,1990-07,718.745
KRW,1990-08,718.25909
KRW,1990-09,717.87368
KRW,1990-10,717.76111
KRW,1990-11,717.03
KRW,1990-12,718.575
KRW,1991-01,720.825
KRW,1991-02,723.97059
KRW,1991-03,727.73158
KRW,1991-04,728.35714
KRW,1991-05,727.99048
KRW,1991-06,727.97222
KRW,1991-07,731.76364
KRW,1991-08,733.90454
KRW,1991-09,744.17895
KRW,1991-10,753.54
KRW,1991-11,757.43684
KRW,1991-12,761.68095
KRW,1992-01,767.09048
KRW,1992-02,769.93333
KRW,1992-03,775.675
KRW,1992-04,783.00455
KRW,1992-05,787.35263
KRW,1992-06,793.6
KRW,1992-07,789.92727
KRW,1992-08,792.56191
KRW,1992-09,788.76111
KRW,1992-10,786.79048
KRW,1992-11,787.09474
KRW,1992-12,791.74545
KRW,1993-01,794.87222
KRW,1993-02,799.25263
KRW,1993-03,796.41739
KRW,1993-04,798.61364
KRW,1993-05,803.19474
KRW,1993-06,805.91364
KRW,1993-07,809.58095
KRW,1993-08,811.94091
KRW,1993-09,811.84286
KRW,1993-10,813.45
KRW,1993-11,809.79
KRW,1993-12,812.56957
KRW,1994-01,813.545
KRW,1994-02,812.24211
KRW,1994-03,810.68696
KRW,1994-04,811.70952
KRW,1994-05,809.79048
KRW,1994-06,809.86364
KRW,1994-07,808.39
KRW,1994-08,806.83043
KRW,1994-09,803.69048
KRW,1994-10,801.975
KRW,1994-11,799.455
KRW,1994-12,794.81429
KRW,1995-01,793.075
KRW,1995-02,793.19474
KRW,1995-03,781.81304
KRW,1995-04,770.61
KRW,1995-05,764.43182
KRW,1995-06,763.88182
KRW,1995-07,760.045
KRW,1995-08,767.42174
KRW,1995-09,772.04
KRW,1995-10,767.19524
KRW,1995-11,769.78095
KRW,1995-12,771.305
KRW,1996-01,787.13333
KRW,1996-02,780.115
KRW,1996-03,781.31429
KRW,1996-04,780.41818
KRW,1996-05,780.85909
KRW,1996-06,798.45
KRW,1996-07,813.03182
KRW,1996-08,817.52273
KRW,1996-09,822.4
KRW,1996-10,828.23636
KRW,1996-11,830.56316
KRW,1996-12,841.91905
KRW,1997-01,854.07143
KRW,1997-02,868.39474
KRW,1997-03,882.61905
KRW,1997-04,895.56818
KRW,1997-05,894.66667
KRW,1997-06,891.40476
KRW,1997-07,893.09091
KRW,1997-08,898.70952
KRW,1997-09,912.50476
KRW,1997-10,929.41818
KRW,1997-11,1031.2714
KRW,1997-12,1505.1793
KRW,1998-01,1697.3347
KRW,1998-02,1626.4256
KRW,1998-03,1489.8516
KRW,1998-04,1388.6266
KRW,1998-05,1399.1102
KRW,1998-06,1395.749
KRW,1998-07,1293.8581
KRW,1998-08,1312.2848
KRW,1998-09,1372.862
KRW,1998-10,1341.0268
KRW,1998-11,1290.1863
KRW,1998-12,1211.4269
KRW,1999-01,1173.7143
KRW,1999-02,1187.0608
KRW,1999-03,1227.783
KRW,1999-04,1207.0329
KRW,1999-05,1196.8333
KRW,1999-06,1168.5063
KRW,1999-07,1187.3088
KRW,1999-08,1196.7872
KRW,1999-09,1199.9829
KRW,1999-10,1204.8317
KRW,1999-11,1175.9909
KRW,1999-12,1137.0559
KRW,2000-01,1130.3081
KRW,2000-02,1129.473
KRW,2000-03,1115.8976
KRW,2000-04,1110.3041
KRW,2000-05,1120.5656
KRW,2000-06,1117.9181
KRW,2000-07,1115.1838
KRW,2000-08,1114.5616
KRW,2000-09,1116.0104
KRW,2000-10,1128.7156
KRW,2000-11,1156.8245
KRW,2000-12,1213.832
KRW,2001-01,1273.5112
KRW,2001-02,1251.7532
KRW,2001-03,1290.5099
KRW,2001-04,1326.7082
KRW,2001-05,1296.8595
KRW,2001-06,1294.1211
KRW,2001-07,1301.6122
KRW,2001-08,1281.5729
KRW,2001-09,1293.1459
KRW,2001-10,1301.044
KRW,2001-11,1280.433
KRW,2001-12,1285.3832
KRW,2002-01,1314.201
KRW,2002-02,1318.5398
KRW,2002-03,1321.4098
KRW,2002-04,1313.195
KRW,2002-05,1254.4051
KRW,2002-06,1214.9405
KRW,2002-07,1178.507
KRW,2002-08,1193.6502
KRW,2002-09,1205.7708
KRW,2002-10,1235.2472
KRW,2002-11,1206.5617
KRW,2002-12,1205.0008
KRW,2003-01,1176.9564
KRW,2003-02,1190.8099
KRW,2003-03,1235.9426
KRW,2003-04,1233.015
KRW,2003-05,1200.226
KRW,2003-06,1193.8119
KRW,2003-07,1180.3304
KRW,2003-08,1178.422
KRW,2003-09,1164.7726
KRW,2003-10,1167.2301
KRW,2003-11,1186.1053
KRW,2003-12,1191.5496
KRW,2004-01,1183.0572
KRW,2004-02,1166.185
KRW,2004-03,1165.7205
KRW,2004-04,1152.7933
KRW,2004-05,1176.2703
KRW,2004-06,1158.4673
KRW,2004-07,1158.2714
KRW,2004-08,1157.5208
KRW,2004-09,1148.3686
KRW,2004-10,1142.0077
KRW,2004-11,1086.511
KRW,2004-12,1050.7803
KRW,2005-01,1038.1381
KRW,2005-02,1022.2573
KRW,2005-03,1007.1695
KRW,2005-04,1010.0911
KRW,2005-05,1002.3423
KRW,2005-06,1012.0557
KRW,2005-07,1037.2714
KRW,2005-08,1021.2598
KRW,2005-09,1029.2828
KRW,2005-10,1045.9645
KRW,2005-11,1040.5497
KRW,2005-12,1022.5602
KRW,2006-01,983.31447
KRW,2006-02,969.95557
KRW,2006-03,974.92764
KRW,2006-04,952.44251
KRW,2006-05,941.32239
KRW,2006-06,954.70472
KRW,2006-07,950.76999
KRW,2006-08,961.20037
KRW,2006-09,952.77081
KRW,2006-10,953.40622
KRW,2006-11,935.49915
KRW,2006-12,925.13106
KRW,2007-01,936.91627
KRW,2007-02,937.1445
KRW,2007-03,943.10191
KRW,2007-04,930.75432
KRW,2007-05,927.58191
KRW,2007-06,928.11496
KRW,2007-07,918.4531
KRW,2007-08,934.81114
KRW,2007-09,929.44722
KRW,2007-10,914.91971
KRW,2007-11,918.27764
KRW,2007-12,931.25561
KRW,2008-01,942.8616
KRW,2008-02,944.23329
KRW,2008-03,980.72883
KRW,2008-04,987.89163
KRW,2008-05,1036.9241
KRW,2008-06,1031.9218
KRW,2008-07,1017.5124
KRW,2008-08,1046.288
KRW,2008-09,1134.3089
KRW,2008-10,1322.7219
KRW,2008-11,1400.7214
KRW,2008-12,1378.5222
KRW,2009-01,1361.641
KRW,2009-02,1442.5897
KRW,2009-03,1453.8928
KRW,2009-04,1334.5145
KRW,2009-05,1252.915
KRW,2009-06,1261.9919
KRW,2009-07,1262.5113
KRW,2009-08,1239.8837
KRW,2009-09,1214.7367
KRW,2009-10,1174.3343
KRW,2009-11,1163.465
KRW,2009-12,1165.52
KRW,2010-01,1138.5511
KRW,2010-02,1156.4585
KRW,2010-03,1136.9041
KRW,2010-04,1114.8383
KRW,2010-05,1167.2729
KRW,2010-06,1215.0532
KRW,2010-07,1205.2328
KRW,2010-08,1180.856
KRW,2010-09,1161.2835
KRW,2010-10,1122.732
KRW,2010-11,1130.7649
KRW,2010-12,1145.0647
KRW,2011-01,1119.46
KRW,2011-02,1117.2973
KRW,2011-03,1120.1414
KRW,2011-04,1085.4707
KRW,2011-05,1084.5417
KRW,2011-06,1080.9671
KRW,2011-07,1058.8029
KRW,2011-08,1075.0814
KRW,2011-09,1122.0256
KRW,2011-10,1151.8988
KRW,2011-11,1134.3031
KRW,2011-12,1148.4058
KRW,2012-01,1143.0777
KRW,2012-02,1123.3922
KRW,2012-03,1127.0471
KRW,2012-04,1136.1869
KRW,2012-05,1158.6259
KRW,2012-06,1164.482
KRW,2012-07,1142.6665
KRW,2012-08,1132.1929
KRW,2012-09,1123.8211
KRW,2012-10,1106.3371
KRW,2012-11,1087.5992
KRW,2012-12,1075.8468
KRW,2013-01,1066.8112
KRW,2013-02,1087.4967
KRW,2013-03,1103.3719
KRW,2013-04,1121.531
KRW,2013-05,1112.8188
KRW,2013-06,1136.1072
KRW,2013-07,1126.5079
KRW,2013-08,1116.4439
KRW,2013-09,1083.8459
KRW,2013-10,1066.9471
KRW,2013-11,1062.8423
KRW,2013-12,1055.9403
KRW,2014-01,1068.2702
KRW,2014-02,1070.796
KRW,2014-03,1070.7179
KRW,2014-04,1043.479
KRW,2014-05,1024.6896
KRW,2014-06,1019.283
KRW,2014-07,1020.9921
KRW,2014-08,1024.4204
KRW,2014-09,1035.6718
KRW,2014-10,1061.5503
KRW,2014-11,1098.744
KRW,2014-12,1102.8614
KRW,2015-01,1089.4431
KRW,2015-02,1101.8058
KRW,2015-03,1112.9132
KRW,2015-04,1085.8091
KRW,2015-05,1094.4805
KRW,2015-06,1113.6972
KRW,2015-07,1146.635
KRW,2015-08,1179.0408
KRW,2015-09,1185.2488
KRW,2015-10,1144.705
KRW,2015-11,1154.318
KRW,2015-12,1174.4867
KRW,2016-01,1204.0297
KRW,2016-02,1216.8906
KRW,2016-03,1184.9844
KRW,2016-04,1146.9819
KRW,2016-05,1175.4964
KRW,2016-06,1167.2289
KRW,2016-07,1142.0126
KRW,2016-08,1110.9164
KRW,2016-09,1109.6311
KRW,2016-10,1127.4561
KRW,2016-11,1163.9911
KRW,2016-12,1184.3536
KRW,2017-01,1181.9434
KRW,2017-02,1142.4765
KRW,2017-03,1133.7698
KRW,2017-04,1133.7209
KRW,2017-05,1126.0117
KRW,2017-06,1132.0862
KRW,2017-07,1134.0148
KRW,2017-08,1131.539
KRW,2017-09,1132.1679
KRW,2017-10,1132.1992
KRW,2017-11,1100.8508
KRW,2017-12,1084.327
KRW,2018-01,1066.378
KRW,2018-02,1078.3299
KRW,2018-03,1071.654
KRW,2018-04,1069.5081
KRW,2018-05,1077.1947
KRW,2018-06,1094.3857
KRW,2018-07,1123.6294
KRW,2018-08,1121.708
KRW,2018-09,1120.0873
KRW,2018-10,1132.1294
KRW,2018-11,1126.8794
KRW,2018-12,1122.7276
KRW,2019-01,1122.4871
KRW,2019-02,1122.6451
KRW,2019-03,1132.2144
KRW,2019-04,1142.935
KRW,2019-05,1184.8553
KRW,2019-06,1173.5545
KRW,2019-07,1176.9268
KRW,2019-08,1210.722
KRW,2019-09,1195.0663
KRW,2019-10,1184.1037
KRW,2019-11,1168.4177
KRW,2019-12,1175.364
KRW,2020-01,1167.671
KRW,2020-02,1195.4312
KRW,2020-03,1218.7948
KRW,2020-04,1223.4568
KRW,2020-05,1229.527
KRW,2020-06,1207.32
KRW,2020-07,1198.7627
KRW,2020-08,1186.5397
KRW,2020-09,1177.5694
KRW,2020-10,1143.9695
KRW,2020-11,1114.8171
KRW,2020-12,1094.9692
KRW,2021-01,1099.9121
KRW,2021-02,1111.83
KRW,2021-03,1130.8517
KRW,2021-04,1116.9503
KRW,2021-05,1123.4075
KRW,2021-06,1122.7423
KRW,2021-07,1145.7439
KRW,2021-08,1161.0649
KRW,2021-09,1172.9311
KRW,2021-10,1181.963
KRW,2021-11,1184.327
KRW,2021-12,1184.1035
KRW,2022-01,1196.3974
KRW,2022-02,1197.8191
KRW,2022-03,1221.271
KRW,2022-04,1236.582
KRW,2022-05,1266.9134
KRW,2022-06,1279.2939
KRW,2022-07,1308.6362
KRW,2022-08,1321.1256
KRW,2022-09,1395.4593
KRW,2022-10,1428.4494
KRW,2022-11,1357.5801
KRW,2022-12,1294.4432
KRW,2023-01,1245.7537
KRW,2023-02,1277.7076
KRW,2023-03,1306.1317
KRW,2023-04,1323.9368
KRW,2023-05,1327.1691
KRW,2023-06,1297.4744
KRW,2023-07,1283.5147
KRW,2023-08,1323.0365
KRW,2023-09,1333.418
KRW,2023-10,1351.3272
KRW,2023-11,1307.0993
KRW,2023-12,1305.3404
KRW,2024-01,1327.0994
KRW,2024-02,1331.557
KRW,2024-03,1331.9842
KRW,2024-04,1369.8295
KRW,2024-05,1364.1662
KRW,2024-06,1380.6272
KRW,2024-07,1382.8915
KRW,2024-08,1351.9356
KRW,2024-09,1331.5008
KRW,2024-10,1361.6401
KRW,2024-11,1394.4737
KRW,2024-12,1438.0896
KRW,2025-01,1452.3027
KRW,2025-02,1445.4428
KRW,2025-03,1458.7648
KRW,2025-04,1442.647
KRW,2025-05,1388.7435
KRW,2025-06,1366.2595
KRW,2025-07,1377.9634
KRW,2025-08,1390.3511
KRW,2025-09,1393.0871
KRW,2025-10,1423.8218
KRW,2025-11,1459.8583
KRW,2025-12,1466.8163
KRW,2026-01,1457.2105
KRW,2026-02,1448.2294
KRW,2026-03,1490.8816
KRW,2026-04,1481.3479
KRW,2026-05,1490.9176
KRW,2026-06,1530.1372
KRW,2026-07,1490.849
KRW,2026-08,1402.9863
MYR,1957-01,3.06122
MYR,1957-02,3.06122
MYR,1957-03,3.06122
MYR,1957-04,3.06122
MYR,1957-05,3.06122
MYR,1957-06,3.06122
MYR,1957-07,3.06122
MYR,1957-08,3.06122
MYR,1957-09,3.06122
MYR,1957-10,3.06122
MYR,1957-11,3.06122
MYR,1957-12,3.06122
MYR,1958-01,3.06122
MYR,1958-02,3.06122
MYR,1958-03,3.06122
MYR,1958-04,3.06122
MYR,1958-05,3.06122
MYR,1958-06,3.06122
MYR,1958-07,3.06122
MYR,1958-08,3.06122
MYR,1958-09,3.06122
MYR,1958-10,3.06122
MYR,1958-11,3.06122
MYR,1958-12,3.06122
MYR,1959-01,3.06122
MYR,1959-02,3.06122
MYR,1959-03,3.06122
MYR,1959-04,3.06122
MYR,1959-05,3.06122
MYR,1959-06,3.06122
MYR,1959-07,3.06122
MYR,1959-08,3.06122
MYR,1959-09,3.06122
MYR,1959-10,3.06122
MYR,1959-11,3.06122
MYR,1959-12,3.06122
MYR,1960-01,3.06122
MYR,1960-02,3.06122
MYR,1960-03,3.06122
MYR,1960-04,3.06122
MYR,1960-05,3.06122
MYR,1960-06,3.06122
MYR,1960-07,3.06122
MYR,1960-08,3.06122
MYR,1960-09,3.06122
MYR,1960-10,3.06122
MYR,1960-11,3.06122
MYR,1960-12,3.06122
MYR,1961-01,3.06122
MYR,1961-02,3.06122
MYR,1961-03,3.06122
MYR,1961-04,3.06122
MYR,1961-05,3.06122
MYR,1961-06,3.06122
MYR,1961-07,3.06122
MYR,1961-08,3.06122
MYR,1961-09,3.06122
MYR,1961-10,3.06122
MYR,1961-11,3.06122
MYR,1961-12,3.06122
MYR,1962-01,3.06122
MYR,1962-02,3.06122
MYR,1962-03,3.06122
MYR,1962-04,3.06122
MYR,1962-05,3.06122
MYR,1962-06,3.06122
MYR,1962-07,3.06122
MYR,1962-08,3.06122
MYR,1962-09,3.06122
MYR,1962-10,3.06122
MYR,1962-11,3.06122
MYR,1962-12,3.06122
MYR,1963-01,3.06122
MYR,1963-02,3.06122
MYR,1963-03,3.06122
MYR,1963-04,3.06122
MYR,1963-05,3.06122
MYR,1963-06,3.06122
MYR,1963-07,3.06122
MYR,1963-08,3.06122
MYR,1963-09,3.06122
MYR,1963-10,3.06122
MYR,1963-11,3.06122
MYR,1963-12,3.06122
MYR,1964-01,3.06122
MYR,1964-02,3.06122
MYR,1964-03,3.06122
MYR,1964-04,3.06122
MYR,1964-05,3.06122
MYR,1964-06,3.06122
MYR,1964-07,3.06122
MYR,1964-08,3.06122
MYR,1964-09,3.06122
MYR,1964-10,3.06122
MYR,1964-11,3.06122
MYR,1964-12,3.06122
MYR,1965-01,3.06122
MYR,1965-02,3.06122
MYR,1965-03,3.06122
MYR,1965-04,3.06122
MYR,1965-05,3.06122
MYR,1965-06,3.06122
MYR,1965-07,3.06122
MYR,1965-08,3.06122
MYR,1965-09,3.06122
MYR,1965-10,3.06122
MYR,1965-11,3.06122
MYR,1965-12,3.06122
MYR,1966-01,3.06122
MYR,1966-02,3.06122
MYR,1966-03,3.06122
MYR,1966-04,3.06122
MYR,1966-05,3.06122
MYR,1966-06,3.06122
MYR,1966-07,3.06122
MYR,1966-08,3.06122
MYR,1966-09,3.06122
MYR,1966-10,3.06122
MYR,1966-11,3.06122
MYR,1966-12,3.06122
MYR,1967-01,3.06122
MYR,1967-02,3.06122
MYR,1967-03,3.06122
MYR,1967-04,3.06122
MYR,1967-05,3.06122
MYR,1967-06,3.06122
MYR,1967-07,3.06122
MYR,1967-08,3.06122
MYR,1967-09,3.06122
MYR,1967-10,3.06122
MYR,1967-11,3.06122
MYR,1967-12,3.06122
MYR,1968-01,3.06122
MYR,1968-02,3.06122
MYR,1968-03,3.06122
MYR,1968-04,3.06122
MYR,1968-05,3.06122
MYR,1968-06,3.06122
MYR,1968-07,3.06122
MYR,1968-08,3.06122
MYR,1968-09,3.06122
MYR,1968-10,3.06122
MYR,1968-11,3.06122
MYR,1968-12,3.06122
MYR,1969-01,3.06122
MYR,1969-02,3.06122
MYR,1969-03,3.06122
MYR,1969-04,3.06122
MYR,1969-05,3.06122
MYR,1969-06,3.06122
MYR,1969-07,3.06122
MYR,1969-08,3.06122
MYR,1969-09,3.06122
MYR,1969-10,3.06122
MYR,1969-11,3.06122
MYR,1969-12,3.06122
MYR,1970-01,3.06122
MYR,1970-02,3.06122
MYR,1970-03,3.06122
MYR,1970-04,3.06122
MYR,1970-05,3.06122
MYR,1970-06,3.06122
MYR,1970-07,3.06122
MYR,1970-08,3.06122
MYR,1970-09,3.06122
MYR,1970-10,3.06122
MYR,1970-11,3.06122
MYR,1970-12,3.06122
MYR,1971-01,3.07548
MYR,1971-02,3.06605
MYR,1971-03,3.065948
MYR,1971-04,3.067105
MYR,1971-05,3.06354
MYR,1971-06,3.056277
MYR,1971-07,3.055005
MYR,1971-08,3.05465
MYR,1971-09,2.998242
MYR,1971-10,2.978605
MYR,1971-11,2.9738
MYR,1971-12,2.929862
MYR,1972-01,2.878829
MYR,1972-02,2.850615
MYR,1972-03,2.824239
MYR,1972-04,2.82149
MYR,1972-05,2.821268
MYR,1972-06,2.8189
MYR,1972-07,2.784185
MYR,1972-08,2.775787
MYR,1972-09,2.7693
MYR,1972-10,2.772955
MYR,1972-11,2.76821
MYR,1972-12,2.814575
MYR,1973-01,2.814927
MYR,1973-02,2.660224
MYR,1973-03,2.504965
MYR,1973-04,2.480986
MYR,1973-05,2.479341
MYR,1973-06,2.447876
MYR,1973-07,2.320014
MYR,1973-08,2.280274
MYR,1973-09,2.306221
MYR,1973-10,2.291586
MYR,1973-11,2.390825
MYR,1973-12,2.41527
MYR,1974-01,2.494277
MYR,1974-02,2.469811
MYR,1974-03,2.430438
MYR,1974-04,2.383332
MYR,1974-05,2.372291
MYR,1974-06,2.40471
MYR,1974-07,2.411373
MYR,1974-08,2.41455
MYR,1974-09,2.413
MYR,1974-10,2.406023
MYR,1974-11,2.321878
MYR,1974-12,2.35699
MYR,1975-01,2.306359
MYR,1975-02,2.265922
MYR,1975-03,2.243119
MYR,1975-04,2.283277
MYR,1975-05,2.258476
MYR,1975-06,2.280271
MYR,1975-07,2.414945
MYR,1975-08,2.513924
MYR,1975-09,2.550148
MYR,1975-10,2.568673
MYR,1975-11,2.568853
MYR,1975-12,2.586
MYR,1976-01,2.584233
MYR,1976-02,2.564344
MYR,1976-03,2.561022
MYR,1976-04,2.562014
MYR,1976-05,2.558895
MYR,1976-06,2.554432
MYR,1976-07,2.526562
MYR,1976-08,2.495264
MYR,1976-09,2.515514
MYR,1976-10,2.526865
MYR,1976-11,2.530837
MYR,1976-12,2.52847
MYR,1977-01,2.517776
MYR,1977-02,2.499356
MYR,1977-03,2.490522
MYR,1977-04,2.481071
MYR,1977-05,2.484186
MYR,1977-06,2.483241
MYR,1977-07,2.472689
MYR,1977-08,2.462743
MYR,1977-09,2.463048
MYR,1977-10,2.433895
MYR,1977-11,2.386121
MYR,1977-12,2.369614
MYR,1978-01,2.368005
MYR,1978-02,2.359922
MYR,1978-03,2.356935
MYR,1978-04,2.377855
MYR,1978-05,2.401427
MYR,1978-06,2.383027
MYR,1978-07,2.35594
MYR,1978-08,2.302539
MYR,1978-09,2.29352
MYR,1978-10,2.193029
MYR,1978-11,2.20208
MYR,1978-12,2.196685
MYR,1979-01,2.208482
MYR,1979-02,2.198383
MYR,1979-03,2.200705
MYR,1979-04,2.221119
MYR,1979-05,2.225477
MYR,1979-06,2.199238
MYR,1979-07,2.154214
MYR,1979-08,2.156891
MYR,1979-09,2.156
MYR,1979-10,2.170545
MYR,1979-11,2.190079
MYR,1979-12,2.1772
MYR,1980-01,2.180182
MYR,1980-02,2.178868
MYR,1980-03,2.224705
MYR,1980-04,2.2825
MYR,1980-05,2.188857
MYR,1980-06,2.144786
MYR,1980-07,2.143264
MYR,1980-08,2.151271
MYR,1980-09,2.121976
MYR,1980-10,2.132136
MYR,1980-11,2.165206
MYR,1980-12,2.202545
MYR,1981-01,2.222548
MYR,1981-02,2.262917
MYR,1981-03,2.281659
MYR,1981-04,2.315909
MYR,1981-05,2.3391
MYR,1981-06,2.340986
MYR,1981-07,2.351935
MYR,1981-08,2.374262
MYR,1981-09,2.351619
MYR,1981-10,2.298952
MYR,1981-11,2.25625
MYR,1981-12,2.24775
MYR,1982-01,2.257525
MYR,1982-02,2.310639
MYR,1982-03,2.326522
MYR,1982-04,2.339545
MYR,1982-05,2.290675
MYR,1982-06,2.339227
MYR,1982-07,2.355452
MYR,1982-08,2.352841
MYR,1982-09,2.361024
MYR,1982-10,2.368825
MYR,1982-11,2.364737
MYR,1982-12,2.352891
MYR,1983-01,2.282167
MYR,1983-02,2.275658
MYR,1983-03,2.289783
MYR,1983-04,2.306333
MYR,1983-05,2.300881
MYR,1983-06,2.324455
MYR,1983-07,2.331875
MYR,1983-08,2.352304
MYR,1983-09,2.350643
MYR,1983-10,2.345075
MYR,1983-11,2.345011
MYR,1983-12,2.340719
MYR,1984-01,2.341143
MYR,1984-02,2.336237
MYR,1984-03,2.293318
MYR,1984-04,2.290357
MYR,1984-05,2.302909
MYR,1984-06,2.310857
MYR,1984-07,2.3385
MYR,1984-08,2.333109
MYR,1984-09,2.352789
MYR,1984-10,2.407591
MYR,1984-11,2.402079
MYR,1984-12,2.4164
MYR,1985-01,2.480357
MYR,1985-02,2.551333
MYR,1985-03,2.573405
MYR,1985-04,2.492182
MYR,1985-05,2.475955
MYR,1985-06,2.46855
MYR,1985-07,2.469568
MYR,1985-08,2.464455
MYR,1985-09,2.484125
MYR,1985-10,2.452955
MYR,1985-11,2.434105
MYR,1985-12,2.429119
MYR,1986-01,2.448952
MYR,1986-02,2.470395
MYR,1986-03,2.536667
MYR,1986-04,2.598114
MYR,1986-05,2.59781
MYR,1986-06,2.623095
MYR,1986-07,2.6455
MYR,1986-08,2.612143
MYR,1986-09,2.617429
MYR,1986-10,2.624523
MYR,1986-11,2.613083
MYR,1986-12,2.596591
MYR,1987-01,2.57015
MYR,1987-02,2.541842
MYR,1987-03,2.523023
MYR,1987-04,2.485659
MYR,1987-05,2.47595
MYR,1987-06,2.507827
MYR,1987-07,2.541391
MYR,1987-08,2.536081
MYR,1987-09,2.518881
MYR,1987-10,2.530843
MYR,1987-11,2.498947
MYR,1987-12,2.494386
MYR,1988-01,2.540047
MYR,1988-02,2.581175
MYR,1988-03,2.568957
MYR,1988-04,2.574286
MYR,1988-05,2.584738
MYR,1988-06,2.586023
MYR,1988-07,2.626675
MYR,1988-08,2.652022
MYR,1988-09,2.664333
MYR,1988-10,2.6785
MYR,1988-11,2.6779
MYR,1988-12,2.693476
MYR,1989-01,2.72215
MYR,1989-02,2.730737
MYR,1989-03,2.753543
MYR,1989-04,2.721075
MYR,1989-05,2.69675
MYR,1989-06,2.708614
MYR,1989-07,2.680925
MYR,1989-08,2.682478
MYR,1989-09,2.698025
MYR,1989-10,2.694548
MYR,1989-11,2.702786
MYR,1989-12,2.703175
MYR,1990-01,2.704095
MYR,1990-02,2.703158
MYR,1990-03,2.716955
MYR,1990-04,2.726357
MYR,1990-05,2.702445
MYR,1990-06,2.710395
MYR,1990-07,2.705143
MYR,1990-08,2.695622
MYR,1990-09,2.695947
MYR,1990-10,2.699545
MYR,1990-11,2.6949
MYR,1990-12,2.70304
MYR,1991-01,2.713957
MYR,1991-02,2.696895
MYR,1991-03,2.741757
MYR,1991-04,2.749841
MYR,1991-05,2.757259
MYR,1991-06,2.781015
MYR,1991-07,2.786795
MYR,1991-08,2.780614
MYR,1991-09,2.75769
MYR,1991-10,2.746936
MYR,1991-11,2.741226
MYR,1991-12,2.741729
MYR,1992-01,2.689119
MYR,1992-02,2.601237
MYR,1992-03,2.577886
MYR,1992-04,2.552119
MYR,1992-05,2.522295
MYR,1992-06,2.518655
MYR,1992-07,2.499874
MYR,1992-08,2.497748
MYR,1992-09,2.502857
MYR,1992-10,2.504443
MYR,1992-11,2.522684
MYR,1992-12,2.571032
MYR,1993-01,2.598495
MYR,1993-02,2.629474
MYR,1993-03,2.605109
MYR,1993-04,2.577741
MYR,1993-05,2.566135
MYR,1993-06,2.569591
MYR,1993-07,2.56721
MYR,1993-08,2.551423
MYR,1993-09,2.547467
MYR,1993-10,2.547795
MYR,1993-11,2.55476
MYR,1993-12,2.573687
MYR,1994-01,2.71604
MYR,1994-02,2.762437
MYR,1994-03,2.717074
MYR,1994-04,2.688705
MYR,1994-05,2.616905
MYR,1994-06,2.59415
MYR,1994-07,2.594815
MYR,1994-08,2.56327
MYR,1994-09,2.557457
MYR,1994-10,2.558925
MYR,1994-11,2.560375
MYR,1994-12,2.5626
MYR,1995-01,2.555615
MYR,1995-02,2.552574
MYR,1995-03,2.546439
MYR,1995-04,2.47865
MYR,1995-05,2.468386
MYR,1995-06,2.439559
MYR,1995-07,2.44997
MYR,1995-08,2.481335
MYR,1995-09,2.5124
MYR,1995-10,2.5324
MYR,1995-11,2.538938
MYR,1995-12,2.539875
MYR,1996-01,2.55629
MYR,1996-02,2.548705
MYR,1996-03,2.541748
MYR,1996-04,2.511327
MYR,1996-05,2.493636
MYR,1996-06,2.496695
MYR,1996-07,2.491514
MYR,1996-08,2.493277
MYR,1996-09,2.50092
MYR,1996-10,2.507382
MYR,1996-11,2.5234
MYR,1996-12,2.525052
MYR,1997-01,2.489962
MYR,1997-02,2.486568
MYR,1997-03,2.477276
MYR,1997-04,2.502814
MYR,1997-05,2.507
MYR,1997-06,2.516676
MYR,1997-07,2.581495
MYR,1997-08,2.758857
MYR,1997-09,3.025429
MYR,1997-10,3.297227
MYR,1997-11,3.379111
MYR,1997-12,3.790705
MYR,1998-01,4.409305
MYR,1998-02,3.814842
MYR,1998-03,3.745568
MYR,1998-04,3.737614
MYR,1998-05,3.8204
MYR,1998-06,4.000586
MYR,1998-07,4.159078
MYR,1998-08,4.2036
MYR,1998-09,3.805024
MYR,1998-10,3.8
MYR,1998-11,3.8
MYR,1998-12,3.801368
MYR,1999-01,3.798647
MYR,1999-02,3.798891
MYR,1999-03,3.798871
MYR,1999-04,3.800307
MYR,1999-05,3.799833
MYR,1999-06,3.800325
MYR,1999-07,3.800626
MYR,1999-08,3.797824
MYR,1999-09,3.800121
MYR,1999-10,3.79947
MYR,1999-11,3.801478
MYR,1999-12,3.80161
MYR,2000-01,3.801121
MYR,2000-02,3.800104
MYR,2000-03,3.799353
MYR,2000-04,3.800367
MYR,2000-05,3.800261
MYR,2000-06,3.800954
MYR,2000-07,3.801243
MYR,2000-08,3.800987
MYR,2000-09,3.799717
MYR,2000-10,3.802255
MYR,2000-11,3.799272
MYR,2000-12,3.799585
MYR,2001-01,3.800789
MYR,2001-02,3.799901
MYR,2001-03,3.799173
MYR,2001-04,3.800368
MYR,2001-05,3.800909
MYR,2001-06,3.800944
MYR,2001-07,3.799719
MYR,2001-08,3.800413
MYR,2001-09,3.800717
MYR,2001-10,3.799969
MYR,2001-11,3.79968
MYR,2001-12,3.800424
MYR,2002-01,3.800373
MYR,2002-02,3.799911
MYR,2002-03,3.800042
MYR,2002-04,3.800228
MYR,2002-05,3.799825
MYR,2002-06,3.800816
MYR,2002-07,3.799945
MYR,2002-08,3.800283
MYR,2002-09,3.799517
MYR,2002-10,3.799606
MYR,2002-11,3.799655
MYR,2002-12,3.801318
MYR,2003-01,3.800104
MYR,2003-02,3.800362
MYR,2003-03,3.800484
MYR,2003-04,3.800403
MYR,2003-05,3.800278
MYR,2003-06,3.799381
MYR,2003-07,3.800082
MYR,2003-08,3.800332
MYR,2003-09,3.797873
MYR,2003-10,3.800453
MYR,2003-11,3.800313
MYR,2003-12,3.798742
MYR,2004-01,3.798672
MYR,2004-02,3.801981
MYR,2004-03,3.800339
MYR,2004-04,3.800295
MYR,2004-05,3.798831
MYR,2004-06,3.800112
MYR,2004-07,3.800371
MYR,2004-08,3.80041
MYR,2004-09,3.800276
MYR,2004-10,3.801584
MYR,2004-11,3.800484
MYR,2004-12,3.800852
MYR,2005-01,3.800622
MYR,2005-02,3.800269
MYR,2005-03,3.800324
MYR,2005-04,3.799923
MYR,2005-05,3.799983
MYR,2005-06,3.800602
MYR,2005-07,3.787464
MYR,2005-08,3.759729
MYR,2005-09,3.768676
MYR,2005-10,3.772933
MYR,2005-11,3.778675
MYR,2005-12,3.778278
MYR,2006-01,3.753253
MYR,2006-02,3.726374
MYR,2006-03,3.703372
MYR,2006-04,3.660615
MYR,2006-05,3.610681
MYR,2006-06,3.665258
MYR,2006-07,3.668366
MYR,2006-08,3.674717
MYR,2006-09,3.671182
MYR,2006-10,3.678553
MYR,2006-11,3.643098
MYR,2006-12,3.550282
MYR,2007-01,3.507723
MYR,2007-02,3.495893
MYR,2007-03,3.489979
MYR,2007-04,3.436632
MYR,2007-05,3.401676
MYR,2007-06,3.445836
MYR,2007-07,3.440224
MYR,2007-08,3.483795
MYR,2007-09,3.472506
MYR,2007-10,3.374264
MYR,2007-11,3.355964
MYR,2007-12,3.333957
MYR,2008-01,3.267513
MYR,2008-02,3.224089
MYR,2008-03,3.185148
MYR,2008-04,3.163113
MYR,2008-05,3.219151
MYR,2008-06,3.257702
MYR,2008-07,3.250442
MYR,2008-08,3.32908
MYR,2008-09,3.4423
MYR,2008-10,3.52144
MYR,2008-11,3.588078
MYR,2008-12,3.553929
MYR,2009-01,3.573103
MYR,2009-02,3.634693
MYR,2009-03,3.675304
MYR,2009-04,3.606081
MYR,2009-05,3.520777
MYR,2009-06,3.517777
MYR,2009-07,3.546672
MYR,2009-08,3.517404
MYR,2009-09,3.493112
MYR,2009-10,3.403571
MYR,2009-11,3.389624
MYR,2009-12,3.412229
MYR,2010-01,3.375408
MYR,2010-02,3.415467
MYR,2010-03,3.322578
MYR,2010-04,3.202724
MYR,2010-05,3.253567
MYR,2010-06,3.264656
MYR,2010-07,3.204796
MYR,2010-08,3.152838
MYR,2010-09,3.105063
MYR,2010-10,3.100628
MYR,2010-11,3.118132
MYR,2010-12,3.124991
MYR,2011-01,3.061184
MYR,2011-02,3.043538
MYR,2011-03,3.034723
MYR,2011-04,3.012488
MYR,2011-05,3.016193
MYR,2011-06,3.029321
MYR,2011-07,2.994763
MYR,2011-08,2.985612
MYR,2011-09,3.084576
MYR,2011-10,3.135168
MYR,2011-11,3.154377
MYR,2011-12,3.15976
MYR,2012-01,3.111653
MYR,2012-02,3.023193
MYR,2012-03,3.047424
MYR,2012-04,3.060228
MYR,2012-05,3.104047
MYR,2012-06,3.180252
MYR,2012-07,3.166807
MYR,2012-08,3.116427
MYR,2012-09,3.080548
MYR,2012-10,3.056034
MYR,2012-11,3.058274
MYR,2012-12,3.054642
MYR,2013-01,3.041156
MYR,2013-02,3.099219
MYR,2013-03,3.109372
MYR,2013-04,3.046756
MYR,2013-05,3.019645
MYR,2013-06,3.145739
MYR,2013-07,3.191467
MYR,2013-08,3.278119
MYR,2013-09,3.252609
MYR,2013-10,3.174526
MYR,2013-11,3.199859
MYR,2013-12,3.248507
MYR,2014-01,3.306747
MYR,2014-02,3.308985
MYR,2014-03,3.281666
MYR,2014-04,3.257161
MYR,2014-05,3.22861
MYR,2014-06,3.219462
MYR,2014-07,3.183328
MYR,2014-08,3.177274
MYR,2014-09,3.218749
MYR,2014-10,3.269706
MYR,2014-11,3.347237
MYR,2014-12,3.479291
MYR,2015-01,3.584231
MYR,2015-02,3.596873
MYR,2015-03,3.680966
MYR,2015-04,3.629513
MYR,2015-05,3.605002
MYR,2015-06,3.740998
MYR,2015-07,3.803729
MYR,2015-08,4.064607
MYR,2015-09,4.303348
MYR,2015-10,4.256716
MYR,2015-11,4.315102
MYR,2015-12,4.285323
MYR,2016-01,4.342897
MYR,2016-02,4.184109
MYR,2016-03,4.070045
MYR,2016-04,3.900795
MYR,2016-05,4.045661
MYR,2016-06,4.075335
MYR,2016-07,4.017946
MYR,2016-08,4.026261
MYR,2016-09,4.112328
MYR,2016-10,4.175685
MYR,2016-11,4.33965
MYR,2016-12,4.459465
MYR,2017-01,4.458064
MYR,2017-02,4.442866
MYR,2017-03,4.437613
MYR,2017-04,4.404426
MYR,2017-05,4.315264
MYR,2017-06,4.27848
MYR,2017-07,4.290613
MYR,2017-08,4.28396
MYR,2017-09,4.212627
MYR,2017-10,4.229041
MYR,2017-11,4.166549
MYR,2017-12,4.075471
MYR,2018-01,3.95556
MYR,2018-02,3.913207
MYR,2018-03,3.903566
MYR,2018-04,3.888385
MYR,2018-05,3.969843
MYR,2018-06,4.000436
MYR,2018-07,4.050007
MYR,2018-08,4.093609
MYR,2018-09,4.139862
MYR,2018-10,4.158965
MYR,2018-11,4.18312
MYR,2018-12,4.168859
MYR,2019-01,4.117049
MYR,2019-02,4.076397
MYR,2019-03,4.077929
MYR,2019-04,4.1143
MYR,2019-05,4.172261
MYR,2019-06,4.158957
MYR,2019-07,4.123402
MYR,2019-08,4.188175
MYR,2019-09,4.185421
MYR,2019-10,4.187577
MYR,2019-11,4.156857
MYR,2019-12,4.147562
MYR,2020-01,4.079003
MYR,2020-02,4.162584
MYR,2020-03,4.299159
MYR,2020-04,4.355318
MYR,2020-05,4.341507
MYR,2020-06,4.275424
MYR,2020-07,4.264026
MYR,2020-08,4.185477
MYR,2020-09,4.149725
MYR,2020-10,4.152027
MYR,2020-11,4.111809
MYR,2020-12,4.056244
MYR,2021-01,4.038734
MYR,2021-02,4.045674
MYR,2021-03,4.110374
MYR,2021-04,4.120415
MYR,2021-05,4.128224
MYR,2021-06,4.134572
MYR,2021-07,4.202454
MYR,2021-08,4.21861
MYR,2021-09,4.167705
MYR,2021-10,4.163899
MYR,2021-11,4.178865
MYR,2021-12,4.210906
MYR,2022-01,4.189757
MYR,2022-02,4.187372
MYR,2022-03,4.199719
MYR,2022-04,4.271769
MYR,2022-05,4.380946
MYR,2022-06,4.40073
MYR,2022-07,4.440392
MYR,2022-08,4.466128
MYR,2022-09,4.54491
MYR,2022-10,4.694445
MYR,2022-11,4.609436
MYR,2022-12,4.412306
MYR,2023-01,4.326784
MYR,2023-02,4.367828
MYR,2023-03,4.466693
MYR,2023-04,4.427576
MYR,2023-05,4.520434
MYR,2023-06,4.63159
MYR,2023-07,4.590215
MYR,2023-08,4.61062
MYR,2023-09,4.682362
MYR,2023-10,4.747077
MYR,2023-11,4.68807
MYR,2023-12,4.661791
MYR,2024-01,4.686432
MYR,2024-02,4.767885
MYR,2024-03,4.715982
MYR,2024-04,4.767077
MYR,2024-05,4.714278
MYR,2024-06,4.71053
MYR,2024-07,4.678803
MYR,2024-08,4.414268
MYR,2024-09,4.263065
MYR,2024-10,4.299945
MYR,2024-11,4.43507
MYR,2024-12,4.459456
MYR,2025-01,4.465488
MYR,2025-02,4.442869
MYR,2025-03,4.435013
MYR,2025-04,4.415716
MYR,2025-05,4.264257
MYR,2025-06,4.241762
MYR,2025-07,4.23597
MYR,2025-08,4.227054
MYR,2025-09,4.212088
MYR,2025-10,4.215481
MYR,2025-11,4.154087
MYR,2025-12,4.092745
MYR,2026-01,4.026802
MYR,2026-02,3.912432
MYR,2026-03,3.952833
MYR,2026-04,3.970991
MYR,2026-05,3.951074
MYR,2026-06,4.069271
MYR,2026-07,4.082735
MYR,2026-08,4.065023
SGD,1957-01,3.06122
SGD,1957-02,3.06122
SGD,1957-03,3.06122
SGD,1957-04,3.06122
SGD,1957-05,3.06122
SGD,1957-06,3.06122
SGD,1957-07,3.06122
SGD,1957-08,3.06122
SGD,1957-09,3.06122
SGD,1957-10,3.06122
SGD,1957-11,3.06122
SGD,1957-12,3.06122
SGD,1958-01,3.06122
SGD,1958-02,3.06122
SGD,1958-03,3.06122
SGD,1958-04,3.06122
SGD,1958-05,3.06122
SGD,1958-06,3.06122
SGD,1958-07,3.06122
SGD,1958-08,3.06122
SGD,1958-09,3.06122
SGD,1958-10,3.06122
SGD,1958-11,3.06122
SGD,1958-12,3.06122
SGD,1959-01,3.06122
SGD,1959-02,3.06122
SGD,1959-03,3.06122
SGD,1959-04,3.06122
SGD,1959-05,3.06122
SGD,1959-06,3.06122
SGD,1959-07,3.06122
SGD,1959-08,3.06122
SGD,1959-09,3.06122
SGD,1959-10,3.06122
SGD,1959-11,3.06122
SGD,1959-12,3.06122
SGD,1960-01,3.06122
SGD,1960-02,3.06122
SGD,1960-03,3.06122
SGD,1960-04,3.06122
SGD,1960-05,3.06122
SGD,1960-06,3.06122
SGD,1960-07,3.06122
SGD,1960-08,3.06122
SGD,1960-09,3.06122
SGD,1960-10,3.06122
SGD,1960-11,3.06122
SGD,1960-12,3.06122
SGD,1961-01,3.06122
SGD,1961-02,3.06122
SGD,1961-03,3.06122
SGD,1961-04,3.06122
SGD,1961-05,3.06122
SGD,1961-06,3.06122
SGD,1961-07,3.06122
SGD,1961-08,3.06122
SGD,1961-09,3.06122
SGD,1961-10,3.06122
SGD,1961-11,3.06122
SGD,1961-12,3.06122
SGD,1962-01,3.06122
SGD,1962-02,3.06122
SGD,1962-03,3.06122
SGD,1962-04,3.06122
SGD,1962-05,3.06122
SGD,1962-06,3.06122
SGD,1962-07,3.06122
SGD,1962-08,3.06122
SGD,1962-09,3.06122
SGD,1962-10,3.06122
SGD,1962-11,3.06122
SGD,1962-12,3.06122
SGD,1963-01,3.06122
SGD,1963-02,3.06122
SGD,1963-03,3.06122
SGD,1963-04,3.06122
SGD,1963-05,3.06122
SGD,1963-06,3.06122
SGD,1963-07,3.06122
SGD,1963-08,3.06122
SGD,1963-09,3.06122
SGD,1963-10,3.06122
SGD,1963-11,3.06122
SGD,1963-12,3.06122
SGD,1964-01,3.06122
SGD,1964-02,3.06122
SGD,1964-03,3.06122
SGD,1964-04,3.06122
SGD,1964-05,3.06122
SGD,1964-06,3.06122
SGD,1964-07,3.06122
SGD,1964-08,3.06122
SGD,1964-09,3.06122
SGD,1964-10,3.06122
SGD,1964-11,3.06122
SGD,1964-12,3.06122
SGD,1965-01,3.06122
SGD,1965-02,3.06122
SGD,1965-03,3.06122
SGD,1965-04,3.06122
SGD,1965-05,3.06122
SGD,1965-06,3.06122
SGD,1965-07,3.06122
SGD,1965-08,3.06122
SGD,1965-09,3.06122
SGD,1965-10,3.06122
SGD,1965-11,3.06122
SGD,1965-12,3.06122
SGD,1966-01,3.06122
SGD,1966-02,3.06122
SGD,1966-03,3.06122
SGD,1966-04,3.06122
SGD,1966-05,3.06122
SGD,1966-06,3.06122
SGD,1966-07,3.06122
SGD,1966-08,3.06122
SGD,1966-09,3.06122
SGD,1966-10,3.06122
SGD,1966-11,3.06122
SGD,1966-12,3.06122
SGD,1967-01,3.06122
SGD,1967-02,3.06122
SGD,1967-03,3.06122
SGD,1967-04,3.06122
SGD,1967-05,3.06122
SGD,1967-06,3.06122
SGD,1967-07,3.06122
SGD,1967-08,3.06122
SGD,1967-09,3.06122
SGD,1967-10,3.06122
SGD,1967-11,3.06122
SGD,1967-12,3.06122
SGD,1968-01,3.06122
SGD,1968-02,3.06122
SGD,1968-03,3.06122
SGD,1968-04,3.06122
SGD,1968-05,3.06122
SGD,1968-06,3.06122
SGD,1968-07,3.06122
SGD,1968-08,3.06122
SGD,1968-09,3.06122
SGD,1968-10,3.06122
SGD,1968-11,3.06122
SGD,1968-12,3.06122
SGD,1969-01,3.06122
SGD,1969-02,3.06122
SGD,1969-03,3.06122
SGD,1969-04,3.06122
SGD,1969-05,3.06122
SGD,1969-06,3.06122
SGD,1969-07,3.06122
SGD,1969-08,3.06122
SGD,1969-09,3.06122
SGD,1969-10,3.06122
SGD,1969-11,3.06122
SGD,1969-12,3.06122
SGD,1970-01,3.06122
SGD,1970-02,3.06122
SGD,1970-03,3.06122
SGD,1970-04,3.06122
SGD,1970-05,3.06122
SGD,1970-06,3.06122
SGD,1970-07,3.06122
SGD,1970-08,3.06122
SGD,1970-09,3.06122
SGD,1970-10,3.06122
SGD,1970-11,3.06122
SGD,1970-12,3.06122
SGD,1971-01,3.06122
SGD,1971-02,3.06122
SGD,1971-03,3.06122
SGD,1971-04,3.06122
SGD,1971-05,3.06122
SGD,1971-06,3.06122
SGD,1971-07,3.06122
SGD,1971-08,3.06122
SGD,1971-09,3.06122
SGD,1971-10,3.06122
SGD,1971-11,3.06122
SGD,1971-12,2.935
SGD,1972-01,2.88
SGD,1972-02,2.855
SGD,1972-03,2.84
SGD,1972-04,2.83
SGD,1972-05,2.83
SGD,1972-06,2.82
SGD,1972-07,2.8
SGD,1972-08,2.785
SGD,1972-09,2.775
SGD,1972-10,2.77
SGD,1972-11,2.77
SGD,1972-12,2.795
SGD,1973-01,2.805
SGD,1973-02,2.665
SGD,1973-03,2.515
SGD,1973-04,2.49
SGD,1973-05,2.49
SGD,1973-06,2.3592
SGD,1973-07,2.3003
SGD,1973-08,2.3116
SGD,1973-09,2.3396
SGD,1973-10,2.3287
SGD,1973-11,2.4382
SGD,1973-12,2.4458
SGD,1974-01,2.5149
SGD,1974-02,2.4765
SGD,1974-03,2.4606
SGD,1974-04,2.4222
SGD,1974-05,2.4063
SGD,1974-06,2.4406
SGD,1974-07,2.4612
SGD,1974-08,2.4794
SGD,1974-09,2.4698
SGD,1974-10,2.4166
SGD,1974-11,2.3315
SGD,1974-12,2.3628
SGD,1975-01,2.3077
SGD,1975-02,2.2634
SGD,1975-03,2.2435
SGD,1975-04,2.284
SGD,1975-05,2.2564
SGD,1975-06,2.2768
SGD,1975-07,2.4039
SGD,1975-08,2.476
SGD,1975-09,2.4943
SGD,1975-10,2.4784
SGD,1975-11,2.4767
SGD,1975-12,2.4945
SGD,1976-01,2.485
SGD,1976-02,2.4817
SGD,1976-03,2.4871
SGD,1976-04,2.482
SGD,1976-05,2.4753
SGD,1976-06,2.4734
SGD,1976-07,2.4733
SGD,1976-08,2.4624
SGD,1976-09,2.4606
SGD,1976-10,2.4556
SGD,1976-11,2.4553
SGD,1976-12,2.4584
SGD,1977-01,2.4584
SGD,1977-02,2.4585
SGD,1977-03,2.4614
SGD,1977-04,2.4637
SGD,1977-05,2.4636
SGD,1977-06,2.4643
SGD,1977-07,2.4557
SGD,1977-08,2.447
SGD,1977-09,2.4455
SGD,1977-10,2.4192
SGD,1977-11,2.3833
SGD,1977-12,2.3522
SGD,1978-01,2.3358
SGD,1978-02,2.3233
SGD,1978-03,2.3094
SGD,1978-04,2.3219
SGD,1978-05,2.3369
SGD,1978-06,2.3258
SGD,1978-07,2.2984
SGD,1978-08,2.2503
SGD,1978-09,2.2448
SGD,1978-10,2.174
SGD,1978-11,2.1904
SGD,1978-12,2.1773
SGD,1979-01,2.1678
SGD,1979-02,2.1717
SGD,1979-03,2.1762
SGD,1979-04,2.202
SGD,1979-05,2.2064
SGD,1979-06,2.1925
SGD,1979-07,2.1544
SGD,1979-08,2.1552
SGD,1979-09,2.151
SGD,1979-10,2.1609
SGD,1979-11,2.186
SGD,1979-12,2.1706
SGD,1980-01,2.1539
SGD,1980-02,2.1565
SGD,1980-03,2.2129
SGD,1980-04,2.2401
SGD,1980-05,2.1594
SGD,1980-06,2.123
SGD,1980-07,2.1143
SGD,1980-08,2.1325
SGD,1980-09,2.114
SGD,1980-10,2.0895
SGD,1980-11,2.0935
SGD,1980-12,2.1049
SGD,1981-01,2.08119
SGD,1981-02,2.086917
SGD,1981-03,2.09875
SGD,1981-04,2.110477
SGD,1981-05,2.149075
SGD,1981-06,2.143932
SGD,1981-07,2.157935
SGD,1981-08,2.169857
SGD,1981-09,2.14419
SGD,1981-10,2.097738
SGD,1981-11,2.060972
SGD,1981-12,2.053045
SGD,1982-01,2.060725
SGD,1982-02,2.109528
SGD,1982-03,2.121348
SGD,1982-04,2.132864
SGD,1982-05,2.0886
SGD,1982-06,2.137864
SGD,1982-07,2.146405
SGD,1982-08,2.159386
SGD,1982-09,2.167119
SGD,1982-10,2.198425
SGD,1982-11,2.212289
SGD,1982-12,2.152217
SGD,1983-01,2.076762
SGD,1983-02,2.075763
SGD,1983-03,2.08537
SGD,1983-04,2.101024
SGD,1983-05,2.092024
SGD,1983-06,2.119818
SGD,1983-07,2.1294
SGD,1983-08,2.14163
SGD,1983-09,2.141667
SGD,1983-10,2.135025
SGD,1983-11,2.133411
SGD,1983-12,2.131738
SGD,1984-01,2.130857
SGD,1984-02,2.127974
SGD,1984-03,2.089318
SGD,1984-04,2.08531
SGD,1984-05,2.100636
SGD,1984-06,2.112157
SGD,1984-07,2.147262
SGD,1984-08,2.14723
SGD,1984-09,2.163553
SGD,1984-10,2.166705
SGD,1984-11,2.155421
SGD,1984-12,2.173175
SGD,1985-01,2.201071
SGD,1985-02,2.255694
SGD,1985-03,2.258167
SGD,1985-04,2.219909
SGD,1985-05,2.222795
SGD,1985-06,2.229125
SGD,1985-07,2.210864
SGD,1985-08,2.219136
SGD,1985-09,2.226825
SGD,1985-10,2.13875
SGD,1985-11,2.108421
SGD,1985-12,2.12131
SGD,1986-01,2.128857
SGD,1986-02,2.140111
SGD,1986-03,2.164929
SGD,1986-04,2.188023
SGD,1986-05,2.21569
SGD,1986-06,2.223167
SGD,1986-07,2.186068
SGD,1986-08,2.160119
SGD,1986-09,2.168024
SGD,1986-10,2.177659
SGD,1986-11,2.192222
SGD,1986-12,2.189977
SGD,1987-01,2.15105
SGD,1987-02,2.140974
SGD,1987-03,2.141795
SGD,1987-04,2.1345
SGD,1987-05,2.120245
SGD,1987-06,2.1176
SGD,1987-07,2.118309
SGD,1987-08,2.108252
SGD,1987-09,2.092443
SGD,1987-10,2.089143
SGD,1987-11,2.044363
SGD,1987-12,2.012664
SGD,1988-01,2.026116
SGD,1988-02,2.01855
SGD,1988-03,2.013348
SGD,1988-04,2.004452
SGD,1988-05,2.010857
SGD,1988-06,2.028532
SGD,1988-07,2.045915
SGD,1988-08,2.041726
SGD,1988-09,2.040929
SGD,1988-10,2.020225
SGD,1988-11,1.961625
SGD,1988-12,1.944214
SGD,1989-01,1.9404
SGD,1989-02,1.928474
SGD,1989-03,1.940739
SGD,1989-04,1.949725
SGD,1989-05,1.957477
SGD,1989-06,1.957227
SGD,1989-07,1.958875
SGD,1989-08,1.96037
SGD,1989-09,1.97695
SGD,1989-10,1.962167
SGD,1989-11,1.95881
SGD,1989-12,1.918275
SGD,1990-01,1.887262
SGD,1990-02,1.864105
SGD,1990-03,1.877705
SGD,1990-04,1.87831
SGD,1990-05,1.858882
SGD,1990-06,1.847114
SGD,1990-07,1.819324
SGD,1990-08,1.790522
SGD,1990-09,1.767121
SGD,1990-10,1.725705
SGD,1990-11,1.709975
SGD,1990-12,1.727475
SGD,1991-01,1.745452
SGD,1991-02,1.717974
SGD,1991-03,1.758938
SGD,1991-04,1.768841
SGD,1991-05,1.768795
SGD,1991-06,1.7782
SGD,1991-07,1.755464
SGD,1991-08,1.7269
SGD,1991-09,1.700225
SGD,1991-10,1.694014
SGD,1991-11,1.670863
SGD,1991-12,1.64531
SGD,1992-01,1.633748
SGD,1992-02,1.636095
SGD,1992-03,1.660127
SGD,1992-04,1.656714
SGD,1992-05,1.640825
SGD,1992-06,1.624009
SGD,1992-07,1.614226
SGD,1992-08,1.607662
SGD,1992-09,1.598767
SGD,1992-10,1.608057
SGD,1992-11,1.633789
SGD,1992-12,1.639659
SGD,1993-01,1.652695
SGD,1993-02,1.646342
SGD,1993-03,1.644557
SGD,1993-04,1.622791
SGD,1993-05,1.613605
SGD,1993-06,1.617509
SGD,1993-07,1.620562
SGD,1993-08,1.609968
SGD,1993-09,1.597186
SGD,1993-10,1.573515
SGD,1993-11,1.595015
SGD,1993-12,1.597543
SGD,1994-01,1.6037
SGD,1994-02,1.587295
SGD,1994-03,1.581948
SGD,1994-04,1.562762
SGD,1994-05,1.546405
SGD,1994-06,1.530973
SGD,1994-07,1.513705
SGD,1994-08,1.504465
SGD,1994-09,1.488486
SGD,1994-10,1.47608
SGD,1994-11,1.46823
SGD,1994-12,1.46571
SGD,1995-01,1.45315
SGD,1995-02,1.454147
SGD,1995-03,1.421643
SGD,1995-04,1.398595
SGD,1995-05,1.394695
SGD,1995-06,1.395295
SGD,1995-07,1.39838
SGD,1995-08,1.411604
SGD,1995-09,1.433085
SGD,1995-10,1.423124
SGD,1995-11,1.4128
SGD,1995-12,1.41483
SGD,1996-01,1.421124
SGD,1996-02,1.411545
SGD,1996-03,1.409533
SGD,1996-04,1.40845
SGD,1996-05,1.40735
SGD,1996-06,1.409025
SGD,1996-07,1.416023
SGD,1996-08,1.412364
SGD,1996-09,1.408585
SGD,1996-10,1.412445
SGD,1996-11,1.402547
SGD,1996-12,1.399943
SGD,1997-01,1.406062
SGD,1997-02,1.419347
SGD,1997-03,1.43781
SGD,1997-04,1.4417
SGD,1997-05,1.436771
SGD,1997-06,1.4271
SGD,1997-07,1.452082
SGD,1997-08,1.497714
SGD,1997-09,1.516357
SGD,1997-10,1.559745
SGD,1997-11,1.581972
SGD,1997-12,1.651841
SGD,1998-01,1.747725
SGD,1998-02,1.650868
SGD,1998-03,1.61875
SGD,1998-04,1.600673
SGD,1998-05,1.6374
SGD,1998-06,1.694127
SGD,1998-07,1.708522
SGD,1998-08,1.7571
SGD,1998-09,1.722629
SGD,1998-10,1.637843
SGD,1998-11,1.637763
SGD,1998-12,1.651473
SGD,1999-01,1.679592
SGD,1999-02,1.699984
SGD,1999-03,1.728667
SGD,1999-04,1.713609
SGD,1999-05,1.71271
SGD,1999-06,1.710884
SGD,1999-07,1.696326
SGD,1999-08,1.67738
SGD,1999-09,1.696221
SGD,1999-10,1.675059
SGD,1999-11,1.670391
SGD,1999-12,1.675368
SGD,2000-01,1.6746
SGD,2000-02,1.702122
SGD,2000-03,1.714983
SGD,2000-04,1.710194
SGD,2000-05,1.729077
SGD,2000-06,1.728528
SGD,2000-07,1.741006
SGD,2000-08,1.721488
SGD,2000-09,1.739201
SGD,2000-10,1.751982
SGD,2000-11,1.748117
SGD,2000-12,1.736436
SGD,2001-01,1.737483
SGD,2001-02,1.743142
SGD,2001-03,1.772028
SGD,2001-04,1.81221
SGD,2001-05,1.813664
SGD,2001-06,1.816379
SGD,2001-07,1.82327
SGD,2001-08,1.760982
SGD,2001-09,1.748381
SGD,2001-10,1.810204
SGD,2001-11,1.829818
SGD,2001-12,1.836538
SGD,2002-01,1.839329
SGD,2002-02,1.831565
SGD,2002-03,1.828689
SGD,2002-04,1.827859
SGD,2002-05,1.800089
SGD,2002-06,1.782512
SGD,2002-07,1.753375
SGD,2002-08,1.75552
SGD,2002-09,1.766015
SGD,2002-10,1.784858
SGD,2002-11,1.764241
SGD,2002-12,1.753986
SGD,2003-01,1.735432
SGD,2003-02,1.745384
SGD,2003-03,1.754126
SGD,2003-04,1.777513
SGD,2003-05,1.73343
SGD,2003-06,1.734939
SGD,2003-07,1.754853
SGD,2003-08,1.753408
SGD,2003-09,1.746033
SGD,2003-10,1.734713
SGD,2003-11,1.729128
SGD,2003-12,1.71068
SGD,2004-01,1.697873
SGD,2004-02,1.686191
SGD,2004-03,1.699457
SGD,2004-04,1.684899
SGD,2004-05,1.710833
SGD,2004-06,1.712896
SGD,2004-07,1.711769
SGD,2004-08,1.7154
SGD,2004-09,1.695789
SGD,2004-10,1.677269
SGD,2004-11,1.65091
SGD,2004-12,1.641034
SGD,2005-01,1.638863
SGD,2005-02,1.638836
SGD,2005-03,1.630487
SGD,2005-04,1.65211
SGD,2005-05,1.651427
SGD,2005-06,1.672243
SGD,2005-07,1.682959
SGD,2005-08,1.662746
SGD,2005-09,1.681094
SGD,2005-10,1.691809
SGD,2005-11,1.698459
SGD,2005-12,1.674716
SGD,2006-01,1.632791
SGD,2006-02,1.629054
SGD,2006-03,1.621166
SGD,2006-04,1.600835
SGD,2006-05,1.576659
SGD,2006-06,1.591269
SGD,2006-07,1.58344
SGD,2006-08,1.575607
SGD,2006-09,1.57937
SGD,2006-10,1.578428
SGD,2006-11,1.556485
SGD,2006-12,1.540502
SGD,2007-01,1.537323
SGD,2007-02,1.533488
SGD,2007-03,1.524446
SGD,2007-04,1.514953
SGD,2007-05,1.523261
SGD,2007-06,1.536598
SGD,2007-07,1.515725
SGD,2007-08,1.522852
SGD,2007-09,1.51196
SGD,2007-10,1.465429
SGD,2007-11,1.446664
SGD,2007-12,1.448736
SGD,2008-01,1.431056
SGD,2008-02,1.410978
SGD,2008-03,1.384051
SGD,2008-04,1.36467
SGD,2008-05,1.366571
SGD,2008-06,1.368147
SGD,2008-07,1.359482
SGD,2008-08,1.404243
SGD,2008-09,1.430133
SGD,2008-10,1.476892
SGD,2008-11,1.50674
SGD,2008-12,1.480381
SGD,2009-01,1.491504
SGD,2009-02,1.518394
SGD,2009-03,1.529158
SGD,2009-04,1.502839
SGD,2009-05,1.460884
SGD,2009-06,1.452447
SGD,2009-07,1.449595
SGD,2009-08,1.442199
SGD,2009-09,1.423019
SGD,2009-10,1.398088
SGD,2009-11,1.388682
SGD,2009-12,1.395566
SGD,2010-01,1.396463
SGD,2010-02,1.412108
SGD,2010-03,1.399622
SGD,2010-04,1.380392
SGD,2010-05,1.393157
SGD,2010-06,1.399213
SGD,2010-07,1.37748
SGD,2010-08,1.355832
SGD,2010-09,1.334791
SGD,2010-10,1.303521
SGD,2010-11,1.298787
SGD,2010-12,1.305791
SGD,2011-01,1.287046
SGD,2011-02,1.276396
SGD,2011-03,1.268491
SGD,2011-04,1.248195
SGD,2011-05,1.238033
SGD,2011-06,1.234555
SGD,2011-07,1.217004
SGD,2011-08,1.208989
SGD,2011-09,1.251797
SGD,2011-10,1.276609
SGD,2011-11,1.28934
SGD,2011-12,1.295304
SGD,2012-01,1.27951
SGD,2012-02,1.254166
SGD,2012-03,1.259341
SGD,2012-04,1.250524
SGD,2012-05,1.263211
SGD,2012-06,1.278618
SGD,2012-07,1.260853
SGD,2012-08,1.248386
SGD,2012-09,1.231973
SGD,2012-10,1.223918
SGD,2012-11,1.223551
SGD,2012-12,1.22027
SGD,2013-01,1.228575
SGD,2013-02,1.238557
SGD,2013-03,1.246898
SGD,2013-04,1.237568
SGD,2013-05,1.249452
SGD,2013-06,1.259683
SGD,2013-07,1.268735
SGD,2013-08,1.27285
SGD,2013-09,1.263207
SGD,2013-10,1.243567
SGD,2013-11,1.247555
SGD,2013-12,1.258345
SGD,2014-01,1.273102
SGD,2014-02,1.266274
SGD,2014-03,1.266971
SGD,2014-04,1.255771
SGD,2014-05,1.251731
SGD,2014-06,1.251277
SGD,2014-07,1.242675
SGD,2014-08,1.248287
SGD,2014-09,1.263123
SGD,2014-10,1.274738
SGD,2014-11,1.296741
SGD,2014-12,1.314843
SGD,2015-01,1.337772
SGD,2015-02,1.355261
SGD,2015-03,1.376229
SGD,2015-04,1.348962
SGD,2015-05,1.334851
SGD,2015-06,1.345871
SGD,2015-07,1.361619
SGD,2015-08,1.397955
SGD,2015-09,1.415108
SGD,2015-10,1.400238
SGD,2015-11,1.414063
SGD,2015-12,1.408567
SGD,2016-01,1.432881
SGD,2016-02,1.406022
SGD,2016-03,1.373882
SGD,2016-04,1.350028
SGD,2016-05,1.369907
SGD,2016-06,1.354132
SGD,2016-07,1.35057
SGD,2016-08,1.347336
SGD,2016-09,1.359294
SGD,2016-10,1.383768
SGD,2016-11,1.410819
SGD,2016-12,1.435868
SGD,2017-01,1.429719
SGD,2017-02,1.414562
SGD,2017-03,1.405156
SGD,2017-04,1.398519
SGD,2017-05,1.394935
SGD,2017-06,1.383967
SGD,2017-07,1.371827
SGD,2017-08,1.36107
SGD,2017-09,1.349972
SGD,2017-10,1.360322
SGD,2017-11,1.35558
SGD,2017-12,1.346563
SGD,2018-01,1.32167
SGD,2018-02,1.319646
SGD,2018-03,1.315016
SGD,2018-04,1.316038
SGD,2018-05,1.339278
SGD,2018-06,1.347633
SGD,2018-07,1.363313
SGD,2018-08,1.368733
SGD,2018-09,1.371175
SGD,2018-10,1.379612
SGD,2018-11,1.374972
SGD,2018-12,1.369916
SGD,2019-01,1.356496
SGD,2019-02,1.353612
SGD,2019-03,1.354264
SGD,2019-04,1.356011
SGD,2019-05,1.37157
SGD,2019-06,1.362784
SGD,2019-07,1.361009
SGD,2019-08,1.384873
SGD,2019-09,1.379812
SGD,2019-10,1.370803
SGD,2019-11,1.361643
SGD,2019-12,1.357057
SGD,2020-01,1.351606
SGD,2020-02,1.38995
SGD,2020-03,1.416921
SGD,2020-04,1.42461
SGD,2020-05,1.418175
SGD,2020-06,1.393758
SGD,2020-07,1.387689
SGD,2020-08,1.369253
SGD,2020-09,1.365661
SGD,2020-10,1.359513
SGD,2020-11,1.34692
SGD,2020-12,1.332716
SGD,2021-01,1.326109
SGD,2021-02,1.327557
SGD,2021-03,1.342559
SGD,2021-04,1.333623
SGD,2021-05,1.3299
SGD,2021-06,1.333363
SGD,2021-07,1.35503
SGD,2021-08,1.354719
SGD,2021-09,1.34786
SGD,2021-10,1.350929
SGD,2021-11,1.356941
SGD,2021-12,1.362686
SGD,2022-01,1.350985
SGD,2022-02,1.34671
SGD,2022-03,1.358747
SGD,2022-04,1.365845
SGD,2022-05,1.382205
SGD,2022-06,1.384141
SGD,2022-07,1.396159
SGD,2022-08,1.383883
SGD,2022-09,1.413683
SGD,2022-10,1.425218
SGD,2022-11,1.386812
SGD,2022-12,1.351689
SGD,2023-01,1.326437
SGD,2023-02,1.33114
SGD,2023-03,1.340876
SGD,2023-04,1.331971
SGD,2023-05,1.339449
SGD,2023-06,1.346547
SGD,2023-07,1.334285
SGD,2023-08,1.350804
SGD,2023-09,1.363071
SGD,2023-10,1.369211
SGD,2023-11,1.34866
SGD,2023-12,1.332971
SGD,2024-01,1.335969
SGD,2024-02,1.344502
SGD,2024-03,1.340409
SGD,2024-04,1.356666
SGD,2024-05,1.350863
SGD,2024-06,1.352082
SGD,2024-07,1.346569
SGD,2024-08,1.315747
SGD,2024-09,1.296311
SGD,2024-10,1.309923
SGD,2024-11,1.336478
SGD,2024-12,1.349842
SGD,2025-01,1.361126
SGD,2025-02,1.34673
SGD,2025-03,1.336312
SGD,2025-04,1.324709
SGD,2025-05,1.293614
SGD,2025-06,1.283615
SGD,2025-07,1.281214
SGD,2025-08,1.285655
SGD,2025-09,1.284975
SGD,2025-10,1.296089
SGD,2025-11,1.30255
SGD,2025-12,1.291328
SGD,2026-01,1.280218
SGD,2026-02,1.266875
SGD,2026-03,1.279615
SGD,2026-04,1.275618
SGD,2026-05,1.27565
SGD,2026-06,1.287903
SGD,2026-07,1.291556
SGD,2026-08,1.276283
THB,1957-01,20.660104
THB,1957-02,20.660104
THB,1957-03,20.680104
THB,1957-04,20.750105
THB,1957-05,20.760105
THB,1957-06,20.760105
THB,1957-07,20.760105
THB,1957-08,20.740105
THB,1957-09,20.770105
THB,1957-10,20.800105
THB,1957-11,20.790105
THB,1957-12,20.870105
THB,1958-01,20.890105
THB,1958-02,20.840105
THB,1958-03,20.850105
THB,1958-04,20.970106
THB,1958-05,21.000106
THB,1958-06,20.940106
THB,1958-07,20.980106
THB,1958-08,21.040106
THB,1958-09,21.090106
THB,1958-10,21.100106
THB,1958-11,21.100106
THB,1958-12,21.100106
THB,1959-01,21.100106
THB,1959-02,21.110107
THB,1959-03,21.140107
THB,1959-04,21.200107
THB,1959-05,21.180107
THB,1959-06,21.180107
THB,1959-07,21.180107
THB,1959-08,21.190107
THB,1959-09,21.190107
THB,1959-10,21.190107
THB,1959-11,21.190107
THB,1959-12,21.190107
THB,1960-01,21.190107
THB,1960-02,21.190107
THB,1960-03,21.190107
THB,1960-04,21.190107
THB,1960-05,21.190107
THB,1960-06,21.190107
THB,1960-07,21.190107
THB,1960-08,21.190107
THB,1960-09,21.190107
THB,1960-10,21.190107
THB,1960-11,21.140107
THB,1960-12,21.140107
THB,1961-01,21.100106
THB,1961-02,21.090106
THB,1961-03,21.090106
THB,1961-04,21.090106
THB,1961-05,21.070106
THB,1961-06,21.040106
THB,1961-07,21.040106
THB,1961-08,21.040106
THB,1961-09,21.040106
THB,1961-10,21.040106
THB,1961-11,21.040106
THB,1961-12,21.020106
THB,1962-01,20.990106
THB,1962-02,20.980106
THB,1962-03,20.940106
THB,1962-04,20.930106
THB,1962-05,20.840105
THB,1962-06,20.840105
THB,1962-07,20.840105
THB,1962-08,20.840105
THB,1962-09,20.840105
THB,1962-10,20.840105
THB,1962-11,20.840105
THB,1962-12,20.840105
THB,1963-01,20.840105
THB,1963-02,20.840105
THB,1963-03,20.840105
THB,1963-04,20.840105
THB,1963-05,20.840105
THB,1963-06,20.840105
THB,1963-07,20.840105
THB,1963-08,20.840105
THB,1963-09,20.840105
THB,1963-10,20.8
THB,1963-11,20.8
THB,1963-12,20.8
THB,1964-01,20.8
THB,1964-02,20.8
THB,1964-03,20.8
THB,1964-04,20.8
THB,1964-05,20.8
THB,1964-06,20.8
THB,1964-07,20.8
THB,1964-08,20.8
THB,1964-09,20.8
THB,1964-10,20.8
THB,1964-11,20.8
THB,1964-12,20.8
THB,1965-01,20.8
THB,1965-02,20.8
THB,1965-03,20.8
THB,1965-04,20.8
THB,1965-05,20.8
THB,1965-06,20.8
THB,1965-07,20.8
THB,1965-08,20.8
THB,1965-09,20.8
THB,1965-10,20.8
THB,1965-11,20.8
THB,1965-12,20.8
THB,1966-01,20.8
THB,1966-02,20.8
THB,1966-03,20.8
THB,1966-04,20.8
THB,1966-05,20.8
THB,1966-06,20.8
THB,1966-07,20.8
THB,1966-08,20.8
THB,1966-09,20.8
THB,1966-10,20.8
THB,1966-11,20.8
THB,1966-12,20.8
THB,1967-01,20.8
THB,1967-02,20.8
THB,1967-03,20.8
THB,1967-04,20.8
THB,1967-05,20.8
THB,1967-06,20.8
THB,1967-07,20.8
THB,1967-08,20.8
THB,1967-09,20.8
THB,1967-10,20.8
THB,1967-11,20.8
THB,1967-12,20.8
THB,1968-01,20.8
THB,1968-02,20.8
THB,1968-03,20.8
THB,1968-04,20.8
THB,1968-05,20.8
THB,1968-06,20.8
THB,1968-07,20.8
THB,1968-08,20.8
THB,1968-09,20.8
THB,1968-10,20.8
THB,1968-11,20.8
THB,1968-12,20.8
THB,1969-01,20.8
THB,1969-02,20.8
THB,1969-03,20.8
THB,1969-04,20.8
THB,1969-05,20.8
THB,1969-06,20.8
THB,1969-07,20.8
THB,1969-08,20.8
THB,1969-09,20.8
THB,1969-10,20.8
THB,1969-11,20.8
THB,1969-12,20.8
THB,1970-01,20.8
THB,1970-02,20.8
THB,1970-03,20.8
THB,1970-04,20.8
THB,1970-05,20.8
THB,1970-06,20.8
THB,1970-07,20.8
THB,1970-08,20.8
THB,1970-09,20.8
THB,1970-10,20.8
THB,1970-11,20.8
THB,1970-12,20.8
THB,1971-01,20.8
THB,1971-02,20.8
THB,1971-03,20.8
THB,1971-04,20.8
THB,1971-05,20.8
THB,1971-06,20.8
THB,1971-07,20.8
THB,1971-08,20.8
THB,1971-09,20.8
THB,1971-10,20.8
THB,1971-11,20.8
THB,1971-12,20.8
THB,1972-01,20.800029
THB,1972-02,20.800029
THB,1972-03,20.800029
THB,1972-04,20.800029
THB,1972-05,20.800029
THB,1972-06,20.800029
THB,1972-07,20.800029
THB,1972-08,20.800029
THB,1972-09,20.800029
THB,1972-10,20.800029
THB,1972-11,20.800029
THB,1972-12,20.800029
THB,1973-01,20.800029
THB,1973-02,20.8
THB,1973-03,20.800017
THB,1973-04,20.928106
THB,1973-05,20.928106
THB,1973-06,20.928106
THB,1973-07,20.375103
THB,1973-08,20.375103
THB,1973-09,20.375103
THB,1973-10,20.375103
THB,1973-11,20.375103
THB,1973-12,20.375103
THB,1974-01,20.375103
THB,1974-02,20.375103
THB,1974-03,20.375103
THB,1974-04,20.375103
THB,1974-05,20.375103
THB,1974-06,20.375103
THB,1974-07,20.375103
THB,1974-08,20.375103
THB,1974-09,20.375103
THB,1974-10,20.375103
THB,1974-11,20.375103
THB,1974-12,20.375103
THB,1975-01,20.375103
THB,1975-02,20.375103
THB,1975-03,20.375103
THB,1975-04,20.375103
THB,1975-05,20.375103
THB,1975-06,20.375103
THB,1975-07,20.375103
THB,1975-08,20.375103
THB,1975-09,20.375103
THB,1975-10,20.375103
THB,1975-11,20.400103
THB,1975-12,20.400103
THB,1976-01,20.400103
THB,1976-02,20.400103
THB,1976-03,20.400103
THB,1976-04,20.400103
THB,1976-05,20.400103
THB,1976-06,20.400103
THB,1976-07,20.400103
THB,1976-08,20.400103
THB,1976-09,20.400103
THB,1976-10,20.400103
THB,1976-11,20.400103
THB,1976-12,20.400103
THB,1977-01,20.400103
THB,1977-02,20.400103
THB,1977-03,20.400103
THB,1977-04,20.400103
THB,1977-05,20.400103
THB,1977-06,20.400103
THB,1977-07,20.400103
THB,1977-08,20.400103
THB,1977-09,20.400103
THB,1977-10,20.400103
THB,1977-11,20.400103
THB,1977-12,20.400103
THB,1978-01,20.400103
THB,1978-02,20.400103
THB,1978-03,20.400103
THB,1978-04,20.400103
THB,1978-05,20.400103
THB,1978-06,20.400103
THB,1978-07,20.400103
THB,1978-08,20.236102
THB,1978-09,20.200102
THB,1978-10,20.200102
THB,1978-11,20.227102
THB,1978-12,20.369103
THB,1979-01,20.398103
THB,1979-02,20.407103
THB,1979-03,20.422103
THB,1979-04,20.423103
THB,1979-05,20.419103
THB,1979-06,20.418103
THB,1979-07,20.424103
THB,1979-08,20.424103
THB,1979-09,20.423103
THB,1979-10,20.419103
THB,1979-11,20.425103
THB,1979-12,20.424103
THB,1980-01,20.422103
THB,1980-02,20.423103
THB,1980-03,20.425103
THB,1980-04,20.425103
THB,1980-05,20.412103
THB,1980-06,20.410103
THB,1980-07,20.451103
THB,1980-08,20.488103
THB,1980-09,20.497103
THB,1980-10,20.553104
THB,1980-11,20.589104
THB,1980-12,20.620104
THB,1981-01,20.6611
THB,1981-02,20.658733
THB,1981-03,20.549073
THB,1981-04,20.722727
THB,1981-05,20.875
THB,1981-06,20.986364
THB,1981-07,22.146522
THB,1981-08,23.05
THB,1981-09,23.05
THB,1981-10,23.05
THB,1981-11,23.05
THB,1981-12,23.05
THB,1982-01,23.05
THB,1982-02,23.05
THB,1982-03,23.05
THB,1982-04,23.025
THB,1982-05,23
THB,1982-06,23
THB,1982-07,23
THB,1982-08,23
THB,1982-09,23
THB,1982-10,23
THB,1982-11,23
THB,1982-12,23
THB,1983-01,23
THB,1983-02,22.999474
THB,1983-03,22.99087
THB,1983-04,22.99
THB,1983-05,22.988095
THB,1983-06,22.99
THB,1983-07,22.99
THB,1983-08,22.99
THB,1983-09,22.99
THB,1983-10,22.99
THB,1983-11,22.99
THB,1983-12,22.992381
THB,1984-01,23.005714
THB,1984-02,23
THB,1984-03,23.003636
THB,1984-04,23.01
THB,1984-05,23.01
THB,1984-06,23.010476
THB,1984-07,23.02
THB,1984-08,23.018261
THB,1984-09,23.012632
THB,1984-10,23.02
THB,1984-11,26.73625
THB,1984-12,27.091
THB,1985-01,27.33
THB,1985-02,27.960556
THB,1985-03,28.096667
THB,1985-04,27.46619
THB,1985-05,27.553889
THB,1985-06,27.433333
THB,1985-07,27.053333
THB,1985-08,26.889524
THB,1985-09,27.0505
THB,1985-10,26.569048
THB,1985-11,26.315263
THB,1985-12,26.715238
THB,1986-01,26.675714
THB,1986-02,26.491579
THB,1986-03,26.417619
THB,1986-04,26.428636
THB,1986-05,26.327143
THB,1986-06,26.400476
THB,1986-07,26.203636
THB,1986-08,26.092857
THB,1986-09,26.12
THB,1986-10,26.129091
THB,1986-11,26.277778
THB,1986-12,26.239545
THB,1987-01,25.9875
THB,1987-02,25.933158
THB,1987-03,25.881364
THB,1987-04,25.690476
THB,1987-05,25.6295
THB,1987-06,25.779545
THB,1987-07,26.041304
THB,1987-08,25.925714
THB,1987-09,25.765238
THB,1987-10,25.783333
THB,1987-11,25.495263
THB,1987-12,25.249474
THB,1988-01,25.235263
THB,1988-02,25.324444
THB,1988-03,25.231739
THB,1988-04,25.171
THB,1988-05,25.17
THB,1988-06,25.280455
THB,1988-07,25.523
THB,1988-08,25.56
THB,1988-09,25.548571
THB,1988-10,25.365
THB,1988-11,25.14561
THB,1988-12,25.146111
THB,1989-01,25.322
THB,1989-02,25.386316
THB,1989-03,25.485652
THB,1989-04,25.524
THB,1989-05,25.757143
THB,1989-06,25.908636
THB,1989-07,25.821
THB,1989-08,25.868696
THB,1989-09,26.012105
THB,1989-10,25.868095
THB,1989-11,25.877143
THB,1989-12,25.7775
THB,1990-01,25.744737
THB,1990-02,25.732632
THB,1990-03,25.925455
THB,1990-04,26.024211
THB,1990-05,25.927857
THB,1990-06,25.875714
THB,1990-07,25.705789
THB,1990-08,25.57913
THB,1990-09,25.376316
THB,1990-10,25.129762
THB,1990-11,25.078
THB,1990-12,25.2075
THB,1991-01,25.2435
THB,1991-02,25.141176
THB,1991-03,25.446842
THB,1991-04,25.578421
THB,1991-05,25.645263
THB,1991-06,25.7655
THB,1991-07,25.745238
THB,1991-08,25.7195
THB,1991-09,25.617222
THB,1991-10,25.555263
THB,1991-11,25.496667
THB,1991-12,25.430909
THB,1992-01,25.328095
THB,1992-02,25.4625
THB,1992-03,25.636842
THB,1992-04,25.6435
THB,1992-05,25.549737
THB,1992-06,25.399545
THB,1992-07,25.293182
THB,1992-08,25.265
THB,1992-09,25.20881
THB,1992-10,25.25325
THB,1992-11,25.461579
THB,1992-12,25.4875
THB,1993-01,25.523421
THB,1993-02,25.507632
THB,1993-03,25.425217
THB,1993-04,25.251389
THB,1993-05,25.234167
THB,1993-06,25.21375
THB,1993-07,25.33119
THB,1993-08,25.190952
THB,1993-09,25.195595
THB,1993-10,25.26925
THB,1993-11,25.38225
THB,1993-12,25.459565
THB,1994-01,25.543125
THB,1994-02,25.381737
THB,1994-03,25.324783
THB,1994-04,25.2675
THB,1994-05,25.212143
THB,1994-06,25.136818
THB,1994-07,24.977
THB,1994-08,25.021304
THB,1994-09,24.96825
THB,1994-10,25.001
THB,1994-11,24.9915
THB,1994-12,25.108762
THB,1995-01,25.133
THB,1995-02,25.019474
THB,1995-03,24.760435
THB,1995-04,24.57225
THB,1995-05,24.662727
THB,1995-06,24.671818
THB,1995-07,24.7545
THB,1995-08,24.960435
THB,1995-09,25.12875
THB,1995-10,25.115238
THB,1995-11,25.16619
THB,1995-12,25.164
THB,1996-01,25.298095
THB,1996-02,25.2495
THB,1996-03,25.250476
THB,1996-04,25.29
THB,1996-05,25.289091
THB,1996-06,25.354
THB,1996-07,25.355
THB,1996-08,25.289091
THB,1996-09,25.407
THB,1996-10,25.474091
THB,1996-11,25.458947
THB,1996-12,25.6
THB,1997-01,25.725714
THB,1997-02,25.956842
THB,1997-03,25.958571
THB,1997-04,26.064091
THB,1997-05,25.750476
THB,1997-06,24.534286
THB,1997-07,30.274091
THB,1997-08,32.398571
THB,1997-09,35.255714
THB,1997-10,37.543182
THB,1997-11,39.091667
THB,1997-12,44.309091
THB,1998-01,52.9825
THB,1998-02,45.986842
THB,1998-03,41.365909
THB,1998-04,39.653636
THB,1998-05,39.198
THB,1998-06,42.331818
THB,1998-07,41.299565
THB,1998-08,41.72
THB,1998-09,40.402381
THB,1998-10,38.118095
THB,1998-11,36.526842
THB,1998-12,36.275909
THB,1999-01,36.611859
THB,1999-02,37.069594
THB,1999-03,37.475808
THB,1999-04,37.625171
THB,1999-05,37.003647
THB,1999-06,36.915919
THB,1999-07,37.10596
THB,1999-08,38.001115
THB,1999-09,39.972343
THB,1999-10,39.425888
THB,1999-11,38.750165
THB,1999-12,38.229774
THB,2000-01,37.350448
THB,2000-02,37.756753
THB,2000-03,37.896641
THB,2000-04,37.983407
THB,2000-05,38.959274
THB,2000-06,39.079307
THB,2000-07,40.266092
THB,2000-08,40.886772
THB,2000-09,41.905361
THB,2000-10,43.291143
THB,2000-11,43.728228
THB,2000-12,43.260572
THB,2001-01,43.157379
THB,2001-02,42.640535
THB,2001-03,43.945416
THB,2001-04,45.492651
THB,2001-05,45.513498
THB,2001-06,45.274061
THB,2001-07,45.605165
THB,2001-08,44.895132
THB,2001-09,44.33453
THB,2001-10,44.733891
THB,2001-11,44.393197
THB,2001-12,43.921586
THB,2002-01,44.026486
THB,2002-02,43.822161
THB,2002-03,43.381086
THB,2002-04,43.419784
THB,2002-05,42.780074
THB,2002-06,42.148951
THB,2002-07,41.251802
THB,2002-08,42.183013
THB,2002-09,42.827701
THB,2002-10,43.632381
THB,2002-11,43.313054
THB,2002-12,43.329199
THB,2003-01,42.765777
THB,2003-02,42.888943
THB,2003-03,42.776361
THB,2003-04,42.929932
THB,2003-05,42.165273
THB,2003-06,41.655085
THB,2003-07,41.78414
THB,2003-08,41.663409
THB,2003-09,40.483206
THB,2003-10,39.740458
THB,2003-11,39.918448
THB,2003-12,39.716042
THB,2004-01,39.091168
THB,2004-02,39.101333
THB,2004-03,39.451562
THB,2004-04,39.44859
THB,2004-05,40.516182
THB,2004-06,40.808077
THB,2004-07,40.942737
THB,2004-08,41.514704
THB,2004-09,41.471838
THB,2004-10,41.312378
THB,2004-11,40.307997
THB,2004-12,39.215513
THB,2005-01,38.761824
THB,2005-02,38.48
THB,2005-03,38.567553
THB,2005-04,39.546838
THB,2005-05,39.83591
THB,2005-06,40.933447
THB,2005-07,41.703174
THB,2005-08,41.167288
THB,2005-09,41.044158
THB,2005-10,40.911788
THB,2005-11,41.126539
THB,2005-12,41.103249
THB,2006-01,39.634392
THB,2006-02,39.380654
THB,2006-03,38.965761
THB,2006-04,37.99371
THB,2006-05,38.006736
THB,2006-06,38.373683
THB,2006-07,37.99933
THB,2006-08,37.617058
THB,2006-09,37.43067
THB,2006-10,37.323211
THB,2006-11,36.52701
THB,2006-12,35.741857
THB,2007-01,35.271273
THB,2007-02,33.987545
THB,2007-03,32.716051
THB,2007-04,32.560688
THB,2007-05,32.940393
THB,2007-06,32.411856
THB,2007-07,30.530824
THB,2007-08,31.819423
THB,2007-09,32.07678
THB,2007-10,31.556919
THB,2007-11,31.410345
THB,2007-12,30.30378
THB,2008-01,30.411498
THB,2008-02,31.254071
THB,2008-03,31.46216
THB,2008-04,31.588106
THB,2008-05,32.102791
THB,2008-06,33.207765
THB,2008-07,33.495317
THB,2008-08,33.857787
THB,2008-09,34.287401
THB,2008-10,34.442222
THB,2008-11,35.089813
THB,2008-12,35.045721
THB,2009-01,34.911682
THB,2009-02,35.322121
THB,2009-03,35.770805
THB,2009-04,35.436927
THB,2009-05,34.611831
THB,2009-06,34.134147
THB,2009-07,34.050694
THB,2009-08,34.022675
THB,2009-09,33.81632
THB,2009-10,33.411647
THB,2009-11,33.279823
THB,2009-12,33.219907
THB,2010-01,33.036335
THB,2010-02,33.143803
THB,2010-03,32.509688
THB,2010-04,32.28403
THB,2010-05,32.402927
THB,2010-06,32.46633
THB,2010-07,32.321287
THB,2010-08,31.744314
THB,2010-09,30.817655
THB,2010-10,29.959184
THB,2010-11,29.889007
THB,2010-12,30.109431
THB,2011-01,30.556582
THB,2011-02,30.711226
THB,2011-03,30.364287
THB,2011-04,30.076806
THB,2011-05,30.2477
THB,2011-06,30.52804
THB,2011-07,30.109418
THB,2011-08,29.892052
THB,2011-09,30.436426
THB,2011-10,30.862828
THB,2011-11,30.962715
THB,2011-12,31.188843
THB,2012-01,31.554837
THB,2012-02,30.714302
THB,2012-03,30.722774
THB,2012-04,30.876436
THB,2012-05,31.342662
THB,2012-06,31.646264
THB,2012-07,31.634313
THB,2012-08,31.431295
THB,2012-09,30.99384
THB,2012-10,30.684518
THB,2012-11,30.707766
THB,2012-12,30.632027
THB,2013-01,30.047955
THB,2013-02,29.821937
THB,2013-03,29.515601
THB,2013-04,29.063309
THB,2013-05,29.786123
THB,2013-06,30.832274
THB,2013-07,31.126862
THB,2013-08,31.610194
THB,2013-09,31.704039
THB,2013-10,31.206377
THB,2013-11,31.642019
THB,2013-12,32.343635
THB,2014-01,32.932593
THB,2014-02,32.630768
THB,2014-03,32.38573
THB,2014-04,32.330879
THB,2014-05,32.542215
THB,2014-06,32.514078
THB,2014-07,32.10596
THB,2014-08,32.024104
THB,2014-09,32.196199
THB,2014-10,32.462762
THB,2014-11,32.799419
THB,2014-12,32.89504
THB,2015-01,32.744084
THB,2015-02,32.56722
THB,2015-03,32.625487
THB,2015-04,32.535328
THB,2015-05,33.552597
THB,2015-06,33.726155
THB,2015-07,34.341952
THB,2015-08,35.426692
THB,2015-09,36.02745
THB,2015-10,35.685982
THB,2015-11,35.798156
THB,2015-12,36.002918
THB,2016-01,36.14184
THB,2016-02,35.615903
THB,2016-03,35.218325
THB,2016-04,35.08174
THB,2016-05,35.422834
THB,2016-06,35.287754
THB,2016-07,35.048834
THB,2016-08,34.710296
THB,2016-09,34.725388
THB,2016-10,35.068687
THB,2016-11,35.337054
THB,2016-12,35.789088
THB,2017-01,35.46784
THB,2017-02,35.00831
THB,2017-03,34.87477
THB,2017-04,34.475182
THB,2017-05,34.460943
THB,2017-06,34.000804
THB,2017-07,33.739341
THB,2017-08,33.258319
THB,2017-09,33.150529
THB,2017-10,33.233998
THB,2017-11,32.906177
THB,2017-12,32.644751
THB,2018-01,31.901343
THB,2018-02,31.494448
THB,2018-03,31.274496
THB,2018-04,31.3227
THB,2018-05,31.985952
THB,2018-06,32.481638
THB,2018-07,33.283188
THB,2018-08,33.031264
THB,2018-09,32.605685
THB,2018-10,32.787828
THB,2018-11,32.964208
THB,2018-12,32.710925
THB,2019-01,31.812373
THB,2019-02,31.302547
THB,2019-03,31.735311
THB,2019-04,31.856181
THB,2019-05,31.803184
THB,2019-06,31.115504
THB,2019-07,30.798216
THB,2019-08,30.754369
THB,2019-09,30.57018
THB,2019-10,30.363247
THB,2019-11,30.243686
THB,2019-12,30.199511
THB,2020-01,30.463755
THB,2020-02,31.328713
THB,2020-03,32.095682
THB,2020-04,32.632618
THB,2020-05,32.062482
THB,2020-06,31.167275
THB,2020-07,31.414644
THB,2020-08,31.20627
THB,2020-09,31.374799
THB,2020-10,31.248496
THB,2020-11,30.446672
THB,2020-12,30.082975
THB,2021-01,30.012458
THB,2021-02,30.01095
THB,2021-03,30.78793
THB,2021-04,31.347629
THB,2021-05,31.279059
THB,2021-06,31.440847
THB,2021-07,32.640018
THB,2021-08,33.092937
THB,2021-09,33.067945
THB,2021-10,33.455183
THB,2021-11,33.093675
THB,2021-12,33.555844
THB,2022-01,33.238098
THB,2022-02,32.634954
THB,2022-03,33.259572
THB,2022-04,33.796304
THB,2022-05,34.403281
THB,2022-06,34.953753
THB,2022-07,36.379669
THB,2022-08,35.848864
THB,2022-09,37.035271
THB,2022-10,37.948508
THB,2022-11,36.371691
THB,2022-12,34.770434
THB,2023-01,33.285955
THB,2023-02,34.057674
THB,2023-03,34.480682
THB,2023-04,34.235704
THB,2023-05,34.202341
THB,2023-06,34.91772
THB,2023-07,34.586652
THB,2023-08,35.013468
THB,2023-09,35.852397
THB,2023-10,36.49645
THB,2023-11,35.465225
THB,2023-12,35.017593
THB,2024-01,35.214576
THB,2024-02,35.860019
THB,2024-03,35.944987
THB,2024-04,36.778598
THB,2024-05,36.632012
THB,2024-06,36.706423
THB,2024-07,36.263678
THB,2024-08,34.751126
THB,2024-09,33.328834
THB,2024-10,33.393439
THB,2024-11,34.430952
THB,2024-12,34.158952
THB,2025-01,34.23549
THB,2025-02,33.795239
THB,2025-03,33.796075
THB,2025-04,33.789501
THB,2025-05,32.93585
THB,2025-06,32.618798
THB,2025-07,32.442901
THB,2025-08,32.460212
THB,2025-09,32.00528
THB,2025-10,32.575157
THB,2025-11,32.383314
THB,2025-12,31.609535
THB,2026-01,31.295845
THB,2026-02,31.25883
THB,2026-03,32.271126
THB,2026-04,32.277166
THB,2026-05,32.511636
THB,2026-06,32.884899
THB,2026-07,33.509696
THB,2026-08,33.011599
