currency,period,value
AUD,1957-01,0.892857
AUD,1957-02,0.892857
AUD,1957-03,0.892857
AUD,1957-04,0.892857
AUD,1957-05,0.892857
AUD,1957-06,0.892857
AUD,1957-07,0.892857
AUD,1957-08,0.892857
AUD,1957-09,0.892857
AUD,1957-10,0.892857
AUD,1957-11,0.892857
AUD,1957-12,0.892857
AUD,1958-01,0.892857
AUD,1958-02,0.892857
AUD,1958-03,0.892857
AUD,1958-04,0.892857
AUD,1958-05,0.892857
AUD,1958-06,0.892857
AUD,1958-07,0.892857
AUD,1958-08,0.892857
AUD,1958-09,0.892857
AUD,1958-10,0.892857
AUD,1958-11,0.892857
AUD,1958-12,0.892857
AUD,1959-01,0.892857
AUD,1959-02,0.892857
AUD,1959-03,0.892857
AUD,1959-04,0.892857
AUD,1959-05,0.892857
AUD,1959-06,0.892857
AUD,1959-07,0.892857
AUD,1959-08,0.892857
AUD,1959-09,0.892857
AUD,1959-10,0.892857
AUD,1959-11,0.892857
AUD,1959-12,0.892857
AUD,1960-01,0.892857
AUD,1960-02,0.892857
AUD,1960-03,0.892857
AUD,1960-04,0.892857
AUD,1960-05,0.892857
AUD,1960-06,0.892857
AUD,1960-07,0.892857
AUD,1960-08,0.892857
AUD,1960-09,0.892857
AUD,1960-10,0.892857
AUD,1960-11,0.892857
AUD,1960-12,0.892857
AUD,1961-01,0.892857
AUD,1961-02,0.892857
AUD,1961-03,0.892857
AUD,1961-04,0.892857
AUD,1961-05,0.892857
AUD,1961-06,0.892857
AUD,1961-07,0.892857
AUD,1961-08,0.892857
AUD,1961-09,0.892857
AUD,1961-10,0.890076
AUD,1961-11,0.890076
AUD,1961-12,0.892459
AUD,1962-01,0.890869
AUD,1962-02,0.890076
AUD,1962-03,0.890076
AUD,1962-04,0.890869
AUD,1962-05,0.891663
AUD,1962-06,0.892061
AUD,1962-07,0.893256
AUD,1962-08,0.894055
AUD,1962-09,0.894454
AUD,1962-10,0.894454
AUD,1962-11,0.893655
AUD,1962-12,0.894055
AUD,1963-01,0.893655
AUD,1963-02,0.894055
AUD,1963-03,0.894454
AUD,1963-04,0.894855
AUD,1963-05,0.894855
AUD,1963-06,0.894454
AUD,1963-07,0.894855
AUD,1963-08,0.895255
AUD,1963-09,0.896459
AUD,1963-10,0.895255
AUD,1963-11,0.895656
AUD,1963-12,0.896057
AUD,1964-01,0.895255
AUD,1964-02,0.895255
AUD,1964-03,0.895255
AUD,1964-04,0.894855
AUD,1964-05,0.895255
AUD,1964-06,0.897666
AUD,1964-07,0.898473
AUD,1964-08,0.90009
AUD,1964-09,0.90009
AUD,1964-10,0.899685
AUD,1964-11,0.897666
AUD,1964-12,0.897666
AUD,1965-01,0.897263
AUD,1965-02,0.896057
AUD,1965-03,0.897263
AUD,1965-04,0.894855
AUD,1965-05,0.897263
AUD,1965-06,0.897666
AUD,1965-07,0.897263
AUD,1965-08,0.897666
AUD,1965-09,0.894454
AUD,1965-10,0.893655
AUD,1965-11,0.893655
AUD,1965-12,0.894055
AUD,1966-01,0.893655
AUD,1966-02,0.894454
AUD,1966-03,0.896861
AUD,1966-04,0.896861
AUD,1966-05,0.897666
AUD,1966-06,0.897666
AUD,1966-07,0.897666
AUD,1966-08,0.898473
AUD,1966-09,0.897666
AUD,1966-10,0.897666
AUD,1966-11,0.898473
AUD,1966-12,0.897666
AUD,1967-01,0.896861
AUD,1967-02,0.896861
AUD,1967-03,0.896057
AUD,1967-04,0.895255
AUD,1967-05,0.896861
AUD,1967-06,0.897666
AUD,1967-07,0.899281
AUD,1967-08,0.899281
AUD,1967-09,0.90009
AUD,1967-10,0.90009
AUD,1967-11,0.887311
AUD,1967-12,0.892061
AUD,1968-01,0.890472
AUD,1968-02,0.892857
AUD,1968-03,0.895255
AUD,1968-04,0.896057
AUD,1968-05,0.900901
AUD,1968-06,0.900901
AUD,1968-07,0.896861
AUD,1968-08,0.900901
AUD,1968-09,0.898473
AUD,1968-10,0.898473
AUD,1968-11,0.90009
AUD,1968-12,0.900901
AUD,1969-01,0.898473
AUD,1969-02,0.897666
AUD,1969-03,0.897666
AUD,1969-04,0.899281
AUD,1969-05,0.898473
AUD,1969-06,0.898473
AUD,1969-07,0.897666
AUD,1969-08,0.901713
AUD,1969-09,0.901713
AUD,1969-10,0.896057
AUD,1969-11,0.896057
AUD,1969-12,0.894454
AUD,1970-01,0.894454
AUD,1970-02,0.892061
AUD,1970-03,0.892061
AUD,1970-04,0.892061
AUD,1970-05,0.893655
AUD,1970-06,0.896057
AUD,1970-07,0.898473
AUD,1970-08,0.900901
AUD,1970-09,0.899281
AUD,1970-10,0.898473
AUD,1970-11,0.898473
AUD,1970-12,0.896861
AUD,1971-01,0.889996
AUD,1971-02,0.890472
AUD,1971-03,0.890155
AUD,1971-04,0.889284
AUD,1971-05,0.889838
AUD,1971-06,0.889205
AUD,1971-07,0.889601
AUD,1971-08,0.876732
AUD,1971-09,0.865876
AUD,1971-10,0.863558
AUD,1971-11,0.862738
AUD,1971-12,0.841255
AUD,1972-01,0.839631
AUD,1972-02,0.839631
AUD,1972-03,0.839631
AUD,1972-04,0.839631
AUD,1972-05,0.839631
AUD,1972-06,0.839631
AUD,1972-07,0.839631
AUD,1972-08,0.839631
AUD,1972-09,0.839631
AUD,1972-10,0.839631
AUD,1972-11,0.839631
AUD,1972-12,0.785423
AUD,1973-01,0.786782
AUD,1973-02,0.70922
AUD,1973-03,0.706714
AUD,1973-04,0.706714
AUD,1973-05,0.706714
AUD,1973-06,0.706464
AUD,1973-07,0.704225
AUD,1973-08,0.706215
AUD,1973-09,0.675676
AUD,1973-10,0.675676
AUD,1973-11,0.674764
AUD,1973-12,0.674536
AUD,1974-01,0.673401
AUD,1974-02,0.672269
AUD,1974-03,0.673401
AUD,1974-04,0.673401
AUD,1974-05,0.674536
AUD,1974-06,0.673401
AUD,1974-07,0.674536
AUD,1974-08,0.675676
AUD,1974-09,0.763359
AUD,1974-10,0.764526
AUD,1974-11,0.761035
AUD,1974-12,0.755002
AUD,1975-01,0.748503
AUD,1975-02,0.733138
AUD,1975-03,0.740192
AUD,1975-04,0.747105
AUD,1975-05,0.74599
AUD,1975-06,0.755572
AUD,1975-07,0.769231
AUD,1975-08,0.783085
AUD,1975-09,0.797766
AUD,1975-10,0.788333
AUD,1975-11,0.795545
AUD,1975-12,0.79713
AUD,1976-01,0.795988
AUD,1976-02,0.794913
AUD,1976-03,0.802504
AUD,1976-04,0.808734
AUD,1976-05,0.814996
AUD,1976-06,0.810964
AUD,1976-07,0.806127
AUD,1976-08,0.804052
AUD,1976-09,0.809848
AUD,1976-10,0.814332
AUD,1976-11,0.990197
AUD,1976-12,0.918274
AUD,1977-01,0.920132
AUD,1977-02,0.912409
AUD,1977-03,0.906783
AUD,1977-04,0.906618
AUD,1977-05,0.906618
AUD,1977-06,0.896861
AUD,1977-07,0.891424
AUD,1977-08,0.905797
AUD,1977-09,0.901713
AUD,1977-10,0.886918
AUD,1977-11,0.888099
AUD,1977-12,0.878735
AUD,1978-01,0.878735
AUD,1978-02,0.879894
AUD,1978-03,0.875964
AUD,1978-04,0.883236
AUD,1978-05,0.884486
AUD,1978-06,0.87146
AUD,1978-07,0.864006
AUD,1978-08,0.869565
AUD,1978-09,0.865801
AUD,1978-10,0.84674
AUD,1978-11,0.881446
AUD,1978-12,0.869565
AUD,1979-01,0.882145
AUD,1979-02,0.886525
AUD,1979-03,0.894214
AUD,1979-04,0.907029
AUD,1979-05,0.904159
AUD,1979-06,0.893256
AUD,1979-07,0.88574
AUD,1979-08,0.886997
AUD,1979-09,0.886132
AUD,1979-10,0.911411
AUD,1979-11,0.91391
AUD,1979-12,0.904404
AUD,1980-01,0.903587
AUD,1980-02,0.911577
AUD,1980-03,0.924385
AUD,1980-04,0.896861
AUD,1980-05,0.875044
AUD,1980-06,0.865801
AUD,1980-07,0.868432
AUD,1980-08,0.858516
AUD,1980-09,0.853971
AUD,1980-10,0.853242
AUD,1980-11,0.859107
AUD,1980-12,0.846453
AUD,1981-01,0.848608
AUD,1981-02,0.865801
AUD,1981-03,0.856971
AUD,1981-04,0.870171
AUD,1981-05,0.878194
AUD,1981-06,0.871232
AUD,1981-07,0.880902
AUD,1981-08,0.869943
AUD,1981-09,0.875197
AUD,1981-10,0.880507
AUD,1981-11,0.867825
AUD,1981-12,0.886525
AUD,1982-01,0.915325
AUD,1982-02,0.932222
AUD,1982-03,0.951833
AUD,1982-04,0.942323
AUD,1982-05,0.951468
AUD,1982-06,0.978951
AUD,1982-07,1.006036
AUD,1982-08,1.035195
AUD,1982-09,1.053179
AUD,1982-10,1.068946
AUD,1982-11,1.047113
AUD,1982-12,1.019886
AUD,1983-01,1.029858
AUD,1983-02,1.044164
AUD,1983-03,1.157273
AUD,1983-04,1.152071
AUD,1983-05,1.134047
AUD,1983-06,1.143514
AUD,1983-07,1.135453
AUD,1983-08,1.139204
AUD,1983-09,1.114577
AUD,1983-10,1.093491
AUD,1983-11,1.093723
AUD,1983-12,1.112719
AUD,1984-01,1.089677
AUD,1984-02,1.059882
AUD,1984-03,1.068709
AUD,1984-04,1.0879
AUD,1984-05,1.111604
AUD,1984-06,1.161841
AUD,1984-07,1.202779
AUD,1984-08,1.178134
AUD,1984-09,1.199608
AUD,1984-10,1.176742
AUD,1984-11,1.166309
AUD,1984-12,1.211376
AUD,1985-01,1.228501
AUD,1985-02,1.397614
AUD,1985-03,1.42653
AUD,1985-04,1.538468
AUD,1985-05,1.512853
AUD,1985-06,1.498131
AUD,1985-07,1.377414
AUD,1985-08,1.420451
AUD,1985-09,1.416836
AUD,1985-10,1.430612
AUD,1985-11,1.459857
AUD,1985-12,1.46628
AUD,1986-01,1.398601
AUD,1986-02,1.428571
AUD,1986-03,1.402528
AUD,1986-04,1.352264
AUD,1986-05,1.395086
AUD,1986-06,1.480388
AUD,1986-07,1.679258
AUD,1986-08,1.642033
AUD,1986-09,1.591099
AUD,1986-10,1.560061
AUD,1986-11,1.537275
AUD,1986-12,1.504886
AUD,1987-01,1.512866
AUD,1987-02,1.478853
AUD,1987-03,1.416423
AUD,1987-04,1.421869
AUD,1987-05,1.404104
AUD,1987-06,1.388116
AUD,1987-07,1.431639
AUD,1987-08,1.401941
AUD,1987-09,1.403311
AUD,1987-10,1.48039
AUD,1987-11,1.41443
AUD,1987-12,1.385039
AUD,1988-01,1.406667
AUD,1988-02,1.391405
AUD,1988-03,1.349165
AUD,1988-04,1.317524
AUD,1988-05,1.240228
AUD,1988-06,1.261828
AUD,1988-07,1.246888
AUD,1988-08,1.243778
AUD,1988-09,1.273886
AUD,1988-10,1.21506
AUD,1988-11,1.14116
AUD,1988-12,1.170274
AUD,1989-01,1.125112
AUD,1989-02,1.253128
AUD,1989-03,1.223242
AUD,1989-04,1.25945
AUD,1989-05,1.329785
AUD,1989-06,1.323636
AUD,1989-07,1.321882
AUD,1989-08,1.307191
AUD,1989-09,1.286178
AUD,1989-10,1.278772
AUD,1989-11,1.277468
AUD,1989-12,1.265825
AUD,1990-01,1.300895
AUD,1990-02,1.319267
AUD,1990-03,1.325379
AUD,1990-04,1.331194
AUD,1990-05,1.300058
AUD,1990-06,1.263905
AUD,1990-07,1.264706
AUD,1990-08,1.228502
AUD,1990-09,1.210658
AUD,1990-10,1.277141
AUD,1990-11,1.294161
AUD,1990-12,1.297015
AUD,1991-01,1.280412
AUD,1991-02,1.275503
AUD,1991-03,1.290323
AUD,1991-04,1.281235
AUD,1991-05,1.315787
AUD,1991-06,1.304624
AUD,1991-07,1.28452
AUD,1991-08,1.273556
AUD,1991-09,1.250465
AUD,1991-10,1.283695
AUD,1991-11,1.276325
AUD,1991-12,1.315095
AUD,1992-01,1.334755
AUD,1992-02,1.325383
AUD,1992-03,1.300396
AUD,1992-04,1.321528
AUD,1992-05,1.318914
AUD,1992-06,1.339221
AUD,1992-07,1.344086
AUD,1992-08,1.400165
AUD,1992-09,1.403112
AUD,1992-10,1.436782
AUD,1992-11,1.465847
AUD,1992-12,1.453068
AUD,1993-01,1.472752
AUD,1993-02,1.442377
AUD,1993-03,1.415426
AUD,1993-04,1.409443
AUD,1993-05,1.451384
AUD,1993-06,1.499255
AUD,1993-07,1.459428
AUD,1993-08,1.494775
AUD,1993-09,1.555202
AUD,1993-10,1.498795
AUD,1993-11,1.516989
AUD,1993-12,1.474925
AUD,1994-01,1.410042
AUD,1994-02,1.400562
AUD,1994-03,1.424505
AUD,1994-04,1.402526
AUD,1994-05,1.357766
AUD,1994-06,1.366117
AUD,1994-07,1.354459
AUD,1994-08,1.346448
AUD,1994-09,1.351354
AUD,1994-10,1.345538
AUD,1994-11,1.300906
AUD,1994-12,1.289153
AUD,1995-01,1.319777
AUD,1995-02,1.358328
AUD,1995-03,1.378353
AUD,1995-04,1.372682
AUD,1995-05,1.401142
AUD,1995-06,1.406073
AUD,1995-07,1.355928
AUD,1995-08,1.327495
AUD,1995-09,1.324148
AUD,1995-10,1.31493
AUD,1995-11,1.343188
AUD,1995-12,1.343187
AUD,1996-01,1.343731
AUD,1996-02,1.307698
AUD,1996-03,1.278769
AUD,1996-04,1.269839
AUD,1996-05,1.252037
AUD,1996-06,1.267263
AUD,1996-07,1.291657
AUD,1996-08,1.265337
AUD,1996-09,1.261358
AUD,1996-10,1.262304
AUD,1996-11,1.2329
AUD,1996-12,1.255812
AUD,1997-01,1.312686
AUD,1997-02,1.288993
AUD,1997-03,1.279592
AUD,1997-04,1.279099
AUD,1997-05,1.313204
AUD,1997-06,1.34049
AUD,1997-07,1.344622
AUD,1997-08,1.361473
AUD,1997-09,1.386002
AUD,1997-10,1.425519
AUD,1997-11,1.463481
AUD,1997-12,1.531393
AUD,1998-01,1.473188
AUD,1998-02,1.474936
AUD,1998-03,1.508289
AUD,1998-04,1.536801
AUD,1998-05,1.600765
AUD,1998-06,1.619427
AUD,1998-07,1.645276
AUD,1998-08,1.754072
AUD,1998-09,1.681518
AUD,1998-10,1.603853
AUD,1998-11,1.581028
AUD,1998-12,1.627872
AUD,1999-01,1.588809
AUD,1999-02,1.617263
AUD,1999-03,1.588159
AUD,1999-04,1.517222
AUD,1999-05,1.537299
AUD,1999-06,1.510263
AUD,1999-07,1.534038
AUD,1999-08,1.566632
AUD,1999-09,1.537271
AUD,1999-10,1.565197
AUD,1999-11,1.576508
AUD,1999-12,1.535138
AUD,2000-01,1.575937
AUD,2000-02,1.626004
AUD,2000-03,1.655082
AUD,2000-04,1.711833
AUD,2000-05,1.746748
AUD,2000-06,1.663248
AUD,2000-07,1.729525
AUD,2000-08,1.745677
AUD,2000-09,1.845978
AUD,2000-10,1.945705
AUD,2000-11,1.905919
AUD,2000-12,1.802257
AUD,2001-01,1.832993
AUD,2001-02,1.898465
AUD,2001-03,2.055933
AUD,2001-04,1.968905
AUD,2001-05,1.972524
AUD,2001-06,1.973467
AUD,2001-07,1.973958
AUD,2001-08,1.889605
AUD,2001-09,2.017304
AUD,2001-10,1.984296
AUD,2001-11,1.918746
AUD,2001-12,1.96074
AUD,2002-01,1.965497
AUD,2002-02,1.937464
AUD,2002-03,1.877808
AUD,2002-04,1.861901
AUD,2002-05,1.759242
AUD,2002-06,1.774637
AUD,2002-07,1.828171
AUD,2002-08,1.810231
AUD,2002-09,1.835801
AUD,2002-10,1.80586
AUD,2002-11,1.788556
AUD,2002-12,1.769429
AUD,2003-01,1.700906
AUD,2003-02,1.652384
AUD,2003-03,1.65911
AUD,2003-04,1.601114
AUD,2003-05,1.534089
AUD,2003-06,1.497856
AUD,2003-07,1.542234
AUD,2003-08,1.556877
AUD,2003-09,1.467645
AUD,2003-10,1.416624
AUD,2003-11,1.382608
AUD,2003-12,1.330325
AUD,2004-01,1.323966
AUD,2004-02,1.301256
AUD,2004-03,1.313154
AUD,2004-04,1.387545
AUD,2004-05,1.396294
AUD,2004-06,1.444179
AUD,2004-07,1.425783
AUD,2004-08,1.428288
AUD,2004-09,1.387058
AUD,2004-10,1.341603
AUD,2004-11,1.289733
AUD,2004-12,1.281771
AUD,2005-01,1.290832
AUD,2005-02,1.261975
AUD,2005-03,1.293042
AUD,2005-04,1.27846
AUD,2005-05,1.322602
AUD,2005-06,1.313678
AUD,2005-07,1.315141
AUD,2005-08,1.33981
AUD,2005-09,1.3144
AUD,2005-10,1.33386
AUD,2005-11,1.353131
AUD,2005-12,1.365517
AUD,2006-01,1.326126
AUD,2006-02,1.351663
AUD,2006-03,1.404247
AUD,2006-04,1.324001
AUD,2006-05,1.317454
AUD,2006-06,1.346417
AUD,2006-07,1.305867
AUD,2006-08,1.308069
AUD,2006-09,1.34218
AUD,2006-10,1.300331
AUD,2006-11,1.269167
AUD,2006-12,1.26735
AUD,2007-01,1.295816
AUD,2007-02,1.268715
AUD,2007-03,1.237723
AUD,2007-04,1.207424
AUD,2007-05,1.209321
AUD,2007-06,1.176231
AUD,2007-07,1.163712
AUD,2007-08,1.21795
AUD,2007-09,1.133578
AUD,2007-10,1.083824
AUD,2007-11,1.127498
AUD,2007-12,1.138306
AUD,2008-01,1.121856
AUD,2008-02,1.069823
AUD,2008-03,1.096256
AUD,2008-04,1.069112
AUD,2008-05,1.045396
AUD,2008-06,1.038505
AUD,2008-07,1.05983
AUD,2008-08,1.158195
AUD,2008-09,1.240229
AUD,2008-10,1.50874
AUD,2008-11,1.534769
AUD,2008-12,1.456779
AUD,2009-01,1.569522
AUD,2009-02,1.573157
AUD,2009-03,1.443943
AUD,2009-04,1.36693
AUD,2009-05,1.25344
AUD,2009-06,1.228173
AUD,2009-07,1.206677
AUD,2009-08,1.197239
AUD,2009-09,1.133374
AUD,2009-10,1.099595
AUD,2009-11,1.095121
AUD,2009-12,1.111204
AUD,2010-01,1.119791
AUD,2010-02,1.123066
AUD,2010-03,1.093627
AUD,2010-04,1.073376
AUD,2010-05,1.184367
AUD,2010-06,1.173743
AUD,2010-07,1.110378
AUD,2010-08,1.128076
AUD,2010-09,1.03092
AUD,2010-10,1.025907
AUD,2010-11,1.04593
AUD,2010-12,0.983086
AUD,2011-01,1.005186
AUD,2011-02,0.983157
AUD,2011-03,0.966847
AUD,2011-04,0.912517
AUD,2011-05,0.938756
AUD,2011-06,0.933024
AUD,2011-07,0.915147
AUD,2011-08,0.936263
AUD,2011-09,1.027475
AUD,2011-10,0.944575
AUD,2011-11,0.981145
AUD,2011-12,0.983306
AUD,2012-01,0.938525
AUD,2012-02,0.923455
AUD,2012-03,0.961066
AUD,2012-04,0.959891
AUD,2012-05,1.026848
AUD,2012-06,0.980064
AUD,2012-07,0.950423
AUD,2012-08,0.967489
AUD,2012-09,0.958701
AUD,2012-10,0.964211
AUD,2012-11,0.960573
AUD,2012-12,0.963468
AUD,2013-01,0.960074
AUD,2013-02,0.975626
AUD,2013-03,0.961187
AUD,2013-04,0.967641
AUD,2013-05,1.041058
AUD,2013-06,1.08341
AUD,2013-07,1.109228
AUD,2013-08,1.119758
AUD,2013-09,1.07264
AUD,2013-10,1.052196
AUD,2013-11,1.097201
AUD,2013-12,1.118338
AUD,2014-01,1.147973
AUD,2014-02,1.115905
AUD,2014-03,1.083623
AUD,2014-04,1.079206
AUD,2014-05,1.075549
AUD,2014-06,1.064358
AUD,2014-07,1.076015
AUD,2014-08,1.070898
AUD,2014-09,1.147739
AUD,2014-10,1.137736
AUD,2014-11,1.173356
AUD,2014-12,1.221399
AUD,2015-01,1.285714
AUD,2015-02,1.277402
AUD,2015-03,1.31555
AUD,2015-04,1.262684
AUD,2015-05,1.307019
AUD,2015-06,1.300384
AUD,2015-07,1.380505
AUD,2015-08,1.404637
AUD,2015-09,1.422744
AUD,2015-10,1.41091
AUD,2015-11,1.386804
AUD,2015-12,1.368329
AUD,2016-01,1.409158
AUD,2016-02,1.401543
AUD,2016-03,1.300571
AUD,2016-04,1.310883
AUD,2016-05,1.377622
AUD,2016-06,1.344713
AUD,2016-07,1.330154
AUD,2016-08,1.33004
AUD,2016-09,1.313234
AUD,2016-10,1.315275
AUD,2016-11,1.343771
AUD,2016-12,1.384688
AUD,2017-01,1.32013
AUD,2017-02,1.302916
AUD,2017-03,1.307829
AUD,2017-04,1.338426
AUD,2017-05,1.341592
AUD,2017-06,1.301349
AUD,2017-07,1.254626
AUD,2017-08,1.269852
AUD,2017-09,1.276893
AUD,2017-10,1.306926
AUD,2017-11,1.321546
AUD,2017-12,1.27958
AUD,2018-01,1.232801
AUD,2018-02,1.280252
AUD,2018-03,1.301518
AUD,2018-04,1.325689
AUD,2018-05,1.317549
AUD,2018-06,1.354177
AUD,2018-07,1.346626
AUD,2018-08,1.384345
AUD,2018-09,1.386317
AUD,2018-10,1.411203
AUD,2018-11,1.370279
AUD,2018-12,1.416594
AUD,2019-01,1.374217
AUD,2019-02,1.400491
AUD,2019-03,1.408189
AUD,2019-04,1.418346
AUD,2019-05,1.447045
AUD,2019-06,1.427417
AUD,2019-07,1.450543
AUD,2019-08,1.485864
AUD,2019-09,1.480944
AUD,2019-10,1.446746
AUD,2019-11,1.477691
AUD,2019-12,1.423803
AUD,2020-01,1.4924
AUD,2020-02,1.537305
AUD,2020-03,1.639923
AUD,2020-04,1.526113
AUD,2020-05,1.497935
AUD,2020-06,1.459546
AUD,2020-07,1.391627
AUD,2020-08,1.357956
AUD,2020-09,1.403997
AUD,2020-10,1.415883
AUD,2020-11,1.356093
AUD,2020-12,1.295412
AUD,2021-01,1.303477
AUD,2021-02,1.287435
AUD,2021-03,1.314456
AUD,2021-04,1.289604
AUD,2021-05,1.292927
AUD,2021-06,1.333978
AUD,2021-07,1.35674
AUD,2021-08,1.365219
AUD,2021-09,1.390016
AUD,2021-10,1.327179
AUD,2021-11,1.399102
AUD,2021-12,1.378686
AUD,2022-01,1.418071
AUD,2022-02,1.384766
AUD,2022-03,1.335826
AUD,2022-04,1.394592
AUD,2022-05,1.393914
AUD,2022-06,1.453644
AUD,2022-07,1.436164
AUD,2022-08,1.4591
AUD,2022-09,1.546574
AUD,2022-10,1.566371
AUD,2022-11,1.486604
AUD,2022-12,1.471311
AUD,2023-01,1.428598
AUD,2023-02,1.484132
AUD,2023-03,1.495908
AUD,2023-04,1.51753
AUD,2023-05,1.544229
AUD,2023-06,1.509111
AUD,2023-07,1.491064
AUD,2023-08,1.544442
AUD,2023-09,1.542288
AUD,2023-10,1.576325
AUD,2023-11,1.513311
AUD,2023-12,1.471765
AUD,2024-01,1.519609
AUD,2024-02,1.541105
AUD,2024-03,1.536121
AUD,2024-04,1.532282
AUD,2024-05,1.50341
AUD,2024-06,1.502008
AUD,2024-07,1.536295
AUD,2024-08,1.470281
AUD,2024-09,1.443909
AUD,2024-10,1.521687
AUD,2024-11,1.538061
AUD,2024-12,1.6144
AUD,2025-01,1.607043
AUD,2025-02,1.608011
AUD,2025-03,1.601294
AUD,2025-04,1.564934
AUD,2025-05,1.55631
AUD,2025-06,1.531399
AUD,2025-07,1.551808
AUD,2025-08,1.532424
AUD,2025-09,1.512648
AUD,2025-10,1.529514
AUD,2025-11,1.532163
AUD,2025-12,1.496255
AUD,2026-01,1.426378
AUD,2026-02,1.4072
AUD,2026-03,1.451818
AUD,2026-04,1.398992
AUD,2026-05,1.394538
AUD,2026-06,1.451992
AUD,2026-07,1.424902
AUD,2026-08,1.396257
CNY,1957-01,2.4618
CNY,1957-02,2.4618
CNY,1957-03,2.4618
CNY,1957-04,2.4618
CNY,1957-05,2.4618
CNY,1957-06,2.4618
CNY,1957-07,2.4618
CNY,1957-08,2.4618
CNY,1957-09,2.4618
CNY,1957-10,2.4618
CNY,1957-11,2.4618
CNY,1957-12,2.4618
CNY,1958-01,2.4618
CNY,1958-02,2.4618
CNY,1958-03,2.4618
CNY,1958-04,2.4618
CNY,1958-05,2.4618
CNY,1958-06,2.4618
CNY,1958-07,2.4618
CNY,1958-08,2.4618
CNY,1958-09,2.4618
CNY,1958-10,2.4618
CNY,1958-11,2.4618
CNY,1958-12,2.4618
CNY,1959-01,2.4618
CNY,1959-02,2.4618
CNY,1959-03,2.4618
CNY,1959-04,2.4618
CNY,1959-05,2.4618
CNY,1959-06,2.4618
CNY,1959-07,2.4618
CNY,1959-08,2.4618
CNY,1959-09,2.4618
CNY,1959-10,2.4618
CNY,1959-11,2.4618
CNY,1959-12,2.4618
CNY,1960-01,2.4618
CNY,1960-02,2.4618
CNY,1960-03,2.4618
CNY,1960-04,2.4618
CNY,1960-05,2.4618
CNY,1960-06,2.4618
CNY,1960-07,2.4618
CNY,1960-08,2.4618
CNY,1960-09,2.4618
CNY,1960-10,2.4618
CNY,1960-11,2.4618
CNY,1960-12,2.4618
CNY,1961-01,2.4618
CNY,1961-02,2.4618
CNY,1961-03,2.4618
CNY,1961-04,2.4618
CNY,1961-05,2.4618
CNY,1961-06,2.4618
CNY,1961-07,2.4618
CNY,1961-08,2.4618
CNY,1961-09,2.4618
CNY,1961-10,2.4618
CNY,1961-11,2.4618
CNY,1961-12,2.4618
CNY,1962-01,2.4618
CNY,1962-02,2.4618
CNY,1962-03,2.4618
CNY,1962-04,2.4618
CNY,1962-05,2.4618
CNY,1962-06,2.4618
CNY,1962-07,2.4618
CNY,1962-08,2.4618
CNY,1962-09,2.4618
CNY,1962-10,2.4618
CNY,1962-11,2.4618
CNY,1962-12,2.4618
CNY,1963-01,2.4618
CNY,1963-02,2.4618
CNY,1963-03,2.4618
CNY,1963-04,2.4618
CNY,1963-05,2.4618
CNY,1963-06,2.4618
CNY,1963-07,2.4618
CNY,1963-08,2.4618
CNY,1963-09,2.4618
CNY,1963-10,2.4618
CNY,1963-11,2.4618
CNY,1963-12,2.4618
CNY,1964-01,2.4618
CNY,1964-02,2.4618
CNY,1964-03,2.4618
CNY,1964-04,2.4618
CNY,1964-05,2.4618
CNY,1964-06,2.4618
CNY,1964-07,2.4618
CNY,1964-08,2.4618
CNY,1964-09,2.4618
CNY,1964-10,2.4618
CNY,1964-11,2.4618
CNY,1964-12,2.4618
CNY,1965-01,2.4618
CNY,1965-02,2.4618
CNY,1965-03,2.4618
CNY,1965-04,2.4618
CNY,1965-05,2.4618
CNY,1965-06,2.4618
CNY,1965-07,2.4618
CNY,1965-08,2.4618
CNY,1965-09,2.4618
CNY,1965-10,2.4618
CNY,1965-11,2.4618
CNY,1965-12,2.4618
CNY,1966-01,2.4618
CNY,1966-02,2.4618
CNY,1966-03,2.4618
CNY,1966-04,2.4618
CNY,1966-05,2.4618
CNY,1966-06,2.4618
CNY,1966-07,2.4618
CNY,1966-08,2.4618
CNY,1966-09,2.4618
CNY,1966-10,2.4618
CNY,1966-11,2.4618
CNY,1966-12,2.4618
CNY,1967-01,2.4618
CNY,1967-02,2.4618
CNY,1967-03,2.4618
CNY,1967-04,2.4618
CNY,1967-05,2.4618
CNY,1967-06,2.4618
CNY,1967-07,2.4618
CNY,1967-08,2.4618
CNY,1967-09,2.4618
CNY,1967-10,2.4618
CNY,1967-11,2.4618
CNY,1967-12,2.4618
CNY,1968-01,2.4618
CNY,1968-02,2.4618
CNY,1968-03,2.4618
CNY,1968-04,2.4618
CNY,1968-05,2.4618
CNY,1968-06,2.4618
CNY,1968-07,2.4618
CNY,1968-08,2.4618
CNY,1968-09,2.4618
CNY,1968-10,2.4618
CNY,1968-11,2.4618
CNY,1968-12,2.4618
CNY,1969-01,2.4618
CNY,1969-02,2.4618
CNY,1969-03,2.4618
CNY,1969-04,2.4618
CNY,1969-05,2.4618
CNY,1969-06,2.4618
CNY,1969-07,2.4618
CNY,1969-08,2.4618
CNY,1969-09,2.4618
CNY,1969-10,2.4618
CNY,1969-11,2.4618
CNY,1969-12,2.4618
CNY,1970-01,2.4618
CNY,1970-02,2.4618
CNY,1970-03,2.4618
CNY,1970-04,2.4618
CNY,1970-05,2.4618
CNY,1970-06,2.4618
CNY,1970-07,2.4618
CNY,1970-08,2.4618
CNY,1970-09,2.4618
CNY,1970-10,2.4618
CNY,1970-11,2.4618
CNY,1970-12,2.4618
CNY,1971-01,2.4618
CNY,1971-02,2.4618
CNY,1971-03,2.4618
CNY,1971-04,2.4618
CNY,1971-05,2.4618
CNY,1971-06,2.4618
CNY,1971-07,2.4618
CNY,1971-08,2.4618
CNY,1971-09,2.4618
CNY,1971-10,2.4618
CNY,1971-11,2.4618
CNY,1971-12,2.4618
CNY,1972-01,2.2673
CNY,1972-02,2.2673
CNY,1972-03,2.2673
CNY,1972-04,2.2673
CNY,1972-05,2.2673
CNY,1972-06,2.2673
CNY,1972-07,2.2174
CNY,1972-08,2.2174
CNY,1972-09,2.2174
CNY,1972-10,2.2174
CNY,1972-11,2.2401
CNY,1972-12,2.2401
CNY,1973-01,2.2401
CNY,1973-02,2.2174
CNY,1973-03,2.0032
CNY,1973-04,2.0066
CNY,1973-05,1.9612
CNY,1973-06,1.8993
CNY,1973-07,1.874
CNY,1973-08,1.9326
CNY,1973-09,1.9133
CNY,1973-10,1.9317
CNY,1973-11,1.9979
CNY,1973-12,2.0202
CNY,1974-01,2.0406
CNY,1974-02,2.008
CNY,1974-03,1.9523
CNY,1974-04,1.9019
CNY,1974-05,1.9413
CNY,1974-06,1.9548
CNY,1974-07,1.9468
CNY,1974-08,2.0019
CNY,1974-09,1.9521
CNY,1974-10,1.9659
CNY,1974-11,1.8979
CNY,1974-12,1.8397
CNY,1975-01,1.7956
CNY,1975-02,1.7475
CNY,1975-03,1.7701
CNY,1975-04,1.7913
CNY,1975-05,1.7715
CNY,1975-06,1.775
CNY,1975-07,1.9357
CNY,1975-08,1.9453
CNY,1975-09,1.9844
CNY,1975-10,1.9371
CNY,1975-11,1.9604
CNY,1975-12,1.9663
CNY,1976-01,1.9663
CNY,1976-02,1.9467
CNY,1976-03,1.9642
CNY,1976-04,1.9642
CNY,1976-05,1.974
CNY,1976-06,1.9602
CNY,1976-07,1.9485
CNY,1976-08,1.9272
CNY,1976-09,1.9118
CNY,1976-10,1.9012
CNY,1976-11,1.8974
CNY,1976-12,1.8803
CNY,1977-01,1.9163
CNY,1977-02,1.9049
CNY,1977-03,1.8973
CNY,1977-04,1.884
CNY,1977-05,1.8765
CNY,1977-06,1.8765
CNY,1977-07,1.8411
CNY,1977-08,1.8485
CNY,1977-09,1.8485
CNY,1977-10,1.8227
CNY,1977-11,1.7863
CNY,1977-12,1.73
CNY,1978-01,1.6952
CNY,1978-02,1.6515
CNY,1978-03,1.6729
CNY,1978-04,1.7133
CNY,1978-05,1.734
CNY,1978-06,1.7202
CNY,1978-07,1.7099
CNY,1978-08,1.6962
CNY,1978-09,1.6894
CNY,1978-10,1.6002
CNY,1978-11,1.6368
CNY,1978-12,1.5771
CNY,1979-01,1.5817
CNY,1979-02,1.569
CNY,1979-03,1.5737
CNY,1979-04,1.5878
CNY,1979-05,1.5989
CNY,1979-06,1.5546
CNY,1979-07,1.5438
CNY,1979-08,1.5438
CNY,1979-09,1.5146
CNY,1979-10,1.5328
CNY,1979-11,1.516
CNY,1979-12,1.4962
CNY,1980-01,1.4962
CNY,1980-02,1.5157
CNY,1980-03,1.5806
CNY,1980-04,1.5028
CNY,1980-05,1.4788
CNY,1980-06,1.4611
CNY,1980-07,1.4712
CNY,1980-08,1.4696
CNY,1980-09,1.474
CNY,1980-10,1.5037
CNY,1980-11,1.5291
CNY,1980-12,1.5303
CNY,1981-01,1.5886
CNY,1981-02,1.6179
CNY,1981-03,1.6165
CNY,1981-04,1.6882
CNY,1981-05,1.748
CNY,1981-06,1.7511
CNY,1981-07,1.7845
CNY,1981-08,1.7727
CNY,1981-09,1.7719
CNY,1981-10,1.7678
CNY,1981-11,1.7171
CNY,1981-12,1.7499
CNY,1982-01,1.7975
CNY,1982-02,1.8355
CNY,1982-03,1.8722
CNY,1982-04,1.8333
CNY,1982-05,1.8331
CNY,1982-06,1.9358
CNY,1982-07,1.9312
CNY,1982-08,1.9501
CNY,1982-09,1.9733
CNY,1982-10,2.0046
CNY,1982-11,1.9906
CNY,1982-12,1.9275
CNY,1983-01,1.9464
CNY,1983-02,1.9736
CNY,1983-03,1.9991
CNY,1983-04,1.9909
CNY,1983-05,1.9989
CNY,1983-06,1.9888
CNY,1983-07,1.9985
CNY,1983-08,1.9902
CNY,1983-09,1.9802
CNY,1983-10,1.984
CNY,1983-11,1.994
CNY,1983-12,1.9859
CNY,1984-01,2.079
CNY,1984-02,2.0519
CNY,1984-03,2.0639
CNY,1984-04,2.1329
CNY,1984-05,2.2173
CNY,1984-06,2.2529
CNY,1984-07,2.3374
CNY,1984-08,2.4196
CNY,1984-09,2.5746
CNY,1984-10,2.6466
CNY,1984-11,2.7953
CNY,1984-12,2.8027
CNY,1985-01,2.8167
CNY,1985-02,2.8417
CNY,1985-03,2.8269
CNY,1985-04,2.8593
CNY,1985-05,2.8508
CNY,1985-06,2.8851
CNY,1985-07,2.885
CNY,1985-08,2.9168
CNY,1985-09,2.9755
CNY,1985-10,3.2095
CNY,1985-11,3.2095
CNY,1985-12,3.2095
CNY,1986-01,3.2095
CNY,1986-02,3.2159
CNY,1986-03,3.2288
CNY,1986-04,3.1999
CNY,1986-05,3.2191
CNY,1986-06,3.2063
CNY,1986-07,3.7129
CNY,1986-08,3.7129
CNY,1986-09,3.724
CNY,1986-10,3.7314
CNY,1986-11,3.7314
CNY,1986-12,3.7314
CNY,1987-01,3.7314
CNY,1987-02,3.7314
CNY,1987-03,3.7314
CNY,1987-04,3.7314
CNY,1987-05,3.7314
CNY,1987-06,3.7314
CNY,1987-07,3.7314
CNY,1987-08,3.7314
CNY,1987-09,3.7314
CNY,1987-10,3.7314
CNY,1987-11,3.7314
CNY,1987-12,3.7314
CNY,1988-01,3.7314
CNY,1988-02,3.7314
CNY,1988-03,3.7314
CNY,1988-04,3.7314
CNY,1988-05,3.7314
CNY,1988-06,3.7314
CNY,1988-07,3.7314
CNY,1988-08,3.7314
CNY,1988-09,3.7314
CNY,1988-10,3.7314
CNY,1988-11,3.7314
CNY,1988-12,3.7314
CNY,1989-01,3.7314
CNY,1989-02,3.7314
CNY,1989-03,3.7314
CNY,1989-04,3.7314
CNY,1989-05,3.7314
CNY,1989-06,3.7314
CNY,1989-07,3.7314
CNY,1989-08,3.7314
CNY,1989-09,3.7314
CNY,1989-10,3.7314
CNY,1989-11,3.7314
CNY,1989-12,4.7339
CNY,1990-01,4.7339
CNY,1990-02,4.7339
CNY,1990-03,4.7339
CNY,1990-04,4.7339
CNY,1990-05,4.7339
CNY,1990-06,4.7339
CNY,1990-07,4.7339
CNY,1990-08,4.7339
CNY,1990-09,4.7339
CNY,1990-10,4.7339
CNY,1990-11,5.2352
CNY,1990-12,5.2352
CNY,1991-01,5.2352
CNY,1991-02,5.2352
CNY,1991-03,5.2352
CNY,1991-04,5.3036
CNY,1991-05,5.349
CNY,1991-06,5.369
CNY,1991-07,5.3605
CNY,1991-08,5.3862
CNY,1991-09,5.3899
CNY,1991-10,5.3944
CNY,1991-11,5.4115
CNY,1991-12,5.4478
CNY,1992-01,5.4686
CNY,1992-02,5.483
CNY,1992-03,5.4812
CNY,1992-04,5.5239
CNY,1992-05,5.5048
CNY,1992-06,5.4758
CNY,1992-07,5.4335
CNY,1992-08,5.4199
CNY,1992-09,5.514
CNY,1992-10,5.5654
CNY,1992-11,5.7341
CNY,1992-12,5.7662
CNY,1993-01,5.7894
CNY,1993-02,5.7546
CNY,1993-03,5.7333
CNY,1993-04,5.7076
CNY,1993-05,5.7433
CNY,1993-06,5.7756
CNY,1993-07,5.7756
CNY,1993-08,5.8063
CNY,1993-09,5.8013
CNY,1993-10,5.8013
CNY,1993-11,5.8195
CNY,1993-12,5.8145
CNY,1994-01,8.7217
CNY,1994-02,8.7262
CNY,1994-03,8.7298
CNY,1994-04,8.7247
CNY,1994-05,8.6796
CNY,1994-06,8.6717
CNY,1994-07,8.6397
CNY,1994-08,8.5791
CNY,1994-09,8.55
CNY,1994-10,8.546
CNY,1994-11,8.529
CNY,1994-12,8.4662
CNY,1995-01,8.4584
CNY,1995-02,8.4511
CNY,1995-03,8.4464
CNY,1995-04,8.4274
CNY,1995-05,8.3255
CNY,1995-06,8.3211
CNY,1995-07,8.3203
CNY,1995-08,8.3298
CNY,1995-09,8.3385
CNY,1995-10,8.3349
CNY,1995-11,8.3316
CNY,1995-12,8.3374
CNY,1996-01,8.3338
CNY,1996-02,8.3411
CNY,1996-03,8.3538
CNY,1996-04,8.3501
CNY,1996-05,8.3455
CNY,1996-06,8.3421
CNY,1996-07,8.3407
CNY,1996-08,8.3363
CNY,1996-09,8.3317
CNY,1996-10,8.33
CNY,1996-11,8.3312
CNY,1996-12,8.3284
CNY,1997-01,8.3234
CNY,1997-02,8.3254
CNY,1997-03,8.3255
CNY,1997-04,8.3245
CNY,1997-05,8.3221
CNY,1997-06,8.3207
CNY,1997-07,8.2913
CNY,1997-08,8.3184
CNY,1997-09,8.3149
CNY,1997-10,8.3134
CNY,1997-11,8.3096
CNY,1997-12,8.31
CNY,1998-01,8.31
CNY,1998-02,8.31
CNY,1998-03,8.28
CNY,1998-04,8.31
CNY,1998-05,8.31
CNY,1998-06,8.31
CNY,1998-07,8.31
CNY,1998-08,8.31
CNY,1998-09,8.278
CNY,1998-10,8.2778
CNY,1998-11,8.2782
CNY,1998-12,8.2789
CNY,1999-01,8.2778
CNY,1999-02,8.279
CNY,1999-03,8.28
CNY,1999-04,8.279
CNY,1999-05,8.2786
CNY,1999-06,8.2787
CNY,1999-07,8.2774
CNY,1999-08,8.277
CNY,1999-09,8.2778
CNY,1999-10,8.2778
CNY,1999-11,8.2789
CNY,1999-12,8.2795
CNY,2000-01,8.276989
CNY,2000-02,8.277023
CNY,2000-03,8.276981
CNY,2000-04,8.27705
CNY,2000-05,8.277007
CNY,2000-06,8.276999
CNY,2000-07,8.276966
CNY,2000-08,8.277004
CNY,2000-09,8.277011
CNY,2000-10,8.277058
CNY,2000-11,8.276946
CNY,2000-12,8.276948
CNY,2001-01,8.276983
CNY,2001-02,8.277033
CNY,2001-03,8.276947
CNY,2001-04,8.277039
CNY,2001-05,8.277005
CNY,2001-06,8.277005
CNY,2001-07,8.276985
CNY,2001-08,8.277026
CNY,2001-09,8.276969
CNY,2001-10,8.27704
CNY,2001-11,8.277029
CNY,2001-12,8.276977
CNY,2002-01,8.276948
CNY,2002-02,8.276962
CNY,2002-03,8.277052
CNY,2002-04,8.276976
CNY,2002-05,8.276979
CNY,2002-06,8.276992
CNY,2002-07,8.277011
CNY,2002-08,8.277026
CNY,2002-09,8.276978
CNY,2002-10,8.276967
CNY,2002-11,8.277022
CNY,2002-12,8.27701
CNY,2003-01,8.276997
CNY,2003-02,8.277036
CNY,2003-03,8.277008
CNY,2003-04,8.276974
CNY,2003-05,8.277026
CNY,2003-06,8.276976
CNY,2003-07,8.276992
CNY,2003-08,8.27702
CNY,2003-09,8.277034
CNY,2003-10,8.276975
CNY,2003-11,8.276972
CNY,2003-12,8.277039
CNY,2004-01,8.27697
CNY,2004-02,8.277017
CNY,2004-03,8.276996
CNY,2004-04,8.193187
CNY,2004-05,8.278324
CNY,2004-06,8.277664
CNY,2004-07,8.278345
CNY,2004-08,8.277599
CNY,2004-09,8.278346
CNY,2004-10,8.278951
CNY,2004-11,8.280105
CNY,2004-12,8.276999
CNY,2005-01,8.277023
CNY,2005-02,8.276986
CNY,2005-03,8.276998
CNY,2005-04,8.27653
CNY,2005-05,8.276539
CNY,2005-06,8.276464
CNY,2005-07,8.105598
CNY,2005-08,8.09977
CNY,2005-09,8.092011
CNY,2005-10,8.084505
CNY,2005-11,8.080381
CNY,2005-12,8.070187
CNY,2006-01,8.060819
CNY,2006-02,8.041516
CNY,2006-03,8.017019
CNY,2006-04,8.016511
CNY,2006-05,8.018806
CNY,2006-06,7.995595
CNY,2006-07,7.970001
CNY,2006-08,7.952689
CNY,2006-09,7.904107
CNY,2006-10,7.879017
CNY,2006-11,7.833409
CNY,2006-12,7.805087
CNY,2007-01,7.773892
CNY,2007-02,7.740519
CNY,2007-03,7.730215
CNY,2007-04,7.703932
CNY,2007-05,7.646622
CNY,2007-06,7.61318
CNY,2007-07,7.572408
CNY,2007-08,7.544984
CNY,2007-09,7.506101
CNY,2007-10,7.463003
CNY,2007-11,7.399973
CNY,2007-12,7.304123
CNY,2008-01,7.181775
CNY,2008-02,7.111492
CNY,2008-03,7.012016
CNY,2008-04,6.987516
CNY,2008-05,6.94203
CNY,2008-06,6.854288
CNY,2008-07,6.831785
CNY,2008-08,6.835019
CNY,2008-09,6.848493
CNY,2008-10,6.839539
CNY,2008-11,6.834918
CNY,2008-12,6.823022
CNY,2009-01,6.838015
CNY,2009-02,6.839766
CNY,2009-03,6.833634
CNY,2009-04,6.822976
CNY,2009-05,6.828132
CNY,2009-06,6.830692
CNY,2009-07,6.832084
CNY,2009-08,6.830577
CNY,2009-09,6.826333
CNY,2009-10,6.8275
CNY,2009-11,6.827132
CNY,2009-12,6.827017
CNY,2010-01,6.826794
CNY,2010-02,6.826013
CNY,2010-03,6.825877
CNY,2010-04,6.825235
CNY,2010-05,6.827903
CNY,2010-06,6.781436
CNY,2010-07,6.775023
CNY,2010-08,6.807413
CNY,2010-09,6.691164
CNY,2010-10,6.67078
CNY,2010-11,6.667026
CNY,2010-12,6.602305
CNY,2011-01,6.595019
CNY,2011-02,6.571635
CNY,2011-03,6.548603
CNY,2011-04,6.490983
CNY,2011-05,6.478902
CNY,2011-06,6.463433
CNY,2011-07,6.437097
CNY,2011-08,6.375986
CNY,2011-09,6.384285
CNY,2011-10,6.356689
CNY,2011-11,6.377031
CNY,2011-12,6.305588
CNY,2012-01,6.308515
CNY,2012-02,6.293833
CNY,2012-03,6.295972
CNY,2012-04,6.279401
CNY,2012-05,6.36854
CNY,2012-06,6.355123
CNY,2012-07,6.36169
CNY,2012-08,6.348585
CNY,2012-09,6.284687
CNY,2012-10,6.237282
CNY,2012-11,6.229709
CNY,2012-12,6.230635
CNY,2013-01,6.218967
CNY,2013-02,6.224389
CNY,2013-03,6.216322
CNY,2013-04,6.165621
CNY,2013-05,6.134784
CNY,2013-06,6.137615
CNY,2013-07,6.128889
CNY,2013-08,6.118549
CNY,2013-09,6.119585
CNY,2013-10,6.092589
CNY,2013-11,6.094776
CNY,2013-12,6.054021
CNY,2014-01,6.061187
CNY,2014-02,6.145081
CNY,2014-03,6.219466
CNY,2014-04,6.261083
CNY,2014-05,6.248622
CNY,2014-06,6.203104
CNY,2014-07,6.175424
CNY,2014-08,6.143312
CNY,2014-09,6.140189
CNY,2014-10,6.112983
CNY,2014-11,6.142193
CNY,2014-12,6.206902
CNY,2015-01,6.248474
CNY,2015-02,6.270907
CNY,2015-03,6.20039
CNY,2015-04,6.203121
CNY,2015-05,6.198177
CNY,2015-06,6.199482
CNY,2015-07,6.20972
CNY,2015-08,6.382434
CNY,2015-09,6.355976
CNY,2015-10,6.326858
CNY,2015-11,6.398431
CNY,2015-12,6.485533
CNY,2016-01,6.576007
CNY,2016-02,6.553178
CNY,2016-03,6.457093
CNY,2016-04,6.484522
CNY,2016-05,6.577282
CNY,2016-06,6.643398
CNY,2016-07,6.650589
CNY,2016-08,6.67544
CNY,2016-09,6.671714
CNY,2016-10,6.774712
CNY,2016-11,6.883404
CNY,2016-12,6.944502
CNY,2017-01,6.877731
CNY,2017-02,6.867982
CNY,2017-03,6.888224
CNY,2017-04,6.895425
CNY,2017-05,6.813029
CNY,2017-06,6.78102
CNY,2017-07,6.727722
CNY,2017-08,6.601184
CNY,2017-09,6.652041
CNY,2017-10,6.631466
CNY,2017-11,6.614651
CNY,2017-12,6.507463
CNY,2018-01,6.288834
CNY,2018-02,6.327575
CNY,2018-03,6.287477
CNY,2018-04,6.339432
CNY,2018-05,6.406616
CNY,2018-06,6.619489
CNY,2018-07,6.8318
CNY,2018-08,6.837525
CNY,2018-09,6.881652
CNY,2018-10,6.974289
CNY,2018-11,6.94577
CNY,2018-12,6.877817
CNY,2019-01,6.703517
CNY,2019-02,6.68439
CNY,2019-03,6.710903
CNY,2019-04,6.73391
CNY,2019-05,6.909246
CNY,2019-06,6.870387
CNY,2019-07,6.882163
CNY,2019-08,7.150054
CNY,2019-09,7.143356
CNY,2019-10,7.04142
CNY,2019-11,7.027135
CNY,2019-12,6.961456
CNY,2020-01,6.936663
CNY,2020-02,6.983875
CNY,2020-03,7.099671
CNY,2020-04,7.049007
CNY,2020-05,7.135057
CNY,2020-06,7.074388
CNY,2020-07,6.974764
CNY,2020-08,6.843467
CNY,2020-09,6.809019
CNY,2020-10,6.681313
CNY,2020-11,6.577462
CNY,2020-12,6.537772
CNY,2021-01,6.431032
CNY,2021-02,6.466876
CNY,2021-03,6.55113
CNY,2021-04,6.466976
CNY,2021-05,6.370134
CNY,2021-06,6.45759
CNY,2021-07,6.461862
CNY,2021-08,6.461467
CNY,2021-09,6.46403
CNY,2021-10,6.396565
CNY,2021-11,6.371117
CNY,2021-12,6.352375
CNY,2022-01,6.360972
CNY,2022-02,6.310385
CNY,2022-03,6.342041
CNY,2022-04,6.58833
CNY,2022-05,6.664986
CNY,2022-06,6.702994
CNY,2022-07,6.737105
CNY,2022-08,6.8947
CNY,2022-09,7.116126
CNY,2022-10,7.300787
CNY,2022-11,7.077583
CNY,2022-12,6.898744
CNY,2023-01,6.756946
CNY,2023-02,6.936906
CNY,2023-03,6.874759
CNY,2023-04,6.919133
CNY,2023-05,7.10718
CNY,2023-06,7.26882
CNY,2023-07,7.149415
CNY,2023-08,7.287081
CNY,2023-09,7.301491
CNY,2023-10,7.315755
CNY,2023-11,7.136401
CNY,2023-12,7.104887
CNY,2024-01,7.178094
CNY,2024-02,7.194532
CNY,2024-03,7.228194
CNY,2024-04,7.240996
CNY,2024-05,7.240785
CNY,2024-06,7.262774
CNY,2024-07,7.221463
CNY,2024-08,7.088031
CNY,2024-09,7.012415
CNY,2024-10,7.115971
CNY,2024-11,7.241432
CNY,2024-12,7.299355
CNY,2025-01,7.251323
CNY,2025-02,7.279032
CNY,2025-03,7.253074
CNY,2025-04,7.265893
CNY,2025-05,7.194285
CNY,2025-06,7.164676
CNY,2025-07,7.194653
CNY,2025-08,7.13287
CNY,2025-09,7.119581
CNY,2025-10,7.11615
CNY,2025-11,7.075566
CNY,2025-12,7.001021
CNY,2026-01,6.949744
CNY,2026-02,6.858196
CNY,2026-03,6.900417
CNY,2026-04,6.828747
CNY,2026-05,6.766833
CNY,2026-06,6.785501
CNY,2026-07,6.751328
CNY,2026-08,6.719731
EUR,1974-06,0.828947
EUR,1974-07,0.829105
EUR,1974-08,0.851506
EUR,1974-09,0.84563
EUR,1974-10,0.834244
EUR,1974-11,0.818538
EUR,1974-12,0.795323
EUR,1975-01,0.77864
EUR,1975-02,0.758622
EUR,1975-03,0.769586
EUR,1975-04,0.775278
EUR,1975-05,0.768971
EUR,1975-06,0.77861
EUR,1975-07,0.835268
EUR,1975-08,0.839736
EUR,1975-09,0.866168
EUR,1975-10,0.836778
EUR,1975-11,0.859321
EUR,1975-12,0.858163
EUR,1976-01,0.865366
EUR,1976-02,0.865591
EUR,1976-03,0.887918
EUR,1976-04,0.898893
EUR,1976-05,0.912642
EUR,1976-06,0.908166
EUR,1976-07,0.909124
EUR,1976-08,0.906536
EUR,1976-09,0.898731
EUR,1976-10,0.90173
EUR,1976-11,0.898691
EUR,1976-12,0.884964
EUR,1977-01,0.898416
EUR,1977-02,0.893743
EUR,1977-03,0.891234
EUR,1977-04,0.885371
EUR,1977-05,0.88512
EUR,1977-06,0.882052
EUR,1977-07,0.869384
EUR,1977-08,0.876978
EUR,1977-09,0.875021
EUR,1977-10,0.857111
EUR,1977-11,0.855052
EUR,1977-12,0.816287
EUR,1978-01,0.813319
EUR,1978-02,0.798416
EUR,1978-03,0.794098
EUR,1978-04,0.808806
EUR,1978-05,0.816207
EUR,1978-06,0.803781
EUR,1978-07,0.786968
EUR,1978-08,0.773814
EUR,1978-09,0.759919
EUR,1978-10,0.692391
EUR,1978-11,0.763102
EUR,1978-12,0.72628
EUR,1979-01,0.740829
EUR,1979-02,0.737267
EUR,1979-03,0.739798
EUR,1979-04,0.751535
EUR,1979-05,0.757828
EUR,1979-06,0.732885
EUR,1979-07,0.723688
EUR,1979-08,0.72211
EUR,1979-09,0.700427
EUR,1979-10,0.727394
EUR,1979-11,0.700216
EUR,1979-12,0.695222
EUR,1980-01,0.697501
EUR,1980-02,0.70826
EUR,1980-03,0.767519
EUR,1980-04,0.718763
EUR,1980-05,0.709406
EUR,1980-06,0.699252
EUR,1980-07,0.705542
EUR,1980-08,0.708788
EUR,1980-09,0.714316
EUR,1980-10,0.742258
EUR,1980-11,0.753915
EUR,1980-12,0.763574
EUR,1981-01,0.813187
EUR,1981-02,0.837626
EUR,1981-03,0.826679
EUR,1981-04,0.871027
EUR,1981-05,0.914227
EUR,1981-06,0.948317
EUR,1981-07,0.977498
EUR,1981-08,0.968045
EUR,1981-09,0.937383
EUR,1981-10,0.922867
EUR,1981-11,0.897255
EUR,1981-12,0.921515
EUR,1982-01,0.943984
EUR,1982-02,0.983284
EUR,1982-03,1.004838
EUR,1982-04,0.978569
EUR,1982-05,0.982434
EUR,1982-06,1.041859
EUR,1982-07,1.040077
EUR,1982-08,1.059923
EUR,1982-09,1.074585
EUR,1982-10,1.089549
EUR,1982-11,1.070766
EUR,1982-12,1.033413
EUR,1983-01,1.066161
EUR,1983-02,1.059258
EUR,1983-03,1.082495
EUR,1983-04,1.085713
EUR,1983-05,1.10376
EUR,1983-06,1.121367
EUR,1983-07,1.15988
EUR,1983-08,1.186807
EUR,1983-09,1.163636
EUR,1983-10,1.164093
EUR,1983-11,1.192809
EUR,1983-12,1.208649
EUR,1984-01,1.248184
EUR,1984-02,1.162292
EUR,1984-03,1.163018
EUR,1984-04,1.213958
EUR,1984-05,1.22114
EUR,1984-06,1.243954
EUR,1984-07,1.293186
EUR,1984-08,1.290554
EUR,1984-09,1.353303
EUR,1984-10,1.35917
EUR,1984-11,1.385412
EUR,1984-12,1.410545
EUR,1985-01,1.422601
EUR,1985-02,1.497802
EUR,1985-03,1.375313
EUR,1985-04,1.380683
EUR,1985-05,1.376447
EUR,1985-06,1.360639
EUR,1985-07,1.247748
EUR,1985-08,1.249363
EUR,1985-09,1.21033
EUR,1985-10,1.182441
EUR,1985-11,1.140148
EUR,1985-12,1.126219
EUR,1986-01,1.102433
EUR,1986-02,1.03018
EUR,1986-03,1.067535
EUR,1986-04,1.016954
EUR,1986-05,1.072467
EUR,1986-06,1.022262
EUR,1986-07,0.98909
EUR,1986-08,0.976105
EUR,1986-09,0.97126
EUR,1986-10,0.989717
EUR,1986-11,0.950525
EUR,1986-12,0.934248
EUR,1987-01,0.879144
EUR,1987-02,0.886124
EUR,1987-03,0.87105
EUR,1987-04,0.8608
EUR,1987-05,0.877647
EUR,1987-06,0.882784
EUR,1987-07,0.894662
EUR,1987-08,0.875879
EUR,1987-09,0.88523
EUR,1987-10,0.843099
EUR,1987-11,0.793047
EUR,1987-12,0.767254
EUR,1988-01,0.812229
EUR,1988-02,0.816873
EUR,1988-03,0.798894
EUR,1988-04,0.804551
EUR,1988-05,0.826918
EUR,1988-06,0.87644
EUR,1988-07,0.899345
EUR,1988-08,0.904421
EUR,1988-09,0.905617
EUR,1988-10,0.853956
EUR,1988-11,0.836652
EUR,1988-12,0.85282
EUR,1989-01,0.892825
EUR,1989-02,0.880413
EUR,1989-03,0.908818
EUR,1989-04,0.903187
EUR,1989-05,0.957203
EUR,1989-06,0.944287
EUR,1989-07,0.898134
EUR,1989-08,0.943779
EUR,1989-09,0.904797
EUR,1989-10,0.895279
EUR,1989-11,0.877786
EUR,1989-12,0.835429
EUR,1990-01,0.82498
EUR,1990-02,0.826282
EUR,1990-03,0.82859
EUR,1990-04,0.82178
EUR,1990-05,0.82352
EUR,1990-06,0.809848
EUR,1990-07,0.771266
EUR,1990-08,0.759169
EUR,1990-09,0.760196
EUR,1990-10,0.737175
EUR,1990-11,0.732928
EUR,1990-12,0.733514
EUR,1991-01,0.723662
EUR,1991-02,0.74068
EUR,1991-03,0.833208
EUR,1991-04,0.840562
EUR,1991-05,0.838588
EUR,1991-06,0.882099
EUR,1991-07,0.850991
EUR,1991-08,0.8485
EUR,1991-09,0.811985
EUR,1991-10,0.818887
EUR,1991-11,0.800339
EUR,1991-12,0.745751
EUR,1992-01,0.789833
EUR,1992-02,0.800923
EUR,1992-03,0.803994
EUR,1992-04,0.808205
EUR,1992-05,0.78365
EUR,1992-06,0.745001
EUR,1992-07,0.7252
EUR,1992-08,0.695202
EUR,1992-09,0.715308
EUR,1992-10,0.78202
EUR,1992-11,0.816173
EUR,1992-12,0.825832
EUR,1993-01,0.819128
EUR,1993-02,0.850398
EUR,1993-03,0.832466
EUR,1993-04,0.80782
EUR,1993-05,0.819148
EUR,1993-06,0.861289
EUR,1993-07,0.897408
EUR,1993-08,0.870148
EUR,1993-09,0.850311
EUR,1993-10,0.876324
EUR,1993-11,0.889719
EUR,1993-12,0.896322
EUR,1994-01,0.895367
EUR,1994-02,0.885669
EUR,1994-03,0.866071
EUR,1994-04,0.85918
EUR,1994-05,0.850731
EUR,1994-06,0.830461
EUR,1994-07,0.830192
EUR,1994-08,0.824817
EUR,1994-09,0.805802
EUR,1994-10,0.788774
EUR,1994-11,0.820176
EUR,1994-12,0.812982
EUR,1995-01,0.796337
EUR,1995-02,0.78183
EUR,1995-03,0.746597
EUR,1995-04,0.746692
EUR,1995-05,0.744469
EUR,1995-06,0.744624
EUR,1995-07,0.736773
EUR,1995-08,0.777381
EUR,1995-09,0.758455
EUR,1995-10,0.753636
EUR,1995-11,0.765738
EUR,1995-12,0.760896
EUR,1996-01,0.789478
EUR,1996-02,0.778095
EUR,1996-03,0.77912
EUR,1996-04,0.800282
EUR,1996-05,0.801057
EUR,1996-06,0.795425
EUR,1996-07,0.772786
EUR,1996-08,0.779144
EUR,1996-09,0.796242
EUR,1996-10,0.785318
EUR,1996-11,0.792042
EUR,1996-12,0.798091
EUR,1997-01,0.840689
EUR,1997-02,0.866078
EUR,1997-03,0.860785
EUR,1997-04,0.881135
EUR,1997-05,0.870277
EUR,1997-06,0.88494
EUR,1997-07,0.925532
EUR,1997-08,0.911544
EUR,1997-09,0.898473
EUR,1997-10,0.875067
EUR,1997-11,0.891806
EUR,1997-12,0.905625
EUR,1998-01,0.922952
EUR,1998-02,0.917431
EUR,1998-03,0.929213
EUR,1998-04,0.908678
EUR,1998-05,0.905994
EUR,1998-06,0.912492
EUR,1998-07,0.903204
EUR,1998-08,0.897481
EUR,1998-09,0.853541
EUR,1998-10,0.844609
EUR,1998-11,0.868282
EUR,1998-12,0.857082
EUR,1999-01,0.878426
EUR,1999-02,0.907606
EUR,1999-03,0.930925
EUR,1999-04,0.943663
EUR,1999-05,0.956389
EUR,1999-06,0.968242
EUR,1999-07,0.935104
EUR,1999-08,0.945805
EUR,1999-09,0.937647
EUR,1999-10,0.956663
EUR,1999-11,0.990393
EUR,1999-12,0.995421
EUR,2000-01,1.021346
EUR,2000-02,1.029442
EUR,2000-03,1.046792
EUR,2000-04,1.100715
EUR,2000-05,1.074922
EUR,2000-06,1.046463
EUR,2000-07,1.0819
EUR,2000-08,1.122839
EUR,2000-09,1.140901
EUR,2000-10,1.188072
EUR,2000-11,1.151543
EUR,2000-12,1.074691
EUR,2001-01,1.076079
EUR,2001-02,1.081315
EUR,2001-03,1.132246
EUR,2001-04,1.126634
EUR,2001-05,1.179245
EUR,2001-06,1.179245
EUR,2001-07,1.142204
EUR,2001-08,1.091941
EUR,2001-09,1.09517
EUR,2001-10,1.10595
EUR,2001-11,1.123848
EUR,2001-12,1.134687
EUR,2002-01,1.157809
EUR,2002-02,1.155936
EUR,2002-03,1.146263
EUR,2002-04,1.110124
EUR,2002-05,1.065303
EUR,2002-06,1.002506
EUR,2002-07,1.022181
EUR,2002-08,1.016984
EUR,2002-09,1.014199
EUR,2002-10,1.013788
EUR,2002-11,1.007354
EUR,2002-12,0.953562
EUR,2003-01,0.924556
EUR,2003-02,0.927472
EUR,2003-03,0.917852
EUR,2003-04,0.898392
EUR,2003-05,0.845881
EUR,2003-06,0.87512
EUR,2003-07,0.883548
EUR,2003-08,0.915164
EUR,2003-09,0.858222
EUR,2003-10,0.860437
EUR,2003-11,0.83375
EUR,2003-12,0.791766
EUR,2004-01,0.807494
EUR,2004-02,0.805283
EUR,2004-03,0.818063
EUR,2004-04,0.83703
EUR,2004-05,0.819807
EUR,2004-06,0.822707
EUR,2004-07,0.830634
EUR,2004-08,0.825696
EUR,2004-09,0.805867
EUR,2004-10,0.785114
EUR,2004-11,0.752162
EUR,2004-12,0.73416
EUR,2005-01,0.767165
EUR,2005-02,0.754318
EUR,2005-03,0.771367
EUR,2005-04,0.771784
EUR,2005-05,0.810964
EUR,2005-06,0.826993
EUR,2005-07,0.826925
EUR,2005-08,0.819807
EUR,2005-09,0.830427
EUR,2005-10,0.831739
EUR,2005-11,0.84969
EUR,2005-12,0.847673
EUR,2006-01,0.825219
EUR,2006-02,0.842105
EUR,2006-03,0.826173
EUR,2006-04,0.797639
EUR,2006-05,0.777122
EUR,2006-06,0.786596
EUR,2006-07,0.783269
EUR,2006-08,0.77815
EUR,2006-09,0.789889
EUR,2006-10,0.78765
EUR,2006-11,0.757576
EUR,2006-12,0.759301
EUR,2007-01,0.771962
EUR,2007-02,0.756945
EUR,2007-03,0.750863
EUR,2007-04,0.735024
EUR,2007-05,0.743329
EUR,2007-06,0.740466
EUR,2007-07,0.729554
EUR,2007-08,0.729661
EUR,2007-09,0.705268
EUR,2007-10,0.692185
EUR,2007-11,0.677461
EUR,2007-12,0.679302
EUR,2008-01,0.672495
EUR,2008-02,0.659326
EUR,2008-03,0.632431
EUR,2008-04,0.643501
EUR,2008-05,0.644828
EUR,2008-06,0.634357
EUR,2008-07,0.640574
EUR,2008-08,0.678656
EUR,2008-09,0.699154
EUR,2008-10,0.783883
EUR,2008-11,0.785731
EUR,2008-12,0.718546
EUR,2009-01,0.780275
EUR,2009-02,0.790889
EUR,2009-03,0.751428
EUR,2009-04,0.753296
EUR,2009-05,0.70932
EUR,2009-06,0.707514
EUR,2009-07,0.707314
EUR,2009-08,0.700673
EUR,2009-09,0.68292
EUR,2009-10,0.675676
EUR,2009-11,0.665646
EUR,2009-12,0.694155
EUR,2010-01,0.716025
EUR,2010-02,0.73692
EUR,2010-03,0.741895
EUR,2010-04,0.751033
EUR,2010-05,0.812546
EUR,2010-06,0.81493
EUR,2010-07,0.767578
EUR,2010-08,0.788644
EUR,2010-09,0.732708
EUR,2010-10,0.721657
EUR,2010-11,0.769349
EUR,2010-12,0.748391
EUR,2011-01,0.730353
EUR,2011-02,0.722857
EUR,2011-03,0.703878
EUR,2011-04,0.672948
EUR,2011-05,0.695169
EUR,2011-06,0.691898
EUR,2011-07,0.701262
EUR,2011-08,0.692042
EUR,2011-09,0.740576
EUR,2011-10,0.714235
EUR,2011-11,0.745268
EUR,2011-12,0.772857
EUR,2012-01,0.758956
EUR,2012-02,0.743882
EUR,2012-03,0.748727
EUR,2012-04,0.756773
EUR,2012-05,0.806257
EUR,2012-06,0.794281
EUR,2012-07,0.814067
EUR,2012-08,0.792959
EUR,2012-09,0.773395
EUR,2012-10,0.769645
EUR,2012-11,0.77006
EUR,2012-12,0.75792
EUR,2013-01,0.738007
EUR,2013-02,0.761673
EUR,2013-03,0.780945
EUR,2013-04,0.764994
EUR,2013-05,0.768876
EUR,2013-06,0.764526
EUR,2013-07,0.753296
EUR,2013-08,0.755572
EUR,2013-09,0.740466
EUR,2013-10,0.733084
EUR,2013-11,0.7347
EUR,2013-12,0.725111
EUR,2014-01,0.739864
EUR,2014-02,0.723956
EUR,2014-03,0.725268
EUR,2014-04,0.722022
EUR,2014-05,0.734916
EUR,2014-06,0.732172
EUR,2014-07,0.74744
EUR,2014-08,0.758265
EUR,2014-09,0.794723
EUR,2014-10,0.798467
EUR,2014-11,0.801089
EUR,2014-12,0.823655
EUR,2015-01,0.884564
EUR,2015-02,0.88968
EUR,2015-03,0.929454
EUR,2015-04,0.891663
EUR,2015-05,0.911577
EUR,2015-06,0.893735
EUR,2015-07,0.911826
EUR,2015-08,0.891663
EUR,2015-09,0.892618
EUR,2015-10,0.907688
EUR,2015-11,0.945269
EUR,2015-12,0.918527
EUR,2016-01,0.915751
EUR,2016-02,0.918442
EUR,2016-03,0.878349
EUR,2016-04,0.876962
EUR,2016-05,0.896539
EUR,2016-06,0.900739
EUR,2016-07,0.899847
EUR,2016-08,0.898311
EUR,2016-09,0.895977
EUR,2016-10,0.913576
EUR,2016-11,0.940291
EUR,2016-12,0.948677
EUR,2017-01,0.9298
EUR,2017-02,0.943663
EUR,2017-03,0.935366
EUR,2017-04,0.914913
EUR,2017-05,0.891186
EUR,2017-06,0.876271
EUR,2017-07,0.852733
EUR,2017-08,0.845666
EUR,2017-09,0.847027
EUR,2017-10,0.859254
EUR,2017-11,0.843953
EUR,2017-12,0.83382
EUR,2018-01,0.802761
EUR,2018-02,0.818733
EUR,2018-03,0.811622
EUR,2018-04,0.827883
EUR,2018-05,0.854774
EUR,2018-06,0.85778
EUR,2018-07,0.852079
EUR,2018-08,0.858295
EUR,2018-09,0.863856
EUR,2018-10,0.883548
EUR,2018-11,0.880359
EUR,2018-12,0.873362
EUR,2019-01,0.870474
EUR,2019-02,0.875964
EUR,2019-03,0.890076
EUR,2019-04,0.891424
EUR,2019-05,0.896781
EUR,2019-06,0.878735
EUR,2019-07,0.896781
EUR,2019-08,0.906125
EUR,2019-09,0.918358
EUR,2019-10,0.896539
EUR,2019-11,0.910581
EUR,2019-12,0.890155
EUR,2020-01,0.904814
EUR,2020-02,0.910996
EUR,2020-03,0.912742
EUR,2020-04,0.919456
EUR,2020-05,0.897989
EUR,2020-06,0.893017
EUR,2020-07,0.844024
EUR,2020-08,0.837521
EUR,2020-09,0.854117
EUR,2020-10,0.854847
EUR,2020-11,0.834725
EUR,2020-12,0.81493
EUR,2021-01,0.823995
EUR,2021-02,0.825014
EUR,2021-03,0.852878
EUR,2021-04,0.827678
EUR,2021-05,0.819605
EUR,2021-06,0.841468
EUR,2021-07,0.840972
EUR,2021-08,0.845023
EUR,2021-09,0.863632
EUR,2021-10,0.858738
EUR,2021-11,0.880049
EUR,2021-12,0.882924
EUR,2022-01,0.896379
EUR,2022-02,0.892937
EUR,2022-03,0.90082
EUR,2022-04,0.948767
EUR,2022-05,0.933445
EUR,2022-06,0.962742
EUR,2022-07,0.980584
EUR,2022-08,1
EUR,2022-09,1.025851
EUR,2022-10,1.008675
EUR,2022-11,0.963763
EUR,2022-12,0.937559
EUR,2023-01,0.923105
EUR,2023-02,0.941708
EUR,2023-03,0.91954
EUR,2023-04,0.910664
EUR,2023-05,0.936067
EUR,2023-06,0.920302
EUR,2023-07,0.907194
EUR,2023-08,0.920132
EUR,2023-09,0.943931
EUR,2023-10,0.941708
EUR,2023-11,0.914829
EUR,2023-12,0.904977
EUR,2024-01,0.922765
EUR,2024-02,0.923702
EUR,2024-03,0.924984
EUR,2024-04,0.93301
EUR,2024-05,0.921489
EUR,2024-06,0.934143
EUR,2024-07,0.923532
EUR,2024-08,0.901957
EUR,2024-09,0.893176
EUR,2024-10,0.918949
EUR,2024-11,0.94679
EUR,2024-12,0.962557
EUR,2025-01,0.962186
EUR,2025-02,0.960523
EUR,2025-03,0.924642
EUR,2025-04,0.879275
EUR,2025-05,0.881912
EUR,2025-06,0.853242
EUR,2025-07,0.873668
EUR,2025-08,0.85778
EUR,2025-09,0.851716
EUR,2025-10,0.865501
EUR,2025-11,0.864603
EUR,2025-12,0.851064
EUR,2026-01,0.838997
EUR,2026-02,0.847099
EUR,2026-03,0.869716
EUR,2026-04,0.854555
EUR,2026-05,0.858811
EUR,2026-06,0.877655
EUR,2026-07,0.870701
EUR,2026-08,0.862366
HKD,1957-01,5.720209
HKD,1957-02,5.721641
HKD,1957-03,5.742167
HKD,1957-04,5.734555
HKD,1957-05,5.733323
HKD,1957-06,5.734555
HKD,1957-07,5.747321
HKD,1957-08,5.751038
HKD,1957-09,5.725529
HKD,1957-10,5.723073
HKD,1957-11,5.703902
HKD,1957-12,5.597779
HKD,1958-01,5.683648
HKD,1958-02,5.683648
HKD,1958-03,5.683648
HKD,1958-04,5.679615
HKD,1958-05,5.682437
HKD,1958-06,5.710006
HKD,1958-07,5.706342
HKD,1958-08,5.71286
HKD,1958-09,5.702683
HKD,1958-10,5.703902
HKD,1958-11,5.707563
HKD,1958-12,5.711433
HKD,1959-01,5.697405
HKD,1959-02,5.705325
HKD,1959-03,5.683648
HKD,1959-04,5.683648
HKD,1959-05,5.692542
HKD,1959-06,5.688496
HKD,1959-07,5.693757
HKD,1959-08,5.705122
HKD,1959-09,5.707563
HKD,1959-10,5.705122
HKD,1959-11,5.71286
HKD,1959-12,5.716532
HKD,1960-01,5.711433
HKD,1960-02,5.708784
HKD,1960-03,5.701261
HKD,1960-04,5.698622
HKD,1960-05,5.711433
HKD,1960-06,5.70248
HKD,1960-07,5.698419
HKD,1960-08,5.693555
HKD,1960-09,5.694973
HKD,1960-10,5.684859
HKD,1960-11,5.694973
HKD,1960-12,5.708784
HKD,1961-01,5.707563
HKD,1961-02,5.725529
HKD,1961-03,5.721641
HKD,1961-04,5.724301
HKD,1961-05,5.733117
HKD,1961-06,5.740931
HKD,1961-07,5.726758
HKD,1961-08,5.705122
HKD,1961-09,5.687283
HKD,1961-10,5.686071
HKD,1961-11,5.691125
HKD,1961-12,5.700043
HKD,1962-01,5.69234
HKD,1962-02,5.686071
HKD,1962-03,5.688496
HKD,1962-04,5.691125
HKD,1962-05,5.696189
HKD,1962-06,5.698622
HKD,1962-07,5.706342
HKD,1962-08,5.712656
HKD,1962-09,5.714083
HKD,1962-10,5.714083
HKD,1962-11,5.71021
HKD,1962-12,5.711433
HKD,1963-01,5.707563
HKD,1963-02,5.711433
HKD,1963-03,5.717553
HKD,1963-04,5.715307
HKD,1963-05,5.716124
HKD,1963-06,5.714695
HKD,1963-07,5.715103
HKD,1963-08,5.720823
HKD,1963-09,5.721232
HKD,1963-10,5.720414
HKD,1963-11,5.72205
HKD,1963-12,5.723482
HKD,1964-01,5.721027
HKD,1964-02,5.720209
HKD,1964-03,5.719801
HKD,1964-04,5.716736
HKD,1964-05,5.720823
HKD,1964-06,5.733528
HKD,1964-07,5.740725
HKD,1964-08,5.749592
HKD,1964-09,5.750832
HKD,1964-10,5.747321
HKD,1964-11,5.734555
HKD,1964-12,5.736816
HKD,1965-01,5.732912
HKD,1965-02,5.728603
HKD,1965-03,5.735993
HKD,1965-04,5.71837
HKD,1965-05,5.731475
HKD,1965-06,5.733528
HKD,1965-07,5.732912
HKD,1965-08,5.735582
HKD,1965-09,5.71286
HKD,1965-10,5.708784
HKD,1965-11,5.710821
HKD,1965-12,5.710821
HKD,1966-01,5.709192
HKD,1966-02,5.716532
HKD,1966-03,5.730654
HKD,1966-04,5.729423
HKD,1966-05,5.73476
HKD,1966-06,5.737844
HKD,1966-07,5.73661
HKD,1966-08,5.738873
HKD,1966-09,5.734144
HKD,1966-10,5.735171
HKD,1966-11,5.735993
HKD,1966-12,5.73661
HKD,1967-01,5.728193
HKD,1967-02,5.730244
HKD,1967-03,5.72205
HKD,1967-04,5.719392
HKD,1967-05,5.727168
HKD,1967-06,5.737021
HKD,1967-07,5.745671
HKD,1967-08,5.746496
HKD,1967-09,5.750625
HKD,1967-10,5.752072
HKD,1967-11,6.0129
HKD,1967-12,6.047134
HKD,1968-01,6.032093
HKD,1968-02,6.055438
HKD,1968-03,6.06023
HKD,1968-04,6.070342
HKD,1968-05,6.105235
HKD,1968-06,6.107285
HKD,1968-07,6.075919
HKD,1968-08,6.104723
HKD,1968-09,6.089395
HKD,1968-10,6.085575
HKD,1968-11,6.102163
HKD,1968-12,6.102675
HKD,1969-01,6.088376
HKD,1969-02,6.078711
HKD,1969-03,6.076173
HKD,1969-04,6.100628
HKD,1969-05,6.08965
HKD,1969-06,6.085066
HKD,1969-07,6.086848
HKD,1969-08,6.110619
HKD,1969-09,6.107029
HKD,1969-10,6.073636
HKD,1969-11,6.072116
HKD,1969-12,6.06124
HKD,1970-01,6.056698
HKD,1970-02,6.045124
HKD,1970-03,6.046129
HKD,1970-04,6.048139
HKD,1970-05,6.05922
HKD,1970-06,6.075158
HKD,1970-07,6.086084
HKD,1970-08,6.105235
HKD,1970-09,6.09373
HKD,1970-10,6.087612
HKD,1970-11,6.091689
HKD,1970-12,6.078965
HKD,1971-01,6.019118
HKD,1971-02,6.022357
HKD,1971-03,6.020612
HKD,1971-04,6.014391
HKD,1971-05,6.017625
HKD,1971-06,6.014391
HKD,1971-07,6.015883
HKD,1971-08,5.933218
HKD,1971-09,5.855621
HKD,1971-10,5.841048
HKD,1971-11,5.834958
HKD,1971-12,5.700771
HKD,1972-01,5.61
HKD,1972-02,5.583
HKD,1972-03,5.565
HKD,1972-04,5.57
HKD,1972-05,5.563
HKD,1972-06,5.84
HKD,1972-07,5.745
HKD,1972-08,5.635
HKD,1972-09,5.655
HKD,1972-10,5.66
HKD,1972-11,5.667
HKD,1972-12,5.694
HKD,1973-01,5.678
HKD,1973-02,5.18
HKD,1973-03,5.14
HKD,1973-04,5.158
HKD,1973-05,5.133
HKD,1973-06,5.02
HKD,1973-07,5.06
HKD,1973-08,5.13
HKD,1973-09,5.105
HKD,1973-10,5.08
HKD,1973-11,5.078
HKD,1973-12,5.09
HKD,1974-01,5.1
HKD,1974-02,5.07
HKD,1974-03,5.065
HKD,1974-04,5.062
HKD,1974-05,5.05
HKD,1974-06,5.038
HKD,1974-07,5.05
HKD,1974-08,5.06
HKD,1974-09,5.058
HKD,1974-10,5.02
HKD,1974-11,4.88
HKD,1974-12,4.93
HKD,1975-01,4.715
HKD,1975-02,4.685
HKD,1975-03,4.85
HKD,1975-04,4.915
HKD,1975-05,4.935
HKD,1975-06,4.965
HKD,1975-07,5.074
HKD,1975-08,5.058
HKD,1975-09,5.092
HKD,1975-10,5.026
HKD,1975-11,5.042
HKD,1975-12,5.04
HKD,1976-01,5.015
HKD,1976-02,4.96
HKD,1976-03,4.937
HKD,1976-04,4.918
HKD,1976-05,4.886
HKD,1976-06,4.936
HKD,1976-07,4.924
HKD,1976-08,4.887
HKD,1976-09,4.868
HKD,1976-10,4.823
HKD,1976-11,4.75
HKD,1976-12,4.677
HKD,1977-01,4.658
HKD,1977-02,4.642
HKD,1977-03,4.631
HKD,1977-04,4.649
HKD,1977-05,4.698
HKD,1977-06,4.685
HKD,1977-07,4.663
HKD,1977-08,4.651
HKD,1977-09,4.678
HKD,1977-10,4.703
HKD,1977-11,4.668
HKD,1977-12,4.62
HKD,1978-01,4.609
HKD,1978-02,4.616
HKD,1978-03,4.63
HKD,1978-04,4.639
HKD,1978-05,4.666
HKD,1978-06,4.654
HKD,1978-07,4.662
HKD,1978-08,4.73
HKD,1978-09,4.746
HKD,1978-10,4.735
HKD,1978-11,4.817
HKD,1978-12,4.81
HKD,1979-01,4.769
HKD,1979-02,4.83
HKD,1979-03,5
HKD,1979-04,5.06
HKD,1979-05,5.099
HKD,1979-06,5.104
HKD,1979-07,5.165
HKD,1979-08,5.068
HKD,1979-09,4.998
HKD,1979-10,5.043
HKD,1979-11,4.983
HKD,1979-12,4.96
HKD,1980-01,4.845
HKD,1980-02,4.943
HKD,1980-03,5.093
HKD,1980-04,4.925
HKD,1980-05,4.91
HKD,1980-06,4.942
HKD,1980-07,4.95
HKD,1980-08,4.957
HKD,1980-09,5.008
HKD,1980-10,5.075
HKD,1980-11,5.125
HKD,1980-12,5.14
HKD,1981-01,5.288
HKD,1981-02,5.337
HKD,1981-03,5.287
HKD,1981-04,5.371
HKD,1981-05,5.4705
HKD,1981-06,5.55
HKD,1981-07,5.787
HKD,1981-08,5.93
HKD,1981-09,6.1375
HKD,1981-10,5.862
HKD,1981-11,5.6125
HKD,1981-12,5.6875
HKD,1982-01,5.79
HKD,1982-02,5.895
HKD,1982-03,5.843
HKD,1982-04,5.817
HKD,1982-05,5.7475
HKD,1982-06,5.9025
HKD,1982-07,5.9405
HKD,1982-08,6.0475
HKD,1982-09,6.285
HKD,1982-10,6.87
HKD,1982-11,6.67
HKD,1982-12,6.48
HKD,1983-01,6.5675
HKD,1983-02,6.616
HKD,1983-03,6.7225
HKD,1983-04,6.905
HKD,1983-05,7.145
HKD,1983-06,7.15
HKD,1983-07,7.24
HKD,1983-08,7.545
HKD,1983-09,8.15
HKD,1983-10,7.8025
HKD,1983-11,7.8085
HKD,1983-12,7.7805
HKD,1984-01,7.8005
HKD,1984-02,7.787
HKD,1984-03,7.817
HKD,1984-04,7.8185
HKD,1984-05,7.8135
HKD,1984-06,7.82
HKD,1984-07,7.84
HKD,1984-08,7.843
HKD,1984-09,7.81
HKD,1984-10,7.822
HKD,1984-11,7.8265
HKD,1984-12,7.825
HKD,1985-01,7.798
HKD,1985-02,7.8
HKD,1985-03,7.797
HKD,1985-04,7.7795
HKD,1985-05,7.773
HKD,1985-06,7.762
HKD,1985-07,7.749
HKD,1985-08,7.8045
HKD,1985-09,7.7625
HKD,1985-10,7.7925
HKD,1985-11,7.8015
HKD,1985-12,7.8075
HKD,1986-01,7.807
HKD,1986-02,7.805
HKD,1986-03,7.8165
HKD,1986-04,7.792
HKD,1986-05,7.811
HKD,1986-06,7.809
HKD,1986-07,7.808
HKD,1986-08,7.8035
HKD,1986-09,7.802
HKD,1986-10,7.7995
HKD,1986-11,7.7845
HKD,1986-12,7.7915
HKD,1987-01,7.765
HKD,1987-02,7.7955
HKD,1987-03,7.799
HKD,1987-04,7.804
HKD,1987-05,7.8085
HKD,1987-06,7.8105
HKD,1987-07,7.8077
HKD,1987-08,7.8075
HKD,1987-09,7.8075
HKD,1987-10,7.804
HKD,1987-11,7.77
HKD,1987-12,7.762
HKD,1988-01,7.775
HKD,1988-02,7.801
HKD,1988-03,7.802
HKD,1988-04,7.818
HKD,1988-05,7.814
HKD,1988-06,7.8035
HKD,1988-07,7.807
HKD,1988-08,7.8055
HKD,1988-09,7.811
HKD,1988-10,7.8105
HKD,1988-11,7.805
HKD,1988-12,7.809
HKD,1989-01,7.7985
HKD,1989-02,7.8015
HKD,1989-03,7.788
HKD,1989-04,7.78
HKD,1989-05,7.776
HKD,1989-06,7.798
HKD,1989-07,7.807
HKD,1989-08,7.811
HKD,1989-09,7.803
HKD,1989-10,7.811
HKD,1989-11,7.8165
HKD,1989-12,7.807
HKD,1990-01,7.812
HKD,1990-02,7.809
HKD,1990-03,7.8095
HKD,1990-04,7.794
HKD,1990-05,7.782
HKD,1990-06,7.7885
HKD,1990-07,7.7645
HKD,1990-08,7.763
HKD,1990-09,7.7635
HKD,1990-10,7.7965
HKD,1990-11,7.8005
HKD,1990-12,7.801
HKD,1991-01,7.7955
HKD,1991-02,7.792
HKD,1991-03,7.794
HKD,1991-04,7.7955
HKD,1991-05,7.738
HKD,1991-06,7.765
HKD,1991-07,7.76
HKD,1991-08,7.761
HKD,1991-09,7.743
HKD,1991-10,7.769
HKD,1991-11,7.762
HKD,1991-12,7.78
HKD,1992-01,7.762
HKD,1992-02,7.757
HKD,1992-03,7.739
HKD,1992-04,7.759
HKD,1992-05,7.7445
HKD,1992-06,7.7305
HKD,1992-07,7.7348
HKD,1992-08,7.7287
HKD,1992-09,7.7237
HKD,1992-10,7.7315
HKD,1992-11,7.741
HKD,1992-12,7.743
HKD,1993-01,7.733
HKD,1993-02,7.734
HKD,1993-03,7.731
HKD,1993-04,7.731
HKD,1993-05,7.7242
HKD,1993-06,7.744
HKD,1993-07,7.756
HKD,1993-08,7.7485
HKD,1993-09,7.7345
HKD,1993-10,7.728
HKD,1993-11,7.7255
HKD,1993-12,7.728
HKD,1994-01,7.7237
HKD,1994-02,7.727
HKD,1994-03,7.728
HKD,1994-04,7.7253
HKD,1994-05,7.7263
HKD,1994-06,7.73
HKD,1994-07,7.7255
HKD,1994-08,7.728
HKD,1994-09,7.7273
HKD,1994-10,7.7275
HKD,1994-11,7.7344
HKD,1994-12,7.7375
HKD,1995-01,7.7355
HKD,1995-02,7.7316
HKD,1995-03,7.7321
HKD,1995-04,7.741
HKD,1995-05,7.7358
HKD,1995-06,7.738
HKD,1995-07,7.7382
HKD,1995-08,7.7414
HKD,1995-09,7.732
HKD,1995-10,7.7319
HKD,1995-11,7.735
HKD,1995-12,7.7323
HKD,1996-01,7.7325
HKD,1996-02,7.7315
HKD,1996-03,7.7348
HKD,1996-04,7.736
HKD,1996-05,7.737
HKD,1996-06,7.741
HKD,1996-07,7.734
HKD,1996-08,7.733
HKD,1996-09,7.7332
HKD,1996-10,7.7323
HKD,1996-11,7.7325
HKD,1996-12,7.7347
HKD,1997-01,7.749
HKD,1997-02,7.7437
HKD,1997-03,7.7485
HKD,1997-04,7.7467
HKD,1997-05,7.749
HKD,1997-06,7.7475
HKD,1997-07,7.743
HKD,1997-08,7.75
HKD,1997-09,7.7385
HKD,1997-10,7.732
HKD,1997-11,7.7304
HKD,1997-12,7.7495
HKD,1998-01,7.7375
HKD,1998-02,7.743
HKD,1998-03,7.7495
HKD,1998-04,7.7465
HKD,1998-05,7.7495
HKD,1998-06,7.7483
HKD,1998-07,7.749
HKD,1998-08,7.7497
HKD,1998-09,7.7492
HKD,1998-10,7.7455
HKD,1998-11,7.743
HKD,1998-12,7.7476
HKD,1999-01,7.747013
HKD,1999-02,7.749319
HKD,1999-03,7.747719
HKD,1999-04,7.749835
HKD,1999-05,7.754208
HKD,1999-06,7.757165
HKD,1999-07,7.763138
HKD,1999-08,7.765913
HKD,1999-09,7.766807
HKD,1999-10,7.774036
HKD,1999-11,7.772011
HKD,1999-12,7.767569
HKD,2000-01,7.78327
HKD,2000-02,7.781552
HKD,2000-03,7.783628
HKD,2000-04,7.779417
HKD,2000-05,7.784801
HKD,2000-06,7.791545
HKD,2000-07,7.806448
HKD,2000-08,7.802605
HKD,2000-09,7.792584
HKD,2000-10,7.799216
HKD,2000-11,7.799747
HKD,2000-12,7.799893
HKD,2001-01,7.799096
HKD,2001-02,7.799849
HKD,2001-03,7.799139
HKD,2001-04,7.798896
HKD,2001-05,7.799764
HKD,2001-06,7.799882
HKD,2001-07,7.799657
HKD,2001-08,7.799738
HKD,2001-09,7.799474
HKD,2001-10,7.800044
HKD,2001-11,7.798944
HKD,2001-12,7.797912
HKD,2002-01,7.799352
HKD,2002-02,7.799098
HKD,2002-03,7.799633
HKD,2002-04,7.799179
HKD,2002-05,7.799723
HKD,2002-06,7.8
HKD,2002-07,7.799857
HKD,2002-08,7.799959
HKD,2002-09,7.799696
HKD,2002-10,7.79927
HKD,2002-11,7.79863
HKD,2002-12,7.798322
HKD,2003-01,7.799834
HKD,2003-02,7.79911
HKD,2003-03,7.799449
HKD,2003-04,7.79894
HKD,2003-05,7.798596
HKD,2003-06,7.798197
HKD,2003-07,7.799169
HKD,2003-08,7.799213
HKD,2003-09,7.745795
HKD,2003-10,7.766047
HKD,2003-11,7.763632
HKD,2003-12,7.763183
HKD,2004-01,7.774629
HKD,2004-02,7.782976
HKD,2004-03,7.790249
HKD,2004-04,7.799699
HKD,2004-05,7.798164
HKD,2004-06,7.799506
HKD,2004-07,7.799817
HKD,2004-08,7.800017
HKD,2004-09,7.796357
HKD,2004-10,7.783073
HKD,2004-11,7.774727
HKD,2004-12,7.773365
HKD,2005-01,7.799847
HKD,2005-02,7.799351
HKD,2005-03,7.79929
HKD,2005-04,7.796326
HKD,2005-05,7.779256
HKD,2005-06,7.772908
HKD,2005-07,7.772348
HKD,2005-08,7.772668
HKD,2005-09,7.757183
HKD,2005-10,7.752391
HKD,2005-11,7.754525
HKD,2005-12,7.754005
HKD,2006-01,7.756643
HKD,2006-02,7.758568
HKD,2006-03,7.759666
HKD,2006-04,7.75337
HKD,2006-05,7.757694
HKD,2006-06,7.767246
HKD,2006-07,7.771285
HKD,2006-08,7.777216
HKD,2006-09,7.791469
HKD,2006-10,7.779301
HKD,2006-11,7.777803
HKD,2006-12,7.77593
HKD,2007-01,7.807009
HKD,2007-02,7.811445
HKD,2007-03,7.814236
HKD,2007-04,7.82036
HKD,2007-05,7.809039
HKD,2007-06,7.817031
HKD,2007-07,7.825053
HKD,2007-08,7.797592
HKD,2007-09,7.761831
HKD,2007-10,7.750121
HKD,2007-11,7.787684
HKD,2007-12,7.798383
HKD,2008-01,7.797646
HKD,2008-02,7.781829
HKD,2008-03,7.783645
HKD,2008-04,7.79453
HKD,2008-05,7.805584
HKD,2008-06,7.798972
HKD,2008-07,7.802767
HKD,2008-08,7.806854
HKD,2008-09,7.769279
HKD,2008-10,7.751039
HKD,2008-11,7.75053
HKD,2008-12,7.75009
HKD,2009-01,7.755852
HKD,2009-02,7.754904
HKD,2009-03,7.750225
HKD,2009-04,7.749981
HKD,2009-05,7.750958
HKD,2009-06,7.750106
HKD,2009-07,7.750035
HKD,2009-08,7.750841
HKD,2009-09,7.75012
HKD,2009-10,7.750135
HKD,2009-11,7.750183
HKD,2009-12,7.754338
HKD,2010-01,7.766719
HKD,2010-02,7.762417
HKD,2010-03,7.764152
HKD,2010-04,7.763199
HKD,2010-05,7.79272
HKD,2010-06,7.78657
HKD,2010-07,7.766349
HKD,2010-08,7.780205
HKD,2010-09,7.760698
HKD,2010-10,7.75543
HKD,2010-11,7.768811
HKD,2010-12,7.772489
HKD,2011-01,7.7974
HKD,2011-02,7.790299
HKD,2011-03,7.782009
HKD,2011-04,7.767631
HKD,2011-05,7.777268
HKD,2011-06,7.782121
HKD,2011-07,7.793408
HKD,2011-08,7.79391
HKD,2011-09,7.791824
HKD,2011-10,7.766231
HKD,2011-11,7.783276
HKD,2011-12,7.767988
HKD,2012-01,7.756072
HKD,2012-02,7.755114
HKD,2012-03,7.764675
HKD,2012-04,7.758892
HKD,2012-05,7.764815
HKD,2012-06,7.756791
HKD,2012-07,7.753663
HKD,2012-08,7.75561
HKD,2012-09,7.753906
HKD,2012-10,7.750096
HKD,2012-11,7.750116
HKD,2012-12,7.750493
HKD,2013-01,7.7569
HKD,2013-02,7.756112
HKD,2013-03,7.764155
HKD,2013-04,7.761016
HKD,2013-05,7.764186
HKD,2013-06,7.75818
HKD,2013-07,7.754878
HKD,2013-08,7.754212
HKD,2013-09,7.754313
HKD,2013-10,7.753024
HKD,2013-11,7.752773
HKD,2013-12,7.753825
HKD,2014-01,7.766277
HKD,2014-02,7.758778
HKD,2014-03,7.758413
HKD,2014-04,7.752996
HKD,2014-05,7.752701
HKD,2014-06,7.750622
HKD,2014-07,7.750131
HKD,2014-08,7.750076
HKD,2014-09,7.767623
HKD,2014-10,7.75511
HKD,2014-11,7.755027
HKD,2014-12,7.756363
HKD,2015-01,7.751968
HKD,2015-02,7.755071
HKD,2015-03,7.753695
HKD,2015-04,7.75078
HKD,2015-05,7.753145
HKD,2015-06,7.752257
HKD,2015-07,7.753442
HKD,2015-08,7.750334
HKD,2015-09,7.750067
HKD,2015-10,7.750023
HKD,2015-11,7.750165
HKD,2015-12,7.750161
HKD,2016-01,7.793132
HKD,2016-02,7.774706
HKD,2016-03,7.754238
HKD,2016-04,7.758134
HKD,2016-05,7.767617
HKD,2016-06,7.758512
HKD,2016-07,7.757581
HKD,2016-08,7.757546
HKD,2016-09,7.754413
HKD,2016-10,7.75507
HKD,2016-11,7.75637
HKD,2016-12,7.755526
HKD,2017-01,7.75788
HKD,2017-02,7.761819
HKD,2017-03,7.770461
HKD,2017-04,7.777127
HKD,2017-05,7.790839
HKD,2017-06,7.804767
HKD,2017-07,7.810864
HKD,2017-08,7.824609
HKD,2017-09,7.810774
HKD,2017-10,7.799364
HKD,2017-11,7.808591
HKD,2017-12,7.814558
HKD,2018-01,7.819941
HKD,2018-02,7.826674
HKD,2018-03,7.848064
HKD,2018-04,7.848415
HKD,2018-05,7.848363
HKD,2018-06,7.845943
HKD,2018-07,7.848841
HKD,2018-08,7.849369
HKD,2018-09,7.824724
HKD,2018-10,7.844761
HKD,2018-11,7.822079
HKD,2018-12,7.831878
HKD,2019-01,7.846187
HKD,2019-02,7.849772
HKD,2019-03,7.850022
HKD,2019-04,7.84516
HKD,2019-05,7.842974
HKD,2019-06,7.808963
HKD,2019-07,7.827908
HKD,2019-08,7.842425
HKD,2019-09,7.839838
HKD,2019-10,7.835844
HKD,2019-11,7.826808
HKD,2019-12,7.786452
HKD,2020-01,7.767191
HKD,2020-02,7.793568
HKD,2020-03,7.753286
HKD,2020-04,7.751011
HKD,2020-05,7.753861
HKD,2020-06,7.750313
HKD,2020-07,7.750253
HKD,2020-08,7.750084
HKD,2020-09,7.750427
HKD,2020-10,7.753975
HKD,2020-11,7.751419
HKD,2020-12,7.753402
HKD,2021-01,7.753214
HKD,2021-02,7.755961
HKD,2021-03,7.774243
HKD,2021-04,7.76494
HKD,2021-05,7.760839
HKD,2021-06,7.766156
HKD,2021-07,7.774872
HKD,2021-08,7.781477
HKD,2021-09,7.788583
HKD,2021-10,7.776986
HKD,2021-11,7.797325
HKD,2021-12,7.799135
HKD,2022-01,7.797956
HKD,2022-02,7.814448
HKD,2022-03,7.829745
HKD,2022-04,7.846584
HKD,2022-05,7.846822
HKD,2022-06,7.845672
HKD,2022-07,7.849971
HKD,2022-08,7.8488
HKD,2022-09,7.849918
HKD,2022-10,7.849707
HKD,2022-11,7.801079
HKD,2022-12,7.797019
HKD,2023-01,7.83698
HKD,2023-02,7.849233
HKD,2023-03,7.849839
HKD,2023-04,7.849832
HKD,2023-05,7.834503
HKD,2023-06,7.837015
HKD,2023-07,7.798784
HKD,2023-08,7.84413
HKD,2023-09,7.830753
HKD,2023-10,7.823618
HKD,2023-11,7.811179
HKD,2023-12,7.811222
HKD,2024-01,7.818954
HKD,2024-02,7.826991
HKD,2024-03,7.824808
HKD,2024-04,7.820209
HKD,2024-05,7.817729
HKD,2024-06,7.808874
HKD,2024-07,7.812061
HKD,2024-08,7.797871
HKD,2024-09,7.764648
HKD,2024-10,7.774122
HKD,2024-11,7.783658
HKD,2024-12,7.766484
HKD,2025-01,7.792745
HKD,2025-02,7.778311
HKD,2025-03,7.779011
HKD,2025-04,7.756441
HKD,2025-05,7.842491
HKD,2025-06,7.849915
HKD,2025-07,7.849991
HKD,2025-08,7.795248
HKD,2025-09,7.781194
HKD,2025-10,7.771075
HKD,2025-11,7.783158
HKD,2025-12,7.78417
HKD,2026-01,7.808289
HKD,2026-02,7.823719
HKD,2026-03,7.839276
HKD,2026-04,7.83302
HKD,2026-05,7.835623
HKD,2026-06,7.841847
HKD,2026-07,7.843187
HKD,2026-08,7.837875
IDR,1967-01,137
IDR,1967-02,137
IDR,1967-03,137
IDR,1967-04,137
IDR,1967-05,137
IDR,1967-06,137
IDR,1967-07,137
IDR,1967-08,144
IDR,1967-09,148
IDR,1967-10,152
IDR,1967-11,206
IDR,1967-12,235
IDR,1968-01,266
IDR,1968-02,266
IDR,1968-03,266
IDR,1968-04,286
IDR,1968-05,300
IDR,1968-06,302
IDR,1968-07,306
IDR,1968-08,310
IDR,1968-09,321
IDR,1968-10,326
IDR,1968-11,326
IDR,1968-12,326
IDR,1969-01,326
IDR,1969-02,326
IDR,1969-03,326
IDR,1969-04,326
IDR,1969-05,326
IDR,1969-06,326
IDR,1969-07,326
IDR,1969-08,326
IDR,1969-09,326
IDR,1969-10,326
IDR,1969-11,326
IDR,1969-12,326
IDR,1970-01,326
IDR,1970-02,326
IDR,1970-03,326
IDR,1970-04,378
IDR,1970-05,378
IDR,1970-06,378
IDR,1970-07,378
IDR,1970-08,378
IDR,1970-09,378
IDR,1970-10,378
IDR,1970-11,378
IDR,1970-12,378
IDR,1971-01,378
IDR,1971-02,378
IDR,1971-03,378
IDR,1971-04,378
IDR,1971-05,378
IDR,1971-06,378
IDR,1971-07,378
IDR,1971-08,415
IDR,1971-09,415
IDR,1971-10,415
IDR,1971-11,415
IDR,1971-12,415
IDR,1972-01,415
IDR,1972-02,415
IDR,1972-03,415
IDR,1972-04,415
IDR,1972-05,415
IDR,1972-06,415
IDR,1972-07,415
IDR,1972-08,415
IDR,1972-09,415
IDR,1972-10,415
IDR,1972-11,415
IDR,1972-12,415
IDR,1973-01,415
IDR,1973-02,415
IDR,1973-03,415
IDR,1973-04,415
IDR,1973-05,415
IDR,1973-06,415
IDR,1973-07,415
IDR,1973-08,415
IDR,1973-09,415
IDR,1973-10,415
IDR,1973-11,415
IDR,1973-12,415
IDR,1974-01,415
IDR,1974-02,415
IDR,1974-03,415
IDR,1974-04,415
IDR,1974-05,415
IDR,1974-06,415
IDR,1974-07,415
IDR,1974-08,415
IDR,1974-09,415
IDR,1974-10,415
IDR,1974-11,415
IDR,1974-12,415
IDR,1975-01,415
IDR,1975-02,415
IDR,1975-03,415
IDR,1975-04,415
IDR,1975-05,415
IDR,1975-06,415
IDR,1975-07,415
IDR,1975-08,415
IDR,1975-09,415
IDR,1975-10,415
IDR,1975-11,415
IDR,1975-12,415
IDR,1976-01,415
IDR,1976-02,415
IDR,1976-03,415
IDR,1976-04,415
IDR,1976-05,415
IDR,1976-06,415
IDR,1976-07,415
IDR,1976-08,415
IDR,1976-09,415
IDR,1976-10,415
IDR,1976-11,415
IDR,1976-12,415
IDR,1977-01,415
IDR,1977-02,415
IDR,1977-03,415
IDR,1977-04,415
IDR,1977-05,415
IDR,1977-06,415
IDR,1977-07,415
IDR,1977-08,415
IDR,1977-09,415
IDR,1977-10,415
IDR,1977-11,415
IDR,1977-12,415
IDR,1978-01,415
IDR,1978-02,415
IDR,1978-03,415
IDR,1978-04,415
IDR,1978-05,415
IDR,1978-06,415
IDR,1978-07,415
IDR,1978-08,415
IDR,1978-09,415
IDR,1978-10,415
IDR,1978-11,625
IDR,1978-12,625
IDR,1979-01,625
IDR,1979-02,622.25
IDR,1979-03,623.5
IDR,1979-04,625.25
IDR,1979-05,626.25
IDR,1979-06,625.75
IDR,1979-07,625.5
IDR,1979-08,625.75
IDR,1979-09,625.5
IDR,1979-10,627.25
IDR,1979-11,627.25
IDR,1979-12,627
IDR,1980-01,627.25
IDR,1980-02,628.5
IDR,1980-03,629
IDR,1980-04,628.5
IDR,1980-05,626.25
IDR,1980-06,625.25
IDR,1980-07,626.5
IDR,1980-08,625.75
IDR,1980-09,625.75
IDR,1980-10,626.5
IDR,1980-11,627.5
IDR,1980-12,626.75
IDR,1981-01,628.25
IDR,1981-02,628.5
IDR,1981-03,628
IDR,1981-04,629
IDR,1981-05,630
IDR,1981-06,631.25
IDR,1981-07,633.5
IDR,1981-08,633
IDR,1981-09,633.75
IDR,1981-10,634.75
IDR,1981-11,634.5
IDR,1981-12,644
IDR,1982-01,646.75
IDR,1982-02,649.75
IDR,1982-03,651.75
IDR,1982-04,651.75
IDR,1982-05,654
IDR,1982-06,657.25
IDR,1982-07,659.75
IDR,1982-08,665
IDR,1982-09,671.25
IDR,1982-10,681
IDR,1982-11,684
IDR,1982-12,692.5
IDR,1983-01,696.25
IDR,1983-02,700.5
IDR,1983-03,702.5
IDR,1983-04,968
IDR,1983-05,969
IDR,1983-06,974
IDR,1983-07,981
IDR,1983-08,984
IDR,1983-09,982
IDR,1983-10,984
IDR,1983-11,991
IDR,1983-12,994
IDR,1984-01,995
IDR,1984-02,993
IDR,1984-03,1000
IDR,1984-04,1005
IDR,1984-05,1009
IDR,1984-06,1014
IDR,1984-07,1027
IDR,1984-08,1048
IDR,1984-09,1059
IDR,1984-10,1061
IDR,1984-11,1067
IDR,1984-12,1074
IDR,1985-01,1082
IDR,1985-02,1092
IDR,1985-03,1102
IDR,1985-04,1109
IDR,1985-05,1117
IDR,1985-06,1118
IDR,1985-07,1116
IDR,1985-08,1119
IDR,1985-09,1121
IDR,1985-10,1123
IDR,1985-11,1122
IDR,1985-12,1125
IDR,1986-01,1127
IDR,1986-02,1128
IDR,1986-03,1125
IDR,1986-04,1124
IDR,1986-05,1130
IDR,1986-06,1131
IDR,1986-07,1131
IDR,1986-08,1132
IDR,1986-09,1633
IDR,1986-10,1640
IDR,1986-11,1650
IDR,1986-12,1641
IDR,1987-01,1633
IDR,1987-02,1644
IDR,1987-03,1644
IDR,1987-04,1641
IDR,1987-05,1649
IDR,1987-06,1648
IDR,1987-07,1640
IDR,1987-08,1640
IDR,1987-09,1650
IDR,1987-10,1648
IDR,1987-11,1650
IDR,1987-12,1650
IDR,1988-01,1660
IDR,1988-02,1660
IDR,1988-03,1660
IDR,1988-04,1667
IDR,1988-05,1671
IDR,1988-06,1683
IDR,1988-07,1688
IDR,1988-08,1694
IDR,1988-09,1702
IDR,1988-10,1713
IDR,1988-11,1716
IDR,1988-12,1725
IDR,1989-01,1729
IDR,1989-02,1731
IDR,1989-03,1741
IDR,1989-04,1742
IDR,1989-05,1759
IDR,1989-06,1757
IDR,1989-07,1765
IDR,1989-08,1775
IDR,1989-09,1774
IDR,1989-10,1786
IDR,1989-11,1782
IDR,1989-12,1784
IDR,1990-01,1793
IDR,1990-02,1802
IDR,1990-03,1801
IDR,1990-04,1816
IDR,1990-05,1823
IDR,1990-06,1832
IDR,1990-07,1839
IDR,1990-08,1844
IDR,1990-09,1846
IDR,1990-10,1854
IDR,1990-11,1867
IDR,1990-12,1880
IDR,1991-01,1895
IDR,1991-02,1903
IDR,1991-03,1914
IDR,1991-04,1937.5
IDR,1991-05,1942.5
IDR,1991-06,1935
IDR,1991-07,1955
IDR,1991-08,1961
IDR,1991-09,1967
IDR,1991-10,1979
IDR,1991-11,1980
IDR,1991-12,1994.5
IDR,1992-01,2000.5
IDR,1992-02,2010.25
IDR,1992-03,2014
IDR,1992-04,2020.5
IDR,1992-05,2030
IDR,1992-06,2033
IDR,1992-07,2031
IDR,1992-08,2031.5
IDR,1992-09,2038
IDR,1992-10,2045.5
IDR,1992-11,2064
IDR,1992-12,2067.5
IDR,1993-01,2065
IDR,1993-02,2067
IDR,1993-03,2071
IDR,1993-04,2079.5
IDR,1993-05,2081.38
IDR,1993-06,2089
IDR,1993-07,2096
IDR,1993-08,2102
IDR,1993-09,2106.5
IDR,1993-10,2101.55
IDR,1993-11,2103.35
IDR,1993-12,2111.25
IDR,1994-01,2115.25
IDR,1994-02,2145.13
IDR,1994-03,2155
IDR,1994-04,2156.5
IDR,1994-05,2164.25
IDR,1994-06,2169.98
IDR,1994-07,2165.38
IDR,1994-08,2173.75
IDR,1994-09,2176.05
IDR,1994-10,2171.13
IDR,1994-11,2178.55
IDR,1994-12,2198
IDR,1995-01,2217
IDR,1995-02,2216.75
IDR,1995-03,2238
IDR,1995-04,2233
IDR,1995-05,2226.5
IDR,1995-06,2227
IDR,1995-07,2234
IDR,1995-08,2266.5
IDR,1995-09,2266
IDR,1995-10,2271
IDR,1995-11,2283.5
IDR,1995-12,2286.5
IDR,1996-01,2291.5
IDR,1996-02,2316.5
IDR,1996-03,2337.5
IDR,1996-04,2329.5
IDR,1996-05,2332.5
IDR,1996-06,2327.5
IDR,1996-07,2351.5
IDR,1996-08,2342
IDR,1996-09,2321.5
IDR,1996-10,2329.32
IDR,1996-11,2345
IDR,1996-12,2362.5
IDR,1997-01,2376.5
IDR,1997-02,2406
IDR,1997-03,2418
IDR,1997-04,2433
IDR,1997-05,2440
IDR,1997-06,2450
IDR,1997-07,2599
IDR,1997-08,3035
IDR,1997-09,3275
IDR,1997-10,3670
IDR,1997-11,3648
IDR,1997-12,4650
IDR,1998-01,10375
IDR,1998-02,8750
IDR,1998-03,8325
IDR,1998-04,7970
IDR,1998-05,10525
IDR,1998-06,14900
IDR,1998-07,13000
IDR,1998-08,11075
IDR,1998-09,10700
IDR,1998-10,7550
IDR,1998-11,7300
IDR,1998-12,8025
IDR,1999-01,8923.0499
IDR,1999-02,8828.2175
IDR,1999-03,8698.7991
IDR,1999-04,8226.9038
IDR,1999-05,8099.254
IDR,1999-06,6665.0077
IDR,1999-07,6835.9641
IDR,1999-08,7705.7316
IDR,1999-09,8400.4032
IDR,1999-10,6908.3134
IDR,1999-11,7330.0881
IDR,1999-12,7020.4758
IDR,2000-01,7426.5244
IDR,2000-02,7413.8563
IDR,2000-03,7602.2192
IDR,2000-04,7924.9642
IDR,2000-05,8636.1819
IDR,2000-06,8748.1373
IDR,2000-07,8897.0248
IDR,2000-08,8282.4388
IDR,2000-09,8769.9943
IDR,2000-10,9405.5364
IDR,2000-11,9519.0811
IDR,2000-12,9755.7765
IDR,2001-01,9456.0314
IDR,2001-02,9827.66
IDR,2001-03,10403.351
IDR,2001-04,11601.994
IDR,2001-05,11125.672
IDR,2001-06,11390.672
IDR,2001-07,9497.3044
IDR,2001-08,8859.5982
IDR,2001-09,9719.3517
IDR,2001-10,10472.119
IDR,2001-11,10467.948
IDR,2001-12,10470.248
IDR,2002-01,10316.198
IDR,2002-02,10149.416
IDR,2002-03,9823.8767
IDR,2002-04,9331.5608
IDR,2002-05,8691.9463
IDR,2002-06,8713.8747
IDR,2002-07,9064.0397
IDR,2002-08,8854.551
IDR,2002-09,8994.4625
IDR,2002-10,9230.4745
IDR,2002-11,8977.9591
IDR,2002-12,8951.2825
IDR,2003-01,8872.4667
IDR,2003-02,8884.7338
IDR,2003-03,8901.5053
IDR,2003-04,8672.3385
IDR,2003-05,8314.5745
IDR,2003-06,8271.4536
IDR,2003-07,8510.3817
IDR,2003-08,8488.112
IDR,2003-09,8397.1679
IDR,2003-10,8498.3308
IDR,2003-11,8506.0697
IDR,2003-12,8426.8409
IDR,2004-01,8457.8165
IDR,2004-02,8451.9407
IDR,2004-03,8565.2487
IDR,2004-04,8785.8793
IDR,2004-05,9272.4463
IDR,2004-06,9400.3867
IDR,2004-07,9129.6204
IDR,2004-08,9375.0062
IDR,2004-09,9160.3675
IDR,2004-10,9095.0067
IDR,2004-11,9025.8744
IDR,2004-12,9290.0007
IDR,2005-01,9169.6663
IDR,2005-02,9256.8002
IDR,2005-03,9468.4434
IDR,2005-04,9559.9985
IDR,2005-05,9507.5014
IDR,2005-06,9762.5041
IDR,2005-07,9805.0029
IDR,2005-08,10294.999
IDR,2005-09,10290.002
IDR,2005-10,10114.996
IDR,2005-11,10034.999
IDR,2005-12,9829.9992
IDR,2006-01,9373.9974
IDR,2006-02,9182.5011
IDR,2006-03,9065.0033
IDR,2006-04,8807.0033
IDR,2006-05,9254.9969
IDR,2006-06,9262.9985
IDR,2006-07,9095.0027
IDR,2006-08,9096.9963
IDR,2006-09,9225
IDR,2006-10,9112.5
IDR,2006-11,9165
IDR,2006-12,8993.5004
IDR,2007-01,9100
IDR,2007-02,9131.4965
IDR,2007-03,9125.0038
IDR,2007-04,9082.9989
IDR,2007-05,8830.0007
IDR,2007-06,9035.0019
IDR,2007-07,9225.0018
IDR,2007-08,9390.0036
IDR,2007-09,9145.0032
IDR,2007-10,9097.0028
IDR,2007-11,9370.002
IDR,2007-12,9392.5005
IDR,2008-01,9246.503
IDR,2008-02,9098.7011
IDR,2008-03,9215.0013
IDR,2008-04,9222.0013
IDR,2008-05,9314.9987
IDR,2008-06,9229.9987
IDR,2008-07,9094.9971
IDR,2008-08,9150.0034
IDR,2008-09,9430.0007
IDR,2008-10,10900
IDR,2008-11,12250.004
IDR,2008-12,10950.004
IDR,2009-01,11400
IDR,2009-02,11979.998
IDR,2009-03,11700
IDR,2009-04,10600
IDR,2009-05,10312.995
IDR,2009-06,10207.712
IDR,2009-07,9950.7498
IDR,2009-08,10082.784
IDR,2009-09,9649.6824
IDR,2009-10,9581.5811
IDR,2009-11,9467.2436
IDR,2009-12,9458.6492
IDR,2010-01,9359.3226
IDR,2010-02,9323.5372
IDR,2010-03,9071.3406
IDR,2010-04,9009.7935
IDR,2010-05,9162.3791
IDR,2010-06,9063.5238
IDR,2010-07,8940.0445
IDR,2010-08,9047.1767
IDR,2010-09,8919.578
IDR,2010-10,8936.92
IDR,2010-11,9051.4618
IDR,2010-12,8982.2931
IDR,2011-01,9057.3912
IDR,2011-02,8816.3221
IDR,2011-03,8704.6878
IDR,2011-04,8565.4441
IDR,2011-05,8542.9128
IDR,2011-06,8577.7416
IDR,2011-07,8505.3226
IDR,2011-08,8529.8478
IDR,2011-09,9074.9981
IDR,2011-10,8854.5961
IDR,2011-11,9111.0225
IDR,2011-12,9066.7517
IDR,2012-01,8982.6655
IDR,2012-02,9044.499
IDR,2012-03,9168.3438
IDR,2012-04,9186.5748
IDR,2012-05,9526.808
IDR,2012-06,9434.8769
IDR,2012-07,9448.5428
IDR,2012-08,9549.1951
IDR,2012-09,9575.2978
IDR,2012-10,9606.3727
IDR,2012-11,9603.3344
IDR,2012-12,9636.1755
IDR,2013-01,9698.3616
IDR,2013-02,9674.8572
IDR,2013-03,9721.1714
IDR,2013-04,9719.4767
IDR,2013-05,9797.3781
IDR,2013-06,9923.8609
IDR,2013-07,10261.07
IDR,2013-08,11272.021
IDR,2013-09,11421.896
IDR,2013-10,11271.417
IDR,2013-11,11740.908
IDR,2013-12,12156.319
IDR,2014-01,12181.548
IDR,2014-02,11611.417
IDR,2014-03,11360.001
IDR,2014-04,11560.339
IDR,2014-05,11705.152
IDR,2014-06,11896.434
IDR,2014-07,11578.279
IDR,2014-08,11705.801
IDR,2014-09,12212.485
IDR,2014-10,12112.488
IDR,2014-11,12244.436
IDR,2014-12,12417.511
IDR,2015-01,12686.51
IDR,2015-02,12950.142
IDR,2015-03,13062.348
IDR,2015-04,12971.654
IDR,2015-05,13229.025
IDR,2015-06,13350.997
IDR,2015-07,13555.476
IDR,2015-08,14060.892
IDR,2015-09,14592.35
IDR,2015-10,13679.459
IDR,2015-11,13843.87
IDR,2015-12,13814.632
IDR,2016-01,13706.63
IDR,2016-02,13371.997
IDR,2016-03,13197.049
IDR,2016-04,13185.004
IDR,2016-05,13609.835
IDR,2016-06,13152.315
IDR,2016-07,13101.503
IDR,2016-08,13283.004
IDR,2016-09,13050.999
IDR,2016-10,13040.216
IDR,2016-11,13552.496
IDR,2016-12,13446.001
IDR,2017-01,13355.239
IDR,2017-02,13336.001
IDR,2017-03,13317.688
IDR,2017-04,13329.003
IDR,2017-05,13308.003
IDR,2017-06,13327.497
IDR,2017-07,13323.996
IDR,2017-08,13346.385
IDR,2017-09,13457.996
IDR,2017-10,13565.003
IDR,2017-11,13532.999
IDR,2017-12,13540.499
IDR,2018-01,13375.997
IDR,2018-02,13749.001
IDR,2018-03,13743.998
IDR,2018-04,13905.249
IDR,2018-05,13907.001
IDR,2018-06,14285.504
IDR,2018-07,14419.998
IDR,2018-08,14788.43
IDR,2018-09,14901.503
IDR,2018-10,15202.5
IDR,2018-11,14302.5
IDR,2018-12,14410.48
IDR,2019-01,13910.498
IDR,2019-02,14076.498
IDR,2019-03,14240
IDR,2019-04,14221.501
IDR,2019-05,14332.499
IDR,2019-06,14132.996
IDR,2019-07,14025.02
IDR,2019-08,14185.004
IDR,2019-09,14195.004
IDR,2019-10,14077.013
IDR,2019-11,14104.999
IDR,2019-12,13882.5
IDR,2020-01,13655.004
IDR,2020-02,14347.499
IDR,2020-03,16310.004
IDR,2020-04,14875
IDR,2020-05,14610.004
IDR,2020-06,14452.947
IDR,2020-07,14655.638
IDR,2020-08,14576.549
IDR,2020-09,14945.2
IDR,2020-10,14625.004
IDR,2020-11,14162.304
IDR,2020-12,14050.004
IDR,2021-01,14003.098
IDR,2021-02,14316.896
IDR,2021-03,14524.998
IDR,2021-04,14421.652
IDR,2021-05,14263.552
IDR,2021-06,14540.811
IDR,2021-07,14451.653
IDR,2021-08,14263.723
IDR,2021-09,14312.143
IDR,2021-10,14217.501
IDR,2021-11,14325.046
IDR,2021-12,14215.451
IDR,2022-01,14375.009
IDR,2022-02,14376.927
IDR,2022-03,14365.372
IDR,2022-04,14517.571
IDR,2022-05,14543.219
IDR,2022-06,14972.562
IDR,2022-07,14861.306
IDR,2022-08,14849.93
IDR,2022-09,15247.497
IDR,2022-10,15623.916
IDR,2022-11,15682.161
IDR,2022-12,15488.299
IDR,2023-01,15030.527
IDR,2023-02,15249.477
IDR,2023-03,14988.68
IDR,2023-04,14672.525
IDR,2023-05,15005.513
IDR,2023-06,15078.723
IDR,2023-07,15079.969
IDR,2023-08,15229.996
IDR,2023-09,15464.999
IDR,2023-10,15884.999
IDR,2023-11,15534.846
IDR,2023-12,15456.751
IDR,2024-01,15757.396
IDR,2024-02,15738.204
IDR,2024-03,15870.752
IDR,2024-04,16255.001
IDR,2024-05,16256.653
IDR,2024-06,16335.553
IDR,2024-07,16285.953
IDR,2024-08,15495.653
IDR,2024-09,15162.451
IDR,2024-10,15719.399
IDR,2024-11,15862.346
IDR,2024-12,16191.048
IDR,2025-01,16300.597
IDR,2025-02,16548.045
IDR,2025-03,16637.05
IDR,2025-04,16620.047
IDR,2025-05,16332.948
IDR,2025-06,16229.548
IDR,2025-07,16497.353
IDR,2025-08,16475.699
IDR,2025-09,16675.701
IDR,2025-10,16661.901
IDR,2025-11,16660.099
IDR,2025-12,16715.6
IDR,2026-01,16788.321
IDR,2026-02,16801.101
IDR,2026-03,16964.898
IDR,2026-04,17345.702
IDR,2026-05,17816.249
IDR,2026-06,17903.203
IDR,2026-07,18052.399
IDR,2026-08,17710.003
JPY,1957-01,360.8
JPY,1957-02,360.8
JPY,1957-03,360.8
JPY,1957-04,360.8
JPY,1957-05,360.8
JPY,1957-06,360.8
JPY,1957-07,360.8
JPY,1957-08,360.8
JPY,1957-09,360.8
JPY,1957-10,360.8
JPY,1957-11,360.8
JPY,1957-12,359.66
JPY,1958-01,360.8
JPY,1958-02,360.8
JPY,1958-03,360.8
JPY,1958-04,360.8
JPY,1958-05,360.8
JPY,1958-06,360.8
JPY,1958-07,360.8
JPY,1958-08,360.8
JPY,1958-09,360.8
JPY,1958-10,360.8
JPY,1958-11,360.8
JPY,1958-12,359.7
JPY,1959-01,360.8
JPY,1959-02,360.8
JPY,1959-03,360.8
JPY,1959-04,360.8
JPY,1959-05,360.8
JPY,1959-06,360.8
JPY,1959-07,360.8
JPY,1959-08,360.8
JPY,1959-09,358.65
JPY,1959-10,358.2
JPY,1959-11,358.2
JPY,1959-12,359.2
JPY,1960-01,361.77
JPY,1960-02,361.77
JPY,1960-03,358.22
JPY,1960-04,361.77
JPY,1960-05,361.25
JPY,1960-06,360.5
JPY,1960-07,358.21
JPY,1960-08,358.2
JPY,1960-09,358.2
JPY,1960-10,358.23
JPY,1960-11,360
JPY,1960-12,358.22
JPY,1961-01,358.25
JPY,1961-02,358.2
JPY,1961-03,358.2
JPY,1961-04,361.75
JPY,1961-05,361.77
JPY,1961-06,361.73
JPY,1961-07,361.77
JPY,1961-08,361.77
JPY,1961-09,361.77
JPY,1961-10,361.77
JPY,1961-11,361.76
JPY,1961-12,361.77
JPY,1962-01,361.77
JPY,1962-02,361.77
JPY,1962-03,361
JPY,1962-04,361.77
JPY,1962-05,361.65
JPY,1962-06,361.75
JPY,1962-07,361.77
JPY,1962-08,361.1
JPY,1962-09,358.35
JPY,1962-10,358.4
JPY,1962-11,358.4
JPY,1962-12,358.2
JPY,1963-01,358.6
JPY,1963-02,358.4
JPY,1963-03,358.85
JPY,1963-04,361.6
JPY,1963-05,362.35
JPY,1963-06,362.4
JPY,1963-07,362.53
JPY,1963-08,362.16
JPY,1963-09,362.02
JPY,1963-10,362.25
JPY,1963-11,362.5
JPY,1963-12,361.95
JPY,1964-01,362.44
JPY,1964-02,362.54
JPY,1964-03,361.9
JPY,1964-04,362.52
JPY,1964-05,362.52
JPY,1964-06,362.56
JPY,1964-07,362.54
JPY,1964-08,362.47
JPY,1964-09,360.7
JPY,1964-10,362.19
JPY,1964-11,360.71
JPY,1964-12,358.3
JPY,1965-01,358.93
JPY,1965-02,360.2
JPY,1965-03,360.95
JPY,1965-04,362.55
JPY,1965-05,362.06
JPY,1965-06,362.05
JPY,1965-07,362.2
JPY,1965-08,362.33
JPY,1965-09,362.29
JPY,1965-10,362.1
JPY,1965-11,361.19
JPY,1965-12,360.9
JPY,1966-01,361.25
JPY,1966-02,361.72
JPY,1966-03,362.07
JPY,1966-04,362.5
JPY,1966-05,362.35
JPY,1966-06,362.5
JPY,1966-07,362.52
JPY,1966-08,362.57
JPY,1966-09,362.45
JPY,1966-10,362.53
JPY,1966-11,362.57
JPY,1966-12,362.47
JPY,1967-01,362.62
JPY,1967-02,362.37
JPY,1967-03,361.84
JPY,1967-04,361.87
JPY,1967-05,361.96
JPY,1967-06,361.935
JPY,1967-07,362.14
JPY,1967-08,362.21
JPY,1967-09,361.7
JPY,1967-10,361.96
JPY,1967-11,362.1
JPY,1967-12,361.91
JPY,1968-01,362.06
JPY,1968-02,361.88
JPY,1968-03,362
JPY,1968-04,362.32
JPY,1968-05,362
JPY,1968-06,361.5
JPY,1968-07,359.95
JPY,1968-08,359.39
JPY,1968-09,358.85
JPY,1968-10,358.1
JPY,1968-11,357.8
JPY,1968-12,357.7
JPY,1969-01,357.86
JPY,1969-02,357.77
JPY,1969-03,357.9
JPY,1969-04,358.2
JPY,1969-05,358.55
JPY,1969-06,358.97
JPY,1969-07,359.75
JPY,1969-08,359.2
JPY,1969-09,357.65
JPY,1969-10,357.72
JPY,1969-11,357.75
JPY,1969-12,357.72176
JPY,1970-01,357.58604
JPY,1970-02,357.68299
JPY,1970-03,357.72461
JPY,1970-04,358.51085
JPY,1970-05,359.16955
JPY,1970-06,358.95205
JPY,1970-07,358.78458
JPY,1970-08,358.08679
JPY,1970-09,357.83251
JPY,1970-10,357.5874
JPY,1970-11,357.45079
JPY,1970-12,357.82246
JPY,1971-01,357.72
JPY,1971-02,357.56
JPY,1971-03,357.42
JPY,1971-04,357.4
JPY,1971-05,357.4
JPY,1971-06,357.4
JPY,1971-07,357.39
JPY,1971-08,339.85
JPY,1971-09,335.35
JPY,1971-10,329.5
JPY,1971-11,327.44
JPY,1971-12,315.01
JPY,1972-01,310.56
JPY,1972-02,303.4
JPY,1972-03,304.32
JPY,1972-04,304.88
JPY,1972-05,304.69
JPY,1972-06,300.93
JPY,1972-07,301.39
JPY,1972-08,301.11
JPY,1972-09,301.11
JPY,1972-10,301.11
JPY,1972-11,301.11
JPY,1972-12,301.66
JPY,1973-01,301.39
JPY,1973-02,265.67
JPY,1973-03,265.96
JPY,1973-04,265.53
JPY,1973-05,264.69
JPY,1973-06,263.16
JPY,1973-07,263.44
JPY,1973-08,265.39
JPY,1973-09,265.6
JPY,1973-10,266.95
JPY,1973-11,280.11
JPY,1973-12,280.27
JPY,1974-01,298.77
JPY,1974-02,288.43
JPY,1974-03,276.09
JPY,1974-04,279.64
JPY,1974-05,281.93
JPY,1974-06,284.25
JPY,1974-07,298.24
JPY,1974-08,302.94
JPY,1974-09,298.33
JPY,1974-10,299.94
JPY,1974-11,300.3
JPY,1974-12,301.02
JPY,1975-01,297.97
JPY,1975-02,286.45
JPY,1975-03,294.03
JPY,1975-04,292.23
JPY,1975-05,291.55
JPY,1975-06,293.7501
JPY,1975-07,297.52259
JPY,1975-08,297.73691
JPY,1975-09,302.07707
JPY,1975-10,300.99493
JPY,1975-11,303.02395
JPY,1975-12,304.05739
JPY,1976-01,303.71502
JPY,1976-02,302.05405
JPY,1976-03,299.29144
JPY,1976-04,299.07414
JPY,1976-05,299.60391
JPY,1976-06,297.97206
JPY,1976-07,292.8461
JPY,1976-08,289.03454
JPY,1976-09,286.60621
JPY,1976-10,294.1081
JPY,1976-11,296.67305
JPY,1976-12,292.66011
JPY,1977-01,288.66468
JPY,1977-02,282.66049
JPY,1977-03,277.20491
JPY,1977-04,277.49298
JPY,1977-05,277.42412
JPY,1977-06,266.92481
JPY,1977-07,266.21922
JPY,1977-08,267.44659
JPY,1977-09,263.49063
JPY,1977-10,249.46816
JPY,1977-11,244.80471
JPY,1977-12,239.21604
JPY,1978-01,241.56141
JPY,1978-02,238.44453
JPY,1978-03,222.53651
JPY,1978-04,222.60371
JPY,1978-05,222.61137
JPY,1978-06,204.43848
JPY,1978-07,189.82372
JPY,1978-08,189.80423
JPY,1978-09,188.74256
JPY,1978-10,176.69688
JPY,1978-11,197.5886
JPY,1978-12,192.8752
JPY,1979-01,200.90233
JPY,1979-02,202.27963
JPY,1979-03,209.70023
JPY,1979-04,221.87042
JPY,1979-05,219.59896
JPY,1979-06,217.49983
JPY,1979-07,217.24984
JPY,1979-08,220.66968
JPY,1979-09,223.64993
JPY,1979-10,238.20057
JPY,1979-11,249.44928
JPY,1979-12,239.50041
JPY,1980-01,239.29929
JPY,1980-02,250.70012
JPY,1980-03,250.19956
JPY,1980-04,238.85056
JPY,1980-05,224.40073
JPY,1980-06,217.94979
JPY,1980-07,227.50062
JPY,1980-08,218.99976
JPY,1980-09,210.96976
JPY,1980-10,211.721
JPY,1980-11,216.55069
JPY,1980-12,202.69924
JPY,1981-01,205.75086
JPY,1981-02,209.49952
JPY,1981-03,209.95073
JPY,1981-04,215.24994
JPY,1981-05,223.80008
JPY,1981-06,226
JPY,1981-07,239.6004
JPY,1981-08,229.15073
JPY,1981-09,232.5
JPY,1981-10,233.39855
JPY,1981-11,213.80068
JPY,1981-12,219.60062
JPY,1982-01,228.27043
JPY,1982-02,236.71878
JPY,1982-03,247.04954
JPY,1982-04,235.69919
JPY,1982-05,243.14949
JPY,1982-06,255.40021
JPY,1982-07,256.30001
JPY,1982-08,259.70015
JPY,1982-09,268.20024
JPY,1982-10,277.59964
JPY,1982-11,252.39985
JPY,1982-12,234.75018
JPY,1983-01,238.10031
JPY,1983-02,236.10015
JPY,1983-03,238.99969
JPY,1983-04,237.49965
JPY,1983-05,238.40003
JPY,1983-06,239.69997
JPY,1983-07,241.75035
JPY,1983-08,246.65053
JPY,1983-09,235.55025
JPY,1983-10,233.84996
JPY,1983-11,233.04988
JPY,1983-12,231.75
JPY,1984-01,234.52002
JPY,1984-02,233.46029
JPY,1984-03,224.47059
JPY,1984-04,226.75028
JPY,1984-05,231.29977
JPY,1984-06,236.99943
JPY,1984-07,245.30056
JPY,1984-08,241.64979
JPY,1984-09,245.04928
JPY,1984-10,245.60071
JPY,1984-11,246.94967
JPY,1984-12,251.1503
JPY,1985-01,255.04952
JPY,1985-02,259.3504
JPY,1985-03,250.59998
JPY,1985-04,251.35065
JPY,1985-05,251.95043
JPY,1985-06,249.15062
JPY,1985-07,236.49937
JPY,1985-08,236.9604
JPY,1985-09,216.74951
JPY,1985-10,211.34954
JPY,1985-11,202.45041
JPY,1985-12,200.70006
JPY,1986-01,192.94994
JPY,1986-02,180.10022
JPY,1986-03,179.40041
JPY,1986-04,168.54989
JPY,1986-05,173.39961
JPY,1986-06,163.74998
JPY,1986-07,153.64925
JPY,1986-08,155.75023
JPY,1986-09,154.50034
JPY,1986-10,163.8496
JPY,1986-11,161.94953
JPY,1986-12,159.79932
JPY,1987-01,152.80051
JPY,1987-02,153.4005
JPY,1987-03,146.09944
JPY,1987-04,139.65017
JPY,1987-05,143.89991
JPY,1987-06,147.0003
JPY,1987-07,149.54998
JPY,1987-08,142.35051
JPY,1987-09,146.15058
JPY,1987-10,138.92083
JPY,1987-11,132.20007
JPY,1987-12,121.45011
JPY,1988-01,127.96992
JPY,1988-02,128.22052
JPY,1988-03,124.00038
JPY,1988-04,124.6997
JPY,1988-05,125.00021
JPY,1988-06,133.39936
JPY,1988-07,132.85038
JPY,1988-08,136.44906
JPY,1988-09,134.5701
JPY,1988-10,124.69983
JPY,1988-11,122.16961
JPY,1988-12,124.89979
JPY,1989-01,129.40074
JPY,1989-02,127.26993
JPY,1989-03,132.48026
JPY,1989-04,132.77035
JPY,1989-05,142.56971
JPY,1989-06,143.80076
JPY,1989-07,137.25009
JPY,1989-08,144.65019
JPY,1989-09,139.30077
JPY,1989-10,142.26971
JPY,1989-11,142.59983
JPY,1989-12,143.6002
JPY,1990-01,144.35012
JPY,1990-02,148.60028
JPY,1990-03,157.49915
JPY,1990-04,159.14929
JPY,1990-05,152.25068
JPY,1990-06,152.20036
JPY,1990-07,146.55051
JPY,1990-08,143.35006
JPY,1990-09,138.25003
JPY,1990-10,129.64992
JPY,1990-11,133.3497
JPY,1990-12,135.65026
JPY,1991-01,131.70003
JPY,1991-02,132.29959
JPY,1991-03,140.44977
JPY,1991-04,137.40081
JPY,1991-05,138.05011
JPY,1991-06,138.01934
JPY,1991-07,137.74998
JPY,1991-08,136.74939
JPY,1991-09,132.80013
JPY,1991-10,131.24954
JPY,1991-11,130.04954
JPY,1991-12,124.94985
JPY,1992-01,125.16962
JPY,1992-02,129.35061
JPY,1992-03,133.00075
JPY,1992-04,133.5995
JPY,1992-05,128.25058
JPY,1992-06,125.89996
JPY,1992-07,127.45027
JPY,1992-08,123.39982
JPY,1992-09,119.59943
JPY,1992-10,123.1298
JPY,1992-11,124.80024
JPY,1992-12,124.75019
JPY,1993-01,124.66969
JPY,1993-02,117.92044
JPY,1993-03,114.95026
JPY,1993-04,110.84983
JPY,1993-05,107.20032
JPY,1993-06,105.56996
JPY,1993-07,104.29948
JPY,1993-08,104.23066
JPY,1993-09,105.29999
JPY,1993-10,108.48983
JPY,1993-11,108.97015
JPY,1993-12,111.80008
JPY,1994-01,109.01993
JPY,1994-02,104.27955
JPY,1994-03,102.85024
JPY,1994-04,100.95025
JPY,1994-05,104.51993
JPY,1994-06,99.000125
JPY,1994-07,100.52966
JPY,1994-08,100.20043
JPY,1994-09,98.520548
JPY,1994-10,97.320534
JPY,1994-11,99.000205
JPY,1994-12,99.719521
JPY,1995-01,98.729843
JPY,1995-02,96.829678
JPY,1995-03,87.199588
JPY,1995-04,84.07007
JPY,1995-05,82.799798
JPY,1995-06,84.849884
JPY,1995-07,87.819667
JPY,1995-08,97.20065
JPY,1995-09,98.769786
JPY,1995-10,102.11998
JPY,1995-11,101.23054
JPY,1995-12,103.16989
JPY,1996-01,107.07056
JPY,1996-02,104.89966
JPY,1996-03,106.47994
JPY,1996-04,104.31992
JPY,1996-05,108.37025
JPY,1996-06,109.81952
JPY,1996-07,106.81983
JPY,1996-08,108.78952
JPY,1996-09,111.62035
JPY,1996-10,113.64961
JPY,1996-11,113.71024
JPY,1996-12,116.40077
JPY,1997-01,121.40984
JPY,1997-02,120.81013
JPY,1997-03,123.58982
JPY,1997-04,126.79972
JPY,1997-05,116.46998
JPY,1997-06,114.42983
JPY,1997-07,118.14968
JPY,1997-08,119.45052
JPY,1997-09,121.17969
JPY,1997-10,120.22017
JPY,1997-11,127.65937
JPY,1997-12,130.12018
JPY,1998-01,127.24923
JPY,1998-02,126.3
JPY,1998-03,132.81979
JPY,1998-04,132.12994
JPY,1998-05,138.59988
JPY,1998-06,138.91961
JPY,1998-07,144.25969
JPY,1998-08,142.02992
JPY,1998-09,135.41939
JPY,1998-10,116.25027
JPY,1998-11,123.01988
JPY,1998-12,113.82044
JPY,1999-01,116.04006
JPY,1999-02,119.19586
JPY,1999-03,118.98157
JPY,1999-04,119.75087
JPY,1999-05,121.63351
JPY,1999-06,120.85593
JPY,1999-07,115.19544
JPY,1999-08,109.26889
JPY,1999-09,105.64463
JPY,1999-10,104.84072
JPY,1999-11,102.0105
JPY,1999-12,102.25961
JPY,2000-01,106.85323
JPY,2000-02,109.95471
JPY,2000-03,103.14038
JPY,2000-04,107.29774
JPY,2000-05,107.38471
JPY,2000-06,105.24278
JPY,2000-07,109.31516
JPY,2000-08,106.41141
JPY,2000-09,108.31717
JPY,2000-10,109.16003
JPY,2000-11,111.05481
JPY,2000-12,114.90596
JPY,2001-01,116.07662
JPY,2001-02,117.2686
JPY,2001-03,125.38496
JPY,2001-04,123.55791
JPY,2001-05,119.10377
JPY,2001-06,124.25708
JPY,2001-07,124.84295
JPY,2001-08,118.63944
JPY,2001-09,119.39547
JPY,2001-10,122.0637
JPY,2001-11,123.69072
JPY,2001-12,130.8635
JPY,2002-01,132.83548
JPY,2002-02,134.16946
JPY,2002-03,132.40486
JPY,2002-04,128.39698
JPY,2002-05,123.99062
JPY,2002-06,118.49624
JPY,2002-07,120.02453
JPY,2002-08,118.32604
JPY,2002-09,121.36917
JPY,2002-10,122.70884
JPY,2002-11,122.45391
JPY,2002-12,118.61352
JPY,2003-01,119.42493
JPY,2003-02,118.0857
JPY,2003-03,118.56815
JPY,2003-04,119.46815
JPY,2003-05,118.6855
JPY,2003-06,120.17152
JPY,2003-07,119.91518
JPY,2003-08,116.4638
JPY,2003-09,110.53896
JPY,2003-10,109.03459
JPY,2003-11,109.42138
JPY,2003-12,106.92795
JPY,2004-01,105.8301
JPY,2004-02,109.22049
JPY,2004-03,103.86944
JPY,2004-04,110.37918
JPY,2004-05,109.23102
JPY,2004-06,108.92637
JPY,2004-07,111.46275
JPY,2004-08,109.85881
JPY,2004-09,110.54074
JPY,2004-10,106.09249
JPY,2004-11,102.70026
JPY,2004-12,102.52551
JPY,2005-01,103.53663
JPY,2005-02,104.12612
JPY,2005-03,106.78803
JPY,2005-04,105.1478
JPY,2005-05,108.2394
JPY,2005-06,110.77572
JPY,2005-07,112.38733
JPY,2005-08,111.54288
JPY,2005-09,113.14566
JPY,2005-10,116.14406
JPY,2005-11,119.63633
JPY,2005-12,117.7418
JPY,2006-01,117.32134
JPY,2006-02,116.3621
JPY,2006-03,117.66358
JPY,2006-04,114.29369
JPY,2006-05,112.15418
JPY,2006-06,114.64642
JPY,2006-07,114.21634
JPY,2006-08,117.1582
JPY,2006-09,117.96209
JPY,2006-10,117.82451
JPY,2006-11,116.12879
JPY,2006-12,119.15717
JPY,2007-01,121.40651
JPY,2007-02,118.42404
JPY,2007-03,118.12584
JPY,2007-04,119.67659
JPY,2007-05,121.57883
JPY,2007-06,123.38393
JPY,2007-07,119.34778
JPY,2007-08,116.19847
JPY,2007-09,115.34664
JPY,2007-10,115.24192
JPY,2007-11,110.71743
JPY,2007-12,112.03723
JPY,2008-01,106.20713
JPY,2008-02,104.19331
JPY,2008-03,99.525677
JPY,2008-04,104.64607
JPY,2008-05,105.58422
JPY,2008-06,105.58234
JPY,2008-07,108.26981
JPY,2008-08,108.73431
JPY,2008-09,105.20171
JPY,2008-10,97.961903
JPY,2008-11,95.434902
JPY,2008-12,90.63735
JPY,2009-01,89.71598
JPY,2009-02,97.461246
JPY,2009-03,98.564773
JPY,2009-04,98.184557
JPY,2009-05,95.914314
JPY,2009-06,95.875195
JPY,2009-07,95.720753
JPY,2009-08,93.259529
JPY,2009-09,89.510346
JPY,2009-10,90.986486
JPY,2009-11,86.380883
JPY,2009-12,92.433708
JPY,2010-01,90.326507
JPY,2010-02,89.108327
JPY,2010-03,93.426812
JPY,2010-04,94.48742
JPY,2010-05,91.508897
JPY,2010-06,88.656181
JPY,2010-07,86.444581
JPY,2010-08,84.440063
JPY,2010-09,83.294256
JPY,2010-10,80.73176
JPY,2010-11,83.859055
JPY,2010-12,81.312678
JPY,2011-01,82.157464
JPY,2011-02,81.870753
JPY,2011-03,82.783135
JPY,2011-04,81.204576
JPY,2011-05,81.487661
JPY,2011-06,80.433128
JPY,2011-07,77.552595
JPY,2011-08,76.50519
JPY,2011-09,76.864401
JPY,2011-10,78.008714
JPY,2011-11,77.507825
JPY,2011-12,77.440297
JPY,2012-01,76.37371
JPY,2012-02,80.279699
JPY,2012-03,82.030548
JPY,2012-04,80.104435
JPY,2012-05,78.739015
JPY,2012-06,79.531374
JPY,2012-07,78.174862
JPY,2012-08,78.471176
JPY,2012-09,77.625677
JPY,2012-10,79.873778
JPY,2012-11,82.681349
JPY,2012-12,86.107322
JPY,2013-01,91.01107
JPY,2013-02,92.215706
JPY,2013-03,94.392815
JPY,2013-04,97.421971
JPY,2013-05,100.31524
JPY,2013-06,98.922018
JPY,2013-07,97.928437
JPY,2013-08,98.231961
JPY,2013-09,97.578675
JPY,2013-10,98.225937
JPY,2013-11,102.27757
JPY,2013-12,104.938
JPY,2014-01,102.1974
JPY,2014-02,101.80989
JPY,2014-03,103.29272
JPY,2014-04,102.57762
JPY,2014-05,101.68296
JPY,2014-06,101.36184
JPY,2014-07,102.89259
JPY,2014-08,103.96573
JPY,2014-09,109.7592
JPY,2014-10,111.9291
JPY,2014-11,118.31291
JPY,2014-12,119.61947
JPY,2015-01,117.71782
JPY,2015-02,119.26157
JPY,2015-03,119.85315
JPY,2015-04,118.823
JPY,2015-05,123.9289
JPY,2015-06,122.45062
JPY,2015-07,124.31841
JPY,2015-08,121.32858
JPY,2015-09,120.22673
JPY,2015-10,120.6136
JPY,2015-11,123.09292
JPY,2015-12,120.39129
JPY,2016-01,121.10806
JPY,2016-02,113.09699
JPY,2016-03,112.3408
JPY,2016-04,107.28756
JPY,2016-05,111.01847
JPY,2016-06,102.72924
JPY,2016-07,103.32943
JPY,2016-08,103.31477
JPY,2016-09,101.32605
JPY,2016-10,105.0338
JPY,2016-11,113.28632
JPY,2016-12,117.06669
JPY,2017-01,113.37982
JPY,2017-02,112.13551
JPY,2017-03,111.82303
JPY,2017-04,111.39982
JPY,2017-05,110.86356
JPY,2017-06,111.94357
JPY,2017-07,110.59947
JPY,2017-08,110.62156
JPY,2017-09,112.50212
JPY,2017-10,113.42155
JPY,2017-11,112.31328
JPY,2017-12,112.574
JPY,2018-01,108.85446
JPY,2018-02,107.02473
JPY,2018-03,106.44428
JPY,2018-04,109.37992
JPY,2018-05,108.83836
JPY,2018-06,110.68794
JPY,2018-07,111.48603
JPY,2018-08,110.76302
JPY,2018-09,113.36386
JPY,2018-10,113.22672
JPY,2018-11,113.55753
JPY,2018-12,109.91266
JPY,2019-01,108.6438
JPY,2019-02,110.75683
JPY,2019-03,110.76991
JPY,2019-04,111.36566
JPY,2019-05,108.75258
JPY,2019-06,107.73287
JPY,2019-07,108.54632
JPY,2019-08,106.27039
JPY,2019-09,107.98971
JPY,2019-10,108.2392
JPY,2019-11,109.66126
JPY,2019-12,108.54549
JPY,2020-01,108.89432
JPY,2020-02,108.73645
JPY,2020-03,108.52501
JPY,2020-04,106.53733
JPY,2020-05,107.12105
JPY,2020-06,107.75138
JPY,2020-07,104.92066
JPY,2020-08,105.92127
JPY,2020-09,105.7055
JPY,2020-10,104.59908
JPY,2020-11,104.16527
JPY,2020-12,103.08043
JPY,2021-01,104.68853
JPY,2021-02,106.28661
JPY,2021-03,110.79744
JPY,2021-04,108.93892
JPY,2021-05,109.65495
JPY,2021-06,110.59408
JPY,2021-07,109.65436
JPY,2021-08,109.81072
JPY,2021-09,111.98722
JPY,2021-10,113.88579
JPY,2021-11,112.82232
JPY,2021-12,115.11566
JPY,2022-01,115.4446
JPY,2022-02,115.46567
JPY,2022-03,121.76381
JPY,2022-04,129.99051
JPY,2022-05,128.21805
JPY,2022-06,136.26649
JPY,2022-07,133.77133
JPY,2022-08,138.72
JPY,2022-09,144.65531
JPY,2022-10,148.67864
JPY,2022-11,139.05166
JPY,2022-12,131.87699
JPY,2023-01,130.40709
JPY,2023-02,136.76429
JPY,2023-03,133.17701
JPY,2023-04,136.00765
JPY,2023-05,139.59562
JPY,2023-06,144.63464
JPY,2023-07,142.18452
JPY,2023-08,145.8318
JPY,2023-09,149.23542
JPY,2023-10,150.95583
JPY,2023-11,147.46135
JPY,2023-12,141.47511
JPY,2024-01,147.81766
JPY,2024-02,150.12932
JPY,2024-03,151.1886
JPY,2024-04,156.99757
JPY,2024-05,157.13233
JPY,2024-06,160.61653
JPY,2024-07,150.314
JPY,2024-08,145.38649
JPY,2024-09,142.74741
JPY,2024-10,152.82117
JPY,2024-11,150.19883
JPY,2024-12,156.95447
JPY,2025-01,154.90234
JPY,2025-02,150.76361
JPY,2025-03,149.4221
JPY,2025-04,143.04054
JPY,2025-05,143.71638
JPY,2025-06,144.343
JPY,2025-07,149.85148
JPY,2025-08,147.29799
JPY,2025-09,147.99421
JPY,2025-10,154.18037
JPY,2025-11,156.12139
JPY,2025-12,156.67234
JPY,2026-01,154.03138
JPY,2026-02,155.97628
JPY,2026-03,159.4973
JPY,2026-04,156.56298
JPY,2026-05,159.26657
JPY,2026-06,162.43637
JPY,2026-07,160.23509
JPY,2026-08,159.72749
KRW,1957-01,50
KRW,1957-02,50
KRW,1957-03,50
KRW,1957-04,50
KRW,1957-05,50
KRW,1957-06,50
KRW,1957-07,50
KRW,1957-08,50
KRW,1957-09,50
KRW,1957-10,50
KRW,1957-11,50
KRW,1957-12,50
KRW,1958-01,50
KRW,1958-02,50
KRW,1958-03,50
KRW,1958-04,50
KRW,1958-05,50
KRW,1958-06,50
KRW,1958-07,50
KRW,1958-08,50
KRW,1958-09,50
KRW,1958-10,50
KRW,1958-11,50
KRW,1958-12,50
KRW,1959-01,50
KRW,1959-02,50
KRW,1959-03,50
KRW,1959-04,50
KRW,1959-05,50
KRW,1959-06,50
KRW,1959-07,50
KRW,1959-08,50
KRW,1959-09,50
KRW,1959-10,50
KRW,1959-11,50
KRW,1959-12,50
KRW,1960-01,50
KRW,1960-02,65
KRW,1960-03,65
KRW,1960-04,65
KRW,1960-05,65
KRW,1960-06,65
KRW,1960-07,65
KRW,1960-08,65
KRW,1960-09,65
KRW,1960-10,65
KRW,1960-11,65
KRW,1960-12,65
KRW,1961-01,100
KRW,1961-02,130
KRW,1961-03,130
KRW,1961-04,130
KRW,1961-05,130
KRW,1961-06,130
KRW,1961-07,130
KRW,1961-08,130
KRW,1961-09,130
KRW,1961-10,130
KRW,1961-11,130
KRW,1961-12,130
KRW,1962-01,130
KRW,1962-02,130
KRW,1962-03,130
KRW,1962-04,130
KRW,1962-05,130
KRW,1962-06,130
KRW,1962-07,130
KRW,1962-08,130
KRW,1962-09,130
KRW,1962-10,130
KRW,1962-11,130
KRW,1962-12,130
KRW,1963-01,130
KRW,1963-02,130
KRW,1963-03,130
KRW,1963-04,130
KRW,1963-05,130
KRW,1963-06,130
KRW,1963-07,130
KRW,1963-08,130
KRW,1963-09,130
KRW,1963-10,130
KRW,1963-11,130
KRW,1963-12,130
KRW,1964-01,130
KRW,1964-02,130
KRW,1964-03,130
KRW,1964-04,130
KRW,1964-05,255.77
KRW,1964-06,255.77
KRW,1964-07,255.77
KRW,1964-08,255.77
KRW,1964-09,255.77
KRW,1964-10,255.77
KRW,1964-11,255.77
KRW,1964-12,255.77
KRW,1965-01,255.77
KRW,1965-02,255.77
KRW,1965-03,263.21
KRW,1965-04,255.77
KRW,1965-05,271.18
KRW,1965-06,271.38
KRW,1965-07,271.78
KRW,1965-08,272.18
KRW,1965-09,271.98
KRW,1965-10,271.78
KRW,1965-11,271.78
KRW,1965-12,271.78
KRW,1966-01,271.68
KRW,1966-02,271.68
KRW,1966-03,271.68
KRW,1966-04,271.18
KRW,1966-05,271.18
KRW,1966-06,271.18
KRW,1966-07,271.18
KRW,1966-08,271.18
KRW,1966-09,271.18
KRW,1966-10,271.18
KRW,1966-11,271.18
KRW,1966-12,271.18
KRW,1967-01,269.85
KRW,1967-02,269.9
KRW,1967-03,270.05
KRW,1967-04,270.1
KRW,1967-05,270.05
KRW,1967-06,270
KRW,1967-07,270.25
KRW,1967-08,270.34
KRW,1967-09,270.58
KRW,1967-10,270.29
KRW,1967-11,271.9
KRW,1967-12,274.6
KRW,1968-01,274.7
KRW,1968-02,274.6
KRW,1968-03,274.6
KRW,1968-04,274.8
KRW,1968-05,274.8
KRW,1968-06,274.8
KRW,1968-07,274.8
KRW,1968-08,276.5
KRW,1968-09,279.5
KRW,1968-10,280.9
KRW,1968-11,281.7
KRW,1968-12,281.5
KRW,1969-01,281.7
KRW,1969-02,282.4
KRW,1969-03,283.2
KRW,1969-04,284.2
KRW,1969-05,285
KRW,1969-06,285
KRW,1969-07,286.3
KRW,1969-08,287.6
KRW,1969-09,288.8
KRW,1969-10,291.4
KRW,1969-11,304.55
KRW,1969-12,304.45
KRW,1970-01,305.25
KRW,1970-02,306.25
KRW,1970-03,306.85
KRW,1970-04,308.65
KRW,1970-05,309.45
KRW,1970-06,310.75
KRW,1970-07,312.35
KRW,1970-08,312.95
KRW,1970-09,313.85
KRW,1970-10,314.75
KRW,1970-11,315.75
KRW,1970-12,316.65
KRW,1971-01,318.55
KRW,1971-02,320.25
KRW,1971-03,322.25
KRW,1971-04,324.15
KRW,1971-05,326.35
KRW,1971-06,370.8
KRW,1971-07,370.8
KRW,1971-08,370.8
KRW,1971-09,370.8
KRW,1971-10,370.8
KRW,1971-11,370.8
KRW,1971-12,373.3
KRW,1972-01,376.4
KRW,1972-02,382
KRW,1972-03,387.1
KRW,1972-04,392.6
KRW,1972-05,396.1
KRW,1972-06,399.7
KRW,1972-07,399.3
KRW,1972-08,399
KRW,1972-09,398.7
KRW,1972-10,398.7
KRW,1972-11,398.8
KRW,1972-12,398.9
KRW,1973-01,398.9
KRW,1973-02,398.9
KRW,1973-03,398.9
KRW,1973-04,399
KRW,1973-05,398.9
KRW,1973-06,398.9
KRW,1973-07,398.7
KRW,1973-08,398.3
KRW,1973-09,397.8
KRW,1973-10,397.2
KRW,1973-11,396.9
KRW,1973-12,397.5
KRW,1974-01,398.2
KRW,1974-02,398.5
KRW,1974-03,398.9
KRW,1974-04,399
KRW,1974-05,399
KRW,1974-06,399
KRW,1974-07,399
KRW,1974-08,399
KRW,1974-09,399
KRW,1974-10,399
KRW,1974-11,399
KRW,1974-12,484
KRW,1975-01,484
KRW,1975-02,484
KRW,1975-03,484
KRW,1975-04,484
KRW,1975-05,484
KRW,1975-06,484
KRW,1975-07,484
KRW,1975-08,484
KRW,1975-09,484
KRW,1975-10,484
KRW,1975-11,484
KRW,1975-12,484
KRW,1976-01,484
KRW,1976-02,484
KRW,1976-03,484
KRW,1976-04,484
KRW,1976-05,484
KRW,1976-06,484
KRW,1976-07,484
KRW,1976-08,484
KRW,1976-09,484
KRW,1976-10,484
KRW,1976-11,484
KRW,1976-12,484
KRW,1977-01,484
KRW,1977-02,484
KRW,1977-03,484
KRW,1977-04,484
KRW,1977-05,484
KRW,1977-06,484
KRW,1977-07,484
KRW,1977-08,484
KRW,1977-09,484
KRW,1977-10,484
KRW,1977-11,484
KRW,1977-12,484
KRW,1978-01,484
KRW,1978-02,484
KRW,1978-03,484
KRW,1978-04,484
KRW,1978-05,484
KRW,1978-06,484
KRW,1978-07,484
KRW,1978-08,484
KRW,1978-09,484
KRW,1978-10,484
KRW,1978-11,484
KRW,1978-12,484
KRW,1979-01,484
KRW,1979-02,484
KRW,1979-03,484
KRW,1979-04,484
KRW,1979-05,484
KRW,1979-06,484
KRW,1979-07,484
KRW,1979-08,484
KRW,1979-09,484
KRW,1979-10,484
KRW,1979-11,484
KRW,1979-12,484
KRW,1980-01,580
KRW,1980-02,580.7
KRW,1980-03,586.1
KRW,1980-04,590.5
KRW,1980-05,596.2
KRW,1980-06,603
KRW,1980-07,612.7
KRW,1980-08,615.7
KRW,1980-09,625
KRW,1980-10,651.6
KRW,1980-11,658.2
KRW,1980-12,659.9
KRW,1981-01,664.9
KRW,1981-02,669.8
KRW,1981-03,672.8
KRW,1981-04,678.9
KRW,1981-05,684.4
KRW,1981-06,683.2
KRW,1981-07,686.95
KRW,1981-08,687.85
KRW,1981-09,681.25
KRW,1981-10,688.25
KRW,1981-11,689.9
KRW,1981-12,700.75
KRW,1982-01,708.55
KRW,1982-02,711.45
KRW,1982-03,718.15
KRW,1982-04,721.95
KRW,1982-05,731.75
KRW,1982-06,741.3
KRW,1982-07,743.8
KRW,1982-08,744.9
KRW,1982-09,743.05
KRW,1982-10,744.65
KRW,1982-11,745.65
KRW,1982-12,747.95
KRW,1983-01,751.15
KRW,1983-02,752.25
KRW,1983-03,763.55
KRW,1983-04,767.15
KRW,1983-05,770.75
KRW,1983-06,777.35
KRW,1983-07,781.95
KRW,1983-08,790.25
KRW,1983-09,790.95
KRW,1983-10,793.05
KRW,1983-11,797.25
KRW,1983-12,800.15
KRW,1984-01,801.3
KRW,1984-02,795.3
KRW,1984-03,792.9
KRW,1984-04,799.6
KRW,1984-05,800.3
KRW,1984-06,806.4
KRW,1984-07,813.5
KRW,1984-08,810.8
KRW,1984-09,816.4
KRW,1984-10,819.5
KRW,1984-11,823.2
KRW,1984-12,829.5
KRW,1985-01,832.7
KRW,1985-02,845
KRW,1985-03,853
KRW,1985-04,868.1
KRW,1985-05,873.2
KRW,1985-06,876.2
KRW,1985-07,878.5
KRW,1985-08,887.3
KRW,1985-09,894
KRW,1985-10,894.5
KRW,1985-11,891.7
KRW,1985-12,892.5
KRW,1986-01,891
KRW,1986-02,886.1
KRW,1986-03,887.5
KRW,1986-04,887.4
KRW,1986-05,891.6
KRW,1986-06,888.9
KRW,1986-07,889
KRW,1986-08,885.1
KRW,1986-09,881
KRW,1986-10,877.2
KRW,1986-11,870.3
KRW,1986-12,865.2
KRW,1987-01,860.6
KRW,1987-02,858.6
KRW,1987-03,850.8
KRW,1987-04,837.9
KRW,1987-05,826.4
KRW,1987-06,812.6
KRW,1987-07,811.7
KRW,1987-08,811.4
KRW,1987-09,809.5
KRW,1987-10,805.1
KRW,1987-11,800
KRW,1987-12,795.9
KRW,1988-01,785.1
KRW,1988-02,764.3
KRW,1988-03,749.6
KRW,1988-04,743.3
KRW,1988-05,736.2
KRW,1988-06,731.6
KRW,1988-07,726.6
KRW,1988-08,724.9
KRW,1988-09,721.9
KRW,1988-10,704.3
KRW,1988-11,690.3
KRW,1988-12,687.4
KRW,1989-01,683.4
KRW,1989-02,675.8
KRW,1989-03,674.6
KRW,1989-04,668.9
KRW,1989-05,669.4
KRW,1989-06,669.9
KRW,1989-07,670.1
KRW,1989-08,671.9
KRW,1989-09,672.7
KRW,1989-10,674.2
KRW,1989-11,675.3
KRW,1989-12,681.4
KRW,1990-01,689
KRW,1990-02,696.7
KRW,1990-03,703.7
KRW,1990-04,709.8
KRW,1990-05,715.1
KRW,1990-06,719
KRW,1990-07,717.9
KRW,1990-08,716.8
KRW,1990-09,715.8
KRW,1990-10,716.6
KRW,1990-11,715.9
KRW,1990-12,719.2
KRW,1991-01,721.8
KRW,1991-02,727.2
KRW,1991-03,727.3
KRW,1991-04,728
KRW,1991-05,725.8
KRW,1991-06,727.4
KRW,1991-07,729
KRW,1991-08,736.7
KRW,1991-09,745.9
KRW,1991-10,754.8
KRW,1991-11,759
KRW,1991-12,765.3
KRW,1992-01,766.5
KRW,1992-02,772.4
KRW,1992-03,779.7
KRW,1992-04,783.4
KRW,1992-05,787.9
KRW,1992-06,794.9
KRW,1992-07,791.2
KRW,1992-08,790.7
KRW,1992-09,789.7
KRW,1992-10,785.6
KRW,1992-11,788.2
KRW,1992-12,791.5
KRW,1993-01,796.2
KRW,1993-02,798.6
KRW,1993-03,797.1
KRW,1993-04,799
KRW,1993-05,804.5
KRW,1993-06,806.9
KRW,1993-07,809.8
KRW,1993-08,811.6
KRW,1993-09,812
KRW,1993-10,812.1
KRW,1993-11,810.8
KRW,1993-12,811.3
KRW,1994-01,811.3
KRW,1994-02,811.2
KRW,1994-03,809.7
KRW,1994-04,810.5
KRW,1994-05,809.3
KRW,1994-06,808.7
KRW,1994-07,805.5
KRW,1994-08,806.9
KRW,1994-09,802
KRW,1994-10,800
KRW,1994-11,797.4
KRW,1994-12,792.7
KRW,1995-01,789.8
KRW,1995-02,789.1
KRW,1995-03,774.5
KRW,1995-04,763.9
KRW,1995-05,763.1
KRW,1995-06,761.1
KRW,1995-07,759.5
KRW,1995-08,773.4
KRW,1995-09,768.3
KRW,1995-10,765.2
KRW,1995-11,770.7
KRW,1995-12,775.8
KRW,1996-01,785.3
KRW,1996-02,782.8
KRW,1996-03,782.3
KRW,1996-04,778.3
KRW,1996-05,788
KRW,1996-06,811.4
KRW,1996-07,813
KRW,1996-08,819.3
KRW,1996-09,826.5
KRW,1996-10,828.5
KRW,1996-11,829.1
KRW,1996-12,847.5
KRW,1997-01,867
KRW,1997-02,866
KRW,1997-03,898
KRW,1997-04,894
KRW,1997-05,893.5
KRW,1997-06,890
KRW,1997-07,892
KRW,1997-08,905
KRW,1997-09,917
KRW,1997-10,970
KRW,1997-11,1170.4955
KRW,1997-12,1695.0037
KRW,1998-01,1523.9967
KRW,1998-02,1633.0092
KRW,1998-03,1385.0007
KRW,1998-04,1336.5015
KRW,1998-05,1407.498
KRW,1998-06,1372.9903
KRW,1998-07,1230.4976
KRW,1998-08,1349.9995
KRW,1998-09,1390.7425
KRW,1998-10,1319.4986
KRW,1998-11,1246.0016
KRW,1998-12,1202.5027
KRW,1999-01,1174.7453
KRW,1999-02,1223.9517
KRW,1999-03,1226.8293
KRW,1999-04,1187.5531
KRW,1999-05,1186.2376
KRW,1999-06,1157.5039
KRW,1999-07,1203.675
KRW,1999-08,1179.8922
KRW,1999-09,1216.5588
KRW,1999-10,1200.0765
KRW,1999-11,1160.0574
KRW,1999-12,1132.0725
KRW,2000-01,1123.7361
KRW,2000-02,1130.9347
KRW,2000-03,1105.4747
KRW,2000-04,1108.3544
KRW,2000-05,1128.4962
KRW,2000-06,1114.1482
KRW,2000-07,1118.2625
KRW,2000-08,1109.7462
KRW,2000-09,1114.5123
KRW,2000-10,1139.0044
KRW,2000-11,1215.4998
KRW,2000-12,1264.9973
KRW,2001-01,1259.1951
KRW,2001-02,1253.7954
KRW,2001-03,1331.0009
KRW,2001-04,1319.502
KRW,2001-05,1281.0024
KRW,2001-06,1300.4953
KRW,2001-07,1298.0011
KRW,2001-08,1279.002
KRW,2001-09,1303.9974
KRW,2001-10,1295.0011
KRW,2001-11,1268.004
KRW,2001-12,1317.9961
KRW,2002-01,1309.4014
KRW,2002-02,1323.8007
KRW,2002-03,1321.9968
KRW,2002-04,1288.9987
KRW,2002-05,1214.4029
KRW,2002-06,1191.2982
KRW,2002-07,1178.0027
KRW,2002-08,1196.0033
KRW,2002-09,1221.998
KRW,2002-10,1221.6951
KRW,2002-11,1196.2023
KRW,2002-12,1186.0017
KRW,2003-01,1169.9982
KRW,2003-02,1192.9976
KRW,2003-03,1254.5021
KRW,2003-04,1215.2457
KRW,2003-05,1205.9973
KRW,2003-06,1193.9967
KRW,2003-07,1179.8463
KRW,2003-08,1178.2465
KRW,2003-09,1150.1459
KRW,2003-10,1183.4968
KRW,2003-11,1202.051
KRW,2003-12,1192.6524
KRW,2004-01,1173.4981
KRW,2004-02,1175.5033
KRW,2004-03,1146.4496
KRW,2004-04,1173.349
KRW,2004-05,1160.0508
KRW,2004-06,1155.4504
KRW,2004-07,1170.147
KRW,2004-08,1151.8537
KRW,2004-09,1151.8978
KRW,2004-10,1119.4002
KRW,2004-11,1048.4017
KRW,2004-12,1035.203
KRW,2005-01,1025.6003
KRW,2005-02,1006.1024
KRW,2005-03,1015.4968
KRW,2005-04,997.09809
KRW,2005-05,1007.9475
KRW,2005-06,1025.3473
KRW,2005-07,1026.9495
KRW,2005-08,1038.4981
KRW,2005-09,1042.1525
KRW,2005-10,1040.198
KRW,2005-11,1033.5033
KRW,2005-12,1004.001
KRW,2006-01,964.64763
KRW,2006-02,970.99789
KRW,2006-03,971.654
KRW,2006-04,943.20013
KRW,2006-05,945.70252
KRW,2006-06,948.69818
KRW,2006-07,955.50247
KRW,2006-08,961.30262
KRW,2006-09,946.30332
KRW,2006-10,942.29679
KRW,2006-11,929.34848
KRW,2006-12,930
KRW,2007-01,941.15331
KRW,2007-02,941.75309
KRW,2007-03,940.84697
KRW,2007-04,930.9004
KRW,2007-05,927.80049
KRW,2007-06,923.90226
KRW,2007-07,919.29671
KRW,2007-08,938.24881
KRW,2007-09,915.14916
KRW,2007-10,900.80294
KRW,2007-11,921.15033
KRW,2007-12,936.05054
KRW,2008-01,944.20309
KRW,2008-02,939.58594
KRW,2008-03,991.00051
KRW,2008-04,1005.5019
KRW,2008-05,1028.7529
KRW,2008-06,1048.0969
KRW,2008-07,1011.4983
KRW,2008-08,1087.7503
KRW,2008-09,1206.9496
KRW,2008-10,1306.0516
KRW,2008-11,1462.002
KRW,2008-12,1321.4989
KRW,2009-01,1394.9984
KRW,2009-02,1542.9532
KRW,2009-03,1383.1004
KRW,2009-04,1278.2524
KRW,2009-05,1251.2697
KRW,2009-06,1275.2441
KRW,2009-07,1222.7401
KRW,2009-08,1249.4955
KRW,2009-09,1177.3202
KRW,2009-10,1181.0946
KRW,2009-11,1162.8037
KRW,2009-12,1157.1359
KRW,2010-01,1161.392
KRW,2010-02,1159.8747
KRW,2010-03,1131.4712
KRW,2010-04,1108.1187
KRW,2010-05,1202.0964
KRW,2010-06,1222.0601
KRW,2010-07,1184.3951
KRW,2010-08,1198.7776
KRW,2010-09,1136.1738
KRW,2010-10,1124.2693
KRW,2010-11,1162.1096
KRW,2010-12,1121.883
KRW,2011-01,1120.3988
KRW,2011-02,1126.1024
KRW,2011-03,1094.186
KRW,2011-04,1069.0511
KRW,2011-05,1079.138
KRW,2011-06,1067.7299
KRW,2011-07,1054.418
KRW,2011-08,1065.2664
KRW,2011-09,1181.1597
KRW,2011-10,1109.1851
KRW,2011-11,1140.4755
KRW,2011-12,1158.2734
KRW,2012-01,1121.7289
KRW,2012-02,1117.5184
KRW,2012-03,1132.8092
KRW,2012-04,1129.0298
KRW,2012-05,1179.5614
KRW,2012-06,1144.5592
KRW,2012-07,1129.803
KRW,2012-08,1133.9069
KRW,2012-09,1113.1709
KRW,2012-10,1090.7258
KRW,2012-11,1082.9432
KRW,2012-12,1065.8102
KRW,2013-01,1086.4207
KRW,2013-02,1084.4009
KRW,2013-03,1112.87
KRW,2013-04,1101.9048
KRW,2013-05,1130.9011
KRW,2013-06,1142.3853
KRW,2013-07,1122.3955
KRW,2013-08,1109.8602
KRW,2013-09,1075.0389
KRW,2013-10,1060.4428
KRW,2013-11,1058.2029
KRW,2013-12,1052.0847
KRW,2014-01,1083.3309
KRW,2014-02,1066.5822
KRW,2014-03,1063.2289
KRW,2014-04,1032.7437
KRW,2014-05,1020.9598
KRW,2014-06,1011.8905
KRW,2014-07,1030.3461
KRW,2014-08,1014.5359
KRW,2014-09,1057.2518
KRW,2014-10,1072.6844
KRW,2014-11,1109.9736
KRW,2014-12,1091.1787
KRW,2015-01,1102.6448
KRW,2015-02,1099.7865
KRW,2015-03,1108.4487
KRW,2015-04,1072.2069
KRW,2015-05,1112.4066
KRW,2015-06,1118.3037
KRW,2015-07,1173.8944
KRW,2015-08,1183.2011
KRW,2015-09,1185.6378
KRW,2015-10,1138.2227
KRW,2015-11,1157.2077
KRW,2015-12,1176.4306
KRW,2016-01,1207.5092
KRW,2016-02,1237.6378
KRW,2016-03,1137.3562
KRW,2016-04,1141.3926
KRW,2016-05,1188.9098
KRW,2016-06,1151.5763
KRW,2016-07,1121.9563
KRW,2016-08,1117.1937
KRW,2016-09,1101.8368
KRW,2016-10,1146.4371
KRW,2016-11,1172.8914
KRW,2016-12,1204.2121
KRW,2017-01,1157.378
KRW,2017-02,1126.9605
KRW,2017-03,1117.3323
KRW,2017-04,1137.8683
KRW,2017-05,1118.4476
KRW,2017-06,1143.1476
KRW,2017-07,1122.1711
KRW,2017-08,1125.7674
KRW,2017-09,1145.0364
KRW,2017-10,1118.3193
KRW,2017-11,1086.387
KRW,2017-12,1066.9641
KRW,2018-01,1065.2886
KRW,2018-02,1080.9317
KRW,2018-03,1063.9477
KRW,2018-04,1069.6581
KRW,2018-05,1078.0836
KRW,2018-06,1112.3006
KRW,2018-07,1118.6009
KRW,2018-08,1117.4234
KRW,2018-09,1110.7032
KRW,2018-10,1140.7492
KRW,2018-11,1121.6128
KRW,2018-12,1116.0961
KRW,2019-01,1112.0996
KRW,2019-02,1122.1706
KRW,2019-03,1136.146
KRW,2019-04,1165.9922
KRW,2019-05,1191.2026
KRW,2019-06,1155.8436
KRW,2019-07,1182.181
KRW,2019-08,1208.0555
KRW,2019-09,1198.301
KRW,2019-10,1168.0742
KRW,2019-11,1179.9399
KRW,2019-12,1153.89
KRW,2020-01,1195.8017
KRW,2020-02,1207.0511
KRW,2020-03,1224.0142
KRW,2020-04,1207.3281
KRW,2020-05,1235.8208
KRW,2020-06,1201.8485
KRW,2020-07,1189.7029
KRW,2020-08,1185.7286
KRW,2020-09,1168.8674
KRW,2020-10,1131.9884
KRW,2020-11,1106.9115
KRW,2020-12,1088.7458
KRW,2021-01,1116.4964
KRW,2021-02,1127.8772
KRW,2021-03,1129.3731
KRW,2021-04,1114.2526
KRW,2021-05,1108.1387
KRW,2021-06,1128.7529
KRW,2021-07,1151.0722
KRW,2021-08,1157.7066
KRW,2021-09,1184.541
KRW,2021-10,1170.3907
KRW,2021-11,1188.3217
KRW,2021-12,1188.7515
KRW,2022-01,1209.2865
KRW,2022-02,1203.3396
KRW,2022-03,1213.7375
KRW,2022-04,1258.7381
KRW,2022-05,1240.8476
KRW,2022-06,1301.2419
KRW,2022-07,1303.5889
KRW,2022-08,1342.79
KRW,2022-09,1436.8999
KRW,2022-10,1428.4043
KRW,2022-11,1315.6708
KRW,2022-12,1260.1631
KRW,2023-01,1235.9457
KRW,2023-02,1320.1243
KRW,2023-03,1305.9862
KRW,2023-04,1339.4864
KRW,2023-05,1325.7418
KRW,2023-06,1321.443
KRW,2023-07,1275.0522
KRW,2023-08,1324.5859
KRW,2023-09,1345.3464
KRW,2023-10,1351.0312
KRW,2023-11,1297.9416
KRW,2023-12,1297.4299
KRW,2024-01,1333.0534
KRW,2024-02,1336.9943
KRW,2024-03,1349.2461
KRW,2024-04,1380.5467
KRW,2024-05,1383.2565
KRW,2024-06,1377.73
KRW,2024-07,1372.331
KRW,2024-08,1333.634
KRW,2024-09,1312.174
KRW,2024-10,1378.469
KRW,2024-11,1397.5667
KRW,2024-12,1474.781
KRW,2025-01,1449.6488
KRW,2025-02,1459.9174
KRW,2025-03,1474.5354
KRW,2025-04,1423.0106
KRW,2025-05,1378.5078
KRW,2025-06,1355.128
KRW,2025-07,1394.6269
KRW,2025-08,1391.5423
KRW,2025-09,1403.6709
KRW,2025-10,1428.1374
KRW,2025-11,1469.6611
KRW,2025-12,1444.2043
KRW,2026-01,1442.6294
KRW,2026-02,1441.9737
KRW,2026-03,1524.8043
KRW,2026-04,1477.0039
KRW,2026-05,1506.2693
KRW,2026-06,1550.8864
KRW,2026-07,1443.6134
KRW,2026-08,1368.0321
MYR,1957-01,3.06122
MYR,1957-02,3.06122
MYR,1957-03,3.06122
MYR,1957-04,3.06122
MYR,1957-05,3.06122
MYR,1957-06,3.06122
MYR,1957-07,3.06122
MYR,1957-08,3.06122
MYR,1957-09,3.06122
MYR,1957-10,3.06122
MYR,1957-11,3.06122
MYR,1957-12,3.06122
MYR,1958-01,3.06122
MYR,1958-02,3.06122
MYR,1958-03,3.06122
MYR,1958-04,3.06122
MYR,1958-05,3.06122
MYR,1958-06,3.06122
MYR,1958-07,3.06122
MYR,1958-08,3.06122
MYR,1958-09,3.06122
MYR,1958-10,3.06122
MYR,1958-11,3.06122
MYR,1958-12,3.06122
MYR,1959-01,3.06122
MYR,1959-02,3.06122
MYR,1959-03,3.06122
MYR,1959-04,3.06122
MYR,1959-05,3.06122
MYR,1959-06,3.06122
MYR,1959-07,3.06122
MYR,1959-08,3.06122
MYR,1959-09,3.06122
MYR,1959-10,3.06122
MYR,1959-11,3.06122
MYR,1959-12,3.06122
MYR,1960-01,3.06122
MYR,1960-02,3.06122
MYR,1960-03,3.06122
MYR,1960-04,3.06122
MYR,1960-05,3.06122
MYR,1960-06,3.06122
MYR,1960-07,3.06122
MYR,1960-08,3.06122
MYR,1960-09,3.06122
MYR,1960-10,3.06122
MYR,1960-11,3.06122
MYR,1960-12,3.06122
MYR,1961-01,3.06122
MYR,1961-02,3.06122
MYR,1961-03,3.06122
MYR,1961-04,3.06122
MYR,1961-05,3.06122
MYR,1961-06,3.06122
MYR,1961-07,3.06122
MYR,1961-08,3.06122
MYR,1961-09,3.06122
MYR,1961-10,3.06122
MYR,1961-11,3.06122
MYR,1961-12,3.06122
MYR,1962-01,3.06122
MYR,1962-02,3.06122
MYR,1962-03,3.06122
MYR,1962-04,3.06122
MYR,1962-05,3.06122
MYR,1962-06,3.06122
MYR,1962-07,3.06122
MYR,1962-08,3.06122
MYR,1962-09,3.06122
MYR,1962-10,3.06122
MYR,1962-11,3.06122
MYR,1962-12,3.06122
MYR,1963-01,3.0534
MYR,1963-02,3.0592
MYR,1963-03,3.0681
MYR,1963-04,3.0681
MYR,1963-05,3.0681
MYR,1963-06,3.0592
MYR,1963-07,3.0592
MYR,1963-08,3.0622
MYR,1963-09,3.0592
MYR,1963-10,3.0563
MYR,1963-11,3.0592
MYR,1963-12,3.0592
MYR,1964-01,3.0563
MYR,1964-02,3.0592
MYR,1964-03,3.071
MYR,1964-04,3.0681
MYR,1964-05,3.071
MYR,1964-06,3.0769
MYR,1964-07,3.0799
MYR,1964-08,3.0858
MYR,1964-09,3.0828
MYR,1964-10,3.0828
MYR,1964-11,3.0712
MYR,1964-12,3.071
MYR,1965-01,3.071
MYR,1965-02,3.0681
MYR,1965-03,3.071
MYR,1965-04,3.0622
MYR,1965-05,3.0681
MYR,1965-06,3.071
MYR,1965-07,3.071
MYR,1965-08,3.071
MYR,1965-09,3.0592
MYR,1965-10,3.0563
MYR,1965-11,3.0592
MYR,1965-12,3.0592
MYR,1966-01,3.0563
MYR,1966-02,3.0592
MYR,1966-03,3.068
MYR,1966-04,3.068
MYR,1966-05,3.071
MYR,1966-06,3.071
MYR,1966-07,3.071
MYR,1966-08,3.0739
MYR,1966-09,3.071
MYR,1966-10,3.071
MYR,1966-11,3.071
MYR,1966-12,3.071
MYR,1967-01,3.068
MYR,1967-02,3.071
MYR,1967-03,3.068
MYR,1967-04,3.0651
MYR,1967-05,3.071
MYR,1967-06,3.0769
MYR,1967-07,3.0799
MYR,1967-08,3.0769
MYR,1967-09,3.0828
MYR,1967-10,3.0828
MYR,1967-11,3.0389
MYR,1967-12,3.0563
MYR,1968-01,3.0505
MYR,1968-02,3.0563
MYR,1968-03,3.0563
MYR,1968-04,3.0622
MYR,1968-05,3.0769
MYR,1968-06,3.0769
MYR,1968-07,3.0622
MYR,1968-08,3.0769
MYR,1968-09,3.071
MYR,1968-10,3.0675
MYR,1968-11,3.0638
MYR,1968-12,3.065
MYR,1969-01,3.0588
MYR,1969-02,3.075
MYR,1969-03,3.0575
MYR,1969-04,3.06
MYR,1969-05,3.0563
MYR,1969-06,3.0563
MYR,1969-07,3.0638
MYR,1969-08,3.0663
MYR,1969-09,3.085
MYR,1969-10,3.0675
MYR,1969-11,3.06
MYR,1969-12,3.075
MYR,1970-01,3.075
MYR,1970-02,3.07
MYR,1970-03,3.07
MYR,1970-04,3.07
MYR,1970-05,3.0925
MYR,1970-06,3.0825
MYR,1970-07,3.09
MYR,1970-08,3.095
MYR,1970-09,3.0825
MYR,1970-10,3.0775
MYR,1970-11,3.0825
MYR,1970-12,3.0775
MYR,1971-01,3.0647
MYR,1971-02,3.0662
MYR,1971-03,3.0678
MYR,1971-04,3.0653
MYR,1971-05,3.06
MYR,1971-06,3.0548
MYR,1971-07,3.0553
MYR,1971-08,3.0531
MYR,1971-09,2.9766
MYR,1971-10,2.9753
MYR,1971-11,2.9637
MYR,1971-12,2.8998
MYR,1972-01,2.8506
MYR,1972-02,2.8409
MYR,1972-03,2.8249
MYR,1972-04,2.8217
MYR,1972-05,2.8129
MYR,1972-06,2.8369
MYR,1972-07,2.7816
MYR,1972-08,2.7701
MYR,1972-09,2.7701
MYR,1972-10,2.7701
MYR,1972-11,2.7701
MYR,1972-12,2.8249
MYR,1973-01,2.809
MYR,1973-02,2.5253
MYR,1973-03,2.4845
MYR,1973-04,2.4783
MYR,1973-05,2.4826
MYR,1973-06,2.3809
MYR,1973-07,2.2523
MYR,1973-08,2.3041
MYR,1973-09,2.3065
MYR,1973-10,2.2727
MYR,1973-11,2.4213
MYR,1973-12,2.454
MYR,1974-01,2.4752
MYR,1974-02,2.4691
MYR,1974-03,2.3809
MYR,1974-04,2.3585
MYR,1974-05,2.3923
MYR,1974-06,2.4125
MYR,1974-07,2.4184
MYR,1974-08,2.4125
MYR,1974-09,2.4225
MYR,1974-10,2.401
MYR,1974-11,2.3474
MYR,1974-12,2.3121
MYR,1975-01,2.2988
MYR,1975-02,2.2297
MYR,1975-03,2.2619
MYR,1975-04,2.2763
MYR,1975-05,2.263
MYR,1975-06,2.3105
MYR,1975-07,2.5019
MYR,1975-08,2.5151
MYR,1975-09,2.594
MYR,1975-10,2.551
MYR,1975-11,2.586
MYR,1975-12,2.5907
MYR,1976-01,2.5727
MYR,1976-02,2.5589
MYR,1976-03,2.5543
MYR,1976-04,2.5543
MYR,1976-05,2.5641
MYR,1976-06,2.5439
MYR,1976-07,2.4863
MYR,1976-08,2.5138
MYR,1976-09,2.5208
MYR,1976-10,2.5336
MYR,1976-11,2.5323
MYR,1976-12,2.5368
MYR,1977-01,2.5056
MYR,1977-02,2.495
MYR,1977-03,2.4845
MYR,1977-04,2.4839
MYR,1977-05,2.4832
MYR,1977-06,2.4876
MYR,1977-07,2.457
MYR,1977-08,2.4691
MYR,1977-09,2.4637
MYR,1977-10,2.401
MYR,1977-11,2.3861
MYR,1977-12,2.3685
MYR,1978-01,2.3641
MYR,1978-02,2.3579
MYR,1978-03,2.3618
MYR,1978-04,2.3906
MYR,1978-05,2.3912
MYR,1978-06,2.3663
MYR,1978-07,2.325
MYR,1978-08,2.2999
MYR,1978-09,2.2815
MYR,1978-10,2.1249
MYR,1978-11,2.208
MYR,1978-12,2.2017
MYR,1979-01,2.2125
MYR,1979-02,2.191
MYR,1979-03,2.205
MYR,1979-04,2.23
MYR,1979-05,2.2215
MYR,1979-06,2.174
MYR,1979-07,2.1625
MYR,1979-08,2.158
MYR,1979-09,2.1495
MYR,1979-10,2.19
MYR,1979-11,2.192
MYR,1979-12,2.188
MYR,1980-01,2.184
MYR,1980-02,2.1855
MYR,1980-03,2.2835
MYR,1980-04,2.231
MYR,1980-05,2.165
MYR,1980-06,2.142
MYR,1980-07,2.16
MYR,1980-08,2.143
MYR,1980-09,2.131
MYR,1980-10,2.147
MYR,1980-11,2.1905
MYR,1980-12,2.22
MYR,1981-01,2.239
MYR,1981-02,2.303
MYR,1981-03,2.282
MYR,1981-04,2.319
MYR,1981-05,2.3495
MYR,1981-06,2.3182
MYR,1981-07,2.36
MYR,1981-08,2.3625
MYR,1981-09,2.321
MYR,1981-10,2.282
MYR,1981-11,2.2445
MYR,1981-12,2.242
MYR,1982-01,2.276
MYR,1982-02,2.312
MYR,1982-03,2.339
MYR,1982-04,2.302
MYR,1982-05,2.29
MYR,1982-06,2.362
MYR,1982-07,2.353
MYR,1982-08,2.346
MYR,1982-09,2.3815
MYR,1982-10,2.359
MYR,1982-11,2.364
MYR,1982-12,2.3225
MYR,1983-01,2.277
MYR,1983-02,2.275
MYR,1983-03,2.293
MYR,1983-04,2.311
MYR,1983-05,2.304
MYR,1983-06,2.331
MYR,1983-07,2.347
MYR,1983-08,2.3585
MYR,1983-09,2.347
MYR,1983-10,2.347
MYR,1983-11,2.344
MYR,1983-12,2.335
MYR,1984-01,2.3405
MYR,1984-02,2.3315
MYR,1984-03,2.2915
MYR,1984-04,2.291
MYR,1984-05,2.313
MYR,1984-06,2.319
MYR,1984-07,2.345
MYR,1984-08,2.3335
MYR,1984-09,2.372
MYR,1984-10,2.405
MYR,1984-11,2.4125
MYR,1984-12,2.429
MYR,1985-01,2.4925
MYR,1985-02,2.583
MYR,1985-03,2.51
MYR,1985-04,2.475
MYR,1985-05,2.465
MYR,1985-06,2.4835
MYR,1985-07,2.465
MYR,1985-08,2.476
MYR,1985-09,2.452
MYR,1985-10,2.444
MYR,1985-11,2.419
MYR,1985-12,2.42
MYR,1986-01,2.4665
MYR,1986-02,2.493
MYR,1986-03,2.597
MYR,1986-04,2.575
MYR,1986-05,2.64
MYR,1986-06,2.626
MYR,1986-07,2.623
MYR,1986-08,2.605
MYR,1986-09,2.6255
MYR,1986-10,2.625
MYR,1986-11,2.602
MYR,1986-12,2.599
MYR,1987-01,2.5425
MYR,1987-02,2.5165
MYR,1987-03,2.506
MYR,1987-04,2.4765
MYR,1987-05,2.499
MYR,1987-06,2.5285
MYR,1987-07,2.5405
MYR,1987-08,2.516
MYR,1987-09,2.5355
MYR,1987-10,2.5155
MYR,1987-11,2.487
MYR,1987-12,2.489
MYR,1988-01,2.55
MYR,1988-02,2.584
MYR,1988-03,2.5655
MYR,1988-04,2.575
MYR,1988-05,2.589
MYR,1988-06,2.61
MYR,1988-07,2.637
MYR,1988-08,2.678
MYR,1988-09,2.687
MYR,1988-10,2.671
MYR,1988-11,2.677
MYR,1988-12,2.71
MYR,1989-01,2.73
MYR,1989-02,2.735
MYR,1989-03,2.754
MYR,1989-04,2.6955
MYR,1989-05,2.724
MYR,1989-06,2.702
MYR,1989-07,2.661
MYR,1989-08,2.695
MYR,1989-09,2.6895
MYR,1989-10,2.697
MYR,1989-11,2.703
MYR,1989-12,2.701
MYR,1990-01,2.699
MYR,1990-02,2.704
MYR,1990-03,2.728
MYR,1990-04,2.716
MYR,1990-05,2.7035
MYR,1990-06,2.711
MYR,1990-07,2.697
MYR,1990-08,2.689
MYR,1990-09,2.7015
MYR,1990-10,2.701
MYR,1990-11,2.7045
MYR,1990-12,2.7025
MYR,1991-01,2.6995
MYR,1991-02,2.72
MYR,1991-03,2.767
MYR,1991-04,2.76
MYR,1991-05,2.7595
MYR,1991-06,2.787
MYR,1991-07,2.7875
MYR,1991-08,2.7835
MYR,1991-09,2.7385
MYR,1991-10,2.751
MYR,1991-11,2.7535
MYR,1991-12,2.722
MYR,1992-01,2.627
MYR,1992-02,2.586
MYR,1992-03,2.5815
MYR,1992-04,2.527
MYR,1992-05,2.5105
MYR,1992-06,2.5047
MYR,1992-07,2.501
MYR,1992-08,2.4935
MYR,1992-09,2.495
MYR,1992-10,2.511
MYR,1992-11,2.5355
MYR,1992-12,2.618
MYR,1993-01,2.628
MYR,1993-02,2.632
MYR,1993-03,2.592
MYR,1993-04,2.568
MYR,1993-05,2.557
MYR,1993-06,2.572
MYR,1993-07,2.5635
MYR,1993-08,2.548
MYR,1993-09,2.545
MYR,1993-10,2.556
MYR,1993-11,2.5585
MYR,1993-12,2.695
MYR,1994-01,2.771
MYR,1994-02,2.7265
MYR,1994-03,2.683
MYR,1994-04,2.6785
MYR,1994-05,2.58
MYR,1994-06,2.6043
MYR,1994-07,2.5945
MYR,1994-08,2.56
MYR,1994-09,2.5635
MYR,1994-10,2.5555
MYR,1994-11,2.5563
MYR,1994-12,2.5545
MYR,1995-01,2.558
MYR,1995-02,2.5532
MYR,1995-03,2.531
MYR,1995-04,2.472
MYR,1995-05,2.465
MYR,1995-06,2.4378
MYR,1995-07,2.457
MYR,1995-08,2.495
MYR,1995-09,2.512
MYR,1995-10,2.5412
MYR,1995-11,2.537
MYR,1995-12,2.54
MYR,1996-01,2.56
MYR,1996-02,2.549
MYR,1996-03,2.5307
MYR,1996-04,2.4935
MYR,1996-05,2.498
MYR,1996-06,2.4945
MYR,1996-07,2.4962
MYR,1996-08,2.4935
MYR,1996-09,2.5065
MYR,1996-10,2.5268
MYR,1996-11,2.5275
MYR,1996-12,2.526
MYR,1997-01,2.4863
MYR,1997-02,2.483
MYR,1997-03,2.476
MYR,1997-04,2.5107
MYR,1997-05,2.5132
MYR,1997-06,2.5245
MYR,1997-07,2.639
MYR,1997-08,2.92
MYR,1997-09,3.2475
MYR,1997-10,3.325
MYR,1997-11,3.5125
MYR,1997-12,3.885
MYR,1998-01,4.23
MYR,1998-02,3.705
MYR,1998-03,3.66
MYR,1998-04,3.755
MYR,1998-05,3.8702
MYR,1998-06,4.13
MYR,1998-07,4.145
MYR,1998-08,4.195
MYR,1998-09,3.8
MYR,1998-10,3.8
MYR,1998-11,3.8
MYR,1998-12,3.8
MYR,1999-01,3.799104
MYR,1999-02,3.80069
MYR,1999-03,3.799479
MYR,1999-04,3.799377
MYR,1999-05,3.799637
MYR,1999-06,3.799284
MYR,1999-07,3.800729
MYR,1999-08,3.800624
MYR,1999-09,3.800188
MYR,1999-10,3.801875
MYR,1999-11,3.802714
MYR,1999-12,3.797332
MYR,2000-01,3.80145
MYR,2000-02,3.799465
MYR,2000-03,3.798597
MYR,2000-04,3.795267
MYR,2000-05,3.796302
MYR,2000-06,3.798137
MYR,2000-07,3.80515
MYR,2000-08,3.803503
MYR,2000-09,3.797832
MYR,2000-10,3.798265
MYR,2000-11,3.793643
MYR,2000-12,3.802257
MYR,2001-01,3.800387
MYR,2001-02,3.800606
MYR,2001-03,3.797894
MYR,2001-04,3.800699
MYR,2001-05,3.800472
MYR,2001-06,3.800236
MYR,2001-07,3.798972
MYR,2001-08,3.798755
MYR,2001-09,3.805607
MYR,2001-10,3.799049
MYR,2001-11,3.800292
MYR,2001-12,3.798366
MYR,2002-01,3.800509
MYR,2002-02,3.799792
MYR,2002-03,3.799633
MYR,2002-04,3.800511
MYR,2002-05,3.797699
MYR,2002-06,3.800401
MYR,2002-07,3.799857
MYR,2002-08,3.798739
MYR,2002-09,3.800203
MYR,2002-10,3.800182
MYR,2002-11,3.800242
MYR,2002-12,3.80061
MYR,2003-01,3.801036
MYR,2003-02,3.801614
MYR,2003-03,3.8
MYR,2003-04,3.799479
MYR,2003-05,3.802149
MYR,2003-06,3.800735
MYR,2003-07,3.80023
MYR,2003-08,3.801409
MYR,2003-09,3.800978
MYR,2003-10,3.800895
MYR,2003-11,3.800484
MYR,2003-12,3.801979
MYR,2004-01,3.799661
MYR,2004-02,3.798679
MYR,2004-03,3.800802
MYR,2004-04,3.800201
MYR,2004-05,3.802017
MYR,2004-06,3.8
MYR,2004-07,3.7999
MYR,2004-08,3.800017
MYR,2004-09,3.80079
MYR,2004-10,3.800031
MYR,2004-11,3.801053
MYR,2004-12,3.803098
MYR,2005-01,3.801304
MYR,2005-02,3.799728
MYR,2005-03,3.798982
MYR,2005-04,3.799954
MYR,2005-05,3.800016
MYR,2005-06,3.80086
MYR,2005-07,3.750269
MYR,2005-08,3.77193
MYR,2005-09,3.769224
MYR,2005-10,3.774931
MYR,2005-11,3.777466
MYR,2005-12,3.779266
MYR,2006-01,3.750536
MYR,2006-02,3.715032
MYR,2006-03,3.68308
MYR,2006-04,3.624472
MYR,2006-05,3.631023
MYR,2006-06,3.674506
MYR,2006-07,3.657006
MYR,2006-08,3.681036
MYR,2006-09,3.68752
MYR,2006-10,3.652489
MYR,2006-11,3.61803
MYR,2006-12,3.529992
MYR,2007-01,3.500463
MYR,2007-02,3.50299
MYR,2007-03,3.457501
MYR,2007-04,3.421977
MYR,2007-05,3.398498
MYR,2007-06,3.452499
MYR,2007-07,3.454512
MYR,2007-08,3.501496
MYR,2007-09,3.407504
MYR,2007-10,3.335018
MYR,2007-11,3.364474
MYR,2007-12,3.306976
MYR,2008-01,3.235508
MYR,2008-02,3.194501
MYR,2008-03,3.19852
MYR,2008-04,3.159009
MYR,2008-05,3.240005
MYR,2008-06,3.267508
MYR,2008-07,3.255973
MYR,2008-08,3.393485
MYR,2008-09,3.442495
MYR,2008-10,3.550992
MYR,2008-11,3.623478
MYR,2008-12,3.452468
MYR,2009-01,3.607522
MYR,2009-02,3.705473
MYR,2009-03,3.645476
MYR,2009-04,3.56
MYR,2009-05,3.487516
MYR,2009-06,3.514999
MYR,2009-07,3.522493
MYR,2009-08,3.521511
MYR,2009-09,3.460971
MYR,2009-10,3.4125
MYR,2009-11,3.392531
MYR,2009-12,3.42399
MYR,2010-01,3.410998
MYR,2010-02,3.402727
MYR,2010-03,3.261963
MYR,2010-04,3.184529
MYR,2010-05,3.261477
MYR,2010-06,3.237715
MYR,2010-07,3.180995
MYR,2010-08,3.149527
MYR,2010-09,3.084774
MYR,2010-10,3.10962
MYR,2010-11,3.167487
MYR,2010-12,3.064661
MYR,2011-01,3.059524
MYR,2011-02,3.047998
MYR,2011-03,3.02548
MYR,2011-04,2.961978
MYR,2011-05,3.012513
MYR,2011-06,3.018474
MYR,2011-07,2.966971
MYR,2011-08,2.970311
MYR,2011-09,3.192772
MYR,2011-10,3.073495
MYR,2011-11,3.174989
MYR,2011-12,3.172965
MYR,2012-01,3.045537
MYR,2012-02,2.995983
MYR,2012-03,3.063492
MYR,2012-04,3.026033
MYR,2012-05,3.175038
MYR,2012-06,3.173948
MYR,2012-07,3.130495
MYR,2012-08,3.121085
MYR,2012-09,3.062336
MYR,2012-10,3.047564
MYR,2012-11,3.039812
MYR,2012-12,3.057981
MYR,2013-01,3.105978
MYR,2013-02,3.093686
MYR,2013-03,3.096447
MYR,2013-04,3.041922
MYR,2013-05,3.096033
MYR,2013-06,3.16055
MYR,2013-07,3.250697
MYR,2013-08,3.29082
MYR,2013-09,3.265679
MYR,2013-10,3.155414
MYR,2013-11,3.2257
MYR,2013-12,3.279023
MYR,2014-01,3.347514
MYR,2014-02,3.276985
MYR,2014-03,3.261967
MYR,2014-04,3.264404
MYR,2014-05,3.216359
MYR,2014-06,3.211012
MYR,2014-07,3.196726
MYR,2014-08,3.158022
MYR,2014-09,3.283319
MYR,2014-10,3.290482
MYR,2014-11,3.391813
MYR,2014-12,3.498312
MYR,2015-01,3.635559
MYR,2015-02,3.609964
MYR,2015-03,3.706014
MYR,2015-04,3.557289
MYR,2015-05,3.664084
MYR,2015-06,3.770221
MYR,2015-07,3.831039
MYR,2015-08,4.190638
MYR,2015-09,4.394983
MYR,2015-10,4.297903
MYR,2015-11,4.260043
MYR,2015-12,4.313309
MYR,2016-01,4.147985
MYR,2016-02,4.212895
MYR,2016-03,3.871585
MYR,2016-04,3.906516
MYR,2016-05,4.118702
MYR,2016-06,3.990362
MYR,2016-07,4.067309
MYR,2016-08,4.089023
MYR,2016-09,4.134755
MYR,2016-10,4.199708
MYR,2016-11,4.466008
MYR,2016-12,4.486007
MYR,2017-01,4.426592
MYR,2017-02,4.44003
MYR,2017-03,4.425498
MYR,2017-04,4.340988
MYR,2017-05,4.280991
MYR,2017-06,4.292499
MYR,2017-07,4.281487
MYR,2017-08,4.271121
MYR,2017-09,4.220481
MYR,2017-10,4.231999
MYR,2017-11,4.090303
MYR,2017-12,4.047027
MYR,2018-01,3.899655
MYR,2018-02,3.924185
MYR,2018-03,3.86803
MYR,2018-04,3.924911
MYR,2018-05,3.979998
MYR,2018-06,4.038429
MYR,2018-07,4.058538
MYR,2018-08,4.116986
MYR,2018-09,4.137008
MYR,2018-10,4.184485
MYR,2018-11,4.184523
MYR,2018-12,4.132489
MYR,2019-01,4.090181
MYR,2019-02,4.0685
MYR,2019-03,4.079929
MYR,2019-04,4.128543
MYR,2019-05,4.19218
MYR,2019-06,4.137258
MYR,2019-07,4.126536
MYR,2019-08,4.205509
MYR,2019-09,4.186978
MYR,2019-10,4.178501
MYR,2019-11,4.177928
MYR,2019-12,4.090529
MYR,2020-01,4.098534
MYR,2020-02,4.214539
MYR,2020-03,4.320007
MYR,2020-04,4.300018
MYR,2020-05,4.347522
MYR,2020-06,4.285497
MYR,2020-07,4.239534
MYR,2020-08,4.165494
MYR,2020-09,4.155535
MYR,2020-10,4.153531
MYR,2020-11,4.07404
MYR,2020-12,4.020862
MYR,2021-01,4.042518
MYR,2021-02,4.050491
MYR,2021-03,4.146525
MYR,2021-04,4.095514
MYR,2021-05,4.124498
MYR,2021-06,4.151464
MYR,2021-07,4.219998
MYR,2021-08,4.157005
MYR,2021-09,4.186458
MYR,2021-10,4.141005
MYR,2021-11,4.202499
MYR,2021-12,4.16599
MYR,2022-01,4.185461
MYR,2022-02,4.1985
MYR,2022-03,4.204756
MYR,2022-04,4.35351
MYR,2022-05,4.378512
MYR,2022-06,4.407529
MYR,2022-07,4.45048
MYR,2022-08,4.4755
MYR,2022-09,4.636951
MYR,2022-10,4.72796
MYR,2022-11,4.447475
MYR,2022-12,4.405025
MYR,2023-01,4.265762
MYR,2023-02,4.487522
MYR,2023-03,4.412506
MYR,2023-04,4.460523
MYR,2023-05,4.615464
MYR,2023-06,4.667495
MYR,2023-07,4.509027
MYR,2023-08,4.640044
MYR,2023-09,4.695205
MYR,2023-10,4.764479
MYR,2023-11,4.659501
MYR,2023-12,4.595023
MYR,2024-01,4.729999
MYR,2024-02,4.74552
MYR,2024-03,4.732957
MYR,2024-04,4.77048
MYR,2024-05,4.706966
MYR,2024-06,4.717515
MYR,2024-07,4.594477
MYR,2024-08,4.320465
MYR,2024-09,4.123526
MYR,2024-10,4.378974
MYR,2024-11,4.444991
MYR,2024-12,4.47146
MYR,2025-01,4.455018
MYR,2025-02,4.462492
MYR,2025-03,4.43754
MYR,2025-04,4.314956
MYR,2025-05,4.25646
MYR,2025-06,4.212031
MYR,2025-07,4.264983
MYR,2025-08,4.224996
MYR,2025-09,4.2085
MYR,2025-10,4.187987
MYR,2025-11,4.132457
MYR,2025-12,4.058043
MYR,2026-01,3.946975
MYR,2026-02,3.890978
MYR,2026-03,4.048965
MYR,2026-04,3.970005
MYR,2026-05,3.96496
MYR,2026-06,4.084957
MYR,2026-07,4.086461
MYR,2026-08,4.025957
SGD,1957-01,3.06122
SGD,1957-02,3.06122
SGD,1957-03,3.06122
SGD,1957-04,3.06122
SGD,1957-05,3.06122
SGD,1957-06,3.06122
SGD,1957-07,3.06122
SGD,1957-08,3.06122
SGD,1957-09,3.06122
SGD,1957-10,3.06122
SGD,1957-11,3.06122
SGD,1957-12,3.06122
SGD,1958-01,3.06122
SGD,1958-02,3.06122
SGD,1958-03,3.06122
SGD,1958-04,3.06122
SGD,1958-05,3.06122
SGD,1958-06,3.06122
SGD,1958-07,3.06122
SGD,1958-08,3.06122
SGD,1958-09,3.06122
SGD,1958-10,3.06122
SGD,1958-11,3.06122
SGD,1958-12,3.06122
SGD,1959-01,3.06122
SGD,1959-02,3.06122
SGD,1959-03,3.06122
SGD,1959-04,3.06122
SGD,1959-05,3.06122
SGD,1959-06,3.06122
SGD,1959-07,3.06122
SGD,1959-08,3.06122
SGD,1959-09,3.06122
SGD,1959-10,3.06122
SGD,1959-11,3.06122
SGD,1959-12,3.06122
SGD,1960-01,3.06122
SGD,1960-02,3.06122
SGD,1960-03,3.06122
SGD,1960-04,3.06122
SGD,1960-05,3.06122
SGD,1960-06,3.06122
SGD,1960-07,3.06122
SGD,1960-08,3.06122
SGD,1960-09,3.06122
SGD,1960-10,3.06122
SGD,1960-11,3.06122
SGD,1960-12,3.06122
SGD,1961-01,3.06122
SGD,1961-02,3.06122
SGD,1961-03,3.06122
SGD,1961-04,3.06122
SGD,1961-05,3.06122
SGD,1961-06,3.06122
SGD,1961-07,3.06122
SGD,1961-08,3.06122
SGD,1961-09,3.06122
SGD,1961-10,3.06122
SGD,1961-11,3.06122
SGD,1961-12,3.06122
SGD,1962-01,3.06122
SGD,1962-02,3.06122
SGD,1962-03,3.06122
SGD,1962-04,3.06122
SGD,1962-05,3.06122
SGD,1962-06,3.06122
SGD,1962-07,3.06122
SGD,1962-08,3.06122
SGD,1962-09,3.06122
SGD,1962-10,3.06122
SGD,1962-11,3.06122
SGD,1962-12,3.06122
SGD,1963-01,3.06
SGD,1963-02,3.06
SGD,1963-03,3.06
SGD,1963-04,3.06
SGD,1963-05,3.06
SGD,1963-06,3.06
SGD,1963-07,3.06
SGD,1963-08,3.06
SGD,1963-09,3.06
SGD,1963-10,3.06
SGD,1963-11,3.06
SGD,1963-12,3.06
SGD,1964-01,3.06
SGD,1964-02,3.06
SGD,1964-03,3.06
SGD,1964-04,3.06
SGD,1964-05,3.06
SGD,1964-06,3.07
SGD,1964-07,3.07
SGD,1964-08,3.08
SGD,1964-09,3.08
SGD,1964-10,3.08
SGD,1964-11,3.07
SGD,1964-12,3.07
SGD,1965-01,3.07
SGD,1965-02,3.07
SGD,1965-03,3.07
SGD,1965-04,3.06
SGD,1965-05,3.07
SGD,1965-06,3.07
SGD,1965-07,3.07
SGD,1965-08,3.07
SGD,1965-09,3.06
SGD,1965-10,3.06
SGD,1965-11,3.06
SGD,1965-12,3.06
SGD,1966-01,3.06
SGD,1966-02,3.06
SGD,1966-03,3.06
SGD,1966-04,3.06
SGD,1966-05,3.07
SGD,1966-06,3.07
SGD,1966-07,3.07
SGD,1966-08,3.07
SGD,1966-09,3.07
SGD,1966-10,3.07
SGD,1966-11,3.07
SGD,1966-12,3.08
SGD,1967-01,3.07
SGD,1967-02,3.07
SGD,1967-03,3.08
SGD,1967-04,3.06
SGD,1967-05,3.07
SGD,1967-06,3.09
SGD,1967-07,3.09
SGD,1967-08,3.09
SGD,1967-09,3.09
SGD,1967-10,3.09
SGD,1967-11,3.09
SGD,1967-12,3.07
SGD,1968-01,3.07
SGD,1968-02,3.07
SGD,1968-03,3.07
SGD,1968-04,3.08
SGD,1968-05,3.09
SGD,1968-06,3.09
SGD,1968-07,3.08
SGD,1968-08,3.08
SGD,1968-09,3.09
SGD,1968-10,3.08
SGD,1968-11,3.08
SGD,1968-12,3.08
SGD,1969-01,3.07
SGD,1969-02,3.08
SGD,1969-03,3.07
SGD,1969-04,3.09
SGD,1969-05,3.08
SGD,1969-06,3.08
SGD,1969-07,3.08
SGD,1969-08,3.08
SGD,1969-09,3.08
SGD,1969-10,3.07
SGD,1969-11,3.08
SGD,1969-12,3.09
SGD,1970-01,3.09
SGD,1970-02,3.09
SGD,1970-03,3.09
SGD,1970-04,3.09
SGD,1970-05,3.09
SGD,1970-06,3.1
SGD,1970-07,3.1
SGD,1970-08,3.1
SGD,1970-09,3.1
SGD,1970-10,3.1
SGD,1970-11,3.1
SGD,1970-12,3.08
SGD,1971-01,3.08
SGD,1971-02,3.08
SGD,1971-03,3.07
SGD,1971-04,3.07
SGD,1971-05,3.06
SGD,1971-06,3.06
SGD,1971-07,3.06
SGD,1971-08,3.02
SGD,1971-09,2.98
SGD,1971-10,2.97
SGD,1971-11,2.97
SGD,1971-12,2.9
SGD,1972-01,2.86
SGD,1972-02,2.85
SGD,1972-03,2.83
SGD,1972-04,2.83
SGD,1972-05,2.83
SGD,1972-06,2.81
SGD,1972-07,2.79
SGD,1972-08,2.78
SGD,1972-09,2.77
SGD,1972-10,2.77
SGD,1972-11,2.77
SGD,1972-12,2.82
SGD,1973-01,2.79
SGD,1973-02,2.54
SGD,1973-03,2.49
SGD,1973-04,2.49
SGD,1973-05,2.49
SGD,1973-06,2.3592
SGD,1973-07,2.2516
SGD,1973-08,2.3366
SGD,1973-09,2.3414
SGD,1973-10,2.3495
SGD,1973-11,2.4547
SGD,1973-12,2.4861
SGD,1974-01,2.4885
SGD,1974-02,2.4724
SGD,1974-03,2.4225
SGD,1974-04,2.4154
SGD,1974-05,2.4171
SGD,1974-06,2.4638
SGD,1974-07,2.4758
SGD,1974-08,2.4752
SGD,1974-09,2.4325
SGD,1974-10,2.4032
SGD,1974-11,2.3534
SGD,1974-12,2.312
SGD,1975-01,2.3015
SGD,1975-02,2.2285
SGD,1975-03,2.2645
SGD,1975-04,2.2761
SGD,1975-05,2.2595
SGD,1975-06,2.2992
SGD,1975-07,2.4832
SGD,1975-08,2.4785
SGD,1975-09,2.5222
SGD,1975-10,2.4565
SGD,1975-11,2.5055
SGD,1975-12,2.4895
SGD,1976-01,2.488
SGD,1976-02,2.4846
SGD,1976-03,2.483
SGD,1976-04,2.4742
SGD,1976-05,2.4776
SGD,1976-06,2.4718
SGD,1976-07,2.466
SGD,1976-08,2.463
SGD,1976-09,2.4585
SGD,1976-10,2.455
SGD,1976-11,2.455
SGD,1976-12,2.4555
SGD,1977-01,2.4586
SGD,1977-02,2.4597
SGD,1977-03,2.4622
SGD,1977-04,2.4626
SGD,1977-05,2.4642
SGD,1977-06,2.4644
SGD,1977-07,2.4393
SGD,1977-08,2.449
SGD,1977-09,2.4418
SGD,1977-10,2.396
SGD,1977-11,2.3752
SGD,1977-12,2.3385
SGD,1978-01,2.3306
SGD,1978-02,2.3155
SGD,1978-03,2.3086
SGD,1978-04,2.3302
SGD,1978-05,2.3352
SGD,1978-06,2.3212
SGD,1978-07,2.266
SGD,1978-08,2.2565
SGD,1978-09,2.232
SGD,1978-10,2.099
SGD,1978-11,2.1945
SGD,1978-12,2.1635
SGD,1979-01,2.1662
SGD,1979-02,2.1658
SGD,1979-03,2.1825
SGD,1979-04,2.2128
SGD,1979-05,2.2028
SGD,1979-06,2.1744
SGD,1979-07,2.1622
SGD,1979-08,2.1525
SGD,1979-09,2.1409
SGD,1979-10,2.193
SGD,1979-11,2.18
SGD,1979-12,2.159
SGD,1980-01,2.1519
SGD,1980-02,2.1705
SGD,1980-03,2.27
SGD,1980-04,2.195
SGD,1980-05,2.1395
SGD,1980-06,2.117
SGD,1980-07,2.1342
SGD,1980-08,2.1248
SGD,1980-09,2.1062
SGD,1980-10,2.0917
SGD,1980-11,2.0972
SGD,1980-12,2.0935
SGD,1981-01,2.088
SGD,1981-02,2.103
SGD,1981-03,2.091
SGD,1981-04,2.12
SGD,1981-05,2.156
SGD,1981-06,2.132
SGD,1981-07,2.16
SGD,1981-08,2.161
SGD,1981-09,2.116
SGD,1981-10,2.085
SGD,1981-11,2.052
SGD,1981-12,2.045
SGD,1982-01,2.078
SGD,1982-02,2.114
SGD,1982-03,2.1305
SGD,1982-04,2.102
SGD,1982-05,2.09
SGD,1982-06,2.154
SGD,1982-07,2.147
SGD,1982-08,2.155
SGD,1982-09,2.194
SGD,1982-10,2.221
SGD,1982-11,2.202
SGD,1982-12,2.1125
SGD,1983-01,2.069
SGD,1983-02,2.075
SGD,1983-03,2.085
SGD,1983-04,2.102
SGD,1983-05,2.098
SGD,1983-06,2.131
SGD,1983-07,2.1365
SGD,1983-08,2.1475
SGD,1983-09,2.138
SGD,1983-10,2.136
SGD,1983-11,2.1325
SGD,1983-12,2.122
SGD,1984-01,2.132
SGD,1984-02,2.121
SGD,1984-03,2.087
SGD,1984-04,2.088
SGD,1984-05,2.1045
SGD,1984-06,2.132
SGD,1984-07,2.154
SGD,1984-08,2.157
SGD,1984-09,2.165
SGD,1984-10,2.1615
SGD,1984-11,2.1685
SGD,1984-12,2.181
SGD,1985-01,2.209
SGD,1985-02,2.262
SGD,1985-03,2.205
SGD,1985-04,2.225
SGD,1985-05,2.225
SGD,1985-06,2.2225
SGD,1985-07,2.185
SGD,1985-08,2.26
SGD,1985-09,2.141
SGD,1985-10,2.13
SGD,1985-11,2.095
SGD,1985-12,2.105
SGD,1986-01,2.1395
SGD,1986-02,2.1565
SGD,1986-03,2.1765
SGD,1986-04,2.194
SGD,1986-05,2.2415
SGD,1986-06,2.188
SGD,1986-07,2.1745
SGD,1986-08,2.155
SGD,1986-09,2.172
SGD,1986-10,2.2
SGD,1986-11,2.1955
SGD,1986-12,2.1725
SGD,1987-01,2.1475
SGD,1987-02,2.136
SGD,1987-03,2.1355
SGD,1987-04,2.123
SGD,1987-05,2.1215
SGD,1987-06,2.1188
SGD,1987-07,2.111
SGD,1987-08,2.104
SGD,1987-09,2.091
SGD,1987-10,2.0705
SGD,1987-11,2.027
SGD,1987-12,1.997
SGD,1988-01,2.0225
SGD,1988-02,2.0145
SGD,1988-03,2.001
SGD,1988-04,2.005
SGD,1988-05,2.021
SGD,1988-06,2.047
SGD,1988-07,2.043
SGD,1988-08,2.045
SGD,1988-09,2.041
SGD,1988-10,1.997
SGD,1988-11,1.9485
SGD,1988-12,1.945
SGD,1989-01,1.933
SGD,1989-02,1.931
SGD,1989-03,1.962
SGD,1989-04,1.9515
SGD,1989-05,1.955
SGD,1989-06,1.955
SGD,1989-07,1.951
SGD,1989-08,1.9685
SGD,1989-09,1.96
SGD,1989-10,1.957
SGD,1989-11,1.9455
SGD,1989-12,1.9025
SGD,1990-01,1.864
SGD,1990-02,1.867
SGD,1990-03,1.8855
SGD,1990-04,1.877
SGD,1990-05,1.854
SGD,1990-06,1.841
SGD,1990-07,1.807
SGD,1990-08,1.765
SGD,1990-09,1.7655
SGD,1990-10,1.706
SGD,1990-11,1.722
SGD,1990-12,1.74
SGD,1991-01,1.733
SGD,1991-02,1.726
SGD,1991-03,1.79
SGD,1991-04,1.769
SGD,1991-05,1.7655
SGD,1991-06,1.77
SGD,1991-07,1.7445
SGD,1991-08,1.7195
SGD,1991-09,1.685
SGD,1991-10,1.692
SGD,1991-11,1.6685
SGD,1991-12,1.621
SGD,1992-01,1.638
SGD,1992-02,1.6438
SGD,1992-03,1.656
SGD,1992-04,1.6595
SGD,1992-05,1.6287
SGD,1992-06,1.6178
SGD,1992-07,1.6128
SGD,1992-08,1.5985
SGD,1992-09,1.591
SGD,1992-10,1.622
SGD,1992-11,1.6375
SGD,1992-12,1.645
SGD,1993-01,1.646
SGD,1993-02,1.646
SGD,1993-03,1.6392
SGD,1993-04,1.6156
SGD,1993-05,1.6065
SGD,1993-06,1.625
SGD,1993-07,1.6178
SGD,1993-08,1.6058
SGD,1993-09,1.583
SGD,1993-10,1.586
SGD,1993-11,1.6005
SGD,1993-12,1.6085
SGD,1994-01,1.5935
SGD,1994-02,1.5805
SGD,1994-03,1.5695
SGD,1994-04,1.5552
SGD,1994-05,1.534
SGD,1994-06,1.5249
SGD,1994-07,1.5108
SGD,1994-08,1.5
SGD,1994-09,1.4835
SGD,1994-10,1.469
SGD,1994-11,1.4643
SGD,1994-12,1.4585
SGD,1995-01,1.4537
SGD,1995-02,1.4491
SGD,1995-03,1.4125
SGD,1995-04,1.3937
SGD,1995-05,1.393
SGD,1995-06,1.3975
SGD,1995-07,1.3935
SGD,1995-08,1.4205
SGD,1995-09,1.423
SGD,1995-10,1.4131
SGD,1995-11,1.411
SGD,1995-12,1.415
SGD,1996-01,1.4105
SGD,1996-02,1.4122
SGD,1996-03,1.4081
SGD,1996-04,1.4055
SGD,1996-05,1.4095
SGD,1996-06,1.4115
SGD,1996-07,1.413
SGD,1996-08,1.4075
SGD,1996-09,1.408
SGD,1996-10,1.4088
SGD,1996-11,1.4026
SGD,1996-12,1.3995
SGD,1997-01,1.408
SGD,1997-02,1.426
SGD,1997-03,1.4445
SGD,1997-04,1.448
SGD,1997-05,1.4308
SGD,1997-06,1.4302
SGD,1997-07,1.471
SGD,1997-08,1.515
SGD,1997-09,1.5305
SGD,1997-10,1.5735
SGD,1997-11,1.595
SGD,1997-12,1.686
SGD,1998-01,1.7155
SGD,1998-02,1.62
SGD,1998-03,1.616
SGD,1998-04,1.585
SGD,1998-05,1.6755
SGD,1998-06,1.684
SGD,1998-07,1.728
SGD,1998-08,1.775
SGD,1998-09,1.6882
SGD,1998-10,1.627
SGD,1998-11,1.65
SGD,1998-12,1.651
SGD,1999-01,1.689476
SGD,1999-02,1.721274
SGD,1999-03,1.726308
SGD,1999-04,1.700198
SGD,1999-05,1.726855
SGD,1999-06,1.700039
SGD,1999-07,1.685338
SGD,1999-08,1.682304
SGD,1999-09,1.700141
SGD,1999-10,1.665359
SGD,1999-11,1.682678
SGD,1999-12,1.664145
SGD,2000-01,1.699622
SGD,2000-02,1.723286
SGD,2000-03,1.711923
SGD,2000-04,1.704128
SGD,2000-05,1.734387
SGD,2000-06,1.728024
SGD,2000-07,1.734718
SGD,2000-08,1.722097
SGD,2000-09,1.739532
SGD,2000-10,1.756802
SGD,2000-11,1.755412
SGD,2000-12,1.733047
SGD,2001-01,1.742602
SGD,2001-02,1.743188
SGD,2001-03,1.803555
SGD,2001-04,1.820302
SGD,2001-05,1.80967
SGD,2001-06,1.822052
SGD,2001-07,1.803655
SGD,2001-08,1.740446
SGD,2001-09,1.765743
SGD,2001-10,1.822274
SGD,2001-11,1.831648
SGD,2001-12,1.850221
SGD,2002-01,1.834202
SGD,2002-02,1.83447
SGD,2002-03,1.840555
SGD,2002-04,1.811501
SGD,2002-05,1.785235
SGD,2002-06,1.763008
SGD,2002-07,1.763672
SGD,2002-08,1.748703
SGD,2002-09,1.779108
SGD,2002-10,1.767539
SGD,2002-11,1.765589
SGD,2002-12,1.735387
SGD,2003-01,1.735022
SGD,2003-02,1.738175
SGD,2003-03,1.763286
SGD,2003-04,1.775582
SGD,2003-05,1.729487
SGD,2003-06,1.76328
SGD,2003-07,1.75835
SGD,2003-08,1.753638
SGD,2003-09,1.727171
SGD,2003-10,1.739288
SGD,2003-11,1.722695
SGD,2003-12,1.698337
SGD,2004-01,1.699451
SGD,2004-02,1.699952
SGD,2004-03,1.673675
SGD,2004-04,1.702687
SGD,2004-05,1.698639
SGD,2004-06,1.719539
SGD,2004-07,1.72207
SGD,2004-08,1.713649
SGD,2004-09,1.687243
SGD,2004-10,1.663579
SGD,2004-11,1.637608
SGD,2004-12,1.634388
SGD,2005-01,1.636671
SGD,2005-02,1.626461
SGD,2005-03,1.648951
SGD,2005-04,1.635487
SGD,2005-05,1.666694
SGD,2005-06,1.685164
SGD,2005-07,1.662119
SGD,2005-08,1.688146
SGD,2005-09,1.690168
SGD,2005-10,1.693837
SGD,2005-11,1.693007
SGD,2005-12,1.663813
SGD,2006-01,1.62337
SGD,2006-02,1.623663
SGD,2006-03,1.617812
SGD,2006-04,1.583553
SGD,2006-05,1.576313
SGD,2006-06,1.583969
SGD,2006-07,1.577348
SGD,2006-08,1.572173
SGD,2006-09,1.585782
SGD,2006-10,1.561437
SGD,2006-11,1.541818
SGD,2006-12,1.533941
SGD,2007-01,1.537517
SGD,2007-02,1.527969
SGD,2007-03,1.517045
SGD,2007-04,1.519956
SGD,2007-05,1.530068
SGD,2007-06,1.5301
SGD,2007-07,1.511053
SGD,2007-08,1.521197
SGD,2007-09,1.485718
SGD,2007-10,1.448813
SGD,2007-11,1.445431
SGD,2007-12,1.437606
SGD,2008-01,1.417485
SGD,2008-02,1.395266
SGD,2008-03,1.379901
SGD,2008-04,1.36094
SGD,2008-05,1.36594
SGD,2008-06,1.360442
SGD,2008-07,1.367882
SGD,2008-08,1.414727
SGD,2008-09,1.429001
SGD,2008-10,1.483734
SGD,2008-11,1.510961
SGD,2008-12,1.439966
SGD,2009-01,1.509519
SGD,2009-02,1.5469
SGD,2009-03,1.520439
SGD,2009-04,1.477966
SGD,2009-05,1.443467
SGD,2009-06,1.446229
SGD,2009-07,1.441293
SGD,2009-08,1.443526
SGD,2009-09,1.410503
SGD,2009-10,1.398311
SGD,2009-11,1.383811
SGD,2009-12,1.401777
SGD,2010-01,1.404053
SGD,2010-02,1.40678
SGD,2010-03,1.399362
SGD,2010-04,1.368156
SGD,2010-05,1.39961
SGD,2010-06,1.398419
SGD,2010-07,1.361145
SGD,2010-08,1.355915
SGD,2010-09,1.314625
SGD,2010-10,1.296673
SGD,2010-11,1.324742
SGD,2010-12,1.282443
SGD,2011-01,1.280602
SGD,2011-02,1.270927
SGD,2011-03,1.260083
SGD,2011-04,1.225101
SGD,2011-05,1.234202
SGD,2011-06,1.22888
SGD,2011-07,1.205119
SGD,2011-08,1.202699
SGD,2011-09,1.302599
SGD,2011-10,1.249196
SGD,2011-11,1.286406
SGD,2011-12,1.299869
SGD,2012-01,1.25129
SGD,2012-02,1.244216
SGD,2012-03,1.25599
SGD,2012-04,1.236567
SGD,2012-05,1.286463
SGD,2012-06,1.268785
SGD,2012-07,1.243732
SGD,2012-08,1.248592
SGD,2012-09,1.225677
SGD,2012-10,1.220119
SGD,2012-11,1.221238
SGD,2012-12,1.221085
SGD,2013-01,1.237491
SGD,2013-02,1.236728
SGD,2013-03,1.241702
SGD,2013-04,1.233782
SGD,2013-05,1.261879
SGD,2013-06,1.264908
SGD,2013-07,1.272994
SGD,2013-08,1.274424
SGD,2013-09,1.255905
SGD,2013-10,1.238692
SGD,2013-11,1.255014
SGD,2013-12,1.262708
SGD,2014-01,1.278337
SGD,2014-02,1.265981
SGD,2014-03,1.259501
SGD,2014-04,1.256823
SGD,2014-05,1.253693
SGD,2014-06,1.248133
SGD,2014-07,1.246805
SGD,2014-08,1.247801
SGD,2014-09,1.276564
SGD,2014-10,1.28641
SGD,2014-11,1.303212
SGD,2014-12,1.322626
SGD,2015-01,1.352676
SGD,2015-02,1.360231
SGD,2015-03,1.373176
SGD,2015-04,1.320999
SGD,2015-05,1.349043
SGD,2015-06,1.34668
SGD,2015-07,1.375217
SGD,2015-08,1.412572
SGD,2015-09,1.421137
SGD,2015-10,1.401924
SGD,2015-11,1.412232
SGD,2015-12,1.416093
SGD,2016-01,1.423993
SGD,2016-02,1.407513
SGD,2016-03,1.344225
SGD,2016-04,1.342717
SGD,2016-05,1.377712
SGD,2016-06,1.347235
SGD,2016-07,1.35112
SGD,2016-08,1.363726
SGD,2016-09,1.365021
SGD,2016-10,1.393294
SGD,2016-11,1.427268
SGD,2016-12,1.445214
SGD,2017-01,1.413389
SGD,2017-02,1.399547
SGD,2017-03,1.397437
SGD,2017-04,1.395974
SGD,2017-05,1.382943
SGD,2017-06,1.376621
SGD,2017-07,1.35738
SGD,2017-08,1.361015
SGD,2017-09,1.357869
SGD,2017-10,1.362777
SGD,2017-11,1.349143
SGD,2017-12,1.336113
SGD,2018-01,1.307538
SGD,2018-02,1.323236
SGD,2018-03,1.31142
SGD,2018-04,1.325938
SGD,2018-05,1.338234
SGD,2018-06,1.363527
SGD,2018-07,1.361282
SGD,2018-08,1.370269
SGD,2018-09,1.368262
SGD,2018-10,1.386817
SGD,2018-11,1.371688
SGD,2018-12,1.361659
SGD,2019-01,1.345665
SGD,2019-02,1.348108
SGD,2019-03,1.354161
SGD,2019-04,1.360581
SGD,2019-05,1.379069
SGD,2019-06,1.352812
SGD,2019-07,1.368577
SGD,2019-08,1.387459
SGD,2019-09,1.383047
SGD,2019-10,1.360409
SGD,2019-11,1.367419
SGD,2019-12,1.345113
SGD,2020-01,1.365545
SGD,2020-02,1.395372
SGD,2020-03,1.426889
SGD,2020-04,1.408974
SGD,2020-05,1.41092
SGD,2020-06,1.397392
SGD,2020-07,1.371117
SGD,2020-08,1.359715
SGD,2020-09,1.369576
SGD,2020-10,1.363652
SGD,2020-11,1.33798
SGD,2020-12,1.321653
SGD,2021-01,1.328362
SGD,2021-02,1.328768
SGD,2021-03,1.344819
SGD,2021-04,1.328009
SGD,2021-05,1.322023
SGD,2021-06,1.344329
SGD,2021-07,1.353124
SGD,2021-08,1.343333
SGD,2021-09,1.361085
SGD,2021-10,1.346157
SGD,2021-11,1.365924
SGD,2021-12,1.34902
SGD,2022-01,1.354428
SGD,2022-02,1.357353
SGD,2022-03,1.353752
SGD,2022-04,1.379981
SGD,2022-05,1.370951
SGD,2022-06,1.394339
SGD,2022-07,1.381447
SGD,2022-08,1.3969
SGD,2022-09,1.436295
SGD,2022-10,1.415977
SGD,2022-11,1.366615
SGD,2022-12,1.340709
SGD,2023-01,1.317087
SGD,2023-02,1.347961
SGD,2023-03,1.330023
SGD,2023-04,1.336764
SGD,2023-05,1.354208
SGD,2023-06,1.355789
SGD,2023-07,1.329946
SGD,2023-08,1.351307
SGD,2023-09,1.363319
SGD,2023-10,1.367831
SGD,2023-11,1.335834
SGD,2023-12,1.320452
SGD,2024-01,1.339577
SGD,2024-02,1.345834
SGD,2024-03,1.349274
SGD,2024-04,1.361541
SGD,2024-05,1.35118
SGD,2024-06,1.355722
SGD,2024-07,1.33829
SGD,2024-08,1.302516
SGD,2024-09,1.280993
SGD,2024-10,1.321173
SGD,2024-11,1.34056
SGD,2024-12,1.363365
SGD,2025-01,1.355816
SGD,2025-02,1.348285
SGD,2025-03,1.342487
SGD,2025-04,1.306515
SGD,2025-05,1.290502
SGD,2025-06,1.274829
SGD,2025-07,1.29696
SGD,2025-08,1.285555
SGD,2025-09,1.289924
SGD,2025-10,1.301627
SGD,2025-11,1.297596
SGD,2025-12,1.285532
SGD,2026-01,1.267808
SGD,2026-02,1.265735
SGD,2026-03,1.288137
SGD,2026-04,1.276192
SGD,2026-05,1.277053
SGD,2026-06,1.294892
SGD,2026-07,1.284893
SGD,2026-08,1.27268
THB,1957-01,20.66
THB,1957-02,20.67
THB,1957-03,20.75
THB,1957-04,20.8
THB,1957-05,20.79
THB,1957-06,20.77
THB,1957-07,20.8
THB,1957-08,20.72
THB,1957-09,20.78
THB,1957-10,20.82
THB,1957-11,20.9
THB,1957-12,20.9
THB,1958-01,20.83
THB,1958-02,20.83
THB,1958-03,20.83
THB,1958-04,21
THB,1958-05,20.98
THB,1958-06,20.93
THB,1958-07,21
THB,1958-08,21.04
THB,1958-09,21.1
THB,1958-10,21.1
THB,1958-11,21.1
THB,1958-12,21.1
THB,1959-01,21.1
THB,1959-02,21.16
THB,1959-03,21.19
THB,1959-04,21.2
THB,1959-05,21.16
THB,1959-06,21.17
THB,1959-07,21.19
THB,1959-08,21.19
THB,1959-09,21.19
THB,1959-10,21.19
THB,1959-11,21.19
THB,1959-12,21.19
THB,1960-01,21.19
THB,1960-02,21.19
THB,1960-03,21.19
THB,1960-04,21.19
THB,1960-05,21.19
THB,1960-06,21.19
THB,1960-07,21.19
THB,1960-08,21.19
THB,1960-09,21.19
THB,1960-10,21.14
THB,1960-11,21.14
THB,1960-12,21.14
THB,1961-01,21.09
THB,1961-02,21.09
THB,1961-03,21.09
THB,1961-04,21.09
THB,1961-05,21.04
THB,1961-06,21.04
THB,1961-07,21.04
THB,1961-08,21.04
THB,1961-09,21.04
THB,1961-10,21.04
THB,1961-11,21.03
THB,1961-12,20.99
THB,1962-01,20.99
THB,1962-02,20.94
THB,1962-03,20.94
THB,1962-04,20.84
THB,1962-05,20.84
THB,1962-06,20.84
THB,1962-07,20.84
THB,1962-08,20.84
THB,1962-09,20.84
THB,1962-10,20.84
THB,1962-11,20.84
THB,1962-12,20.84
THB,1963-01,20.84
THB,1963-02,20.84
THB,1963-03,20.84
THB,1963-04,20.84
THB,1963-05,20.84
THB,1963-06,20.84
THB,1963-07,20.84
THB,1963-08,20.84
THB,1963-09,20.84
THB,1963-10,20.84
THB,1963-11,20.84
THB,1963-12,20.84
THB,1964-01,20.84
THB,1964-02,20.84
THB,1964-03,20.84
THB,1964-04,20.84
THB,1964-05,20.84
THB,1964-06,20.84
THB,1964-07,20.83
THB,1964-08,20.83
THB,1964-09,20.83
THB,1964-10,20.83
THB,1964-11,20.83
THB,1964-12,20.83
THB,1965-01,20.83
THB,1965-02,20.83
THB,1965-03,20.83
THB,1965-04,20.83
THB,1965-05,20.83
THB,1965-06,20.83
THB,1965-07,20.83
THB,1965-08,20.83
THB,1965-09,20.83
THB,1965-10,20.83
THB,1965-11,20.83
THB,1965-12,20.83
THB,1966-01,20.83
THB,1966-02,20.83
THB,1966-03,20.83
THB,1966-04,20.83
THB,1966-05,20.83
THB,1966-06,20.81
THB,1966-07,20.81
THB,1966-08,20.78
THB,1966-09,20.75
THB,1966-10,20.75
THB,1966-11,20.75
THB,1966-12,20.75
THB,1967-01,20.75
THB,1967-02,20.75
THB,1967-03,20.75
THB,1967-04,20.75
THB,1967-05,20.75
THB,1967-06,20.75
THB,1967-07,20.75
THB,1967-08,20.75
THB,1967-09,20.75
THB,1967-10,20.75
THB,1967-11,20.75
THB,1967-12,20.8
THB,1968-01,20.8
THB,1968-02,20.8
THB,1968-03,20.8
THB,1968-04,20.8
THB,1968-05,20.8
THB,1968-06,20.8
THB,1968-07,20.85
THB,1968-08,20.85
THB,1968-09,20.85
THB,1968-10,20.85
THB,1968-11,20.85
THB,1968-12,20.85
THB,1969-01,20.85
THB,1969-02,20.85
THB,1969-03,20.85
THB,1969-04,20.85
THB,1969-05,20.9
THB,1969-06,20.9275
THB,1969-07,20.9275
THB,1969-08,20.9275
THB,1969-09,20.9275
THB,1969-10,20.9275
THB,1969-11,20.9275
THB,1969-12,20.9275
THB,1970-01,20.9275
THB,1970-02,20.9275
THB,1970-03,20.9275
THB,1970-04,20.9275
THB,1970-05,20.9275
THB,1970-06,20.9275
THB,1970-07,20.9275
THB,1970-08,20.9275
THB,1970-09,20.9275
THB,1970-10,20.9275
THB,1970-11,20.9275
THB,1970-12,20.9275
THB,1971-01,20.9275
THB,1971-02,20.9275
THB,1971-03,20.9275
THB,1971-04,20.9275
THB,1971-05,20.9275
THB,1971-06,20.9275
THB,1971-07,20.9275
THB,1971-08,20.9275
THB,1971-09,20.9275
THB,1971-10,20.9275
THB,1971-11,20.9275
THB,1971-12,20.9275
THB,1972-01,20.9275
THB,1972-02,20.9275
THB,1972-03,20.9275
THB,1972-04,20.9275
THB,1972-05,20.9275
THB,1972-06,20.9275
THB,1972-07,20.9275
THB,1972-08,20.9275
THB,1972-09,20.9275
THB,1972-10,20.9275
THB,1972-11,20.9275
THB,1972-12,20.9275
THB,1973-01,20.9275
THB,1973-02,20.9275
THB,1973-03,20.9275
THB,1973-04,20.9275
THB,1973-05,20.9275
THB,1973-06,20.9275
THB,1973-07,20.375
THB,1973-08,20.375
THB,1973-09,20.375
THB,1973-10,20.375
THB,1973-11,20.375
THB,1973-12,20.375
THB,1974-01,20.375
THB,1974-02,20.375
THB,1974-03,20.375
THB,1974-04,20.375
THB,1974-05,20.375
THB,1974-06,20.375
THB,1974-07,20.375
THB,1974-08,20.375
THB,1974-09,20.375
THB,1974-10,20.375
THB,1974-11,20.375
THB,1974-12,20.375
THB,1975-01,20.375
THB,1975-02,20.375
THB,1975-03,20.375
THB,1975-04,20.375
THB,1975-05,20.375
THB,1975-06,20.375
THB,1975-07,20.375
THB,1975-08,20.375
THB,1975-09,20.375
THB,1975-10,20.375
THB,1975-11,20.4
THB,1975-12,20.4
THB,1976-01,20.4
THB,1976-02,20.4
THB,1976-03,20.4
THB,1976-04,20.4
THB,1976-05,20.4
THB,1976-06,20.4
THB,1976-07,20.4
THB,1976-08,20.4
THB,1976-09,20.4
THB,1976-10,20.4
THB,1976-11,20.4
THB,1976-12,20.4
THB,1977-01,20.4
THB,1977-02,20.4
THB,1977-03,20.4
THB,1977-04,20.4
THB,1977-05,20.4
THB,1977-06,20.4
THB,1977-07,20.4
THB,1977-08,20.4
THB,1977-09,20.4
THB,1977-10,20.4
THB,1977-11,20.4
THB,1977-12,20.4
THB,1978-01,20.4
THB,1978-02,20.4
THB,1978-03,20.4
THB,1978-04,20.4
THB,1978-05,20.4
THB,1978-06,20.4
THB,1978-07,20.4
THB,1978-08,20.2
THB,1978-09,20.2
THB,1978-10,20.2
THB,1978-11,20.35
THB,1978-12,20.39
THB,1979-01,20.38
THB,1979-02,20.4225
THB,1979-03,20.425
THB,1979-04,20.425
THB,1979-05,20.425
THB,1979-06,20.425
THB,1979-07,20.425
THB,1979-08,20.4225
THB,1979-09,20.4
THB,1979-10,20.425
THB,1979-11,20.42
THB,1979-12,20.425
THB,1980-01,20.425
THB,1980-02,20.425
THB,1980-03,20.425
THB,1980-04,20.425
THB,1980-05,20.405
THB,1980-06,20.405
THB,1980-07,20.45
THB,1980-08,20.5
THB,1980-09,20.4875
THB,1980-10,20.565
THB,1980-11,20.595
THB,1980-12,20.63
THB,1981-01,20.6611
THB,1981-02,20.6185
THB,1981-03,20.65
THB,1981-04,20.75
THB,1981-05,21
THB,1981-06,20.9
THB,1981-07,23.05
THB,1981-08,23.05
THB,1981-09,23.05
THB,1981-10,23.05
THB,1981-11,23.05
THB,1981-12,23.05
THB,1982-01,23.05
THB,1982-02,23.05
THB,1982-03,23.05
THB,1982-04,23
THB,1982-05,23
THB,1982-06,23
THB,1982-07,23
THB,1982-08,23
THB,1982-09,23
THB,1982-10,23
THB,1982-11,23
THB,1982-12,23
THB,1983-01,23
THB,1983-02,23
THB,1983-03,22.99
THB,1983-04,22.99
THB,1983-05,22.99
THB,1983-06,22.99
THB,1983-07,22.99
THB,1983-08,22.99
THB,1983-09,22.99
THB,1983-10,22.99
THB,1983-11,22.99
THB,1983-12,23.04
THB,1984-01,23
THB,1984-02,23
THB,1984-03,23.01
THB,1984-04,23.01
THB,1984-05,23.01
THB,1984-06,23
THB,1984-07,23.02
THB,1984-08,23.02
THB,1984-09,23
THB,1984-10,23.02
THB,1984-11,27.05
THB,1984-12,27.15
THB,1985-01,27.4
THB,1985-02,28.1
THB,1985-03,27.57
THB,1985-04,27.54
THB,1985-05,27.55
THB,1985-06,27.45
THB,1985-07,26.79
THB,1985-08,26.88
THB,1985-09,26.35
THB,1985-10,26.56
THB,1985-11,26.17
THB,1985-12,26.7
THB,1986-01,26.57
THB,1986-02,26.37
THB,1986-03,26.49
THB,1986-04,26.3
THB,1986-05,26.48
THB,1986-06,26.32
THB,1986-07,26.13
THB,1986-08,26.16
THB,1986-09,26.08
THB,1986-10,26.26
THB,1986-11,26.25
THB,1986-12,26.27
THB,1987-01,25.86
THB,1987-02,25.93
THB,1987-03,25.74
THB,1987-04,25.59
THB,1987-05,25.75
THB,1987-06,25.86
THB,1987-07,25.98
THB,1987-08,25.74
THB,1987-09,25.85
THB,1987-10,25.61
THB,1987-11,25.37
THB,1987-12,25.09
THB,1988-01,25.25
THB,1988-02,25.32
THB,1988-03,25.16
THB,1988-04,25.15
THB,1988-05,25.21
THB,1988-06,25.49
THB,1988-07,25.49
THB,1988-08,25.57
THB,1988-09,25.57
THB,1988-10,25.26
THB,1988-11,25.08
THB,1988-12,25.2
THB,1989-01,25.41
THB,1989-02,25.38
THB,1989-03,25.5
THB,1989-04,25.53
THB,1989-05,25.92
THB,1989-06,25.96
THB,1989-07,25.76
THB,1989-08,25.99
THB,1989-09,25.81
THB,1989-10,25.86
THB,1989-11,25.82
THB,1989-12,25.71
THB,1990-01,25.73
THB,1990-02,25.82
THB,1990-03,26
THB,1990-04,26
THB,1990-05,25.86
THB,1990-06,25.81
THB,1990-07,25.64
THB,1990-08,25.49
THB,1990-09,25.36
THB,1990-10,25.09
THB,1990-11,25.2
THB,1990-12,25.31
THB,1991-01,25.18
THB,1991-02,25.23
THB,1991-03,25.63
THB,1991-04,25.67
THB,1991-05,25.64
THB,1991-06,25.73
THB,1991-07,25.74
THB,1991-08,25.74
THB,1991-09,25.56
THB,1991-10,25.59
THB,1991-11,25.5
THB,1991-12,25.4
THB,1992-01,25.4
THB,1992-02,25.53
THB,1992-03,25.62
THB,1992-04,25.64
THB,1992-05,25.49
THB,1992-06,25.3
THB,1992-07,25.34
THB,1992-08,25.15
THB,1992-09,25.13
THB,1992-10,25.39
THB,1992-11,25.52
THB,1992-12,25.53
THB,1993-01,25.49
THB,1993-02,25.445
THB,1993-03,25.38
THB,1993-04,25.23
THB,1993-05,25.11
THB,1993-06,25.28
THB,1993-07,25.31
THB,1993-08,25.17
THB,1993-09,25.22
THB,1993-10,25.34
THB,1993-11,25.445
THB,1993-12,25.58
THB,1994-01,25.45
THB,1994-02,25.31
THB,1994-03,25.25
THB,1994-04,25.24
THB,1994-05,25.21
THB,1994-06,25.04
THB,1994-07,25.01
THB,1994-08,25.04
THB,1994-09,24.99
THB,1994-10,24.91
THB,1994-11,25.0475
THB,1994-12,25.105
THB,1995-01,25.1
THB,1995-02,24.95
THB,1995-03,24.65
THB,1995-04,24.6
THB,1995-05,24.7
THB,1995-06,24.69
THB,1995-07,24.77
THB,1995-08,25.06
THB,1995-09,25.1
THB,1995-10,25.17
THB,1995-11,25.17
THB,1995-12,25.2
THB,1996-01,25.34
THB,1996-02,25.22
THB,1996-03,25.26
THB,1996-04,25.26
THB,1996-05,25.32
THB,1996-06,25.4
THB,1996-07,25.25
THB,1996-08,25.32
THB,1996-09,25.42
THB,1996-10,25.51
THB,1996-11,25.54
THB,1996-12,25.65
THB,1997-01,25.91
THB,1997-02,25.9
THB,1997-03,25.97
THB,1997-04,26.13
THB,1997-05,24.75
THB,1997-06,25.15
THB,1997-07,32.3
THB,1997-08,34.5
THB,1997-09,35.85
THB,1997-10,40.5
THB,1997-11,41
THB,1997-12,46.8
THB,1998-01,53.1
THB,1998-02,43.15
THB,1998-03,39.6
THB,1998-04,38.7
THB,1998-05,40.44
THB,1998-06,42.15
THB,1998-07,40.95
THB,1998-08,42
THB,1998-09,39.63
THB,1998-10,36.8
THB,1998-11,36.15
THB,1998-12,36.5
THB,1999-01,36.921908
THB,1999-02,37.328553
THB,1999-03,37.594768
THB,1999-04,37.185996
THB,1999-05,37.081484
THB,1999-06,36.855054
THB,1999-07,37.250327
THB,1999-08,38.338693
THB,1999-09,41.08692
THB,1999-10,38.70353
THB,1999-11,39.00208
THB,1999-12,37.425841
THB,2000-01,37.492697
THB,2000-02,38.119106
THB,2000-03,37.841202
THB,2000-04,38.026857
THB,2000-05,39.13501
THB,2000-06,39.184282
THB,2000-07,41.380937
THB,2000-08,40.861779
THB,2000-09,42.12105
THB,2000-10,43.95414
THB,2000-11,43.711884
THB,2000-12,43.300591
THB,2001-01,42.499623
THB,2001-02,43.1117
THB,2001-03,44.913949
THB,2001-04,45.632717
THB,2001-05,45.382665
THB,2001-06,45.272759
THB,2001-07,45.721987
THB,2001-08,44.060603
THB,2001-09,44.495784
THB,2001-10,44.697744
THB,2001-11,43.91234
THB,2001-12,44.189947
THB,2002-01,44.030103
THB,2002-02,43.737487
THB,2002-03,43.450023
THB,2002-04,43.237234
THB,2002-05,42.322893
THB,2002-06,41.524211
THB,2002-07,42.022897
THB,2002-08,42.175023
THB,2002-09,43.292292
THB,2002-10,43.307178
THB,2002-11,43.49723
THB,2002-12,43.136169
THB,2003-01,42.741864
THB,2003-02,42.775923
THB,2003-03,42.900046
THB,2003-04,42.84925
THB,2003-05,41.692945
THB,2003-06,42.047432
THB,2003-07,41.941863
THB,2003-08,41.125103
THB,2003-09,39.96035
THB,2003-10,39.903631
THB,2003-11,39.930048
THB,2003-12,39.620428
THB,2004-01,39.246851
THB,2004-02,39.29578
THB,2004-03,39.27806
THB,2004-04,39.987696
THB,2004-05,40.571651
THB,2004-06,40.916742
THB,2004-07,41.348285
THB,2004-08,41.65007
THB,2004-09,41.431703
THB,2004-10,41.050012
THB,2004-11,39.490786
THB,2004-12,38.941341
THB,2005-01,38.563099
THB,2005-02,38.286943
THB,2005-03,39.069732
THB,2005-04,39.445859
THB,2005-05,40.595248
THB,2005-06,41.298379
THB,2005-07,41.664599
THB,2005-08,41.351861
THB,2005-09,41.056303
THB,2005-10,40.786825
THB,2005-11,41.228652
THB,2005-12,41.058744
THB,2006-01,39.008912
THB,2006-02,39.179789
THB,2006-03,38.836748
THB,2006-04,37.524926
THB,2006-05,38.118589
THB,2006-06,38.20892
THB,2006-07,37.843659
THB,2006-08,37.538713
THB,2006-09,37.576619
THB,2006-10,36.735192
THB,2006-11,35.908333
THB,2006-12,35.512528
THB,2007-01,34.549946
THB,2007-02,33.986829
THB,2007-03,32.329929
THB,2007-04,32.815141
THB,2007-05,32.956961
THB,2007-06,31.55498
THB,2007-07,30
THB,2007-08,32.490332
THB,2007-09,31.781508
THB,2007-10,31.693085
THB,2007-11,30.733013
THB,2007-12,29.753413
THB,2008-01,31.237391
THB,2008-02,30.849871
THB,2008-03,31.484948
THB,2008-04,31.669884
THB,2008-05,32.502579
THB,2008-06,33.454707
THB,2008-07,33.519954
THB,2008-08,34.240244
THB,2008-09,33.890093
THB,2008-10,35.059967
THB,2008-11,35.515047
THB,2008-12,34.694977
THB,2009-01,34.964888
THB,2009-02,36.154698
THB,2009-03,35.484671
THB,2009-04,35.260264
THB,2009-05,34.314796
THB,2009-06,34.059714
THB,2009-07,34.030273
THB,2009-08,34.005045
THB,2009-09,33.454893
THB,2009-10,33.435135
THB,2009-11,33.249684
THB,2009-12,33.309732
THB,2010-01,33.174853
THB,2010-02,33.064849
THB,2010-03,32.345129
THB,2010-04,32.355238
THB,2010-05,32.558706
THB,2010-06,32.407302
THB,2010-07,32.2751
THB,2010-08,31.285489
THB,2010-09,30.364889
THB,2010-10,29.955257
THB,2010-11,30.200031
THB,2010-12,30.062865
THB,2011-01,30.890301
THB,2011-02,30.579731
THB,2011-03,30.249877
THB,2011-04,29.870121
THB,2011-05,30.310045
THB,2011-06,30.706428
THB,2011-07,29.819776
THB,2011-08,29.939792
THB,2011-09,31.139747
THB,2011-10,30.639954
THB,2011-11,31.000149
THB,2011-12,31.680192
THB,2012-01,30.929721
THB,2012-02,30.249944
THB,2012-03,30.830338
THB,2012-04,30.740124
THB,2012-05,31.860034
THB,2012-06,31.670373
THB,2012-07,31.479974
THB,2012-08,31.329791
THB,2012-09,30.789637
THB,2012-10,30.690372
THB,2012-11,30.699985
THB,2012-12,30.579809
THB,2013-01,29.830258
THB,2013-02,29.769975
THB,2013-03,29.225303
THB,2013-04,29.300031
THB,2013-05,30.355221
THB,2013-06,31.049694
THB,2013-07,31.289642
THB,2013-08,32.154892
THB,2013-09,31.295076
THB,2013-10,31.128216
THB,2013-11,32.065241
THB,2013-12,32.759046
THB,2014-01,32.997189
THB,2014-02,32.627235
THB,2014-03,32.426023
THB,2014-04,32.365343
THB,2014-05,32.847064
THB,2014-06,32.452043
THB,2014-07,32.109276
THB,2014-08,31.954049
THB,2014-09,32.4247
THB,2014-10,32.603002
THB,2014-11,32.83826
THB,2014-12,32.872086
THB,2015-01,32.777532
THB,2015-02,32.327402
THB,2015-03,32.547635
THB,2015-04,32.970129
THB,2015-05,33.734731
THB,2015-06,33.779605
THB,2015-07,35.170056
THB,2015-08,35.844851
THB,2015-09,36.340266
THB,2015-10,35.575928
THB,2015-11,35.850269
THB,2015-12,36.050335
THB,2016-01,35.68956
THB,2016-02,35.66036
THB,2016-03,35.149758
THB,2016-04,34.919758
THB,2016-05,35.659853
THB,2016-06,35.135111
THB,2016-07,34.834878
THB,2016-08,34.628997
THB,2016-09,34.669832
THB,2016-10,35.014617
THB,2016-11,35.654913
THB,2016-12,35.789773
THB,2017-01,35.139935
THB,2017-02,34.870246
THB,2017-03,34.350388
THB,2017-04,34.569991
THB,2017-05,34.070047
THB,2017-06,33.950228
THB,2017-07,33.300077
THB,2017-08,33.189852
THB,2017-09,33.320346
THB,2017-10,33.210174
THB,2017-11,32.612879
THB,2017-12,32.619862
THB,2018-01,31.310107
THB,2018-02,31.430326
THB,2018-03,31.229608
THB,2018-04,31.579601
THB,2018-05,32.030088
THB,2018-06,33.080288
THB,2018-07,33.239605
THB,2018-08,32.765428
THB,2018-09,32.349689
THB,2018-10,33.163987
THB,2018-11,32.879655
THB,2018-12,32.359825
THB,2019-01,31.235202
THB,2019-02,31.519797
THB,2019-03,31.715176
THB,2019-04,31.91478
THB,2019-05,31.640212
THB,2019-06,30.665202
THB,2019-07,30.73536
THB,2019-08,30.585357
THB,2019-09,30.595096
THB,2019-10,30.184687
THB,2019-11,30.23493
THB,2019-12,29.744526
THB,2020-01,31.179877
THB,2020-02,31.549604
THB,2020-03,32.790252
THB,2020-04,32.379551
THB,2020-05,31.810345
THB,2020-06,30.919807
THB,2020-07,31.18501
THB,2020-08,31.070352
THB,2020-09,31.669798
THB,2020-10,31.149769
THB,2020-11,30.264608
THB,2020-12,29.929916
THB,2021-01,29.900297
THB,2021-02,30.359706
THB,2021-03,31.264819
THB,2021-04,31.160404
THB,2021-05,31.199902
THB,2021-06,32.075059
THB,2021-07,32.88033
THB,2021-08,32.219875
THB,2021-09,33.884619
THB,2021-10,33.250322
THB,2021-11,33.690047
THB,2021-12,33.244747
THB,2022-01,33.295088
THB,2022-02,32.675239
THB,2022-03,33.250158
THB,2022-04,34.180266
THB,2022-05,34.30505
THB,2022-06,35.384615
THB,2022-07,36.260051
THB,2022-08,36.45
THB,2022-09,37.774928
THB,2022-10,38.075449
THB,2022-11,35.262143
THB,2022-12,34.534971
THB,2023-01,33.03517
THB,2023-02,35.299934
THB,2023-03,34.125057
THB,2023-04,34.119843
THB,2023-05,34.759899
THB,2023-06,35.415056
THB,2023-07,34.230246
THB,2023-08,34.969636
THB,2023-09,36.510289
THB,2023-10,36.035408
THB,2023-11,35.215442
THB,2023-12,34.364706
THB,2024-01,35.490449
THB,2024-02,35.940329
THB,2024-03,36.455462
THB,2024-04,37.070349
THB,2024-05,36.790453
THB,2024-06,36.729566
THB,2024-07,35.675102
THB,2024-08,33.860377
THB,2024-09,32.249911
THB,2024-10,33.775041
THB,2024-11,34.289907
THB,2024-12,34.340167
THB,2025-01,33.594727
THB,2025-02,34.162905
THB,2025-03,33.939898
THB,2025-04,33.420382
THB,2025-05,32.845048
THB,2025-06,32.529863
THB,2025-07,32.67517
THB,2025-08,32.389775
THB,2025-09,32.440167
THB,2025-10,32.324736
THB,2025-11,32.195227
THB,2025-12,31.674894
THB,2026-01,31.424616
THB,2026-02,31.085133
THB,2026-03,32.75961
THB,2026-04,32.544864
THB,2026-05,32.519753
THB,2026-06,33.22977
THB,2026-07,33.46539
THB,2026-08,33.164884
