month,bidding_no,vehicle_class,quota,bids_success,bids_received,premium,cat,date,year,t,ln_p,ln_q,oversub,d_ln_p,d_ln_q,ln_p_lag
2010-01,1,Category A,1152,1145,1342,18502,A,2010-01-01,2010,0.0,9.825634113331263,7.049254841255837,1.1649305555555556,,,
2010-01,2,Category A,1151,1149,1673,20501,A,2010-01-15,2010,0.041666666666666664,9.928228944424575,7.048386408721883,1.4535186794092094,0.10259483109331136,-0.0008684325339540777,9.825634113331263
2010-02,1,Category A,1154,1153,1326,19989,A,2010-02-01,2010,0.08333333333333333,9.902937401230647,7.050989447068045,1.149046793760832,-0.025291543193928234,0.0026030383461623785,9.928228944424575
2010-02,2,Category A,1148,1148,1493,20340,A,2010-02-15,2010,0.125,9.920344669602551,7.045776576879511,1.3005226480836236,0.01740726837190465,-0.005212870188533891,9.902937401230647
2010-03,1,Category A,1148,1141,1758,20802,A,2010-03-01,2010,0.16666666666666666,9.942804414913079,7.045776576879511,1.5313588850174216,0.022459745310527524,0.0,9.920344669602551
2010-03,2,Category A,1146,1137,2183,28389,A,2010-03-15,2010,0.20833333333333331,10.253757025176343,7.044032897274685,1.9048865619546247,0.31095261026326426,-0.0017436796048260206,9.942804414913079
2010-04,1,Category A,705,597,1379,34001,A,2010-04-01,2010,0.25,10.434145214930487,6.558197802812269,1.9560283687943263,0.18038818975414372,-0.48583509446241635,10.253757025176343
2010-04,2,Category A,706,704,1242,30000,A,2010-04-15,2010,0.2916666666666667,10.308952660644293,6.559615237493242,1.7592067988668556,-0.12519255428619402,0.0014174346809729954,10.434145214930487
2010-05,1,Category A,806,798,1294,26102,A,2010-05-01,2010,0.3333333333333333,10.169767218727474,6.692083742506628,1.6054590570719602,-0.13918544191681903,0.13246850501338603,10.308952660644293
2010-05,2,Category A,699,697,1036,27389,A,2010-05-15,2010,0.375,10.217896751915566,6.54965074223381,1.4821173104434906,0.04812953318809221,-0.1424330002728178,10.169767218727474
2010-06,1,Category A,706,704,1107,30051,A,2010-06-01,2010,0.4166666666666667,10.310651217279874,6.559615237493242,1.5679886685552409,0.0927544653643082,0.009964495259431772,10.217896751915566
2010-06,2,Category A,699,697,902,31510,A,2010-06-15,2010,0.45833333333333337,10.35806023475132,6.54965074223381,1.290414878397711,0.047409017471446546,-0.009964495259431772,10.310651217279874
2010-07,1,Category A,700,676,893,29501,A,2010-07-01,2010,0.5,10.292179440058462,6.551080335043404,1.2757142857142858,-0.06588079469285901,0.0014295928095942045,10.35806023475132
2010-07,2,Category A,699,691,967,36162,A,2010-07-15,2010,0.5416666666666666,10.4957641227111,6.54965074223381,1.3834048640915593,0.20358468265263774,-0.0014295928095942045,10.292179440058462
2010-08,1,Category A,622,589,786,32104,A,2010-08-01,2010,0.5833333333333334,10.376735911946753,6.432940092739179,1.2636655948553055,-0.11902821076434655,-0.11671064949463084,10.4957641227111
2010-08,2,Category A,606,606,975,29000,A,2010-08-15,2010,0.625,10.275051108968611,6.406879986069314,1.608910891089109,-0.10168480297814142,-0.026060106669865135,10.376735911946753
2010-09,1,Category A,631,628,775,33089,A,2010-09-01,2010,0.6666666666666666,10.40695617984855,6.447305862541213,1.2282091917591125,0.13190507087993808,0.04042587647189855,10.275051108968611
2010-09,2,Category A,597,547,993,30001,A,2010-09-15,2010,0.7083333333333333,10.308985993422082,6.391917113392602,1.6633165829145728,-0.09797018642646727,-0.05538874914861047,10.40695617984855
2010-10,1,Category A,601,601,722,33132,A,2010-10-01,2010,0.75,10.408254861718154,6.398594934535208,1.2013311148086523,0.09926886829607184,0.006677821142605289,10.308985993422082
2010-10,2,Category A,647,647,817,32415,A,2010-10-15,2010,0.7916666666666666,10.386376557609095,6.472346294500901,1.2627511591962906,-0.021878304109058888,0.07375135996569337,10.408254861718154
2010-11,1,Category A,598,598,843,34001,A,2010-11-01,2010,0.8333333333333334,10.434145214930487,6.393590753950631,1.4096989966555185,0.04776865732139157,-0.07875554055026956,10.386376557609095
2010-11,2,Category A,597,577,833,39000,A,2010-11-15,2010,0.875,10.571316925111784,6.391917113392602,1.3953098827470687,0.13717171018129726,-0.0016736405580290992,10.434145214930487
2010-12,1,Category A,598,582,1020,47604,A,2010-12-01,2010,0.9166666666666666,10.77067207030233,6.393590753950631,1.705685618729097,0.19935514519054642,0.0016736405580290992,10.571316925111784
2010-12,2,Category A,617,607,755,46129,A,2010-12-15,2010,0.9583333333333333,10.73919709845,6.424869023905388,1.2236628849270665,-0.03147497185233128,0.03127826995475669,10.77067207030233
2011-01,1,Category A,614,602,1192,38889,A,2011-01-01,2011,1.0,10.568466713268153,6.419994928147142,1.9413680781758957,-0.17073038518184624,-0.004874095758245822,10.73919709845
2011-01,2,Category A,607,606,1091,40123,A,2011-01-15,2011,1.0416666666666667,10.599705014953292,6.408528791059498,1.7973640856672157,0.03123830168513919,-0.01146613708764388,10.568466713268153
2011-02,1,Category A,523,501,1146,37124,A,2011-02-01,2011,1.0833333333333333,10.522018939715283,6.259581464064923,2.191204588910134,-0.07768607523800952,-0.14894732699457514,10.599705014953292
2011-02,2,Category A,511,494,788,42999,A,2011-02-15,2011,1.125,10.668932138591325,6.236369590203704,1.5420743639921721,0.14691319887604237,-0.023211873861218812,10.522018939715283
2011-03,1,Category A,532,530,875,42600,A,2011-03-01,2011,1.1666666666666667,10.659609532257463,6.2766434893416445,1.644736842105263,-0.009322606333862282,0.040273899137940106,10.668932138591325
2011-03,2,Category A,527,472,927,43813,A,2011-03-15,2011,1.2083333333333335,10.687685855980014,6.267200548541362,1.7590132827324478,0.02807632372255142,-0.009442940800282074,10.659609532257463
2011-04,1,Category A,512,511,813,43212,A,2011-04-01,2011,1.25,10.673873513436876,6.238324625039508,1.587890625,-0.013812342543138456,-0.02887592350185475,10.687685855980014
2011-04,2,Category A,565,552,964,44000,A,2011-04-15,2011,1.2916666666666667,10.691944912900398,6.336825731146441,1.7061946902654868,0.018071399463522653,0.09850110610693363,10.673873513436876
2011-05,1,Category A,511,511,944,44790,A,2011-05-01,2011,1.3333333333333333,10.709740179201345,6.236369590203704,1.847358121330724,0.017795266300947077,-0.10045614094273692,10.691944912900398
2011-05,2,Category A,523,521,760,46989,A,2011-05-15,2011,1.375,10.757668810746772,6.259581464064923,1.4531548757170172,0.04792863154542637,0.023211873861218812,10.709740179201345
2011-06,1,Category A,510,506,880,53390,A,2011-06-01,2011,1.4166666666666667,10.885378741494232,6.234410725718371,1.7254901960784315,0.12770993074746073,-0.025170738346552035,10.757668810746772
2011-06,2,Category A,512,512,715,50244,A,2011-06-15,2011,1.4583333333333335,10.824646415807143,6.238324625039508,1.396484375,-0.06073232568708953,0.003913899321136505,10.885378741494232
2011-07,1,Category A,514,497,839,55989,A,2011-07-01,2011,1.5,10.93291052185124,6.2422232654551655,1.632295719844358,0.10826410604409631,0.0038986404156577947,10.824646415807143
2011-07,2,Category A,510,501,776,56002,A,2011-07-15,2011,1.5416666666666667,10.933142683365261,6.234410725718371,1.5215686274509803,0.00023216151402216667,-0.0078125397367943,10.93291052185124
2011-08,1,Category A,566,566,1034,48801,A,2011-08-01,2011,1.5833333333333335,10.795506083434564,6.338594078203183,1.8268551236749118,-0.13763659993069766,0.10418335248481192,10.933142683365261
2011-08,2,Category A,557,557,927,49301,A,2011-08-15,2011,1.6250000000000002,10.805699643800724,6.322565239927284,1.6642728904847397,0.010193560366159815,-0.01602883827589885,10.795506083434564
2011-09,1,Category A,548,547,794,51000,A,2011-09-01,2011,1.6666666666666665,10.839580911706463,6.306275286948016,1.448905109489051,0.03388126790573942,-0.016289952979268385,10.805699643800724
2011-09,2,Category A,548,531,951,48006,A,2011-09-15,2011,1.7083333333333333,10.77908128207818,6.306275286948016,1.7354014598540146,-0.06049962962828381,0.0,10.839580911706463
2011-10,1,Category A,549,549,793,50289,A,2011-10-01,2011,1.75,10.825541644299388,6.3080984415095305,1.4444444444444444,0.046460362221209195,0.001823154561514606,10.77908128207818
2011-10,2,Category A,565,554,873,56112,A,2011-10-15,2011,1.7916666666666667,10.935104972379959,6.336825731146441,1.545132743362832,0.10956332808057034,0.028727289636910847,10.825541644299388
2011-11,1,Category A,548,547,766,55997,A,2011-11-01,2011,1.8333333333333335,10.933053396853715,6.306275286948016,1.397810218978102,-0.0020515755262433544,-0.030550444198425453,10.935104972379959
2011-11,2,Category A,559,541,756,54887,A,2011-11-15,2011,1.8750000000000002,10.913031805286236,6.326149473155099,1.3524150268336315,-0.02002159156747929,0.019874186207083255,10.933053396853715
2011-12,1,Category A,549,543,781,52392,A,2011-12-01,2011,1.9166666666666665,10.86650918689789,6.3080984415095305,1.4225865209471766,-0.04652261838834626,-0.01805103164556865,10.913031805286236
2011-12,2,Category A,566,457,878,50001,A,2011-12-15,2011,1.9583333333333333,10.819798284210286,6.338594078203183,1.5512367491166077,-0.046710902687603806,0.030495636693652628,10.86650918689789
2012-01,1,Category A,554,554,901,46889,A,2012-01-01,2012,2.0,10.755538385347368,6.317164686747284,1.6263537906137184,-0.06425989886291816,-0.02142939145589917,10.819798284210286
2012-01,2,Category A,657,652,903,48112,A,2012-01-15,2012,2.0416666666666665,10.78128690522831,6.48768401848461,1.3744292237442923,0.025748519880941956,0.17051933173732614,10.755538385347368
2012-02,1,Category A,619,571,1058,52809,A,2012-02-01,2012,2.0833333333333335,10.874436909714081,6.428105272684596,1.7092084006462036,0.09315000448577138,-0.05957874580001388,10.78128690522831
2012-02,2,Category A,624,607,1017,57009,A,2012-02-15,2012,2.125,10.950964429089467,6.436150368369428,1.6298076923076923,0.07652751937538582,0.008045095684831693,10.874436909714081
2012-03,1,Category A,667,649,912,56551,A,2012-03-01,2012,2.1666666666666665,10.942898164853876,6.502790045915623,1.3673163418290855,-0.008066264235591092,0.06663967754619549,10.950964429089467
2012-03,2,Category A,636,626,1067,56501,A,2012-03-15,2012,2.208333333333333,10.942013616092948,6.455198563340122,1.6776729559748427,-0.0008845487609274727,-0.047591482575501054,10.942898164853876
2012-04,1,Category A,637,615,960,58501,A,2012-04-01,2012,2.25,10.97679912709094,6.456769655572163,1.5070643642072215,0.034785510997991764,0.0015710922320408827,10.942013616092948
2012-04,2,Category A,629,618,1011,64201,A,2012-04-15,2012,2.2916666666666665,11.06977406588073,6.444131256700441,1.6073131955484896,0.09297493878979068,-0.012638398871722245,10.97679912709094
2012-05,1,Category A,641,593,822,62600,A,2012-05-01,2012,2.3333333333333335,11.04452055708819,6.46302945692067,1.282371294851794,-0.025253508792541624,0.018898200220228922,11.06977406588073
2012-05,2,Category A,630,617,945,58001,A,2012-05-15,2012,2.375,10.968215530759236,6.4457198193855785,1.5,-0.07630502632895286,-0.017309637535091404,11.04452055708819
2012-06,1,Category A,668,647,1004,59003,A,2012-06-01,2012,2.4166666666666665,10.985343569052796,6.504288173536645,1.5029940119760479,0.01712803829355991,0.05856835415106687,10.968215530759236
2012-06,2,Category A,633,577,920,59004,A,2012-06-15,2012,2.458333333333333,10.98536051719994,6.450470422144176,1.4533965244865719,1.6948147143480696e-05,-0.05381775139246958,10.985343569052796
2012-07,1,Category A,641,613,872,59421,A,2012-07-01,2012,2.5,10.992402978225373,6.46302945692067,1.360374414976599,0.0070424610254331554,0.012559034776494116,10.98536051719994
2012-07,2,Category A,676,669,911,68656,A,2012-07-15,2012,2.5416666666666665,11.136863807231306,6.516193076042964,1.3476331360946745,0.14446082900593282,0.05316361912229439,10.992402978225373
2012-08,1,Category A,421,415,724,73501,A,2012-08-01,2012,2.5833333333333335,11.205054290550551,6.042632833682381,1.7197149643705463,0.06819048331924549,-0.47356024236058314,11.136863807231306
2012-08,2,Category A,400,391,530,66889,A,2012-08-15,2012,2.625,11.110789808082927,5.991464547107982,1.325,-0.09426448246762398,-0.051168286574399424,11.205054290550551
2012-09,1,Category A,399,391,518,68000,A,2012-09-01,2012,2.6666666666666665,11.127262984158243,5.988961416889864,1.2982456140350878,0.01647317607531562,-0.002503130218117988,11.110789808082927
2012-09,2,Category A,402,402,486,63000,A,2012-09-15,2012,2.708333333333333,11.05089000537367,5.996452088619021,1.208955223880597,-0.07637297878457261,0.007490671729157405,11.127262984158243
2012-10,1,Category A,401,399,506,69000,A,2012-10-01,2012,2.75,11.141861783579396,5.993961427306569,1.2618453865336658,0.09097177820572533,-0.002490661312451792,11.05089000537367
2012-10,2,Category A,393,390,509,71001,A,2012-10-15,2012,2.7916666666666665,11.170449240431308,5.973809611869261,1.2951653944020356,0.028587456851912663,-0.02015181543730815,11.141861783579396
2012-11,1,Category A,395,393,621,77201,A,2012-11-01,2012,2.8333333333333335,11.25416768929685,5.978885764901122,1.5721518987341772,0.08371844886554136,0.0050761530318608195,11.170449240431308
2012-11,2,Category A,396,393,540,77291,A,2012-11-15,2012,2.875,11.255332798301602,5.981414211254481,1.3636363636363635,0.0011651090047521961,0.002528446353358582,11.25416768929685
2012-12,1,Category A,395,378,482,78523,A,2012-12-01,2012,2.9166666666666665,11.27114685448682,5.978885764901122,1.220253164556962,0.015814056185218917,-0.002528446353358582,11.255332798301602
2012-12,2,Category A,395,378,499,81889,A,2012-12-15,2012,2.958333333333333,11.313119950686437,5.978885764901122,1.2632911392405064,0.04197309619961587,0.0,11.27114685448682
2013-01,1,Category A,410,409,555,92100,A,2013-01-01,2013,3.0,11.430630222243398,6.016157159698354,1.353658536585366,0.11751027155696114,0.03727139479723185,11.313119950686437
2013-01,2,Category A,409,409,489,91010,A,2013-01-15,2013,3.0416666666666665,11.418724669571402,6.013715156042802,1.19559902200489,-0.011905552671995778,-0.0024420036555516944,11.430630222243398
2013-02,1,Category A,335,333,418,87109,A,2013-02-01,2013,3.0833333333333335,11.374915487008783,5.814130531825066,1.2477611940298508,-0.04380918256261879,-0.19958462421773593,11.418724669571402
2013-02,2,Category A,333,329,427,78301,A,2013-02-15,2013,3.125,11.268315653289422,5.808142489980444,1.2822822822822824,-0.10659983371936121,-0.005988041844622316,11.374915487008783
2013-03,1,Category A,336,329,1180,74689,A,2013-03-01,2013,3.1666666666666665,11.2210881045883,5.817111159963204,3.511904761904762,-0.047227548701121336,0.008968669982760247,11.268315653289422
2013-03,2,Category A,337,337,923,64209,A,2013-03-15,2013,3.208333333333333,11.069898666768673,5.820082930352362,2.7388724035608307,-0.15118943781962813,0.002971770389157413,11.2210881045883
2013-04,1,Category A,341,339,966,61029,A,2013-04-01,2013,3.25,11.019104440020062,5.831882477283517,2.832844574780059,-0.05079422674861078,0.011799546931155369,11.069898666768673
2013-04,2,Category A,333,333,993,62497,A,2013-04-15,2013,3.2916666666666665,11.042873834572456,5.808142489980444,2.981981981981982,0.02376939455239402,-0.02373998730307303,11.019104440020062
2013-05,1,Category A,336,329,912,62999,A,2013-05-01,2013,3.3333333333333335,11.050874132231819,5.817111159963204,2.7142857142857144,0.008000297659362943,0.008968669982760247,11.042873834572456
2013-05,2,Category A,333,324,888,64839,A,2013-05-15,2013,3.375,11.079662553152028,5.808142489980444,2.6666666666666665,0.02878842092020939,-0.008968669982760247,11.050874132231819
2013-06,1,Category A,341,336,855,67301,A,2013-06-01,2013,3.4166666666666665,11.116930374363438,5.831882477283517,2.5073313782991202,0.037267821211409924,0.02373998730307303,11.079662553152028
2013-06,2,Category A,342,341,788,69903,A,2013-06-15,2013,3.458333333333333,11.154863845755866,5.834810737062605,2.304093567251462,0.037933471392427975,0.0029282597790878384,11.116930374363438
2013-07,1,Category A,338,328,716,73100,A,2013-07-01,2013,3.5,11.199583645737869,5.823045895483019,2.1183431952662723,0.04471979998200304,-0.011764841579585905,11.154863845755866
2013-07,2,Category A,334,332,621,73989,A,2013-07-15,2013,3.5416666666666665,11.211671712488354,5.811140992976701,1.8592814371257484,0.012088066750484572,-0.011904902506318038,11.199583645737869
2013-08,1,Category A,373,371,754,75556,A,2013-08-01,2013,3.5833333333333335,11.23262938215171,5.921578419643816,2.0214477211796247,0.02095766966335688,0.11043742666711509,11.211671712488354
2013-08,2,Category A,366,360,596,76223,A,2013-08-15,2013,3.625,11.241418533401374,5.902633333401366,1.6284153005464481,0.008789151249663618,-0.01894508624245006,11.23262938215171
2013-09,1,Category A,366,365,609,77304,A,2013-09-01,2013,3.6666666666666665,11.255500979679145,5.902633333401366,1.6639344262295082,0.014082446277770444,0.0,11.241418533401374
2013-09,2,Category A,370,361,654,83751,A,2013-09-15,2013,3.708333333333333,11.335603389914535,5.91350300563827,1.7675675675675675,0.08010241023539066,0.010869672236903938,11.255500979679145
2013-10,1,Category A,365,361,615,85000,A,2013-10-01,2013,3.75,11.350406535472453,5.8998973535824915,1.6849315068493151,0.014803145557918285,-0.01360565205577835,11.335603389914535
2013-10,2,Category A,373,373,596,76889,A,2013-10-15,2013,3.7916666666666665,11.250118102349248,5.921578419643816,1.5978552278820375,-0.10028843312320568,0.021681066061324472,11.350406535472453
2013-11,1,Category A,368,368,590,72609,A,2013-11-01,2013,3.8333333333333335,11.19284416007177,5.908082938168931,1.6032608695652173,-0.05727394227747773,-0.013495481474884663,11.250118102349248
2013-11,2,Category A,364,361,650,74991,A,2013-11-15,2013,3.875,11.225123385317872,5.8971538676367405,1.7857142857142858,0.03227922524610172,-0.010929070532190721,11.19284416007177
2013-12,1,Category A,364,364,591,73160,A,2013-12-01,2013,3.9166666666666665,11.200404102504802,5.8971538676367405,1.6236263736263736,-0.02471928281307001,0.0,11.225123385317872
2013-12,2,Category A,367,363,574,74002,A,2013-12-15,2013,3.958333333333333,11.21184739884811,5.905361848054571,1.564032697547684,0.011443296343308873,0.008207980417830107,11.200404102504802
2014-01,1,Category A,364,361,623,72369,A,2014-01-01,2014,4.0,11.189533309884368,5.8971538676367405,1.7115384615384615,-0.022314088963742762,-0.008207980417830107,11.21184739884811
2014-01,2,Category A,368,364,724,72290,A,2014-01-15,2014,4.041666666666667,11.188441085994343,5.908082938168931,1.9673913043478262,-0.0010922238900246128,0.010929070532190721,11.189533309884368
2014-02,1,Category A,362,356,719,71564,A,2014-02-01,2014,4.083333333333333,11.178347433209714,5.8916442118257715,1.9861878453038675,-0.01009365278462937,-0.016438726343159793,11.188441085994343
2014-02,2,Category A,362,358,700,77201,A,2014-02-15,2014,4.125,11.25416768929685,5.8916442118257715,1.9337016574585635,0.07582025608713572,0.0,11.178347433209714
2014-03,1,Category A,365,356,615,76999,A,2014-03-01,2014,4.166666666666667,11.251547713738502,5.8998973535824915,1.6849315068493151,-0.002619975558348031,0.008253141756719984,11.25416768929685
2014-03,2,Category A,362,360,577,78602,A,2014-03-15,2014,4.208333333333334,11.272152423386192,5.8916442118257715,1.5939226519337018,0.020604709647690456,-0.008253141756719984,11.251547713738502
2014-04,1,Category A,367,360,537,77400,A,2014-04-01,2014,4.25,11.25674205957782,5.905361848054571,1.4632152588555858,-0.015410363808372907,0.01371763622879918,11.272152423386192
2014-04,2,Category A,361,357,513,71335,A,2014-04-15,2014,4.291666666666667,11.175142369548915,5.8888779583328805,1.4210526315789473,-0.08159969002890399,-0.016483889721690126,11.25674205957782
2014-05,1,Category A,513,512,676,60002,A,2014-05-01,2014,4.333333333333333,11.002133173982028,6.240275845170769,1.3177387914230019,-0.17300919556688754,0.35139788683788886,11.175142369548915
2014-05,2,Category A,509,506,997,65689,A,2014-05-15,2014,4.375,11.092686762753445,6.2324480165505225,1.9587426326129667,0.09055358877141728,-0.00782782862024689,11.002133173982028
2014-06,1,Category A,507,499,1040,63190,A,2014-06-01,2014,4.416666666666667,11.053901339767501,6.2285110035911835,2.051282051282051,-0.038785422985943896,-0.003937012959339015,11.092686762753445
2014-06,2,Category A,509,506,1040,61899,A,2014-06-15,2014,4.458333333333334,11.03325930345334,6.2324480165505225,2.043222003929273,-0.02064203631416106,0.003937012959339015,11.053901339767501
2014-07,1,Category A,513,511,1075,61990,A,2014-07-01,2014,4.5,11.034728360695965,6.240275845170769,2.0955165692007798,0.001469057242625027,0.00782782862024689,11.03325930345334
2014-07,2,Category A,509,505,1190,62890,A,2014-07-15,2014,4.541666666666667,11.04914244753755,6.2324480165505225,2.337917485265226,0.014414086841584961,-0.00782782862024689,11.034728360695965
2014-08,1,Category A,574,574,1086,64600,A,2014-08-01,2014,4.583333333333333,11.075969689770693,6.352629396319567,1.89198606271777,0.026827242233142812,0.1201813797690443,11.04914244753755
2014-08,2,Category A,575,574,994,65710,A,2014-08-15,2014,4.625,11.093006399891914,6.354370040797351,1.728695652173913,0.017036710121221432,0.0017406444777838814,11.075969689770693
2014-09,1,Category A,572,568,813,64841,A,2014-09-01,2014,4.666666666666667,11.07969339830934,6.349138991379798,1.4213286713286712,-0.013313001582574202,-0.005231049417552924,11.093006399891914
2014-09,2,Category A,573,573,792,62000,A,2014-09-15,2014,4.708333333333334,11.03488966402723,6.35088571671474,1.382198952879581,-0.0448037342821106,0.0017467253349421341,11.07969339830934
2014-10,1,Category A,575,570,1097,63880,A,2014-10-01,2014,4.75,11.064761602328948,6.354370040797351,1.9078260869565218,0.02987193830171897,0.00348432408261079,11.03488966402723
2014-10,2,Category A,572,569,1092,63990,A,2014-10-15,2014,4.791666666666667,11.066482100133506,6.349138991379798,1.9090909090909092,0.0017204978045572972,-0.005231049417552924,11.064761602328948
2014-11,1,Category A,703,692,1196,64900,A,2014-11-01,2014,4.833333333333333,11.080602902692181,6.555356891810665,1.701280227596017,0.01412080255867565,0.2062179004308673,11.066482100133506
2014-11,2,Category A,701,694,1144,67889,A,2014-11-15,2014,4.875,11.125629297477385,6.55250788703459,1.6319543509272467,0.04502639478520365,-0.0028490047760749704,11.080602902692181
2014-12,1,Category A,709,703,996,67089,A,2014-12-01,2014,4.916666666666667,11.113775375094827,6.5638555265321274,1.4047954866008463,-0.011853922382558224,0.011347639497537365,11.125629297477385
2014-12,2,Category A,705,699,868,65889,A,2014-12-15,2014,4.958333333333334,11.095726786982862,6.558197802812269,1.2312056737588652,-0.018048588111964747,-0.0056577237198585095,11.113775375094827
2015-01,1,Category A,704,698,940,66010,A,2015-01-01,2015,5.0,11.097561524682817,6.556778356158042,1.3352272727272727,0.0018347376999550136,-0.0014194466542267747,11.095726786982862
2015-01,2,Category A,705,703,1068,65001,A,2015-01-15,2015,5.041666666666667,11.082157933374816,6.558197802812269,1.5148936170212766,-0.015403591308000841,0.0014194466542267747,11.097561524682817
2015-02,1,Category A,992,991,1295,62002,A,2015-02-01,2015,5.083333333333333,11.034921921571465,6.899723107284872,1.3054435483870968,-0.04723601180335102,0.34152530447260343,11.082157933374816
2015-02,2,Category A,988,988,1294,57199,A,2015-02-15,2015,5.125,10.954291694697586,6.895682697747868,1.3097165991902835,-0.080630226873879,-0.00404040953700413,11.034921921571465
2015-03,1,Category A,987,986,2120,61410,A,2015-03-01,2015,5.166666666666667,11.025327967323445,6.894670039433482,2.1479229989868287,0.0710362726258591,-0.00101265831438635,10.954291694697586
2015-03,2,Category A,987,987,2251,64700,A,2015-03-15,2015,5.208333333333334,11.077516480488992,6.894670039433482,2.2806484295845997,0.052188513165546624,0.0,11.025327967323445
2015-04,1,Category A,988,970,2340,67749,A,2015-04-01,2015,5.25,11.123564978485414,6.895682697747868,2.3684210526315788,0.046048497996421744,0.00101265831438635,11.077516480488992
2015-04,2,Category A,987,979,2055,67601,A,2015-04-15,2015,5.291666666666667,11.121378054821049,6.894670039433482,2.082066869300912,-0.0021869236643645706,-0.00101265831438635,11.123564978485414
2015-05,1,Category A,1444,1438,2891,68589,A,2015-05-01,2015,5.333333333333333,11.135887451002336,7.275172319452771,2.00207756232687,0.014509396181287215,0.38050228001928943,11.121378054821049
2015-05,2,Category A,1434,1431,2351,66590,A,2015-05-15,2015,5.375,11.106309695104668,7.2682230211595655,1.6394700139470013,-0.029577755897667757,-0.006949298293205786,11.135887451002336
2015-06,1,Category A,1432,1393,1943,66000,A,2015-06-01,2015,5.416666666666667,11.097410021008562,7.266827347520591,1.3568435754189945,-0.00889967409610648,-0.001395673638974415,11.106309695104668
2015-06,2,Category A,1429,1421,1766,61000,A,2015-06-15,2015,5.458333333333334,11.018629143155449,7.264730177929867,1.2358292512246327,-0.07878087785311294,-0.002097169590723702,11.097410021008562
2015-07,1,Category A,1466,1464,1891,58700,A,2015-07-01,2015,5.5,10.980195005816189,7.290292882446597,1.2899045020463846,-0.03843413733926049,0.025562704516729262,11.018629143155449
2015-07,2,Category A,1435,1365,1966,55889,A,2015-07-15,2015,5.541666666666667,10.931122859815252,7.268920128193722,1.370034843205575,-0.049072146000936456,-0.02137275425287477,10.980195005816189
2015-08,1,Category A,1688,1687,2446,56209,A,2015-08-01,2015,5.583333333333333,10.93683216540912,7.431299675155903,1.4490521327014219,0.005709305593867953,0.16237954696218093,10.931122859815252
2015-08,2,Category A,1756,1756,2597,57498,A,2015-08-15,2015,5.625,10.959505443571818,7.470793774195062,1.4789293849658314,0.022673278162697486,0.03949409903915946,10.93683216540912
2015-09,1,Category A,1688,1688,2553,57089,A,2015-09-01,2015,5.666666666666667,10.952366732602407,7.431299675155903,1.5124407582938388,-0.0071387109694107664,-0.03949409903915946,10.959505443571818
2015-09,2,Category A,1687,1684,2276,55399,A,2015-09-15,2015,5.708333333333334,10.922316822030947,7.430707082545968,1.3491404860699467,-0.030049910571460003,-0.0005925926099346057,10.952366732602407
2015-10,1,Category A,1687,1679,2210,56001,A,2015-10-01,2015,5.75,10.933124826700707,7.430707082545968,1.3100177830468287,0.010808004669760507,0.0,10.922316822030947
2015-10,2,Category A,1690,1684,2229,57301,A,2015-10-15,2015,5.791666666666667,10.956073354557526,7.432483807917119,1.3189349112426036,0.022948527856819112,0.0017767253711511444,10.933124826700707
2015-11,1,Category A,1664,1623,2009,56001,A,2015-11-01,2015,5.833333333333333,10.933124826700707,7.416979621381154,1.2073317307692308,-0.022948527856819112,-0.015504186535965303,10.956073354557526
2015-11,2,Category A,1662,1650,2140,59200,A,2015-11-15,2015,5.875,10.988676820872097,7.415776975415394,1.2876052948255114,0.05555199417139001,-0.0012026459657601407,10.933124826700707
2015-12,1,Category A,1698,1696,2132,56989,A,2015-12-01,2015,5.916666666666667,10.950613545737037,7.437206366871292,1.2555948174322733,-0.03806327513506069,0.021429391455898283,10.988676820872097
2015-12,2,Category A,1669,1667,1978,54301,A,2015-12-15,2015,5.958333333333334,10.902297921958713,7.419979923661835,1.1851408028759736,-0.04831562377832377,-0.017226443209457543,10.950613545737037
2016-01,1,Category A,1659,1649,2013,45002,A,2016-01-01,2016,6.0,10.714462212209277,7.413970290190444,1.213381555153707,-0.18783570974943586,-0.0060096334713906074,10.902297921958713
2016-01,2,Category A,1659,1638,3437,51301,A,2016-01-15,2016,6.041666666666667,10.84546552414626,7.413970290190444,2.071729957805907,0.13100331193698267,0.0,10.714462212209277
2016-02,1,Category A,2038,2033,2972,46651,A,2016-02-01,2016,6.083333333333333,10.750449642272962,7.61972421378267,1.4582924435721296,-0.09501588187329801,0.20575392359222633,10.84546552414626
2016-02,2,Category A,2049,2025,2965,43000,A,2016-02-15,2016,6.125,10.668955394675699,7.6251071482389,1.4470473401659345,-0.08149424759726287,0.0053829344562297265,10.750449642272962
2016-03,1,Category A,2033,1957,3518,45000,A,2016-03-01,2016,6.166666666666667,10.714417768752456,7.617267813628347,1.7304476143630103,0.04546237407675768,-0.007839334610553195,10.668955394675699
2016-03,2,Category A,2053,2020,3836,45504,A,2016-03-15,2016,6.208333333333334,10.725555513162913,7.627057417018934,1.868485143692158,0.011137744410456563,0.009789603390586876,10.714417768752456
2016-04,1,Category A,2105,2103,3719,46009,A,2016-04-01,2016,6.25,10.736592308507754,7.652070746116482,1.7667458432304037,0.011036795344841366,0.025013329097547832,10.725555513162913
2016-04,2,Category A,2062,2061,3327,47300,A,2016-04-15,2016,6.291666666666667,10.764265574480024,7.631431664576906,1.6134820562560621,0.027673265972270045,-0.020639081539576054,10.736592308507754
2016-05,1,Category A,2218,2217,3446,47889,A,2016-05-01,2016,6.333333333333333,10.77664111193259,7.704361167910313,1.5536519386834986,0.0123755374525647,0.0729295033334072,10.764265574480024
2016-05,2,Category A,2217,2182,3227,47020,A,2016-05-15,2016,6.375,10.75832832209406,7.7039102096163115,1.455570590888588,-0.018312789838528687,-0.0004509582940013246,10.77664111193259
2016-06,1,Category A,2218,2213,4545,53694,A,2016-06-01,2016,6.416666666666667,10.891056542410913,7.704361167910313,2.0491433724075745,0.13272822031685294,0.0004509582940013246,10.75832832209406
2016-06,2,Category A,2252,2197,3957,55200,A,2016-06-15,2016,6.458333333333334,10.918718232265187,7.719573989259581,1.7571047957371226,0.02766168985427342,0.015212821349268602,10.891056542410913
2016-07,1,Category A,2222,2212,3194,52301,A,2016-07-01,2016,6.5,10.86477077032911,7.706162970199576,1.4374437443744374,-0.053947461936076024,-0.013411019060005636,10.918718232265187
2016-07,2,Category A,2272,2246,3195,53000,A,2016-07-15,2016,6.541666666666667,10.87804719253426,7.7284157798410416,1.40625,0.013276422205148464,0.02225280964146581,10.86477077032911
2016-08,1,Category A,2018,1959,2712,52503,A,2016-08-01,2016,6.583333333333333,10.868625589804267,7.609862200913554,1.3439048562933598,-0.009421602729991818,-0.11855357892748764,10.87804719253426
2016-08,2,Category A,2034,2034,2803,53334,A,2016-08-15,2016,6.625,10.88432930546973,7.617759576608505,1.3780727630285152,0.015703715665463136,0.007897375694951414,10.868625589804267
2016-09,1,Category A,2067,2011,2739,51506,A,2016-09-01,2016,6.666666666666667,10.849453584720033,7.633853559681768,1.3251088534107403,-0.03487572074969769,0.016093983073262486,10.88432930546973
2016-09,2,Category A,2008,1993,2610,50000,A,2016-09-15,2016,6.708333333333334,10.819778284410283,7.60489448081162,1.299800796812749,-0.02967530030974963,-0.028959078870148147,10.849453584720033
2016-10,1,Category A,2064,1979,2938,51507,A,2016-10-01,2016,6.75,10.849472999745322,7.6324011266014535,1.4234496124031009,0.029694715335038424,0.02750664578983386,10.819778284410283
2016-10,2,Category A,2023,2021,2584,50991,A,2016-10-15,2016,6.791666666666667,10.839404425545462,7.612336837167746,1.2773109243697478,-0.010068574199859626,-0.02006428943370775,10.849472999745322
2016-11,1,Category A,1929,1929,2800,52668,A,2016-11-01,2016,6.833333333333333,10.871763339476235,7.564757012905729,1.4515292897874545,0.03235891393077317,-0.04757982426201668,10.839404425545462
2016-11,2,Category A,1846,1846,2536,50951,A,2016-11-15,2016,6.875,10.83861966554364,7.520776415062797,1.3737811484290356,-0.033143673932595874,-0.04398059784293196,10.871763339476235
2016-12,1,Category A,1844,1812,2335,48000,A,2016-12-01,2016,6.916666666666667,10.778956289890028,7.519692404116539,1.2662689804772234,-0.059663375653611794,-0.001084010946257763,10.83861966554364
2016-12,2,Category A,1844,1843,2554,49751,A,2016-12-15,2016,6.958333333333334,10.81478584288724,7.519692404116539,1.3850325379609545,0.03582955299721213,0.0,10.778956289890028
2017-01,1,Category A,1877,1870,2260,50101,A,2017-01-01,2017,7.0,10.821796246953596,7.537430036586509,1.2040490143846563,0.007010404066356557,0.017737632469969178,10.81478584288724
2017-01,2,Category A,1846,1766,2437,50889,A,2017-01-15,2017,7.041666666666667,10.837402069163833,7.520776415062797,1.3201516793066088,0.015605822210236653,-0.016653621523711415,10.821796246953596
2017-02,1,Category A,2060,2051,2691,48401,A,2017-02-01,2017,7.083333333333333,10.78727575364831,7.630461261783627,1.3063106796116506,-0.0501263155155236,0.10968484672083001,10.837402069163833
2017-02,2,Category A,2133,2089,2926,49430,A,2017-02-15,2017,7.125,10.808312806301005,7.665284718471351,1.3717768401312704,0.021037052652696175,0.034823456687723464,10.78727575364831
2017-03,1,Category A,2061,2045,3190,50789,A,2017-03-01,2017,7.166666666666667,10.835435074686321,7.630946580890459,1.5477923338185346,0.027122268385316062,-0.03433813758089155,10.808312806301005
2017-03,2,Category A,2096,2096,2961,51765,A,2017-03-15,2017,7.208333333333334,10.854469524200214,7.647786045440933,1.4126908396946565,0.019034449513892326,0.016839464550473693,10.835435074686321
2017-04,1,Category A,2068,2061,2486,52000,A,2017-04-01,2017,7.25,10.858998997563564,7.63433723562832,1.202127659574468,0.004529473363350078,-0.013448809812612872,10.854469524200214
2017-04,2,Category A,2052,2030,2442,51600,A,2017-04-15,2017,7.291666666666667,10.851276951469654,7.62657020629066,1.1900584795321638,-0.007722046093910251,-0.007767029337659714,10.858998997563564
2017-05,1,Category A,1905,1905,2240,51106,A,2017-05-01,2017,7.333333333333333,10.841657186128725,7.552237287560802,1.1758530183727034,-0.00961976534092912,-0.07433291872985848,10.851276951469654
2017-05,2,Category A,1920,1913,2601,46489,A,2017-05-15,2017,7.375,10.746971004451137,7.560080465021827,1.3546875,-0.09468618167758791,0.007843177461025697,10.841657186128725
2017-06,1,Category A,1898,1893,2245,45201,A,2017-06-01,2017,7.416666666666667,10.718874489469398,7.5485559791698735,1.1828240252897788,-0.028096514981738707,-0.01152448585195387,10.746971004451137
2017-06,2,Category A,1906,1898,2302,42801,A,2017-06-15,2017,7.458333333333334,10.664316745782925,7.552762084214147,1.2077649527806926,-0.05455774368647326,0.004206105044273656,10.718874489469398
2017-07,1,Category A,1904,1902,2296,42801,A,2017-07-01,2017,7.5,10.664316745782925,7.55171221535131,1.2058823529411764,0.0,-0.0010498688628368669,10.664316745782925
2017-07,2,Category A,1907,1905,2389,44002,A,2017-07-15,2017,7.541666666666667,10.691990366412826,7.553286605600419,1.2527530152071316,0.027673620629901308,0.0015743902491083261,10.664316745782925
2017-08,1,Category A,1817,1812,2403,46778,A,2017-08-01,2017,7.583333333333333,10.753168285910839,7.504942068396171,1.3225096312603193,0.061177919498012656,-0.04834453720424747,10.691990366412826
2017-08,2,Category A,1817,1817,2148,42900,A,2017-08-15,2017,7.625,10.666627104916108,7.504942068396171,1.182168409466153,-0.08654118099473074,0.0,10.753168285910839
2017-09,1,Category A,1820,1806,2195,36001,A,2017-09-01,2017,7.666666666666667,10.491301994830229,7.506591780070841,1.206043956043956,-0.17532511008587903,0.0016497116746698737,10.666627104916108
2017-09,2,Category A,1815,1815,3469,42902,A,2017-09-15,2017,7.708333333333334,10.666673723876048,7.503840746698951,1.9112947658402204,0.17537172904581944,-0.002751033371890088,10.491301994830229
2017-10,1,Category A,1829,1827,2808,41761,A,2017-10-01,2017,7.75,10.639718168629964,7.511524648390866,1.5352651722252597,-0.026955555246084728,0.007683901691915018,10.666673723876048
2017-10,2,Category A,1815,1809,2391,41617,A,2017-10-15,2017,7.791666666666667,10.636264016619267,7.503840746698951,1.3173553719008264,-0.003454152010696987,-0.007683901691915018,10.639718168629964
2017-11,1,Category A,1683,1683,3430,47112,A,2017-11-01,2017,7.833333333333333,10.760283024624407,7.428333194190806,2.038027332144979,0.12401900800514021,-0.075507552508145,10.636264016619267
2017-11,2,Category A,1686,1679,2721,46791,A,2017-11-15,2017,7.875,10.753446155719935,7.430114138561801,1.613879003558719,-0.006836868904471771,0.0017809443709948525,10.760283024624407
2017-12,1,Category A,1680,1667,2158,42339,A,2017-12-01,2017,7.916666666666667,10.653463926082116,7.426549072397305,1.2845238095238096,-0.09998222963781878,-0.0035650661644961446,10.753446155719935
2017-12,2,Category A,1687,1654,1970,38200,A,2017-12-15,2017,7.958333333333334,10.550590794594667,7.430707082545968,1.167753408417309,-0.10287313148744914,0.004158010148663571,10.653463926082116
2018-01,1,Category A,1693,1693,2264,41400,A,2018-01-01,2018,8.0,10.631036159813405,7.4342573821331355,1.3372711163614885,0.08044536521873802,0.0035502995871672383,10.550590794594667
2018-01,2,Category A,1713,1708,1938,36890,A,2018-01-15,2018,8.041666666666666,10.515695790590721,7.44600149832412,1.1313485113835378,-0.1153403692226842,0.011744116190984144,10.631036159813405
2018-02,1,Category A,1557,1534,2389,40000,A,2018-02-01,2018,8.083333333333334,10.596634733096073,7.350516171833998,1.5343609505459217,0.08093894250535172,-0.0954853264901212,10.515695790590721
2018-02,2,Category A,1562,1561,2073,36810,A,2018-02-15,2018,8.125,10.513524826373066,7.3537223303996315,1.327144686299616,-0.08310990672300633,0.0032061585656331104,10.596634733096073
2018-03,1,Category A,1580,1572,2405,38830,A,2018-03-01,2018,8.166666666666666,10.566948422725712,7.365180126021013,1.5221518987341771,0.05342359635264593,0.011457795621381273,10.513524826373066
2018-03,2,Category A,1559,1551,2117,38000,A,2018-03-15,2018,8.208333333333332,10.545341438708522,7.351799869057777,1.3579217447081462,-0.021606984017189745,-0.013380256963236192,10.566948422725712
2018-04,1,Category A,1566,1564,1888,37000,A,2018-04-01,2018,8.25,10.51867319162636,7.356279876550748,1.2056194125159643,-0.026668247082161756,0.004480007492971616,10.545341438708522
2018-04,2,Category A,1566,1566,2027,38510,A,2018-04-15,2018,8.291666666666666,10.558673226808954,7.356279876550748,1.2943805874840357,0.04000003518259376,0.0,10.51867319162636
2018-05,1,Category A,1435,1428,1836,38941,A,2018-05-01,2018,8.333333333333334,10.569802959130607,7.268920128193722,1.2794425087108015,0.011129732321652597,-0.08735974835702631,10.558673226808954
2018-05,2,Category A,1434,1422,1805,38001,A,2018-05-15,2018,8.375,10.545367754151743,7.2682230211595655,1.2587168758716876,-0.024435204978864533,-0.0006971070341563745,10.569802959130607
2018-06,1,Category A,1441,1440,1696,36426,A,2018-06-01,2018,8.416666666666666,10.503038084358488,7.273092595999522,1.1769604441360166,-0.042329669793254254,0.004869574839956314,10.545367754151743
2018-06,2,Category A,1446,1437,1818,34110,A,2018-06-15,2018,8.458333333333332,10.437345875412692,7.27655640271871,1.2572614107883817,-0.06569220894579608,0.0034638067191883337,10.503038084358488
2018-07,1,Category A,1435,1427,1626,25000,A,2018-07-01,2018,8.5,10.126631103850338,7.268920128193722,1.1331010452961672,-0.3107147715623544,-0.0076362745249882735,10.437345875412692
2018-07,2,Category A,1443,1412,3100,32699,A,2018-07-15,2018,8.541666666666666,10.39509977537798,7.274479558773871,2.1483021483021485,0.26846867152764275,0.005559430580149183,10.126631103850338
2018-08,1,Category A,1672,1672,3633,33798,A,2018-08-01,2018,8.583333333333334,10.42815690812277,7.421775793644647,2.172846889952153,0.03305713274478883,0.14729623487077603,10.39509977537798
2018-08,2,Category A,1695,1695,2948,31997,A,2018-08-15,2018,8.625,10.373397427387058,7.43543801981455,1.7392330383480825,-0.05475948073571146,0.013662226169903313,10.42815690812277
2018-09,1,Category A,1664,1661,2488,30209,A,2018-09-01,2018,8.666666666666666,10.315895172210867,7.416979621381154,1.4951923076923077,-0.057502255176190786,-0.01845839843339636,10.373397427387058
2018-09,2,Category A,1664,1655,2059,28000,A,2018-09-15,2018,8.708333333333332,10.239959789157341,7.416979621381154,1.2373798076923077,-0.0759353830535261,0.0,10.315895172210867
2018-10,1,Category A,1668,1665,2059,28457,A,2018-10-01,2018,8.75,10.2561494549844,7.419380582918692,1.234412470023981,0.016189665827058164,0.0024009615375382154,10.239959789157341
2018-10,2,Category A,1674,1672,1811,25556,A,2018-10-15,2018,8.791666666666666,10.148627401722234,7.422971251049421,1.0818399044205496,-0.10752205326216568,0.0035906681307285027,10.2561494549844
2018-11,1,Category A,1819,1757,2849,28199,A,2018-11-01,2018,8.833333333333334,10.247041795304542,7.506042178518122,1.566245189664651,0.09841439358230808,0.08307092746870115,10.148627401722234
2018-11,2,Category A,1818,1744,2231,25000,A,2018-11-15,2018,8.875,10.126631103850338,7.505492274737424,1.2271727172717273,-0.1204106914542038,-0.0005499037806977469,10.247041795304542
2018-12,1,Category A,1878,1878,2177,23568,A,2018-12-01,2018,8.916666666666666,10.067645138702412,7.537962659768208,1.1592119275825346,-0.05898596514792587,0.032470385030784144,10.126631103850338
2018-12,2,Category A,1890,1887,2729,25501,A,2018-12-15,2018,8.958333333333332,10.146472946063877,7.5443321080536885,1.4439153439153438,0.07882780736146522,0.006369448285480139,10.067645138702412
2019-01,1,Category A,1815,1804,2707,25920,A,2019-01-01,2019,9.0,10.16277015046621,7.503840746698951,1.4914600550964188,0.016297204402333065,-0.04049136135473752,10.146472946063877
2019-01,2,Category A,1818,1818,2864,26170,A,2019-01-15,2019,9.041666666666666,10.172368995524192,7.505492274737424,1.5753575357535754,0.009598845057981364,0.0016515280384732378,10.16277015046621
2019-02,1,Category A,1662,1653,2371,25689,A,2019-02-01,2019,9.083333333333334,10.153818163694302,7.415776975415394,1.4265944645006017,-0.018550831829889702,-0.08971529932203026,10.172368995524192
2019-02,2,Category A,1650,1650,2261,26301,A,2019-02-15,2019,9.125,10.177362240256695,7.408530566894626,1.3703030303030304,0.0235440765623931,-0.007246408520767744,10.153818163694302
2019-03,1,Category A,1659,1653,2213,26309,A,2019-03-01,2019,9.166666666666666,10.177666364950163,7.413970290190444,1.3339361060880048,0.0003041246934678554,0.005439723295817878,10.177362240256695
2019-03,2,Category A,1650,1647,2204,26659,A,2019-03-15,2019,9.208333333333332,10.19088208365186,7.408530566894626,1.3357575757575757,0.01321571870169791,-0.005439723295817878,10.177666364950163
2019-04,1,Category A,1656,1650,2338,29159,A,2019-04-01,2019,9.25,10.280518891981744,7.412160334945205,1.4118357487922706,0.08963680832988352,0.0036297680505787966,10.19088208365186
2019-04,2,Category A,1653,1603,2249,33199,A,2019-04-15,2019,9.291666666666666,10.410275033969022,7.410347097821024,1.3605565638233514,0.12975614198727747,-0.001813237124181022,10.280518891981744
2019-05,1,Category A,1431,1431,1988,36704,A,2019-05-01,2019,9.333333333333334,10.510641019929098,7.266128779556451,1.3892382948986723,0.10036598596007629,-0.14421831826457332,10.410275033969022
2019-05,2,Category A,1475,1475,1799,27000,A,2019-05-15,2019,9.375,10.203592144986466,7.29641326877392,1.2196610169491526,-0.3070488749426321,0.03028448921746918,10.510641019929098
2019-06,1,Category A,1424,1417,1902,30009,A,2019-06-01,2019,9.416666666666666,10.30925261565329,7.261225091971921,1.3356741573033708,0.10566047066682493,-0.035188176801998594,10.203592144986466
2019-06,2,Category A,1424,1225,1742,26999,A,2019-06-15,2019,9.458333333333332,10.203555107263542,7.261225091971921,1.223314606741573,-0.10569750838974912,0.0,10.30925261565329
2019-07,1,Category A,1431,1428,1795,28589,A,2019-07-01,2019,9.5,10.260777307439861,7.266128779556451,1.254367575122292,0.057222200176319404,0.004903687584529415,10.203555107263542
2019-07,2,Category A,1623,1617,1902,26667,A,2019-07-15,2019,9.541666666666666,10.191182124909785,7.392031567514591,1.1719038817005545,-0.06959518253007602,0.12590278795814047,10.260777307439861
2019-08,1,Category A,1059,1059,2023,32725,A,2019-08-01,2019,9.583333333333334,10.3958945907781,6.9650803456014065,1.9102927289896128,0.20471246586831526,-0.4269512219131846,10.191182124909785
2019-08,2,Category A,1062,1062,1725,31917,A,2019-08-15,2019,9.625,10.370894062184476,6.967909201801884,1.6242937853107344,-0.025000528593624338,0.0028288562004776807,10.3958945907781
2019-09,1,Category A,1056,1056,1656,31783,A,2019-09-01,2019,9.666666666666666,10.36668683462848,6.962243464266207,1.5681818181818181,-0.00420722755599634,-0.005665737535677451,10.370894062184476
2019-09,2,Category A,1056,1053,1453,31759,A,2019-09-15,2019,9.708333333333332,10.365931428719277,6.962243464266207,1.3759469696969697,-0.0007554059092029775,0.0,10.36668683462848
2019-10,1,Category A,1057,1033,1659,34001,A,2019-10-01,2019,9.75,10.434145214930487,6.963189985870238,1.5695364238410596,0.06821378621120999,0.0009465216040309699,10.365931428719277
2019-10,2,Category A,1060,1056,1467,32309,A,2019-10-15,2019,9.791666666666666,10.38310110816935,6.966024187106113,1.3839622641509435,-0.05104410676113602,0.002834201235875078,10.434145214930487
2019-11,1,Category A,1043,1031,1302,30000,A,2019-11-01,2019,9.833333333333334,10.308952660644293,6.949856455000773,1.2483221476510067,-0.074148447525058,-0.01616773210534017,10.38310110816935
2019-11,2,Category A,1023,1012,1468,32000,A,2019-11-15,2019,9.875,10.373491181781864,6.930494765951626,1.4349951124144673,0.06453852113757108,-0.01936168904914659,10.308952660644293
2019-12,1,Category A,1030,1013,1386,33009,A,2019-12-01,2019,9.916666666666666,10.404535530538022,6.937314081223682,1.345631067961165,0.031044348756157802,0.006819315272055704,10.373491181781864
2019-12,2,Category A,1029,1013,1256,32889,A,2019-12-15,2019,9.958333333333332,10.40089353434265,6.9363427358340495,1.2206025267249756,-0.003641996195371533,-0.0009713453896322832,10.404535530538022
2020-01,1,Category A,1035,1026,1450,35320,A,2020-01-01,2020,10.0,10.472204654717896,6.942156705699469,1.4009661835748792,0.07131112037524545,0.005813969865419821,10.40089353434265
2020-01,2,Category A,1034,1025,1390,35010,A,2020-01-15,2020,10.041666666666666,10.463389013948712,6.9411900550683745,1.3442940038684719,-0.00881564076918373,-0.0009666506310948009,10.472204654717896
2020-02,1,Category A,982,977,1204,30010,A,2020-02-01,2020,10.083333333333334,10.309285938434412,6.889591308354466,1.2260692464358451,-0.1541030755142998,-0.05159874671390874,10.463389013948712
2020-02,2,Category A,982,973,1564,32999,A,2020-02-15,2020,10.125,10.404232536959167,6.889591308354466,1.5926680244399185,0.09494659852475529,0.0,10.309285938434412
2020-03,1,Category A,978,973,1436,32699,A,2020-03-01,2020,10.166666666666666,10.39509977537798,6.885509670034818,1.4683026584867076,-0.009132761581186699,-0.004081638319648029,10.404232536959167
2020-03,2,Category A,982,962,1421,31210,A,2020-03-15,2020,10.208333333333332,10.348493835264826,6.889591308354466,1.4470468431771895,-0.04660594011315489,0.004081638319648029,10.39509977537798
2020-07,1,Category A,1289,1286,3061,33520,A,2020-07-01,2020,10.5,10.41989755459602,7.161622002939187,2.374709076803724,0.07140371933119383,0.2720306945847213,10.348493835264826
2020-07,2,Category A,1304,1290,2485,32699,A,2020-07-15,2020,10.541666666666666,10.39509977537798,7.1731917424865985,1.905674846625767,-0.02479777921803894,0.011569739547411473,10.41989755459602
2020-08,1,Category A,1022,1007,2047,33000,A,2020-08-01,2020,10.583333333333334,10.404262840448617,6.92951677076365,2.00293542074364,0.009163065070636023,-0.24367497172294872,10.39509977537798
2020-08,2,Category A,1034,1019,2099,35710,A,2020-08-15,2020,10.625,10.483186040588494,6.9411900550683745,2.029980657640232,0.07892320013987764,0.011673284304724696,10.404262840448617
2020-09,1,Category A,1035,1035,1737,37766,A,2020-09-01,2020,10.666666666666666,10.539164505941523,6.942156705699469,1.6782608695652175,0.05597846535302864,0.0009666506310948009,10.483186040588494
2020-09,2,Category A,1034,1031,1540,38504,A,2020-09-15,2020,10.708333333333332,10.558517410982946,6.9411900550683745,1.4893617021276595,0.01935290504142273,-0.0009666506310948009,10.539164505941523
2020-10,1,Category A,912,907,1272,36534,A,2020-10-01,2020,10.75,10.50599861283663,6.815639990074331,1.394736842105263,-0.052518798146316215,-0.12555006499404353,10.558517410982946
2020-10,2,Category A,916,907,1323,37334,A,2020-10-15,2020,10.791666666666666,10.527659718592542,6.82001636467413,1.4443231441048034,0.021661105755912402,0.004376374599798893,10.50599861283663
2020-11,1,Category A,967,952,1262,35990,A,2020-11-01,2020,10.833333333333334,10.490996401073076,6.874198495453294,1.3050672182006204,-0.03666331751946572,0.05418213077916434,10.527659718592542
2020-11,2,Category A,972,966,1361,37690,A,2020-11-15,2020,10.875,10.537150086261182,6.879355804460439,1.4002057613168724,0.0461536851881057,0.005157309007144839,10.490996401073076
2020-12,1,Category A,978,978,1620,40714,A,2020-12-01,2020,10.916666666666666,10.614327292626992,6.885509670034818,1.656441717791411,0.07717720636581049,0.006153865574378692,10.537150086261182
2020-12,2,Category A,969,966,1403,40556,A,2020-12-15,2020,10.958333333333332,10.61043901407247,6.876264611890766,1.4478844169246645,-0.0038882785545215626,-0.009245058144051299,10.614327292626992
2021-01,1,Category A,963,962,1280,40609,A,2021-01-01,2021,11.0,10.611744995900427,6.870053411798126,1.3291796469366564,0.0013059818279561597,-0.006211200092640645,10.61043901407247
2021-01,2,Category A,966,946,1309,43501,A,2021-01-15,2021,11.041666666666666,10.680539205318292,6.873163834212518,1.355072463768116,0.06879420941786485,0.0031104224143918557,10.611744995900427
2021-02,1,Category A,885,881,1098,42000,A,2021-02-01,2021,11.083333333333334,10.645424897265505,6.785587645007929,1.240677966101695,-0.035114308052786924,-0.08757618920458832,10.680539205318292
2021-02,2,Category A,903,900,1226,41001,A,2021-02-15,2021,11.125,10.62135173563291,6.805722553416985,1.3576965669988925,-0.024073161632594875,0.020134908409056074,10.645424897265505
2021-03,1,Category A,887,887,1175,41996,A,2021-03-01,2021,11.166666666666666,10.645329654634832,6.787844982309579,1.3246899661781286,0.023977919001922032,-0.017877571107406176,10.62135173563291
2021-03,2,Category A,886,879,1186,44589,A,2021-03-15,2021,11.208333333333332,10.705242470817005,6.786716950605081,1.3386004514672687,0.059912816182173145,-0.0011280317044981558,10.645329654634832
2021-04,1,Category A,883,880,1212,45600,A,2021-04-01,2021,11.25,10.727662995502477,6.78332520060396,1.3725934314835788,0.022420524685472287,-0.003391750001121352,10.705242470817005
2021-04,2,Category A,890,883,1290,49640,A,2021-04-15,2021,11.291666666666666,10.812552239318544,6.7912214627261855,1.449438202247191,0.08488924381606644,0.007896262122225828,10.727662995502477
2021-05,1,Category A,832,803,1100,48002,A,2021-05-01,2021,11.333333333333334,10.778997955688663,6.723832440821209,1.3221153846153846,-0.033554283629881,-0.06738902190497686,10.812552239318544
2021-05,2,Category A,835,834,1209,41801,A,2021-05-15,2021,11.375,10.640675541671662,6.727431724850855,1.4479041916167665,-0.13832241401700074,0.003599284029646377,10.778997955688663
2021-06,1,Category A,858,820,1439,48510,A,2021-06-01,2021,11.416666666666666,10.789525241239263,6.754604099487962,1.6771561771561772,0.14884969956760052,0.02717237463710731,10.640675541671662
2021-06,2,Category A,830,823,1178,47821,A,2021-06-15,2021,11.458333333333332,10.775220152546073,6.721425700790643,1.419277108433735,-0.014305088693189916,-0.03317839869731909,10.789525241239263
2021-07,1,Category A,867,864,1149,45001,A,2021-07-01,2021,11.5,10.714439990727769,6.7650389767805414,1.3252595155709344,-0.060780161818303924,0.04361327598989817,10.775220152546073
2021-07,2,Category A,836,832,1240,47010,A,2021-07-15,2021,11.541666666666666,10.758115624018176,6.728628613084702,1.4832535885167464,0.043675633290407134,-0.03641036369583972,10.714439990727769
2021-08,1,Category A,805,804,1021,45189,A,2021-08-01,2021,11.583333333333334,10.718608973370925,6.690842277418564,1.2683229813664596,-0.03950665064725101,-0.03778633566613809,10.758115624018176
2021-08,2,Category A,806,806,1127,46689,A,2021-08-15,2021,11.625,10.751263869873119,6.692083742506628,1.3982630272952854,0.03265489650219422,0.0012414650880643308,10.718608973370925
2021-09,1,Category A,804,790,1124,47000,A,2021-09-01,2021,11.666666666666666,10.757902880692196,6.6895992691789665,1.3980099502487562,0.006639010819077029,-0.0024844733276614406,10.751263869873119
2021-09,2,Category A,803,795,1040,48000,A,2021-09-15,2021,11.708333333333332,10.778956289890028,6.688354713946762,1.2951432129514322,0.021053409197831385,-0.0012445552322049025,10.757902880692196
2021-10,1,Category A,816,812,1077,47001,A,2021-10-01,2021,11.75,10.757924157061597,6.704414354964107,1.3198529411764706,-0.02103213282843086,0.01605964101734525,10.778956289890028
2021-10,2,Category A,811,806,1304,52709,A,2021-10-15,2021,11.791666666666666,10.872541497937167,6.698268054115413,1.6078914919852034,0.1146173408755704,-0.00614630084869372,10.757924157061597
2021-11,1,Category A,536,531,834,53709,A,2021-11-01,2021,11.833333333333334,10.891335864219382,6.284134161070802,1.5559701492537314,0.01879436628221498,-0.41413389304461123,10.872541497937167
2021-11,2,Category A,537,535,706,55001,A,2021-11-15,2021,11.875,10.915106645867503,6.285998094508865,1.314711359404097,0.023770781648121186,0.0018639334380630146,10.891335864219382
2021-12,1,Category A,536,525,771,57010,A,2021-12-01,2021,11.916666666666666,10.950981970025628,6.284134161070802,1.4384328358208955,0.03587532415812511,-0.0018639334380630146,10.915106645867503
2021-12,2,Category A,534,534,740,58801,A,2021-12-15,2021,11.958333333333332,10.981914140544825,6.280395838960195,1.3857677902621723,0.030932170519196944,-0.003738322110606873,10.950981970025628
2022-01,1,Category A,543,533,760,57599,A,2022-01-01,2022,12.0,10.961260485422166,6.297109319933935,1.3996316758747698,-0.020653655122659487,0.016713480973740147,10.981914140544825
2022-01,2,Category A,531,526,711,57898,A,2022-01-15,2022,12.041666666666666,10.966438120650151,6.274762021241939,1.3389830508474576,0.005177635227985533,-0.022347298691996365,10.961260485422166
2022-02,1,Category A,542,542,819,60761,A,2022-02-01,2022,12.083333333333334,11.014703414770457,6.295266001439646,1.511070110701107,0.04826529412030567,0.020503980197707605,10.966438120650151
2022-02,2,Category A,536,524,876,63000,A,2022-02-15,2022,12.125,11.05089000537367,6.284134161070802,1.6343283582089552,0.036186590603213276,-0.011131840368844514,11.014703414770457
2022-03,1,Category A,531,526,962,68501,A,2022-03-01,2022,12.166666666666666,11.134603622683905,6.274762021241939,1.8116760828625236,0.08371361731023441,-0.00937213982886309,11.05089000537367
2022-03,2,Category A,543,542,849,71556,A,2022-03-15,2022,12.208333333333332,11.178235638911106,6.297109319933935,1.5635359116022098,0.043632016227201476,0.022347298691996365,11.134603622683905
2022-04,1,Category A,536,536,723,72996,A,2022-04-01,2022,12.25,11.198159924108706,6.284134161070802,1.3488805970149254,0.019924285197600256,-0.012975158863133274,11.178235638911106
2022-04,2,Category A,532,519,744,68699,A,2022-04-15,2022,12.291666666666666,11.137489922063743,6.2766434893416445,1.3984962406015038,-0.06067000204496331,-0.007490671729157405,11.198159924108706
2022-05,1,Category A,612,612,804,70901,A,2022-05-01,2022,12.333333333333334,11.16903981679311,6.416732282512326,1.3137254901960784,0.0315498947293662,0.14008879317068157,11.137489922063743
2022-05,2,Category A,625,623,819,68001,A,2022-05-15,2022,12.375,11.127277689932466,6.437751649736401,1.3104,-0.04176212686064318,0.021019367224075047,11.16903981679311
2022-06,1,Category A,612,607,874,73801,A,2022-06-01,2022,12.416666666666666,11.209127560632263,6.416732282512326,1.4281045751633987,0.08184987069979677,-0.021019367224075047,11.127277689932466
2022-06,2,Category A,614,598,850,74989,A,2022-06-15,2022,12.458333333333332,11.225096715095173,6.419994928147142,1.3843648208469055,0.01596915446291014,0.0032626456348161526,11.209127560632263
2022-07,1,Category A,617,606,900,78001,A,2022-07-01,2022,12.5,11.264476926102367,6.424869023905388,1.4586709886547813,0.039380211007193466,0.004874095758245822,11.225096715095173
2022-07,2,Category A,628,620,834,78899,A,2022-07-15,2022,12.541666666666666,11.275923832482418,6.4425401664681985,1.3280254777070064,0.011446906380051303,0.017671142562810438,11.264476926102367
2022-08,1,Category A,554,541,689,80000,A,2022-08-01,2022,12.583333333333334,11.289781913656018,6.317164686747284,1.243682310469314,0.013858081173600212,-0.12537547972091456,11.275923832482418
2022-08,2,Category A,551,551,835,87889,A,2022-08-15,2022,12.625,11.383829933635276,6.311734809152915,1.515426497277677,0.09404801997925816,-0.005429877594369081,11.289781913656018
2022-09,1,Category A,556,535,723,86000,A,2022-09-01,2022,12.666666666666666,11.362102575235644,6.320768294250582,1.3003597122302157,-0.021727358399632024,0.009033485097667437,11.383829933635276
2022-09,2,Category A,543,527,759,84000,A,2022-09-15,2022,12.708333333333332,11.33857207782545,6.297109319933935,1.3977900552486189,-0.023530497410193973,-0.023658974316647097,11.362102575235644
2022-10,1,Category A,564,561,724,80501,A,2022-10-01,2022,12.75,11.296024885689746,6.335054251498059,1.2836879432624113,-0.04254719213570368,0.03794493156412404,11.33857207782545
2022-10,2,Category A,559,558,714,81089,A,2022-10-15,2022,12.791666666666666,11.303302595885748,6.326149473155099,1.2772808586762074,0.007277710196001763,-0.008904778342960107,11.296024885689746
2022-11,1,Category A,460,460,687,87235,A,2022-11-01,2022,12.833333333333334,11.376360905514002,6.131226489483141,1.4934782608695651,0.07305830962825333,-0.19492298367195815,11.303302595885748
2022-11,2,Category A,459,444,622,90589,A,2022-11-15,2022,12.875,11.414088071856408,6.129050210060545,1.355119825708061,0.037727166342406804,-0.002176279422595684,11.376360905514002
2022-12,1,Category A,458,454,616,88503,A,2022-12-01,2022,12.916666666666666,11.39079172872657,6.126869184114185,1.3449781659388647,-0.023296343129837638,-0.002181025946359938,11.414088071856408
2022-12,2,Category A,473,472,618,88007,A,2022-12-15,2022,12.958333333333332,11.385171635751316,6.159095388491933,1.306553911205074,-0.005620092975254565,0.03222620437774726,11.39079172872657
2023-01,1,Category A,462,459,649,80000,A,2023-01-01,2023,13.0,11.289781913656018,6.135564891081739,1.4047619047619047,-0.09538972209529817,-0.023530497410193973,11.385171635751316
2023-01,2,Category A,459,456,627,86000,A,2023-01-15,2023,13.041666666666666,11.362102575235644,6.129050210060545,1.3660130718954249,0.07232066157962613,-0.006514681021193347,11.289781913656018
2023-02,1,Category A,509,497,663,86000,A,2023-02-01,2023,13.083333333333334,11.362102575235644,6.2324480165505225,1.3025540275049117,0.0,0.1033978064899772,11.362102575235644
2023-02,2,Category A,508,504,702,86556,A,2023-02-15,2023,13.125,11.368546882291673,6.230481447578482,1.3818897637795275,0.00644430705602872,-0.0019665689720405055,11.362102575235644
2023-03,1,Category A,517,507,665,88000,A,2023-03-01,2023,13.166666666666666,11.385092093460344,6.248042874508429,1.2862669245647969,0.016545211168670804,0.01756142692994711,11.368546882291673
2023-03,2,Category A,510,508,768,93503,A,2023-03-15,2023,13.208333333333332,11.445748800323544,6.234410725718371,1.5058823529411764,0.06065670686320068,-0.013632148790057919,11.385092093460344
2023-04,1,Category A,515,508,749,96501,A,2023-04-01,2023,13.25,11.477308649967686,6.244166900663736,1.4543689320388349,0.03155984964414138,0.009756174945365181,11.445748800323544
2023-04,2,Category A,507,489,750,103721,A,2023-04-15,2023,13.291666666666666,11.549459880948199,6.2285110035911835,1.4792899408284024,0.07215123098051279,-0.015655897072552882,11.477308649967686
2023-05,1,Category A,474,472,663,101001,A,2023-05-01,2023,13.333333333333334,11.522885696764481,6.161207321695077,1.3987341772151898,-0.026574184183717264,-0.06730368189610658,11.549459880948199
2023-05,2,Category A,596,588,936,92000,A,2023-05-15,2023,13.375,11.429543856031177,6.39024066706535,1.570469798657718,-0.09334184073330398,0.2290333453702731,11.522885696764481
2023-06,1,Category A,581,571,881,98001,A,2023-06-01,2023,13.416666666666666,11.49273296168228,6.364750756851911,1.5163511187607572,0.06318910565110336,-0.02548991021343916,11.429543856031177
2023-06,2,Category A,586,583,751,96206,A,2023-06-15,2023,13.458333333333332,11.474247004771236,6.373319789577012,1.2815699658703072,-0.01848595691104471,0.008569032725101344,11.49273296168228
2023-07,1,Category A,588,587,756,97000,A,2023-07-01,2023,13.5,11.48246625748552,6.376726947898627,1.2857142857142858,0.008219252714283698,0.003407158321614645,11.474247004771236
2023-07,2,Category A,581,576,728,95202,A,2023-07-15,2023,13.541666666666666,11.463756228962145,6.364750756851911,1.2530120481927711,-0.018710028523374334,-0.01197619104671599,11.48246625748552
2023-08,1,Category A,632,618,949,99499,A,2023-08-01,2023,13.583333333333334,11.507902872844923,6.448889394146858,1.5015822784810127,0.04414664388277778,0.08413863729494686,11.463756228962145
2023-08,2,Category A,636,616,908,100000,A,2023-08-15,2023,13.625,11.512925464970229,6.455198563340122,1.4276729559748427,0.005022592125305536,0.00630916919326463,11.507902872844923
2023-09,1,Category A,645,640,840,101000,A,2023-09-01,2023,13.666666666666666,11.522875795823397,6.4692503167957724,1.302325581395349,0.009950330853168765,0.014051753455650129,11.512925464970229
2023-09,2,Category A,651,635,864,105000,A,2023-09-15,2023,13.708333333333332,11.56171562913966,6.478509642208569,1.327188940092166,0.038839833316263395,0.009259325412796393,11.522875795823397
2023-10,1,Category A,785,779,1039,104000,A,2023-10-01,2023,13.75,11.55214617812351,6.665683717782408,1.3235668789808916,-0.009569451016151476,0.18717407557383936,11.56171562913966
2023-10,2,Category A,797,791,1028,106000,A,2023-10-15,2023,13.791666666666666,11.571194373094205,6.680854678790215,1.289836888331242,0.01904819497069532,0.015170961007807016,11.55214617812351
2023-11,1,Category A,924,915,1165,95689,A,2023-11-01,2023,13.833333333333334,11.468858628305911,6.828712071641684,1.2608225108225108,-0.10233574478829333,0.14785739285146882,11.571194373094205
2023-11,2,Category A,925,925,1291,85001,A,2023-11-15,2023,13.875,11.350418300109132,6.829793737512425,1.3956756756756756,-0.11844032819677963,0.0010816658707408777,11.468858628305911
2023-12,1,Category A,928,923,1233,88020,A,2023-12-01,2023,13.916666666666666,11.385319340365083,6.833031732786201,1.3286637931034482,0.03490104025595109,0.0032379952737757733,11.350418300109132
2023-12,2,Category A,919,915,1166,85000,A,2023-12-15,2023,13.958333333333332,11.350406535472453,6.823286122355687,1.2687704026115343,-0.03491280489262927,-0.009745610430513807,11.385319340365083
2024-01,1,Category A,924,920,1184,65010,A,2024-01-01,2024,14.0,11.082296383198514,6.828712071641684,1.2813852813852813,-0.2681101522739393,0.005425949285997156,11.350406535472453
2024-01,2,Category A,923,921,1880,81589,A,2024-01-15,2024,14.041666666666666,11.309449727943765,6.827629234502852,2.036836403033586,0.2271533447452505,-0.0010828371388322822,11.082296383198514
2024-02,1,Category A,938,910,1931,79000,A,2024-02-01,2024,14.083333333333334,11.27720313144916,6.843749949006225,2.05863539445629,-0.032246596494605484,0.016120714503372824,11.309449727943765
2024-02,2,Category A,937,936,1909,76801,A,2024-02-15,2024,14.125,11.248972939884327,6.842683282238422,2.0373532550693705,-0.028230191564832197,-0.0010666667678025377,11.27720313144916
2024-03,1,Category A,963,923,1866,83000,A,2024-03-01,2024,14.166666666666666,11.326595886778735,6.870053411798126,1.9376947040498442,0.07762294689440807,0.02737012955970375,11.248972939884327
2024-03,2,Category A,936,935,1922,85489,A,2024-03-15,2024,14.208333333333332,11.35614299167733,6.841615476477592,2.0534188034188032,0.029547104898595578,-0.02843793532053418,11.326595886778735
2024-04,1,Category A,975,970,1922,89000,A,2024-04-01,2024,14.25,11.396391648714276,6.882437470997847,1.9712820512820513,0.0402486570369458,0.0408219945202557,11.35614299167733
2024-04,2,Category A,936,916,1390,94010,A,2024-04-15,2024,14.291666666666666,11.451156438572596,6.841615476477592,1.485042735042735,0.054764789858319673,-0.0408219945202557,11.396391648714276
2024-05,1,Category A,968,968,1632,93604,A,2024-05-01,2024,14.333333333333334,11.446828396595302,6.875232087276577,1.6859504132231404,-0.004328041977293751,0.033616610798985036,11.451156438572596
2024-05,2,Category A,983,980,1444,92700,A,2024-05-15,2024,14.375,11.437123751553946,6.890609120147166,1.4689725330620549,-0.009704645041356486,0.01537703287058978,11.446828396595302
2024-06,1,Category A,962,957,1467,88200,A,2024-06-01,2024,14.416666666666666,11.387362241994882,6.8690144506657065,1.524948024948025,-0.049761509559063555,-0.021594669481459938,11.437123751553946
2024-06,2,Category A,966,955,1403,90889,A,2024-06-15,2024,14.458333333333332,11.417394260741805,6.873163834212518,1.4523809523809523,0.030032018746922517,0.004149383546811158,11.387362241994882
2024-07,1,Category A,967,932,1429,91001,A,2024-07-01,2024,14.5,11.418625774449596,6.874198495453294,1.4777662874870734,0.0012315137077916205,0.0010346612407765576,11.417394260741805
2024-07,2,Category A,973,972,1342,91899,A,2024-07-15,2024,14.541666666666666,11.428445426891757,6.880384082186005,1.3792394655704008,0.009819652442160987,0.006185586732710746,11.418625774449596
2024-08,1,Category A,1013,1007,1570,94289,A,2024-08-01,2024,14.583333333333334,11.454119812824949,6.920671504248683,1.5498519249753209,0.0256743859331916,0.040287422062678324,11.428445426891757
2024-08,2,Category A,978,966,1314,93900,A,2024-08-15,2024,14.625,11.449985665196355,6.885509670034818,1.343558282208589,-0.00413414762859432,-0.03516183421386554,11.454119812824949
2024-09,1,Category A,983,966,1308,96490,A,2024-09-01,2024,14.666666666666666,11.47719465501443,6.890609120147166,1.3306205493387588,0.027208989818074514,0.005099450112348691,11.449985665196355
2024-09,2,Category A,990,909,1377,98524,A,2024-09-15,2024,14.708333333333332,11.4980554523035,6.897704943128636,1.3909090909090909,0.020860797289071087,0.007095822981469269,11.47719465501443
2024-10,1,Category A,994,986,1604,103799,A,2024-10-01,2024,14.75,11.550211615756151,6.901737206656574,1.613682092555332,0.05215616345265062,0.004032263527938618,11.4980554523035
2024-10,2,Category A,1058,1048,1499,102900,A,2024-10-15,2024,14.791666666666666,11.541512921822141,6.964135612418245,1.4168241965973536,-0.008698693934009682,0.06239840576167044,11.550211615756151
2024-11,1,Category A,1040,1035,1338,99889,A,2024-11-01,2024,14.833333333333334,11.511814848463972,6.946975992135418,1.2865384615384616,-0.029698073358169097,-0.01715962028282636,11.541512921822141
2024-11,2,Category A,1041,1038,1320,89889,A,2024-11-15,2024,14.875,11.406330854797588,6.947937068614969,1.2680115273775217,-0.10548399366638428,0.0009610764795509041,11.511814848463972
2024-12,1,Category A,1037,1034,1475,94000,A,2024-12-01,2024,14.916666666666666,11.451050061252142,6.9440872082295275,1.4223722275795565,0.04471920645455363,-0.0038498603854417723,11.406330854797588
2024-12,2,Category A,1035,998,1506,96000,A,2024-12-15,2024,14.958333333333332,11.472103470449973,6.942156705699469,1.4550724637681158,0.021053409197831385,-0.0019305025300582201,11.451050061252142
2025-01,1,Category A,1034,1034,1381,93699,A,2025-01-01,2025,15.0,11.447842795810972,6.9411900550683745,1.3355899419729207,-0.024260674639000612,-0.0009666506310948009,11.472103470449973
2025-01,2,Category A,1069,1058,1484,93601,A,2025-01-15,2025,15.041666666666666,11.446796346169297,6.974478911025045,1.3882132834424696,-0.0010464496416755509,0.03328885595667064,11.447842795810972
2025-02,1,Category A,1138,1132,1446,85000,A,2025-02-01,2025,15.083333333333334,11.350406535472453,7.037027614686276,1.2706502636203867,-0.09638981069684327,0.06254870366123111,11.446796346169297
2025-02,2,Category A,1149,1149,2290,92850,A,2025-02-15,2025,15.125,11.438740566780853,7.046647277848756,1.9930374238468234,0.08833403130839912,0.00961966316247942,11.350406535472453
2025-03,1,Category A,1144,1144,2034,92730,A,2025-03-01,2025,15.166666666666666,11.437447323794272,7.042286171939743,1.777972027972028,-0.0012932429865806228,-0.004361105909012508,11.438740566780853
2025-03,2,Category A,1138,1137,1951,94502,A,2025-03-15,2025,15.208333333333332,11.456376277279043,7.037027614686276,1.7144112478031635,0.01892895348477097,-0.005258557253466911,11.437447323794272
2025-04,1,Category A,1138,1122,2162,97724,A,2025-04-01,2025,15.25,11.489902457812688,7.037027614686276,1.8998242530755711,0.03352618053364509,0.0,11.456376277279043
2025-04,2,Category A,1139,1124,2121,99500,A,2025-04-15,2025,15.291666666666666,11.507912923146684,7.037905963447182,1.86215978928885,0.01801046533399564,0.0008783487609056451,11.489902457812688
2025-05,1,Category A,1267,1244,2240,103009,A,2025-05-01,2025,15.333333333333334,11.54257164203526,7.144407180321139,1.7679558011049723,0.034658718888575635,0.10650121687395675,11.507912923146684
2025-05,2,Category A,1267,1265,1915,102501,A,2025-05-15,2025,15.375,11.537627833610571,7.144407180321139,1.511444356748224,-0.004943808424688001,0.0,11.54257164203526
2025-06,1,Category A,1275,1274,1691,96999,A,2025-06-01,2025,15.416666666666666,11.482455948154028,7.150701457592526,1.3262745098039215,-0.05517188545654328,0.006294277271387649,11.537627833610571
2025-06,2,Category A,1254,1253,1647,98124,A,2025-06-15,2025,15.458333333333332,11.493987263949977,7.134093721192866,1.313397129186603,0.011531315795949126,-0.016607736399659956,11.482455948154028
2025-07,1,Category A,1253,1250,1918,101102,A,2025-07-01,2025,15.5,11.523885187206563,7.133295954896068,1.5307262569832403,0.029897923256585912,-0.0007977662967979526,11.493987263949977
2025-07,2,Category A,1253,1253,1874,101102,A,2025-07-15,2025,15.541666666666666,11.523885187206563,7.133295954896068,1.49561053471668,0.0,0.0,11.523885187206563
2025-08,1,Category A,1268,1257,1755,102009,A,2025-08-01,2025,15.583333333333334,11.53281632366802,7.145196134997171,1.3840694006309149,0.008931136461457712,0.01190018010110272,11.523885187206563
2025-08,2,Category A,1264,1257,1922,104524,A,2025-08-15,2025,15.625,11.557171989089788,7.142036574706803,1.5205696202531647,0.02435566542176737,-0.003159560290368013,11.53281632366802
2025-09,1,Category A,1275,1271,1844,107889,A,2025-09-01,2025,15.666666666666666,11.58885819980283,7.150701457592526,1.4462745098039216,0.03168621071304223,0.008664882885723202,11.557171989089788
2025-09,2,Category A,1272,1266,2521,119003,A,2025-09-15,2025,15.708333333333332,11.686903981859931,7.148345743900068,1.9819182389937107,0.0980457820571008,-0.002355713692458572,11.58885819980283
2025-10,1,Category A,1268,1239,2572,128105,A,2025-10-01,2025,15.75,11.760605519129342,7.145196134997171,2.028391167192429,0.07370153726941098,-0.0031496089028966168,11.686903981859931
2025-10,2,Category A,1270,1262,1968,122000,A,2025-10-15,2025,15.791666666666666,11.711776323715394,7.146772179452637,1.5496062992125985,-0.0488291954139477,0.001576044455465997,11.760605519129342
2025-11,1,Category A,1306,1303,1682,110002,A,2025-11-01,2025,15.833333333333334,11.608253826427449,7.174724309836376,1.2879019908116387,-0.10352249728794582,0.027952130383739338,11.711776323715394
2025-11,2,Category A,1285,1279,1587,109000,A,2025-11-15,2025,15.875,11.59910316121128,7.158513997329321,1.2350194552529183,-0.009150665216168363,-0.016210312507055846,11.608253826427449
2025-12,1,Category A,1280,1272,1557,105413,A,2025-12-01,2025,15.916666666666666,11.565641247142132,7.154615356913663,1.21640625,-0.033461914069148335,-0.0038986404156577947,11.59910316121128
2025-12,2,Category A,1283,1259,1647,109501,A,2025-12-15,2025,15.958333333333332,11.603688960617083,7.1569563646156364,1.2837100545596258,0.03804771347495084,0.002341007701973652,11.565641247142132
2026-01,1,Category A,1285,1284,1658,102009,A,2026-01-01,2026,16.0,11.53281632366802,7.158513997329321,1.290272373540856,-0.07087263694906198,0.0015576327136841428,11.603688960617083
2026-01,2,Category A,1301,1277,2303,109501,A,2026-01-15,2026,16.041666666666668,11.603688960617083,7.170888478512505,1.7701767870868563,0.07087263694906198,0.012374481183184294,11.53281632366802
2026-02,1,Category A,1265,1261,1982,106320,A,2026-02-01,2026,16.083333333333332,11.574208693387128,7.142827401161621,1.566798418972332,-0.029480267229955004,-0.028061077350884034,11.603688960617083
2026-02,2,Category A,1289,1289,1975,106501,A,2026-02-15,2026,16.125,11.575909653758895,7.161622002939187,1.5321955003878975,0.0017009603717674793,0.0187946017775662,11.574208693387128
2026-03,1,Category A,1268,1267,1762,108220,A,2026-03-01,2026,16.166666666666668,11.591921471196727,7.145196134997171,1.389589905362776,0.016011817437831866,-0.016425867942015948,11.575909653758895
2026-03,2,Category A,1264,1263,1895,111890,A,2026-03-15,2026,16.208333333333336,11.625271524801766,7.142036574706803,1.4992088607594938,0.033350053605039065,-0.003159560290368013,11.591921471196727
2026-04,1,Category A,1265,1203,2537,118000,A,2026-04-01,2026,16.25,11.678439903447801,7.142827401161621,2.0055335968379446,0.05316837864603485,0.0007908264548177613,11.625271524801766
2026-04,2,Category A,1265,1265,2410,123010,A,2026-04-15,2026,16.291666666666668,11.72002093186283,7.142827401161621,1.9051383399209487,0.04158102841502931,0.0,11.678439903447801
2026-05,1,Category A,1301,1294,2071,124790,A,2026-05-01,2026,16.333333333333332,11.7343876035019,7.170888478512505,1.5918524212144505,0.01436667163907046,0.028061077350884034,11.72002093186283
2026-05,2,Category A,1239,1227,2283,124229,A,2026-05-15,2026,16.375,11.729881915589878,7.122059881629142,1.8426150121065374,-0.004505687912022438,-0.04882859688336261,11.7343876035019
2026-06,1,Category A,1246,1241,2076,126009,A,2026-06-01,2026,16.416666666666668,11.744108611954145,7.1276936993473985,1.666131621187801,0.014226696364266544,0.005633817718256218,11.729881915589878
2026-06,2,Category A,1251,1245,1768,123847,A,2026-06-15,2026,16.458333333333336,11.726802211773906,7.1316985104669115,1.413269384492406,-0.017306400180238768,0.004004811119513008,11.744108611954145
2026-07,1,Category A,1244,1207,1879,129000,A,2026-07-01,2026,16.5,11.76756768334381,7.126087273299125,1.5104501607717042,0.04076547156990351,-0.005611237167786776,11.726802211773906
2026-07,2,Category A,1245,1237,1590,126000,A,2026-07-15,2026,16.541666666666668,11.744037185933616,7.126890808898808,1.2771084337349397,-0.023530497410193973,0.0008035355996831584,11.76756768334381
2026-08,1,Category A,1226,1220,1522,123890,A,2026-08-01,2026,16.583333333333332,11.727149354109784,7.111512116496157,1.2414355628058729,-0.01688783182383169,-0.015378692402650884,11.744037185933616
2010-01,1,Category B,687,679,883,19190,B,2010-01-01,2010,0.0,9.862144589001746,6.532334292222349,1.2852983988355167,,,
2010-01,2,Category B,717,717,1105,22400,B,2010-01-15,2010,0.041666666666666664,10.01681623784313,6.57507584059962,1.5411436541143655,0.15467164884138462,0.042741548377271066,9.862144589001746
2010-02,1,Category B,693,690,930,23180,B,2010-02-01,2010,0.08333333333333333,10.051045116893743,6.541029999189903,1.341991341991342,0.03422887905061245,-0.03404584140971689,10.01681623784313
2010-02,2,Category B,685,658,956,23889,B,2010-02-15,2010,0.125,10.081173380925554,6.529418838262226,1.3956204379562043,0.030128264031811014,-0.011611160927677666,10.051045116893743
2010-03,1,Category B,688,667,1087,26389,B,2010-03-01,2010,0.16666666666666666,10.180702535638066,6.5337888379333435,1.5799418604651163,0.09952915471251167,0.004369999671117952,10.081173380925554
2010-03,2,Category B,711,699,1207,36089,B,2010-03-15,2010,0.20833333333333331,10.493743388746434,6.566672429803241,1.6976090014064698,0.3130408531083688,0.03288359186989709,10.180702535638066
2010-04,1,Category B,571,571,858,45501,B,2010-04-01,2010,0.25,10.725489582719506,6.3473892096560105,1.5026269702276707,0.2317461939730716,-0.21928322014723012,10.493743388746434
2010-04,2,Category B,561,549,896,40001,B,2010-04-15,2010,0.2916666666666667,10.596659732783579,6.329720905522696,1.5971479500891266,-0.1288298499359275,-0.01766830413331455,10.725489582719506
2010-05,1,Category B,550,547,869,38000,B,2010-05-01,2010,0.3333333333333333,10.545341438708522,6.309918278226516,1.58,-0.05131829407505606,-0.019802627296179764,10.596659732783579
2010-05,2,Category B,561,553,715,34600,B,2010-05-15,2010,0.375,10.451608961045816,6.329720905522696,1.2745098039215685,-0.09373247766270687,0.019802627296179764,10.545341438708522
2010-06,1,Category B,553,546,779,40002,B,2010-06-01,2010,0.4166666666666667,10.596684731846114,6.315358001522335,1.4086799276672695,0.14507577080029854,-0.014362904000360999,10.451608961045816
2010-06,2,Category B,557,554,720,39911,B,2010-06-15,2010,0.45833333333333337,10.594407254105722,6.322565239927284,1.2926391382405744,-0.0022774777403924418,0.007207238404949301,10.596684731846114
2010-07,1,Category B,557,557,671,35909,B,2010-07-01,2010,0.5,10.488743239436115,6.322565239927284,1.2046678635547576,-0.10566401466960684,0.0,10.594407254105722
2010-07,2,Category B,552,548,890,42889,B,2010-07-15,2010,0.5416666666666666,10.666370661780968,6.313548046277095,1.6123188405797102,0.17762742234485351,-0.00901719365018927,10.488743239436115
2010-08,1,Category B,479,479,662,43334,B,2010-08-01,2010,0.5833333333333334,10.676692825266652,6.171700597410915,1.3820459290187892,0.010322163485684044,-0.14184744886618006,10.666370661780968
2010-08,2,Category B,482,472,683,42810,B,2010-08-15,2010,0.625,10.664526999138992,6.1779441140506,1.4170124481327802,-0.01216582612766004,0.006243516639685254,10.676692825266652
2010-09,1,Category B,479,479,757,44129,B,2010-09-01,2010,0.6666666666666666,10.694872441685067,6.171700597410915,1.5803757828810021,0.030345442546074963,-0.006243516639685254,10.664526999138992
2010-09,2,Category B,488,488,648,42501,B,2010-09-15,2010,0.7083333333333333,10.657282884047461,6.1903154058531475,1.3278688524590163,-0.037589557637605964,0.018614808442232622,10.694872441685067
2010-10,1,Category B,479,476,630,42801,B,2010-10-01,2010,0.75,10.664316745782925,6.171700597410915,1.3152400835073068,0.007033861735463276,-0.018614808442232622,10.657282884047461
2010-10,2,Category B,479,478,766,44600,B,2010-10-15,2010,0.7916666666666666,10.705489138008156,6.171700597410915,1.5991649269311066,0.04117239222523139,0.0,10.664316745782925
2010-11,1,Category B,482,482,718,45501,B,2010-11-01,2010,0.8333333333333334,10.725489582719506,6.1779441140506,1.4896265560165975,0.020000444711349985,0.006243516639685254,10.705489138008156
2010-11,2,Category B,480,459,709,47890,B,2010-11-15,2010,0.875,10.776661993336655,6.173786103901937,1.4770833333333333,0.0511724106171485,-0.004158010148663571,10.725489582719506
2010-12,1,Category B,479,477,1034,62502,B,2010-12-01,2010,0.9166666666666666,11.042953835212504,6.171700597410915,2.1586638830897704,0.26629184187584976,-0.0020855064910216825,10.776661993336655
2010-12,2,Category B,499,494,872,72001,B,2010-12-15,2010,0.9583333333333333,11.184435286790631,6.212606095751519,1.74749498997996,0.14148145157812664,0.04090549834060386,11.042953835212504
2011-01,1,Category B,481,474,790,69000,B,2011-01-01,2011,1.0,11.141861783579396,6.175867270105761,1.6424116424116424,-0.04257350321123532,-0.0367388256457577,11.184435286790631
2011-01,2,Category B,483,482,700,58910,B,2011-01-15,2011,1.0416666666666667,10.983766134515733,6.180016653652572,1.4492753623188406,-0.1580956490636627,0.004149383546811158,11.141861783579396
2011-02,1,Category B,431,431,640,53400,B,2011-02-01,2011,1.0833333333333333,10.885566024948286,6.066108090103747,1.4849187935034802,-0.09820010956744696,-0.11390856354882484,10.983766134515733
2011-02,2,Category B,424,423,726,62000,B,2011-02-15,2011,1.125,11.03488966402723,6.049733455231958,1.7122641509433962,0.14932363907894342,-0.016374634871789695,10.885566024948286
2011-03,1,Category B,424,423,667,61894,B,2011-03-01,2011,1.1666666666666667,11.033178523441501,6.049733455231958,1.5731132075471699,-0.001711140585728188,0.0,11.03488966402723
2011-03,2,Category B,424,424,579,57002,B,2011-03-15,2011,1.2083333333333335,10.950841633920426,6.049733455231958,1.365566037735849,-0.08233688952107521,0.0,11.033178523441501
2011-04,1,Category B,425,410,542,55001,B,2011-04-01,2011,1.25,10.915106645867503,6.052089168924417,1.275294117647059,-0.035734988052922745,0.00235571369245946,10.950841633920426
2011-04,2,Category B,423,422,627,56801,B,2011-04-15,2011,1.2916666666666667,10.947309210188068,6.0473721790462776,1.4822695035460993,0.03220256432056523,-0.004716989878139621,10.915106645867503
2011-05,1,Category B,439,439,650,56011,B,2011-05-01,2011,1.3333333333333333,10.933303378999149,6.0844994130751715,1.4806378132118452,-0.014005831188919515,0.03712723402889395,10.947309210188068
2011-05,2,Category B,424,424,564,56300,B,2011-05-15,2011,1.375,10.938449814127782,6.049733455231958,1.330188679245283,0.005146435128633442,-0.03476595784321379,10.933303378999149
2011-06,1,Category B,424,403,759,63000,B,2011-06-01,2011,1.4166666666666667,11.05089000537367,6.049733455231958,1.7900943396226414,0.11244019124588789,0.0,10.938449814127782
2011-06,2,Category B,423,410,684,67700,B,2011-06-15,2011,1.4583333333333335,11.122841458900366,6.0473721790462776,1.6170212765957446,0.07195145352669563,-0.002361276185680161,11.05089000537367
2011-07,1,Category B,445,444,728,68501,B,2011-07-01,2011,1.5,11.134603622683905,6.09807428216624,1.6359550561797753,0.011762163783538782,0.050702103119962594,11.122841458900366
2011-07,2,Category B,436,436,626,72501,B,2011-07-15,2011,1.5416666666666667,11.19135563385109,6.077642243349034,1.4357798165137614,0.056752011167185756,-0.0204320388172059,11.134603622683905
2011-08,1,Category B,354,349,469,70890,B,2011-08-01,2011,1.5833333333333335,11.168884658849063,5.869296913133774,1.3248587570621468,-0.02247097500202777,-0.20834533021526003,11.19135563385109
2011-08,2,Category B,353,353,527,65521,B,2011-08-15,2011,1.6250000000000002,11.090125980925743,5.8664680569332965,1.4929178470254958,-0.07875867792331981,-0.0028288562004776807,11.168884658849063
2011-09,1,Category B,359,356,496,63002,B,2011-09-01,2011,1.6666666666666665,11.050921750901521,5.883322388488279,1.3816155988857939,-0.03920423002422169,0.01685433155498206,11.090125980925743
2011-09,2,Category B,353,353,469,64889,B,2011-09-15,2011,1.7083333333333333,11.080433396801446,5.8664680569332965,1.3286118980169972,0.029511645899924943,-0.01685433155498206,11.050921750901521
2011-10,1,Category B,356,353,524,63600,B,2011-10-01,2011,1.75,11.060368749328214,5.87493073085203,1.4719101123595506,-0.020064647473232,0.008462673918733898,11.080433396801446
2011-10,2,Category B,353,353,633,75889,B,2011-10-15,2011,1.7916666666666667,11.23702702534448,5.8664680569332965,1.793201133144476,0.1766582760162656,-0.008462673918733898,11.060368749328214
2011-11,1,Category B,356,355,551,77000,B,2011-11-01,2011,1.8333333333333335,11.251560700835821,5.87493073085203,1.547752808988764,0.014533675491341214,0.008462673918733898,11.23702702534448
2011-11,2,Category B,353,338,518,77340,B,2011-11-15,2011,1.8750000000000002,11.255966565161287,5.8664680569332965,1.4674220963172804,0.004405864325466524,-0.008462673918733898,11.251560700835821
2011-12,1,Category B,354,351,474,72350,B,2011-12-01,2011,1.9166666666666665,11.18927073205963,5.869296913133774,1.3389830508474576,-0.06669583310165805,0.0028288562004776807,11.255966565161287
2011-12,2,Category B,368,368,464,70003,B,2011-12-15,2011,1.9583333333333333,11.156293377256013,5.908082938168931,1.2608695652173914,-0.03297735480361652,0.038786025035157046,11.18927073205963
2012-01,1,Category B,356,356,511,65801,B,2012-01-01,2012,2.0,11.094390314766315,5.87493073085203,1.4353932584269662,-0.0619030624896979,-0.03315220731690083,11.156293377256013
2012-01,2,Category B,353,351,537,67889,B,2012-01-15,2012,2.0416666666666665,11.125629297477385,5.8664680569332965,1.5212464589235128,0.03123898271106995,-0.008462673918733898,11.094390314766315
2012-02,1,Category B,350,346,635,73890,B,2012-02-01,2012,2.0833333333333335,11.210332779782693,5.857933154483459,1.8142857142857143,0.08470348230530789,-0.008534902449837567,11.125629297477385
2012-02,2,Category B,351,348,580,78189,B,2012-02-15,2012,2.125,11.266884251677522,5.860786223465865,1.6524216524216524,0.056551471894829675,0.002853068982406448,11.210332779782693
2012-03,1,Category B,354,352,626,79304,B,2012-03-01,2012,2.1666666666666665,11.281043847712734,5.869296913133774,1.768361581920904,0.014159596035211663,0.0085106896679088,11.266884251677522
2012-03,2,Category B,352,352,529,82003,B,2012-03-15,2012,2.208333333333333,11.314511110943016,5.863631175598097,1.5028409090909092,0.03346726323028193,-0.005665737535677451,11.281043847712734
2012-04,1,Category B,352,348,483,83700,B,2012-04-01,2012,2.25,11.334994256477566,5.863631175598097,1.3721590909090908,0.020483145534550218,0.0,11.314511110943016
2012-04,2,Category B,349,349,563,91000,B,2012-04-15,2012,2.2916666666666665,11.418614785498987,5.855071922202427,1.6131805157593124,0.08362052902142025,-0.008559253395669764,11.334994256477566
2012-05,1,Category B,354,354,545,92050,B,2012-05-01,2012,2.3333333333333335,11.430087186661224,5.869296913133774,1.53954802259887,0.011472401162237134,0.014224990931347214,11.418614785498987
2012-05,2,Category B,349,349,482,85216,B,2012-05-15,2012,2.375,11.352944488613659,5.855071922202427,1.3810888252148996,-0.0771426980475649,-0.014224990931347214,11.430087186661224
2012-06,1,Category B,350,342,490,83000,B,2012-06-01,2012,2.4166666666666665,11.326595886778735,5.857933154483459,1.4,-0.026348601834923713,0.002861232281031967,11.352944488613659
2012-06,2,Category B,349,346,477,85400,B,2012-06-15,2012,2.458333333333333,11.355101379776661,5.855071922202427,1.3667621776504297,0.02850549299792604,-0.002861232281031967,11.326595886778735
2012-07,1,Category B,358,358,459,82289,B,2012-07-01,2012,2.5,11.317992720381067,5.8805329864007,1.282122905027933,-0.037108659395594046,0.02546106419827332,11.355101379776661
2012-07,2,Category B,353,352,549,90501,B,2012-07-15,2012,2.5416666666666665,11.413116179350727,5.8664680569332965,1.5552407932011332,0.09512345896965968,-0.014064929467403786,11.317992720381067
2012-08,1,Category B,350,345,489,94502,B,2012-08-01,2012,2.5833333333333335,11.456376277279043,5.857933154483459,1.3971428571428572,0.0432600979283162,-0.008534902449837567,11.413116179350727
2012-08,2,Category B,351,351,532,88002,B,2012-08-15,2012,2.625,11.38511482047481,5.860786223465865,1.5156695156695157,-0.07126145680423335,0.002853068982406448,11.456376277279043
2012-09,1,Category B,355,355,466,80191,B,2012-09-01,2012,2.6666666666666665,11.292166568106161,5.872117789475416,1.3126760563380282,-0.09294825236864845,0.011331566009550542,11.38511482047481
2012-09,2,Category B,351,349,523,88500,B,2012-09-15,2012,2.708333333333333,11.390757830996021,5.860786223465865,1.4900284900284901,0.09859126288985998,-0.011331566009550542,11.292166568106161
2012-10,1,Category B,350,350,414,80001,B,2012-10-01,2012,2.75,11.289794413577894,5.857933154483459,1.1828571428571428,-0.10096341741812687,-0.002853068982406448,11.390757830996021
2012-10,2,Category B,353,353,540,85801,B,2012-10-15,2012,2.7916666666666665,11.359785940419789,5.8664680569332965,1.5297450424929178,0.06999152684189447,0.008534902449837567,11.289794413577894
2012-11,1,Category B,350,350,573,92400,B,2012-11-01,2012,2.8333333333333335,11.433882257629776,5.857933154483459,1.6371428571428572,0.0740963172099871,-0.008534902449837567,11.359785940419789
2012-11,2,Category B,351,342,487,93004,B,2012-11-15,2012,2.875,11.440397781963146,5.860786223465865,1.3874643874643875,0.006515524333369882,0.002853068982406448,11.433882257629776
2012-12,1,Category B,350,337,493,90200,B,2012-12-01,2012,2.9166666666666665,11.409784706050715,5.857933154483459,1.4085714285714286,-0.030613075912430787,-0.002853068982406448,11.440397781963146
2012-12,2,Category B,360,360,478,93501,B,2012-12-15,2012,2.958333333333333,11.445727410406752,5.886104031450156,1.3277777777777777,0.03594270435603697,0.028170876966696845,11.409784706050715
2013-01,1,Category B,363,363,470,96210,B,2013-01-01,2013,3.0,11.47428858135531,5.8944028342648505,1.2947658402203857,0.028561170948558257,0.008298802814694639,11.445727410406752
2013-01,2,Category B,351,351,452,95501,B,2013-01-15,2013,3.0416666666666665,11.466891997618188,5.860786223465865,1.2877492877492878,-0.007396583737122597,-0.033616610798985036,11.47428858135531
2013-02,1,Category B,302,278,431,92901,B,2013-02-01,2013,3.0833333333333335,11.439289689006644,5.71042701737487,1.4271523178807948,-0.027602308611543336,-0.15035920609099573,11.466891997618188
2013-02,2,Category B,303,299,409,92667,B,2013-02-15,2013,3.125,11.436767701120496,5.713732805509369,1.3498349834983498,-0.0025219878861477696,0.0033057881344991102,11.439289689006644
2013-03,1,Category B,326,326,1028,58090,B,2013-03-01,2013,3.1666666666666665,10.969748810986578,5.786897381366708,3.1533742331288344,-0.46701889013391806,0.07316457585733893,11.436767701120496
2013-03,2,Category B,307,300,940,73900,B,2013-03-15,2013,3.208333333333333,11.210468106936293,5.726847747587197,3.0618892508143323,0.24071929594971486,-0.06004963377951089,10.969748810986578
2013-04,1,Category B,302,287,835,67010,B,2013-04-01,2013,3.25,11.112597140967216,5.71042701737487,2.7649006622516556,-0.09787096596907752,-0.01642073021232715,11.210468106936293
2013-04,2,Category B,310,281,683,62000,B,2013-04-15,2013,3.2916666666666665,11.03488966402723,5.736572297479192,2.203225806451613,-0.07770747693998636,0.026145280104322488,11.112597140967216
2013-05,1,Category B,317,317,601,61700,B,2013-05-01,2013,3.3333333333333335,11.030039209893479,5.75890177387728,1.8958990536277602,-0.004850454133750404,0.022329476398088133,11.03488966402723
2013-05,2,Category B,332,329,749,67304,B,2013-05-15,2013,3.375,11.116974949230649,5.805134968916488,2.2560240963855422,0.08693573933716969,0.046233195039207864,11.030039209893479
2013-06,1,Category B,302,274,732,75000,B,2013-06-01,2013,3.4166666666666665,11.225243392518447,5.71042701737487,2.423841059602649,0.10826844328779828,-0.09470795154161848,11.116974949230649
2013-06,2,Category B,305,304,734,81751,B,2013-06-15,2013,3.458333333333333,11.311433321100587,5.720311776607412,2.40655737704918,0.08618992858214014,0.009884759232542173,11.225243392518447
2013-07,1,Category B,331,325,652,77110,B,2013-07-01,2013,3.5,11.252988252827006,5.802118375377063,1.9697885196374623,-0.05844506827358131,0.08180659876965102,11.311433321100587
2013-07,2,Category B,303,301,574,76389,B,2013-07-15,2013,3.5416666666666665,11.24359398573104,5.713732805509369,1.8943894389438944,-0.009394267095965247,-0.08838556986769408,11.252988252827006
2013-08,1,Category B,380,373,682,77600,B,2013-08-01,2013,3.5833333333333335,11.25932270617131,5.940171252720432,1.7947368421052632,0.015728720440270294,0.22643844721106277,11.24359398573104
2013-08,2,Category B,375,371,627,76607,B,2013-08-15,2013,3.625,11.246443735365446,5.926926025970411,1.672,-0.012878970805864753,-0.013245226750020933,11.25932270617131
2013-09,1,Category B,381,378,623,77100,B,2013-09-01,2013,3.6666666666666665,11.25285855955142,5.942799375126701,1.6351706036745406,0.006414824185974055,0.015873349156290573,11.246443735365446
2013-09,2,Category B,377,368,703,86239,B,2013-09-15,2013,3.708333333333333,11.364877790528285,5.932245187448011,1.8647214854111407,0.11201923097686439,-0.010554187678690319,11.25285855955142
2013-10,1,Category B,376,373,649,93500,B,2013-10-01,2013,3.75,11.44571671527678,5.929589143389895,1.726063829787234,0.08083892474849463,-0.002656044058116258,11.364877790528285
2013-10,2,Category B,382,376,515,87910,B,2013-10-15,2013,3.7916666666666665,11.384068842845224,5.945420608606575,1.3481675392670156,-0.06164787243155523,0.015831465216680662,11.44571671527678
2013-11,1,Category B,376,376,482,84578,B,2013-11-01,2013,3.8333333333333335,11.345429464494833,5.929589143389895,1.2819148936170213,-0.038639378350390885,-0.015831465216680662,11.384068842845224
2013-11,2,Category B,379,375,536,79300,B,2013-11-15,2013,3.875,11.280993407622939,5.937536205082426,1.4142480211081794,-0.06443605687189446,0.007947061692531676,11.345429464494833
2013-12,1,Category B,373,360,549,73010,B,2013-12-01,2013,3.9166666666666665,11.198351697050132,5.921578419643816,1.4718498659517427,-0.08264171057280656,-0.015957785438610372,11.280993407622939
2013-12,2,Category B,377,357,500,75700,B,2013-12-15,2013,3.958333333333333,11.23453343942554,5.932245187448011,1.3262599469496021,0.03618174237540828,0.010666767804194954,11.198351697050132
2014-01,1,Category B,386,377,581,78700,B,2014-01-01,2014,4.0,11.273398434405495,5.955837369464831,1.505181347150259,0.03886499497995466,0.023592182016820118,11.23453343942554
2014-01,2,Category B,393,388,512,79000,B,2014-01-15,2014,4.041666666666667,11.27720313144916,5.973809611869261,1.3027989821882953,0.0038046970436642624,0.017972242404430183,11.273398434405495
2014-02,1,Category B,360,360,523,75300,B,2014-02-01,2014,4.083333333333333,11.229235413787984,5.886104031450156,1.4527777777777777,-0.0479677176611748,-0.08770558041910537,11.27720313144916
2014-02,2,Category B,355,353,519,78604,B,2014-02-15,2014,4.125,11.272177867707658,5.872117789475416,1.4619718309859155,0.04294245391967344,-0.013986241974739855,11.229235413787984
2014-03,1,Category B,350,337,499,80710,B,2014-03-01,2014,4.166666666666667,11.298617762318418,5.857933154483459,1.4257142857142857,0.02643989461076046,-0.01418463499195699,11.272177867707658
2014-03,2,Category B,353,352,524,82900,B,2014-03-15,2014,4.208333333333334,11.325390341123386,5.8664680569332965,1.4844192634560907,0.02677257880496775,0.008534902449837567,11.298617762318418
2014-04,1,Category B,363,363,523,84504,B,2014-04-01,2014,4.25,11.344554149502999,5.8944028342648505,1.440771349862259,0.019163808379612846,0.027934777331553917,11.325390341123386
2014-04,2,Category B,351,349,486,75010,B,2014-04-15,2014,4.291666666666667,11.225376716963682,5.860786223465865,1.3846153846153846,-0.1191774325393169,-0.033616610798985036,11.344554149502999
2014-05,1,Category B,483,472,778,70002,B,2014-05-01,2014,4.333333333333333,11.156279092051912,6.180016653652572,1.6107660455486543,-0.06909762491176963,0.3192304301867068,11.225376716963682
2014-05,2,Category B,484,477,716,68103,B,2014-05-15,2014,4.375,11.12877654403074,6.182084906716632,1.4793388429752066,-0.02750254802117169,0.0020682530640598884,11.156279092051912
2014-06,1,Category B,494,484,807,67304,B,2014-06-01,2014,4.416666666666667,11.116974949230649,6.202535517187923,1.6336032388663968,-0.011801594800092019,0.02045061047129071,11.12877654403074
2014-06,2,Category B,490,475,716,65700,B,2014-06-15,2014,4.458333333333334,11.092854204472703,6.194405391104672,1.4612244897959183,-0.0241207447579459,-0.008130126083250921,11.116974949230649
2014-07,1,Category B,493,491,812,64889,B,2014-07-01,2014,4.5,11.080433396801446,6.20050917404269,1.6470588235294117,-0.01242080767125664,0.006103782938017943,11.092854204472703
2014-07,2,Category B,498,497,850,65001,B,2014-07-15,2014,4.541666666666667,11.082157933374816,6.210600077024653,1.7068273092369477,0.0017245365733700169,0.010090902981962913,11.080433396801446
2014-08,1,Category B,507,501,1090,68689,B,2014-08-01,2014,4.583333333333333,11.137344348942108,6.2285110035911835,2.1499013806706113,0.05518641556729165,0.017910926566530705,11.082157933374816
2014-08,2,Category B,506,502,1137,72990,B,2014-08-15,2014,4.625,11.198077724445678,6.226536669287466,2.2470355731225298,0.060733375503570386,-0.0019743343037177397,11.137344348942108
2014-09,1,Category B,511,511,909,73010,B,2014-09-01,2014,4.666666666666667,11.198351697050132,6.236369590203704,1.7788649706457926,0.00027397260445383154,0.009832920916238663,11.198077724445678
2014-09,2,Category B,509,507,785,71990,B,2014-09-15,2014,4.708333333333334,11.184282499463349,6.2324480165505225,1.5422396856581533,-0.014069197586783488,-0.003921573653181909,11.198351697050132
2014-10,1,Category B,505,501,852,72180,B,2014-10-01,2014,4.75,11.18691827819678,6.22455842927536,1.687128712871287,0.0026357787334312377,-0.007889587275162313,11.184282499463349
2014-10,2,Category B,507,506,822,72002,B,2014-10-15,2014,4.791666666666667,11.184449175390174,6.2285110035911835,1.621301775147929,-0.0024691028066055054,0.0039525743158232984,11.18691827819678
2014-11,1,Category B,574,559,832,70890,B,2014-11-01,2014,4.833333333333333,11.168884658849063,6.352629396319567,1.4494773519163764,-0.015564516541111573,0.12411839272838332,11.184449175390174
2014-11,2,Category B,570,560,900,72890,B,2014-11-15,2014,4.875,11.196706734376258,6.345636360828596,1.5789473684210527,0.027822075527195622,-0.006993035490970634,11.168884658849063
2014-12,1,Category B,584,582,873,74389,B,2014-12-01,2014,4.916666666666667,11.217063360428009,6.369900982828227,1.49486301369863,0.02035662605175048,0.024264621999630975,11.196706734376258
2014-12,2,Category B,579,572,755,74000,B,2014-12-15,2014,4.958333333333334,11.211820372186306,6.361302477572996,1.3039723661485318,-0.005242988241702662,-0.008598505255231537,11.217063360428009
2015-01,1,Category B,571,570,833,75289,B,2015-01-01,2015,5.0,11.229089320779604,6.3473892096560105,1.458844133099825,0.01726894859329775,-0.013913267916985106,11.211820372186306
2015-01,2,Category B,576,576,915,76889,B,2015-01-15,2015,5.041666666666667,11.250118102349248,6.3561076606958915,1.5885416666666667,0.02102878156964394,0.008718451039881003,11.229089320779604
2015-02,1,Category B,724,723,959,70890,B,2015-02-01,2015,5.083333333333333,11.168884658849063,6.584791392385716,1.324585635359116,-0.08123344350018513,0.22868373168982448,11.250118102349248
2015-02,2,Category B,722,721,1037,66751,B,2015-02-15,2015,5.125,11.108724557423686,6.582025138892826,1.4362880886426592,-0.06016010142537631,-0.0027662534928900584,11.168884658849063
2015-03,1,Category B,723,723,1239,68668,B,2015-03-01,2015,5.166666666666667,11.13703857639082,6.583409222158765,1.7136929460580912,0.028314018967133592,0.0013840832659388624,11.108724557423686
2015-03,2,Category B,723,717,1354,71889,B,2015-03-15,2015,5.208333333333334,11.182878541740678,6.583409222158765,1.8727524204702628,0.04583996534985779,0.0,11.13703857639082
2015-04,1,Category B,722,716,1661,76612,B,2015-04-01,2015,5.25,11.246509001422552,6.582025138892826,2.3005540166204987,0.06363045968187464,-0.0013840832659388624,11.182878541740678
2015-04,2,Category B,728,708,1525,78001,B,2015-04-15,2015,5.291666666666667,11.264476926102367,6.590301048196686,2.09478021978022,0.017967924679814118,0.008275909303860018,11.246509001422552
2015-05,1,Category B,934,934,1631,77600,B,2015-05-01,2015,5.333333333333333,11.25932270617131,6.839476438228843,1.746252676659529,-0.005154219931055692,0.24917539003215694,11.264476926102367
2015-05,2,Category B,948,948,1401,75002,B,2015-05-15,2015,5.375,11.225270058829565,6.854354502255021,1.4778481012658229,-0.03405264734174551,0.014878064026178528,11.25932270617131
2015-06,1,Category B,929,923,1384,75000,B,2015-06-01,2015,5.416666666666667,11.225243392518447,6.834108738813838,1.4897739504843919,-2.666631111836182e-05,-0.02024576344118323,11.225270058829565
2015-06,2,Category B,928,926,1144,71509,B,2015-06-15,2015,5.458333333333334,11.17757859488649,6.833031732786201,1.2327586206896552,-0.04766479763195619,-0.0010770060276374949,11.225243392518447
2015-07,1,Category B,934,933,1225,65501,B,2015-07-01,2015,5.5,11.089820688682373,6.839476438228843,1.3115631691648821,-0.08775790620411783,0.006444705442642196,11.17757859488649
2015-07,2,Category B,930,929,1218,58109,B,2015-07-15,2015,5.541666666666667,10.970075836179038,6.835184586147301,1.3096774193548386,-0.11974485250333444,-0.004291852081541592,11.089820688682373
2015-08,1,Category B,1057,1054,1634,60789,B,2015-08-01,2015,5.583333333333333,11.015164130533439,6.963189985870238,1.5458845789971618,0.045088294354400205,0.12800539972293645,10.970075836179038
2015-08,2,Category B,1058,1056,1551,62140,B,2015-08-15,2015,5.625,11.037145182947038,6.964135612418245,1.4659735349716445,0.021981052413599045,0.0009456265480070059,11.015164130533439
2015-09,1,Category B,1059,1058,1628,62101,B,2015-09-01,2015,5.666666666666667,11.036517370851499,6.9650803456014065,1.5372993389990557,-0.000627812095538971,0.0009447331831617944,11.037145182947038
2015-09,2,Category B,1058,1041,1371,60001,B,2015-09-15,2015,5.708333333333334,11.002116507732017,6.964135612418245,1.2958412098298677,-0.03440086311948143,-0.0009447331831617944,11.036517370851499
2015-10,1,Category B,1057,1044,1373,58190,B,2015-10-01,2015,5.75,10.971468797650715,6.963189985870238,1.2989593188268684,-0.030647710081302293,-0.0009456265480070059,11.002116507732017
2015-10,2,Category B,1073,1069,1367,59889,B,2015-10-15,2015,5.791666666666667,11.000248127840763,6.9782137426306985,1.2739981360671015,0.028779330190047858,0.01502375676046075,10.971468797650715
2015-11,1,Category B,1037,1031,1267,57501,B,2015-11-01,2015,5.833333333333333,10.959557617938563,6.9440872082295275,1.2217936354869816,-0.040690509902200134,-0.03412653440117097,11.000248127840763
2015-11,2,Category B,1029,1026,1388,61103,B,2015-11-15,2015,5.875,11.020316243790663,6.9363427358340495,1.3488824101069,0.06075862585210068,-0.0077444723954780414,10.959557617938563
2015-12,1,Category B,1031,1028,1324,60001,B,2015-12-01,2015,5.916666666666667,11.002116507732017,6.93828448401696,1.2841901066925314,-0.01819973605864611,0.0019417481829107075,11.020316243790663
2015-12,2,Category B,1027,1025,1200,55001,B,2015-12-15,2015,5.958333333333334,10.915106645867503,6.934397209928558,1.1684518013631937,-0.0870098618645141,-0.0038872740884023926,11.002116507732017
2016-01,1,Category B,1027,1019,1262,54920,B,2016-01-01,2016,6.0,10.913632859881908,6.934397209928558,1.2288218111002922,-0.0014737859855955548,0.0,10.915106645867503
2016-01,2,Category B,1026,1026,1334,50089,B,2016-01-15,2016,6.041666666666667,10.821556702087694,6.933423025730715,1.3001949317738792,-0.09207615779421374,-0.0009741841978430088,10.913632859881908
2016-02,1,Category B,1216,1216,1624,38610,B,2016-02-01,2016,6.083333333333333,10.561266589258283,7.103322062526113,1.3355263157894737,-0.26029011282941106,0.16989903679539786,10.821556702087694
2016-02,2,Category B,1208,1197,2898,46970,B,2016-02-15,2016,6.125,10.757264379021041,7.0967213784947605,2.3990066225165565,0.1959977897627585,-0.006600684031352166,10.561266589258283
2016-03,1,Category B,1209,1200,2706,47604,B,2016-03-01,2016,6.166666666666667,10.77067207030233,7.097548850614793,2.238213399503722,0.013407691281289047,0.0008274721200320911,10.757264379021041
2016-03,2,Category B,1220,1218,2491,46502,B,2016-03-15,2016,6.208333333333334,10.7472506014032,7.106606137727303,2.0418032786885245,-0.023421468899130105,0.009057287112510082,10.77067207030233
2016-04,1,Category B,1218,1218,2247,47000,B,2016-04-01,2016,6.25,10.757902880692196,7.1049654482698426,1.8448275862068966,0.010652279288995814,-0.0016406894574600983,10.7472506014032
2016-04,2,Category B,1211,1136,2364,49602,B,2016-04-15,2016,6.291666666666667,10.81178643448073,7.099201743553092,1.9521056977704376,0.053883553788534044,-0.005763704716750695,10.757902880692196
2016-05,1,Category B,1462,1454,2435,51010,B,2016-05-01,2016,6.333333333333333,10.839776970916972,7.2875606403097235,1.6655266757865936,0.027990536436242053,0.18835889675663164,10.81178643448073
2016-05,2,Category B,1537,1536,2322,49156,B,2016-05-15,2016,6.375,10.802754193404487,7.337587743538596,1.5107351984385167,-0.03702277751248495,0.050027103228872605,10.839776970916972
2016-06,1,Category B,1470,1463,3436,56000,B,2016-06-01,2016,6.416666666666667,10.933106969717286,7.293017679772782,2.3374149659863948,0.13035277631279918,-0.04457006376581418,10.802754193404487
2016-06,2,Category B,1463,1462,2914,57010,B,2016-06-15,2016,6.458333333333334,10.950981970025628,7.288244401020124,1.9917976760082023,0.017875000308341882,-0.004773278752657539,10.933106969717286
2016-07,1,Category B,1469,1469,2547,56089,B,2016-07-01,2016,6.5,10.934694993853526,7.292337176173877,1.7338325391422738,-0.016286976172102285,0.004092775153752726,10.950981970025628
2016-07,2,Category B,1463,1463,2439,57508,B,2016-07-15,2016,6.541666666666667,10.959679347542483,7.288244401020124,1.6671223513328777,0.02498435368895713,-0.004092775153752726,10.934694993853526
2016-08,1,Category B,1336,1300,2156,57903,B,2016-08-01,2016,6.583333333333333,10.966524475690317,7.197435354096591,1.6137724550898203,0.00684512814783389,-0.09080904692353364,10.959679347542483
2016-08,2,Category B,1336,1334,2088,56500,B,2016-08-15,2016,6.625,10.941995917134532,7.197435354096591,1.562874251497006,-0.02452855855578484,0.0,10.966524475690317
2016-09,1,Category B,1372,1358,2183,57002,B,2016-09-01,2016,6.666666666666667,10.950841633920426,7.22402480828583,1.5911078717201166,0.008845716785893742,0.026589454189239525,10.941995917134532
2016-09,2,Category B,1338,1334,2017,55501,B,2016-09-15,2016,6.708333333333334,10.92415631759022,7.198931240688173,1.507473841554559,-0.02668531633020521,-0.025093567597656907,10.950841633920426
2016-10,1,Category B,1350,1246,1785,53001,B,2016-10-01,2016,6.75,10.87806606028079,7.2078598714324755,1.3222222222222222,-0.04609025730943017,0.008928630744302168,10.92415631759022
2016-10,2,Category B,1340,1329,1768,56410,B,2016-10-15,2016,6.791666666666667,10.940401726734022,7.200424892944957,1.319402985074627,0.0623356664532313,-0.0074349784875185065,10.87806606028079
2016-11,1,Category B,1347,1345,2012,56206,B,2016-11-01,2016,6.833333333333333,10.936778791749008,7.205635176410364,1.493689680772086,-0.0036229349850138703,0.00521028346540664,10.940401726734022
2016-11,2,Category B,1254,1253,1708,53001,B,2016-11-15,2016,6.875,10.87806606028079,7.134093721192866,1.3620414673046253,-0.05871273146821743,-0.07154145521749733,10.936778791749008
2016-12,1,Category B,1245,1237,1494,46229,B,2016-12-01,2016,6.916666666666667,10.74136258577276,7.126890808898808,1.2,-0.13670347450803,-0.00720291229405845,10.87806606028079
2016-12,2,Category B,1244,1242,2052,51109,B,2016-12-15,2016,6.958333333333334,10.841715885928185,7.126087273299125,1.6495176848874598,0.10035330015542421,-0.0008035355996831584,10.74136258577276
2017-01,1,Category B,1252,1243,1835,53106,B,2017-01-01,2017,7.0,10.880045195196931,7.132497551660044,1.4656549520766773,0.03832930926874667,0.006410278360919008,10.841715885928185
2017-01,2,Category B,1246,1226,1967,52807,B,2017-01-15,2017,7.041666666666667,10.87439903666454,7.1276936993473985,1.5786516853932584,-0.005646158532391254,-0.00480385231264524,10.880045195196931
2017-02,1,Category B,1366,1352,1783,48209,B,2017-02-01,2017,7.083333333333333,10.78330100460001,7.2196420401307355,1.3052708638360175,-0.09109803206452938,0.09194834078333702,10.87439903666454
2017-02,2,Category B,1377,1377,2126,50621,B,2017-02-15,2017,7.125,10.832121788941521,7.227662498728654,1.543936092955701,0.04882078434151005,0.00802045859791889,10.78330100460001
2017-03,1,Category B,1371,1368,2298,53300,B,2017-03-01,2017,7.166666666666667,10.883691610153935,7.223295679562314,1.676148796498906,0.05156982121241427,-0.004366819166340186,10.832121788941521
2017-03,2,Category B,1357,1345,2081,54000,B,2017-03-15,2017,7.208333333333334,10.896739325546411,7.213031659834869,1.5335298452468682,0.013047715392476178,-0.01026401972744484,10.883691610153935
2017-04,1,Category B,1360,1360,1970,54405,B,2017-04-01,2017,7.25,10.904211340385112,7.215239978730097,1.4485294117647058,0.007472014838700858,0.0022083188952279897,10.896739325546411
2017-04,2,Category B,1369,1365,2000,54406,B,2017-04-15,2017,7.291666666666667,10.904229720879732,7.221835825288449,1.4609203798392987,1.8380494619663068e-05,0.006595846558351326,10.904211340385112
2017-05,1,Category B,1320,1316,1996,55414,B,2017-05-01,2017,7.333333333333333,10.92258754839142,7.1853870155804165,1.5121212121212122,0.018357827511687574,-0.036448809708032215,10.904229720879732
2017-05,2,Category B,1325,1325,1725,53001,B,2017-05-15,2017,7.375,10.87806606028079,7.1891677384203225,1.3018867924528301,-0.04452148811062884,0.0037807228399060477,10.92258754839142
2017-06,1,Category B,1325,1324,1582,50110,B,2017-06-01,2017,7.416666666666667,10.821975867953771,7.1891677384203225,1.1939622641509433,-0.056090192327019395,0.0,10.87806606028079
2017-06,2,Category B,1321,1320,1651,47501,B,2017-06-15,2017,7.458333333333334,10.768506042432708,7.186144304522325,1.2498107494322483,-0.05346982552106283,-0.0030234338979973074,10.821975867953771
2017-07,1,Category B,1322,1321,1910,49802,B,2017-07-01,2017,7.5,10.815810422848898,7.186901020411631,1.4447806354009076,0.04730438041618967,0.0007567158893060366,10.768506042432708
2017-07,2,Category B,1322,1314,1784,50001,B,2017-07-15,2017,7.541666666666667,10.819798284210286,7.186901020411631,1.3494704992435704,0.0039878613613879565,0.0,10.815810422848898
2017-08,1,Category B,1286,1281,1978,53711,B,2017-08-01,2017,7.583333333333333,10.891373101232979,7.1592919047975645,1.5381026438569207,0.07157481702269308,-0.02760911561406676,10.819798284210286
2017-08,2,Category B,1293,1290,1683,51000,B,2017-08-15,2017,7.625,10.839580911706463,7.164720378771857,1.3016241299303943,-0.0517921895265161,0.005428473974292913,10.891373101232979
2017-09,1,Category B,1290,1290,1704,49000,B,2017-09-01,2017,7.666666666666667,10.799575577092764,7.162397497355718,1.3209302325581396,-0.04000533461369926,-0.002322881416139566,10.839580911706463
2017-09,2,Category B,1288,1288,1859,49189,B,2017-09-15,2017,7.708333333333334,10.803425300247511,7.160845906664299,1.4433229813664596,0.0038497231547474087,-0.0015515906914185251,10.799575577092764
2017-10,1,Category B,1285,1284,1646,48109,B,2017-10-01,2017,7.75,10.781224548778034,7.158513997329321,1.2809338521400777,-0.022200751469476643,-0.0023319093349787323,10.803425300247511
2017-10,2,Category B,1285,1277,1718,49996,B,2017-10-15,2017,7.791666666666667,10.819698281210112,7.158513997329321,1.336964980544747,0.03847373243207741,0.0,10.781224548778034
2017-11,1,Category B,1376,1375,2515,57414,B,2017-11-01,2017,7.833333333333333,10.958043455007317,7.226936018493289,1.8277616279069768,0.13834517379720523,0.06842202116396834,10.819698281210112
2017-11,2,Category B,1383,1383,2173,57390,B,2017-11-15,2017,7.875,10.957625351102408,7.232010331664759,1.5712219812002892,-0.00041810390490937266,0.005074313171469669,10.958043455007317
2017-12,1,Category B,1375,1375,1805,53711,B,2017-12-01,2017,7.916666666666667,10.891373101232979,7.226209010100671,1.3127272727272727,-0.06625224986942868,-0.005801321564087303,10.957625351102408
2017-12,2,Category B,1374,1367,1634,47002,B,2017-12-15,2017,7.958333333333334,10.757945432978323,7.2254814727822945,1.1892285298398835,-0.13342766825465624,-0.0007275373183768252,10.891373101232979
2018-01,1,Category B,1374,1368,1811,45289,B,2018-01-01,2018,8.0,10.72081945637715,7.2254814727822945,1.3180494905385736,-0.037125976601172894,0.0,10.757945432978323
2018-01,2,Category B,1381,1380,1654,42661,B,2018-01-15,2018,8.041666666666666,10.661040432913284,7.2305631534092925,1.1976828385228095,-0.05977902346386621,0.005081680626997986,10.72081945637715
2018-02,1,Category B,1396,1396,1831,42322,B,2018-02-01,2018,8.083333333333334,10.653062324394716,7.241366283322318,1.3116045845272206,-0.00797810851856795,0.010803129913025344,10.661040432913284
2018-02,2,Category B,1391,1379,1744,39000,B,2018-02-15,2018,8.125,10.571316925111784,7.237778191923443,1.2537742631200575,-0.08174539928293179,-0.0035880913988748375,10.653062324394716
2018-03,1,Category B,1390,1390,1731,39001,B,2018-03-01,2018,8.166666666666666,10.571342565808699,7.237059026124737,1.2453237410071942,2.5640696915019134e-05,-0.0007191657987055677,10.571316925111784
2018-03,2,Category B,1402,1374,1639,37010,B,2018-03-15,2018,8.208333333333332,10.518943425380202,7.2456550675945355,1.1690442225392297,-0.05239914042849669,0.008596041469798088,10.571342565808699
2018-04,1,Category B,1389,1388,1689,37605,B,2018-04-01,2018,8.25,10.534892299260504,7.236339342754344,1.2159827213822894,0.015948873880301306,-0.009315724840191386,10.518943425380202
2018-04,2,Category B,1417,1414,1919,37330,B,2018-04-15,2018,8.291666666666666,10.527552571908629,7.256297239690681,1.3542695836273817,-0.007339727351874714,0.01995789693633654,10.534892299260504
2018-05,1,Category B,1280,1267,2155,38501,B,2018-05-01,2018,8.333333333333334,10.55843949396453,7.154615356913663,1.68359375,0.030886922055900712,-0.10168188277701784,10.527552571908629
2018-05,2,Category B,1283,1247,1915,37989,B,2018-05-15,2018,8.375,10.545051923118718,7.1569563646156364,1.4925954793452845,-0.013387570845811325,0.002341007701973652,10.55843949396453
2018-06,1,Category B,1293,1285,1727,36000,B,2018-06-01,2018,8.416666666666666,10.491274217438248,7.164720378771857,1.3356535189481826,-0.05377770568047069,0.007764014156220966,10.545051923118718
2018-06,2,Category B,1316,1311,1729,33900,B,2018-06-15,2018,8.458333333333332,10.431170293368542,7.182352111885263,1.3138297872340425,-0.06010392406970588,0.017631733113405268,10.491274217438248
2018-07,1,Category B,1288,1288,1637,31000,B,2018-07-01,2018,8.5,10.341742483467284,7.160845906664299,1.2709627329192548,-0.08942780990125776,-0.02150620522096336,10.431170293368542
2018-07,2,Category B,1285,1278,1919,32551,B,2018-07-15,2018,8.541666666666666,10.39056336913101,7.158513997329321,1.4933852140077821,0.04882088566372644,-0.0023319093349787323,10.341742483467284
2018-08,1,Category B,1265,1256,2132,34381,B,2018-08-01,2018,8.583333333333334,10.445259365192133,7.142827401161621,1.6853754940711463,0.05469599606112219,-0.01568659616769974,10.39056336913101
2018-08,2,Category B,1272,1259,2031,32429,B,2018-08-15,2018,8.625,10.386808363179929,7.148345743900068,1.596698113207547,-0.058451002012203546,0.005518342738446869,10.445259365192133
2018-09,1,Category B,1274,1268,1959,32001,B,2018-09-01,2018,8.666666666666666,10.373522431293592,7.149916836132109,1.5376766091051806,-0.013285931886336755,0.0015710922320408827,10.386808363179929
2018-09,2,Category B,1278,1269,1859,31307,B,2018-09-15,2018,8.708333333333332,10.351596993696585,7.15305163493748,1.4546165884194053,-0.021925437597007047,0.003134798805371375,10.373522431293592
2018-10,1,Category B,1271,1241,1886,31301,B,2018-10-01,2018,8.75,10.351405324899678,7.147559271189454,1.4838709677419355,-0.0001916687969067965,-0.0054923637480257526,10.351596993696585
2018-10,2,Category B,1273,1267,1856,31302,B,2018-10-15,2018,8.791666666666666,10.351437272250447,7.149131598557407,1.4579732914375492,3.194735076839095e-05,0.0015723273679526528,10.351405324899678
2018-11,1,Category B,1265,1262,2142,32302,B,2018-11-01,2018,8.833333333333334,10.382884426798459,7.142827401161621,1.6932806324110672,0.031447154548011724,-0.0063041973957860264,10.351437272250447
2018-11,2,Category B,1241,1234,1786,31101,B,2018-11-15,2018,8.875,10.344995251991222,7.123672785204607,1.4391619661563255,-0.03788917480723697,-0.019154615957013732,10.382884426798459
2018-12,1,Category B,1239,1230,1780,31001,B,2018-12-01,2018,8.916666666666666,10.34177474101152,7.122059881629142,1.436642453591606,-0.003220510979701885,-0.0016129035754648413,10.344995251991222
2018-12,2,Category B,1243,1235,1804,31001,B,2018-12-15,2018,8.958333333333332,10.34177474101152,7.1252830915107115,1.4513274336283186,0.0,0.003223209881569211,10.34177474101152
2019-01,1,Category B,1245,1242,1818,32200,B,2019-01-01,2019,9.0,10.3797217315325,7.126890808898808,1.4602409638554217,0.037946990520980606,0.0016077173880963969,10.34177474101152
2019-01,2,Category B,1244,1230,2119,33989,B,2019-01-15,2019,9.041666666666666,10.433792221839603,7.126087273299125,1.7033762057877813,0.05407049030710276,-0.0008035355996831584,10.3797217315325
2019-02,1,Category B,1202,1169,1937,34509,B,2019-02-01,2019,9.083333333333334,10.44897543856412,7.091742115095153,1.6114808652246255,0.015183216724516058,-0.03434515820397177,10.433792221839603
2019-02,2,Category B,1214,1213,1993,35403,B,2019-02-15,2019,9.125,10.474551841293858,7.101675971619444,1.64168039538715,0.02557640272973849,0.009933856524290796,10.44897543856412
2019-03,1,Category B,1233,1230,1903,36961,B,2019-03-01,2019,9.166666666666666,10.517618581666662,7.117205503164344,1.543390105433901,0.043066740372804446,0.015529531544900443,10.474551841293858
2019-03,2,Category B,1201,1195,1878,39401,B,2019-03-15,2019,9.208333333333332,10.5815464756746,7.0909098220799835,1.5636969192339716,0.06392789400793752,-0.026295681084360645,10.517618581666662
2019-04,1,Category B,1202,1202,1782,43102,B,2019-04-01,2019,9.25,10.671324678727517,7.091742115095153,1.4825291181364393,0.0897782030529175,0.0008322930151694052,10.5815464756746
2019-04,2,Category B,1205,1181,1634,48000,B,2019-04-15,2019,9.291666666666666,10.778956289890028,7.094234845924755,1.3560165975103735,0.10763161116251041,0.00249273082960233,10.671324678727517
2019-05,1,Category B,1139,1139,1360,48010,B,2019-05-01,2019,9.333333333333334,10.779164601524986,7.037905963447182,1.1940298507462686,0.00020831163495849125,-0.056328882477573394,10.778956289890028
2019-05,2,Category B,1163,1161,1407,42564,B,2019-05-15,2019,9.375,10.658764104561621,7.0587581525186645,1.2098022355975924,-0.12040049696336474,0.020852189071482563,10.779164601524986
2019-06,1,Category B,1139,1137,1346,39728,B,2019-06-01,2019,9.416666666666666,10.589811507747948,7.037905963447182,1.1817383669885866,-0.0689525968136735,-0.020852189071482563,10.658764104561621
2019-06,2,Category B,1141,1137,1418,35906,B,2019-06-15,2019,9.458333333333332,10.488659691430774,7.039660349862076,1.242769500438212,-0.10115181631717363,0.0017543864148938937,10.589811507747948
2019-07,1,Category B,1141,1135,1390,34000,B,2019-07-01,2019,9.5,10.4341158035983,7.039660349862076,1.2182296231375986,-0.05454388783247488,0.0,10.488659691430774
2019-07,2,Category B,1143,1140,1677,39406,B,2019-07-15,2019,9.541666666666666,10.581673367955913,7.04141166379481,1.4671916010498687,0.1475575643576139,0.0017513139327345328,10.4341158035983
2019-08,1,Category B,1047,1043,1487,40001,B,2019-08-01,2019,9.583333333333334,10.596659732783579,6.953684210870537,1.420248328557784,0.014986364827665355,-0.08772745292427331,10.581673367955913
2019-08,2,Category B,1045,1043,1415,38602,B,2019-08-15,2019,9.625,10.561059367582153,6.951772164398911,1.354066985645933,-0.03560036520142518,-0.0019120464716255725,10.596659732783579
2019-09,1,Category B,1046,1040,1289,36001,B,2019-09-01,2019,9.666666666666666,10.491301994830229,6.952728644624869,1.2323135755258126,-0.0697573727519245,0.0009564802259571792,10.561059367582153
2019-09,2,Category B,1044,1042,1418,37000,B,2019-09-15,2019,9.708333333333332,10.51867319162636,6.950814768442584,1.3582375478927202,0.02737119679613187,-0.0019138761822850014,10.491301994830229
2019-10,1,Category B,1048,1042,1559,41361,B,2019-10-01,2019,9.75,10.63009368683974,6.954638864880987,1.4875954198473282,0.1114204952133786,0.003824096438403757,10.51867319162636
2019-10,2,Category B,1044,1037,1503,41805,B,2019-10-15,2019,9.791666666666666,10.640771228584159,6.950814768442584,1.4396551724137931,0.010677541744419372,-0.003824096438403757,10.63009368683974
2019-11,1,Category B,1017,1016,1296,40009,B,2019-11-01,2019,9.833333333333334,10.59685970778737,6.92461239604856,1.2743362831858407,-0.043911520796788395,-0.026202372394023676,10.640771228584159
2019-11,2,Category B,1019,1016,1331,39700,B,2019-11-15,2019,9.875,10.589106466675283,6.926577033222725,1.3061825318940137,-0.00775324111208775,0.0019646371741650626,10.59685970778737
2019-12,1,Category B,1013,1003,1265,37900,B,2019-12-01,2019,9.916666666666666,10.542706391070517,6.920671504248683,1.248766041461007,-0.046400075604765334,-0.005905528974041729,10.589106466675283
2019-12,2,Category B,1015,1015,1251,36000,B,2019-12-15,2019,9.958333333333332,10.491274217438248,6.922643891475888,1.2325123152709359,-0.051432173632269595,0.0019723872272043863,10.542706391070517
2020-01,1,Category B,1022,1021,1229,37109,B,2020-01-01,2020,10.0,10.52161480677699,6.92951677076365,1.2025440313111546,0.030340589338742063,0.006872879287762146,10.491274217438248
2020-01,2,Category B,1012,1008,1157,37705,B,2020-01-15,2020,10.041666666666666,10.537547990636748,6.919683849847411,1.1432806324110671,0.01593318385975806,-0.009832920916238663,10.52161480677699
2020-02,1,Category B,984,980,1173,30890,B,2020-02-01,2020,10.083333333333334,10.338187785912627,6.891625897052253,1.1920731707317074,-0.19936020472412075,-0.02805795279515788,10.537547990636748
2020-02,2,Category B,987,978,1459,32889,B,2020-02-15,2020,10.125,10.40089353434265,6.894670039433482,1.4782168186423505,0.06270574843002308,0.0030441423812286317,10.338187785912627
2020-03,1,Category B,987,987,1347,32801,B,2020-03-01,2020,10.166666666666666,10.39821428171237,6.894670039433482,1.364741641337386,-0.0026792526302799047,0.0,10.40089353434265
2020-03,2,Category B,992,943,1366,30012,B,2020-03-15,2020,10.208333333333332,10.30935258066562,6.899723107284872,1.377016129032258,-0.08886170104675095,0.00505306785139048,10.39821428171237
2020-07,1,Category B,1291,1260,3160,35889,B,2020-07-01,2020,10.5,10.488186120839014,7.1631723908466425,2.447714949651433,0.17883354017339492,0.2634492835617701,10.30935258066562
2020-07,2,Category B,1339,1316,2497,35001,B,2020-07-15,2020,10.541666666666666,10.463131911491967,7.199678345691172,1.8648244958924571,-0.025054209347047163,0.036505954844529676,10.488186120839014
2020-08,1,Category B,932,928,1985,37102,B,2020-08-01,2020,10.583333333333334,10.521426155498318,6.837332814685591,2.1298283261802573,0.05829424400635119,-0.3623455310055812,10.463131911491967
2020-08,2,Category B,923,912,1727,38802,B,2020-08-15,2020,10.625,10.566227070674648,6.827629234502852,1.8710725893824485,0.04480091517632978,-0.009703580182739202,10.521426155498318
2020-09,1,Category B,904,892,1715,41510,B,2020-09-01,2020,10.666666666666666,10.633689641047084,6.806829360392176,1.8971238938053097,0.0674625703724363,-0.02079987411067563,10.566227070674648
2020-09,2,Category B,912,912,1497,40989,B,2020-09-15,2020,10.708333333333332,10.621059017006598,6.815639990074331,1.6414473684210527,-0.012630624040486538,0.008810629682154847,10.633689641047084
2020-10,1,Category B,805,800,1218,40690,B,2020-10-01,2020,10.75,10.613737640995735,6.690842277418564,1.5130434782608695,-0.007321376010862579,-0.12479771265576733,10.621059017006598
2020-10,2,Category B,793,793,1272,40990,B,2020-10-15,2020,10.791666666666666,10.621083413498383,6.675823221634848,1.6040353089533417,0.007345772502647563,-0.015019055783715984,10.613737640995735
2020-11,1,Category B,1013,985,1415,39000,B,2020-11-01,2020,10.833333333333334,10.571316925111784,6.920671504248683,1.3968410661401778,-0.049766488386598695,0.24484828261383562,10.621083413498383
2020-11,2,Category B,1007,1006,1559,41101,B,2020-11-15,2020,10.875,10.623787731088578,6.914730892718563,1.548162859980139,0.05247080597679421,-0.005940611530120599,10.571316925111784
2020-12,1,Category B,1035,1019,1712,45012,B,2020-12-01,2020,10.916666666666666,10.714684399869888,6.942156705699469,1.6541062801932367,0.0908966687813102,0.027425812980906628,10.623787731088578
2020-12,2,Category B,1009,998,1631,49300,B,2020-12-15,2020,10.958333333333332,10.805679360030782,6.9167150203536085,1.6164519326065412,0.09099496016089326,-0.025441685345860776,10.714684399869888
2021-01,1,Category B,1023,1021,1396,49001,B,2021-01-01,2021,11.0,10.799595985047786,6.930494765951626,1.364613880742913,-0.006083374982996048,0.013779745598017534,10.805679360030782
2021-01,2,Category B,1018,1018,1338,50100,B,2021-01-15,2021,11.041666666666666,10.821776287072955,6.925595197110468,1.3143418467583496,0.02218030202516985,-0.004899568841158164,10.799595985047786
2021-02,1,Category B,943,943,1107,46790,B,2021-02-01,2021,11.083333333333334,10.753424783860263,6.849066282633458,1.173913043478261,-0.06835150321269268,-0.07652891447701027,10.821776287072955
2021-02,2,Category B,942,938,1168,46002,B,2021-02-15,2021,11.125,10.73644015278695,6.848005274576363,1.2399150743099787,-0.016984631073313494,-0.0010610080570945257,10.753424783860263
2021-03,1,Category B,942,926,1121,45001,B,2021-03-01,2021,11.166666666666666,10.714439990727769,6.848005274576363,1.1900212314225054,-0.02200016205918054,0.0,10.73644015278695
2021-03,2,Category B,946,932,1222,47001,B,2021-03-15,2021,11.208333333333332,10.757924157061597,6.852242569051878,1.291754756871036,0.0434841663338279,0.004237294475514908,10.714439990727769
2021-04,1,Category B,958,949,1524,52309,B,2021-04-01,2021,11.25,10.864923719378258,6.86484777797086,1.5908141962421711,0.10699956231666086,0.012605208918982314,10.757924157061597
2021-04,2,Category B,956,949,1585,61190,B,2021-04-15,2021,11.291666666666666,11.021739056456585,6.862757913051401,1.6579497907949792,0.15681533707832784,-0.0020898649194593943,10.864923719378258
2021-05,1,Category B,819,813,1244,60001,B,2021-05-01,2021,11.333333333333334,11.002116507732017,6.70808408385307,1.5189255189255189,-0.019622548724568034,-0.15467382919833117,11.021739056456585
2021-05,2,Category B,817,817,1089,58089,B,2021-05-15,2021,11.375,10.969731596171508,6.705639094860003,1.3329253365973073,-0.032384911560509266,-0.0024449889930666657,11.002116507732017
2021-06,1,Category B,815,784,1107,60109,B,2021-06-01,2021,11.416666666666666,11.003914859727798,6.703188113240863,1.358282208588957,0.0341832635562902,-0.002450981619140258,10.969731596171508
2021-06,2,Category B,809,799,983,56032,B,2021-06-15,2021,11.458333333333332,10.933678235085578,6.695798917058491,1.215080346106304,-0.07023662464222014,-0.007389196182371549,11.003914859727798
2021-07,1,Category B,840,840,1087,56100,B,2021-07-01,2021,11.5,10.934891091510787,6.733401891837359,1.2940476190476191,0.0012128564252087415,0.03760297477886798,10.933678235085578
2021-07,2,Category B,819,796,1107,59501,B,2021-07-15,2021,11.541666666666666,10.993748398115178,6.70808408385307,1.3516483516483517,0.05885730660439137,-0.02531780798428951,10.934891091510787
2021-08,1,Category B,771,751,980,56001,B,2021-08-01,2021,11.583333333333334,10.933124826700707,6.647688373563329,1.2710765239948119,-0.060623571414470945,-0.060395710289740556,10.993748398115178
2021-08,2,Category B,794,793,1065,61001,B,2021-08-15,2021,11.625,11.0186455364637,6.677083461247136,1.3413098236775818,0.0855207097629922,0.029395087683806942,10.933124826700707
2021-09,1,Category B,791,788,1080,62600,B,2021-09-01,2021,11.666666666666666,11.04452055708819,6.673297967767654,1.3653603034134008,0.025875020624489764,-0.0037854934794818718,11.0186455364637
2021-09,2,Category B,772,768,1189,68310,B,2021-09-15,2021,11.708333333333332,11.131811447725894,6.648984550024776,1.5401554404145077,0.08729089063770523,-0.024313417742877874,11.04452055708819
2021-10,1,Category B,774,774,1130,70200,B,2021-10-01,2021,11.75,11.159103590013903,6.651571873589727,1.4599483204134367,0.027292142288008137,0.0025873235649509496,11.131811447725894
2021-10,2,Category B,774,767,1240,80210,B,2021-10-15,2021,11.791666666666666,11.29240347436097,6.651571873589727,1.6020671834625324,0.13329988434706763,0.0,11.159103590013903
2021-11,1,Category B,587,581,839,82801,B,2021-11-01,2021,11.833333333333334,11.324195417595107,6.375024819828097,1.4293015332197614,0.031791943234136255,-0.2765470537616306,11.29240347436097
2021-11,2,Category B,594,585,797,79601,B,2021-11-15,2021,11.875,11.284781934567633,6.386879319362645,1.3417508417508417,-0.03941348302747372,0.011854499534548424,11.324195417595107
2021-12,1,Category B,593,593,822,80401,B,2021-12-01,2021,11.916666666666666,11.294781892900653,6.385194398997726,1.3861720067453627,0.009999958333020587,-0.0016849203649194067,11.284781934567633
2021-12,2,Category B,595,590,829,80989,B,2021-12-15,2021,11.958333333333332,11.30206862196345,6.38856140554563,1.3932773109243697,0.007286729062796482,0.0033670065479043387,11.294781892900653
2022-01,1,Category B,587,586,712,77700,B,2022-01-01,2022,12.0,11.260610536355738,6.375024819828097,1.212947189097104,-0.04145808560771158,-0.013536585717533356,11.30206862196345
2022-01,2,Category B,592,583,907,82001,B,2022-01-15,2022,12.041666666666666,11.314486721293981,6.3835066348840055,1.5320945945945945,0.0538761849382432,0.008481815055908726,11.260610536355738
2022-02,1,Category B,550,549,865,86102,B,2022-02-01,2022,12.083333333333334,11.363287918949755,6.309918278226516,1.5727272727272728,0.04880119765577362,-0.0735883566574893,11.314486721293981
2022-02,2,Category B,559,554,939,93590,B,2022-02-15,2022,12.125,11.446678819151302,6.326149473155099,1.6797853309481217,0.08339090020154671,0.016231194928582937,11.363287918949755
2022-03,1,Category B,551,551,860,94889,B,2022-03-01,2022,12.166666666666666,11.46046306639399,6.311734809152915,1.5607985480943738,0.013784247242687897,-0.014414664002184274,11.446678819151302
2022-03,2,Category B,555,545,824,98889,B,2022-03-15,2022,12.208333333333332,11.501753287966977,6.318968113746434,1.4846846846846846,0.04129022157298756,0.007233304593519563,11.46046306639399
2022-04,1,Category B,550,550,708,98389,B,2022-04-01,2022,12.25,11.496684288173645,6.309918278226516,1.2872727272727273,-0.005068999793332196,-0.009049835519918226,11.501753287966977
2022-04,2,Category B,560,559,687,90002,B,2022-04-15,2022,12.291666666666666,11.407587171287714,6.327936783729195,1.2267857142857144,-0.08909711688593092,0.018018505502678472,11.496684288173645
2022-05,1,Category B,527,526,699,92090,B,2022-05-01,2022,12.333333333333334,11.430521638715412,6.267200548541362,1.3263757115749526,0.02293446742769767,-0.06073623518783222,11.407587171287714
2022-05,2,Category B,528,523,709,95889,B,2022-05-15,2022,12.375,11.470946551477226,6.269096283706261,1.3428030303030303,0.04042491276181437,0.0018957351648989373,11.430521638715412
2022-06,1,Category B,528,528,851,100684,B,2022-06-01,2022,12.416666666666666,11.51974217829715,6.269096283706261,1.6117424242424243,0.04879562681992411,0.0,11.470946551477226
2022-06,2,Category B,531,531,822,106001,B,2022-06-15,2022,12.458333333333332,11.571203807011969,6.274762021241939,1.5480225988700564,0.05146162871481863,0.005665737535677451,11.51974217829715
2022-07,1,Category B,527,522,695,107800,B,2022-07-01,2022,12.5,11.588032937457033,6.267200548541362,1.3187855787476281,0.016829130445064067,-0.007561472700576388,11.571203807011969
2022-07,2,Category B,527,526,702,110003,B,2022-07-15,2022,12.541666666666666,11.608262917129933,6.267200548541362,1.3320683111954459,0.020229979672899745,0.0,11.588032937457033
2022-08,1,Category B,474,474,612,107001,B,2022-08-01,2022,12.583333333333334,11.580593459194764,6.161207321695077,1.2911392405063291,-0.027669457935168396,-0.10599322684628554,11.608262917129933
2022-08,2,Category B,471,470,665,112001,B,2022-08-15,2022,12.625,11.626263078808801,6.154858094016418,1.4118895966029723,0.045669619614036705,-0.006349227678659197,11.580593459194764
2022-09,1,Category B,470,466,627,113000,B,2022-09-01,2022,12.666666666666666,11.635143097694478,6.152732694704104,1.3340425531914895,0.008880018885676577,-0.0021253993123133696,11.626263078808801
2022-09,2,Category B,471,471,553,108051,B,2022-09-15,2022,12.708333333333332,11.590358616866753,6.154858094016418,1.1740976645435244,-0.04478448082772424,0.0021253993123133696,11.635143097694478
2022-10,1,Category B,474,472,635,95856,B,2022-10-01,2022,12.75,11.470602344323707,6.161207321695077,1.339662447257384,-0.11975627254304655,0.006349227678659197,11.590358616866753
2022-10,2,Category B,470,463,848,110000,B,2022-10-15,2022,12.791666666666666,11.608235644774552,6.152732694704104,1.804255319148936,0.13763330045084565,-0.008474626990972567,11.470602344323707
2022-11,1,Category B,411,393,640,115388,B,2022-11-01,2022,12.833333333333334,11.65605564151402,6.018593214496234,1.5571776155717763,0.04781999673946835,-0.13413948020787014,11.608235644774552
2022-11,2,Category B,416,416,568,113881,B,2022-11-15,2022,12.875,11.642909322526585,6.030685260261263,1.3653846153846154,-0.013146318987436345,0.012092045765029091,11.65605564151402
2022-12,1,Category B,427,426,568,105501,B,2022-12-01,2022,12.916666666666666,11.566475710526321,6.056784013228625,1.3302107728337236,-0.07643361200026355,0.026098752967361527,11.642909322526585
2022-12,2,Category B,409,409,564,108006,B,2022-12-15,2022,12.958333333333332,11.58994206011876,6.013715156042802,1.3789731051344742,0.02346634959243943,-0.04306885718582265,11.566475710526321
2023-01,1,Category B,410,410,487,102002,B,2023-01-01,2023,13.0,11.532747699917314,6.016157159698354,1.1878048780487804,-0.057194360201446415,0.0024420036555516944,11.58994206011876
2023-01,2,Category B,408,402,514,105459,B,2023-01-15,2023,13.041666666666666,11.566077530771345,6.0112671744041615,1.2598039215686274,0.03332983085403107,-0.004889985294192378,11.532747699917314
2023-02,1,Category B,430,430,580,105524,B,2023-02-01,2023,13.083333333333334,11.566693694178412,6.063785208687608,1.3488372093023255,0.0006161634070664945,0.05251803428344637,11.566077530771345
2023-02,2,Category B,436,401,768,115001,B,2023-02-15,2023,13.125,11.652696102959753,6.077642243349034,1.761467889908257,0.0860024087813418,0.013857034661426404,11.566693694178412
2023-03,1,Category B,431,431,629,115501,B,2023-03-01,2023,13.166666666666666,11.657034466915164,6.066108090103747,1.4593967517401392,0.004338363955410429,-0.011534153245286838,11.652696102959753
2023-03,2,Category B,466,466,670,116201,B,2023-03-15,2023,13.208333333333332,11.663076729214897,6.144185634125646,1.4377682403433476,0.006042262299732926,0.07807754402189815,11.657034466915164
2023-04,1,Category B,430,414,566,118501,B,2023-04-01,2023,13.25,11.682676678340282,6.063785208687608,1.3162790697674418,0.019599949125385763,-0.08040042543803771,11.663076729214897
2023-04,2,Category B,430,403,553,120889,B,2023-04-15,2023,13.291666666666666,11.70262804817903,6.063785208687608,1.286046511627907,0.019951369838747013,0.0,11.682676678340282
2023-05,1,Category B,410,410,513,119399,B,2023-05-01,2023,13.333333333333334,11.690226104696187,6.016157159698354,1.251219512195122,-0.012401943482842626,-0.04762804898925399,11.70262804817903
2023-05,2,Category B,480,480,713,113034,B,2023-05-15,2023,13.375,11.635443937393429,6.173786103901937,1.4854166666666666,-0.054782167302757756,0.15762894420358275,11.690226104696187
2023-06,1,Category B,454,437,719,120702,B,2023-06-01,2023,13.416666666666666,11.701079976956628,6.118097198041348,1.5837004405286343,0.06563603956319852,-0.05568890586058828,11.635443937393429
2023-06,2,Category B,454,446,622,121000,B,2023-06-15,2023,13.458333333333332,11.703545824578878,6.118097198041348,1.3700440528634361,0.00246584762225055,0.0,11.701079976956628
2023-07,1,Category B,471,470,594,118002,B,2023-07-01,2023,13.5,11.678456852456709,6.154858094016418,1.2611464968152866,-0.02508897212216965,0.036760895975069374,11.703545824578878
2023-07,2,Category B,462,453,602,118001,B,2023-07-15,2023,13.541666666666666,11.678448377988165,6.135564891081739,1.303030303030303,-8.47446854379541e-06,-0.019293202934679066,11.678456852456709
2023-08,1,Category B,470,469,853,126889,B,2023-08-01,2023,13.583333333333334,11.751067967518232,6.152732694704104,1.8148936170212766,0.07261958953006697,0.017167803622365696,11.678448377988165
2023-08,2,Category B,478,451,731,129890,B,2023-08-15,2023,13.625,11.77444321740133,6.169610732491456,1.5292887029288702,0.023375249883098803,0.016878037787352085,11.751067967518232
2023-09,1,Category B,470,466,723,134889,B,2023-09-01,2023,13.666666666666666,11.81220749698825,6.152732694704104,1.5382978723404255,0.03776427958691997,-0.016878037787352085,11.77444321740133
2023-09,2,Category B,496,494,735,140889,B,2023-09-15,2023,13.708333333333332,11.855727625286312,6.206575926724928,1.4818548387096775,0.04352012829806107,0.05384323202082353,11.81220749698825
2023-10,1,Category B,474,472,643,146002,B,2023-10-01,2023,13.75,11.891375599226786,6.161207321695077,1.3565400843881856,0.03564797394047403,-0.04536860502985096,11.855727625286312
2023-10,2,Category B,472,458,623,150001,B,2023-10-15,2023,13.791666666666666,11.918397239722838,6.156978985585555,1.319915254237288,0.027021640496052157,-0.004228336109521891,11.891375599226786
2023-11,1,Category B,636,631,830,110001,B,2023-11-01,2023,13.833333333333334,11.608244735642321,6.455198563340122,1.3050314465408805,-0.3101525040805164,0.2982195777545673,11.918397239722838
2023-11,2,Category B,648,638,1228,135336,B,2023-11-15,2023,13.875,11.815515854155128,6.473890696352274,1.8950617283950617,0.2072711185128071,0.018692133012152112,11.608244735642321
2023-12,1,Category B,638,638,933,130100,B,2023-12-01,2023,13.916666666666666,11.776058664500596,6.45833828334479,1.4623824451410659,-0.0394571896545326,-0.015552413007484667,11.815515854155128
2023-12,2,Category B,643,619,847,110001,B,2023-12-15,2023,13.958333333333332,11.608244735642321,6.466144724237619,1.317262830482115,-0.1678139288582745,0.007806440892829336,11.776058664500596
2024-01,1,Category B,633,628,850,85010,B,2024-01-01,2024,14.0,11.350524175611405,6.450470422144176,1.3428120063191153,-0.2577205600309167,-0.015674302093443337,11.608244735642321
2024-01,2,Category B,657,657,1308,112000,B,2024-01-15,2024,14.041666666666666,11.626254150277232,6.48768401848461,1.9908675799086757,0.27572997466582727,0.03721359634043431,11.350524175611405
2024-02,1,Category B,655,596,1163,102338,B,2024-02-01,2024,14.083333333333334,11.536036339467321,6.484635235635252,1.7755725190839695,-0.09021781080991076,-0.003048782849358389,11.626254150277232
2024-02,2,Category B,649,642,1034,97000,B,2024-02-15,2024,14.125,11.48246625748552,6.47543271670409,1.5932203389830508,-0.053570081981801465,-0.009202518931161308,11.536036339467321
2024-03,1,Category B,708,704,1073,96010,B,2024-03-01,2024,14.166666666666666,11.472207631691669,6.56244409369372,1.515536723163842,-0.01025862579385084,0.08701137698962924,11.48246625748552
2024-03,2,Category B,656,615,1066,96011,B,2024-03-15,2024,14.208333333333332,11.472218047219139,6.486160788944089,1.625,1.0415527469831432e-05,-0.07628330474963096,11.472207631691669
2024-04,1,Category B,653,645,1208,101334,B,2024-04-01,2024,14.25,11.526177270645976,6.481577129276431,1.8499234303215926,0.0539592234268369,-0.004583659667657614,11.472218047219139
2024-04,2,Category B,690,690,1008,102001,B,2024-04-15,2024,14.291666666666666,11.532737896139919,6.536691597591305,1.4608695652173913,0.006560625493943206,0.055114468314873655,11.526177270645976
2024-05,1,Category B,666,638,1237,105002,B,2024-05-01,2024,14.333333333333334,11.561734676577304,6.501289670540389,1.8573573573573574,0.028996780437385183,-0.03540192705091538,11.532737896139919
2024-05,2,Category B,658,641,1099,105689,B,2024-05-15,2024,14.375,11.568256098325554,6.489204931325317,1.6702127659574468,0.006521421748249878,-0.012084739215072027,11.561734676577304
2024-06,1,Category B,685,671,974,100607,B,2024-06-01,2024,14.416666666666666,11.518977116731996,6.529418838262226,1.421897810218978,-0.0492789815935577,0.040213906936908295,11.568256098325554
2024-06,2,Category B,674,670,1046,102334,B,2024-06-15,2024,14.458333333333332,11.535997252537985,6.513230110912307,1.5519287833827893,0.017020135805989156,-0.016188727349918608,11.518977116731996
2024-07,1,Category B,671,671,896,100901,B,2024-07-01,2024,14.5,11.521895117095363,6.508769136971682,1.3353204172876305,-0.014102135442621844,-0.004460973940624946,11.535997252537985
2024-07,2,Category B,661,639,891,100000,B,2024-07-15,2024,14.541666666666666,11.512925464970229,6.493753839851686,1.3479576399394857,-0.008969652125134786,-0.015015297119996163,11.521895117095363
2024-08,1,Category B,663,662,1150,106101,B,2024-08-01,2024,14.583333333333334,11.572146749628347,6.4967749901858625,1.7345399698340875,0.05922128465811838,0.0030211503341766033,11.512925464970229
2024-08,2,Category B,686,686,985,105889,B,2024-08-15,2024,14.625,11.570146654617513,6.530877627725885,1.435860058309038,-0.002000095010833647,0.03410263754002241,11.572146749628347
2024-09,1,Category B,665,657,924,106300,B,2024-09-01,2024,14.666666666666666,11.57402056433004,6.499787040655854,1.3894736842105264,0.0038739097125262134,-0.03109058707003065,11.570146654617513
2024-09,2,Category B,663,656,879,110001,B,2024-09-15,2024,14.708333333333332,11.608244735642321,6.4967749901858625,1.3257918552036199,0.034224171312281726,-0.003012050469991756,11.57402056433004
2024-10,1,Category B,671,652,1084,116002,B,2024-10-01,2024,14.75,11.661362711319182,6.508769136971682,1.6154992548435172,0.053117975676860496,0.01199414678581956,11.608244735642321
2024-10,2,Category B,670,669,975,113890,B,2024-10-15,2024,14.791666666666666,11.642988349268396,6.507277712385012,1.455223880597015,-0.018374362050785464,-0.001491424586670398,11.661362711319182
2024-11,1,Category B,696,683,1039,108001,B,2024-11-01,2024,14.833333333333334,11.58989576532275,6.54534966033442,1.492816091954023,-0.053092583945646865,0.03807194794940827,11.642988349268396
2024-11,2,Category B,678,678,874,105081,B,2024-11-15,2024,14.875,11.562486760313007,6.519147287940395,1.289085545722714,-0.027409005009742415,-0.026202372394024565,11.58989576532275
2024-12,1,Category B,689,689,866,103010,B,2024-12-01,2024,14.916666666666666,11.54258134987774,6.535241271013659,1.2568940493468794,-0.019905410435267612,0.016093983073263374,11.562486760313007
2024-12,2,Category B,676,667,987,109000,B,2024-12-15,2024,14.958333333333332,11.59910316121128,6.516193076042964,1.4600591715976332,0.05652181133354084,-0.019048194970694432,11.54258134987774
2025-01,1,Category B,677,674,1266,121501,B,2025-01-01,2025,15.0,11.707677772181546,6.517671272912275,1.8700147710487445,0.10857461097026544,0.0014781968693107217,11.59910316121128
2025-01,2,Category B,686,686,1071,116625,B,2025-01-15,2025,15.041666666666666,11.666718938149645,6.530877627725885,1.5612244897959184,-0.04095883403190115,0.013206354813609877,11.707677772181546
2025-02,1,Category B,748,727,1007,111104,B,2025-02-01,2025,15.083333333333334,11.618221978579967,6.617402977974478,1.3462566844919786,-0.048496959569677145,0.08652535024859276,11.666718938149645
2025-02,2,Category B,744,741,1135,109598,B,2025-02-15,2025,15.125,11.60457440515437,6.612041034833092,1.5255376344086022,-0.013647573425597415,-0.00536194314138605,11.618221978579967
2025-03,1,Category B,765,749,1208,113000,B,2025-03-01,2025,15.166666666666666,11.635143097694478,6.639875833826536,1.5790849673202614,0.030568692540107634,0.02783479899344421,11.60457440515437
2025-03,2,Category B,747,747,1196,116890,B,2025-03-15,2025,15.208333333333332,11.668988600601816,6.616065185132817,1.6010709504685408,0.03384550290733834,-0.023810648693718406,11.635143097694478
2025-04,1,Category B,760,729,1200,117899,B,2025-04-01,2025,15.25,11.677583604725285,6.633318433280377,1.5789473684210527,0.008595004123469252,0.017253248147559574,11.668988600601816
2025-04,2,Category B,744,744,1098,117003,B,2025-04-15,2025,15.291666666666666,11.669954854476808,6.612041034833092,1.4758064516129032,-0.00762875024847709,-0.02127739844728538,11.677583604725285
2025-05,1,Category B,813,800,1210,119890,B,2025-05-01,2025,15.333333333333334,11.694329934701699,6.70073110954781,1.4883148831488315,0.024375080224890766,0.08869007471471857,11.669954854476808
2025-05,2,Category B,782,779,1093,116988,B,2025-05-15,2025,15.375,11.669826644417272,6.661854740545311,1.39769820971867,-0.024503290284426882,-0.03887636900249891,11.694329934701699
2025-06,1,Category B,795,795,974,113000,B,2025-06-01,2025,15.416666666666666,11.635143097694478,6.678342114654332,1.2251572327044025,-0.03468354672279439,0.01648737410902079,11.669826644417272
2025-06,2,Category B,784,781,1163,116670,B,2025-06-15,2025,15.458333333333332,11.667104715817903,6.664409020350408,1.4834183673469388,0.03196161812342524,-0.01393309430392442,11.635143097694478
2025-07,1,Category B,781,781,1199,119600,B,2025-07-01,2025,15.5,11.691908120498669,6.660575149839686,1.5352112676056338,0.024803404680765695,-0.003833870510721482,11.667104715817903
2025-07,2,Category B,784,782,1148,119101,B,2025-07-15,2025,15.541666666666666,11.687727151613768,6.664409020350408,1.4642857142857142,-0.0041809688849010485,0.003833870510721482,11.691908120498669
2025-08,1,Category B,789,789,1271,123498,B,2025-08-01,2025,15.583333333333334,11.723980240587055,6.670766320845874,1.6108998732572877,0.03625308897328772,0.006357300495466234,11.687727151613768
2025-08,2,Category B,792,789,1221,124400,B,2025-08-15,2025,15.625,11.731257459287216,6.674561391814426,1.5416666666666667,0.007277218700160404,0.003795070968552139,11.723980240587055
2025-09,1,Category B,790,750,1186,127501,B,2025-09-01,2025,15.666666666666666,11.755879486687116,6.672032945461067,1.5012658227848101,0.02462202739990005,-0.002528446353358582,11.731257459287216
2025-09,2,Category B,792,772,1273,136890,B,2025-09-15,2025,15.708333333333332,11.826932962589558,6.674561391814426,1.6073232323232323,0.07105347590244193,0.002528446353358582,11.755879486687116
2025-10,1,Category B,830,828,1202,141000,B,2025-10-01,2025,15.75,11.856515169360305,6.721425700790643,1.4481927710843374,0.029582206770747632,0.046864308976217295,11.826932962589558
2025-10,2,Category B,809,800,977,131889,B,2025-10-15,2025,15.791666666666666,11.789715938715213,6.695798917058491,1.207663782447466,-0.06679923064509197,-0.025626783732151992,11.856515169360305
2025-11,1,Category B,800,795,953,115001,B,2025-11-01,2025,15.833333333333334,11.652696102959753,6.684611727667927,1.19125,-0.13701983575545995,-0.011187189390564178,11.789715938715213
2025-11,2,Category B,806,765,1514,129890,B,2025-11-15,2025,15.875,11.77444321740133,6.692083742506628,1.8784119106699753,0.12174711444157715,0.007472014838700858,11.652696102959753
2025-12,1,Category B,802,775,1096,123900,B,2025-12-01,2025,15.916666666666666,11.727230067617233,6.687108607866515,1.366583541147132,-0.0472131497840973,-0.004975134640113232,11.77444321740133
2025-12,2,Category B,838,832,968,115102,B,2025-12-15,2025,15.958333333333332,11.653573970753623,6.731018100482083,1.1551312649164678,-0.07365609686361019,0.04390949261556809,11.727230067617233
2026-01,1,Category B,824,821,1128,119100,B,2026-01-01,2026,16.0,11.687718755343392,6.714170529909472,1.3689320388349515,0.03414478458976866,-0.01684757057261077,11.653573970753623
2026-01,2,Category B,803,800,1207,121634,B,2026-01-15,2026,16.041666666666668,11.708771814695094,6.688354713946762,1.5031133250311333,0.02105305935170243,-0.02581581596271043,11.687718755343392
2026-02,1,Category B,813,809,966,110890,B,2026-02-01,2026,16.083333333333332,11.616293997947261,6.70073110954781,1.188191881918819,-0.09247781674783262,0.012376395601048529,11.708771814695094
2026-02,2,Category B,813,812,1353,105001,B,2026-02-15,2026,16.125,11.561725152903833,6.70073110954781,1.6642066420664208,-0.05456884504342874,0.0,11.616293997947261
2026-03,1,Category B,815,815,1261,114002,B,2026-03-01,2026,16.166666666666668,11.643971271082389,6.703188113240863,1.547239263803681,0.08224611817855632,0.002457003693052684,11.561725152903833
2026-03,2,Category B,812,812,1185,115568,B,2026-03-15,2026,16.208333333333336,11.657614380290628,6.699500340161678,1.45935960591133,0.013643109208238968,-0.003687773079184886,11.643971271082389
2026-04,1,Category B,811,796,1406,121000,B,2026-04-01,2026,16.25,11.703545824578878,6.698268054115413,1.7336621454993835,0.045931444288250134,-0.0012322860462647967,11.657614380290628
2026-04,2,Category B,811,810,1194,121001,B,2026-04-15,2026,16.291666666666668,11.703554089007538,6.698268054115413,1.4722564734895192,8.264428659643386e-06,0.0,11.703545824578878
2026-05,1,Category B,883,861,1332,126236,B,2026-05-01,2026,16.333333333333332,11.745908449899625,6.78332520060396,1.5084937712344282,0.04235436089208733,0.08505714648854656,11.703554089007538
2026-05,2,Category B,869,854,1469,129501,B,2026-05-15,2026,16.375,11.771443882099637,6.767343125265392,1.6904487917146145,0.02553543220001231,-0.015982075338567547,11.745908449899625
2026-06,1,Category B,889,889,1300,126989,B,2026-06-01,2026,16.416666666666668,11.751855747516275,6.790097235513905,1.4623172103487063,-0.01958813458336195,0.022754110248512482,11.771443882099637
2026-06,2,Category B,883,879,1202,123502,B,2026-06-15,2026,16.458333333333336,11.724012629251026,6.78332520060396,1.3612684031710078,-0.02784311826524899,-0.006772034909944935,11.751855747516275
2026-07,1,Category B,867,863,1500,130889,B,2026-07-01,2026,16.5,11.782104914753525,6.7650389767805414,1.7301038062283738,0.05809228550249834,-0.01828622382341827,11.724012629251026
2026-07,2,Category B,871,856,1365,129890,B,2026-07-15,2026,16.541666666666668,11.77444321740133,6.769641976852503,1.5671641791044777,-0.007661697352194352,0.0046030000719614605,11.782104914753525
2026-08,1,Category B,926,913,1316,129910,B,2026-08-01,2026,16.583333333333332,11.774597181989778,6.8308742346461795,1.4211663066954643,0.00015396458844740835,0.06123225779367658,11.77444321740133
2010-01,1,Category C,173,173,265,19001,C,2010-01-01,2010,0.0,9.852246888342531,5.153291594497779,1.5317919075144508,,,
2010-01,2,Category C,181,173,280,20090,C,2010-01-15,2010,0.041666666666666664,9.90797745780898,5.198497031265826,1.5469613259668509,0.05573056946644961,0.04520543676804678,9.852246888342531
2010-02,1,Category C,165,162,250,21390,C,2010-02-01,2010,0.08333333333333333,9.970678802076451,5.10594547390058,1.5151515151515151,0.0627013442674702,-0.09255155736524578,9.90797745780898
2010-02,2,Category C,173,170,285,23501,C,2010-02-15,2010,0.125,10.064798252418377,5.153291594497779,1.6473988439306357,0.09411945034192648,0.047346120597199004,9.970678802076451
2010-03,1,Category C,168,164,257,27001,C,2010-03-01,2010,0.16666666666666666,10.203629181337648,5.123963979403259,1.5297619047619047,0.13883092891927085,-0.02932761509452053,10.064798252418377
2010-03,2,Category C,168,141,341,32890,C,2010-03-15,2010,0.20833333333333331,10.400923939183103,5.123963979403259,2.0297619047619047,0.19729475784545514,0.0,10.203629181337648
2010-04,1,Category C,180,167,329,36511,C,2010-04-01,2010,0.25,10.505368864030821,5.19295685089021,1.8277777777777777,0.1044449248477175,0.06899287148695166,10.400923939183103
2010-04,2,Category C,203,203,298,35556,C,2010-04-15,2010,0.2916666666666667,10.478864197361565,5.313205979041787,1.4679802955665024,-0.026504666669255883,0.12024912815157673,10.505368864030821
2010-05,1,Category C,189,187,329,32501,C,2010-05-01,2010,0.3333333333333333,10.389026137075234,5.241747015059643,1.7407407407407407,-0.0898380602863309,-0.07145896398214457,10.478864197361565
2010-05,2,Category C,176,170,296,29389,C,2010-05-15,2010,0.375,10.288375733655462,5.170483995038151,1.6818181818181819,-0.10065040341977216,-0.07126302002149121,10.389026137075234
2010-06,1,Category C,178,177,273,30189,C,2010-06-01,2010,0.4166666666666667,10.315232898601442,5.181783550292085,1.5337078651685394,0.026857164945980116,0.011299555253933669,10.288375733655462
2010-06,2,Category C,182,175,253,31689,C,2010-06-15,2010,0.45833333333333337,10.363724896491272,5.204006687076795,1.39010989010989,0.04849199788982972,0.022223136784710107,10.315232898601442
2010-07,1,Category C,177,176,277,31389,C,2010-07-01,2010,0.5,10.354212792049157,5.176149732573829,1.5649717514124293,-0.009512104442114477,-0.027856954502966325,10.363724896491272
2010-07,2,Category C,183,182,285,30601,C,2010-07-15,2010,0.5416666666666666,10.328787967145063,5.209486152841421,1.5573770491803278,-0.02542482490409448,0.03333642026759254,10.354212792049157
2010-08,1,Category C,205,205,284,30112,C,2010-08-01,2010,0.5833333333333334,10.312679042385106,5.3230099791384085,1.3853658536585365,-0.016108924759956622,0.1135238262969871,10.328787967145063
2010-08,2,Category C,206,205,275,30002,C,2010-08-15,2010,0.625,10.309019325088835,5.327876168789581,1.3349514563106797,-0.0036597172962711255,0.004866189651172803,10.312679042385106
2010-09,1,Category C,204,190,291,33000,C,2010-09-01,2010,0.6666666666666666,10.404262840448617,5.318119993844216,1.4264705882352942,0.09524351535978148,-0.009756174945365181,10.309019325088835
2010-09,2,Category C,206,201,271,31001,C,2010-09-15,2010,0.7083333333333333,10.34177474101152,5.327876168789581,1.3155339805825244,-0.06248809943709688,0.009756174945365181,10.404262840448617
2010-10,1,Category C,218,217,287,30889,C,2010-10-01,2010,0.75,10.338155412452387,5.384495062789089,1.31651376146789,-0.0036193285591323843,0.05661889399950759,10.34177474101152
2010-10,2,Category C,210,210,287,30511,C,2010-10-15,2010,0.7916666666666666,10.32584255331256,5.3471075307174685,1.3666666666666667,-0.012312859139827381,-0.03738753207162038,10.338155412452387
2010-11,1,Category C,205,201,270,31006,C,2010-11-01,2010,0.8333333333333334,10.341936013126308,5.3230099791384085,1.3170731707317074,0.016093459813747657,-0.024097551579060017,10.32584255331256
2010-11,2,Category C,205,202,241,31202,C,2010-11-15,2010,0.875,10.348237474307195,5.3230099791384085,1.175609756097561,0.006301461180887813,0.0,10.341936013126308
2010-12,1,Category C,208,207,294,32001,C,2010-12-01,2010,0.9166666666666666,10.373522431293592,5.337538079701318,1.4134615384615385,0.025284956986396878,0.01452810056290943,10.348237474307195
2010-12,2,Category C,208,205,300,33501,C,2010-12-15,2010,0.9583333333333333,10.419330568113901,5.337538079701318,1.4423076923076923,0.04580813682030893,0.0,10.373522431293592
2011-01,1,Category C,205,205,294,35111,C,2011-01-01,2011,1.0,10.466269750670861,5.3230099791384085,1.4341463414634146,0.046939182556959835,-0.01452810056290943,10.419330568113901
2011-01,2,Category C,207,196,272,30000,C,2011-01-15,2011,1.0416666666666667,10.308952660644293,5.332718793265369,1.3140096618357489,-0.15731709002656835,0.009708814126960341,10.466269750670861
2011-02,1,Category C,275,275,356,28589,C,2011-02-01,2011,1.0833333333333333,10.260777307439861,5.616771097666572,1.2945454545454544,-0.04817535320443156,0.2840523044012029,10.308952660644293
2011-02,2,Category C,287,282,368,29011,C,2011-02-15,2011,1.125,10.275430347393456,5.659482215759621,1.2822299651567943,0.014653039953595126,0.04271111809304973,10.260777307439861
2011-03,1,Category C,276,276,360,30001,C,2011-03-01,2011,1.1666666666666667,10.308985993422082,5.62040086571715,1.3043478260869565,0.03355564602862593,-0.03908135004247182,10.275430347393456
2011-03,2,Category C,281,279,371,29690,C,2011-03-15,2011,1.2083333333333335,10.298565567757805,5.638354669333745,1.3202846975088969,-0.010420425664277033,0.01795380361659582,10.308985993422082
2011-04,1,Category C,276,275,316,28189,C,2011-04-01,2011,1.25,10.246687109906768,5.62040086571715,1.144927536231884,-0.051878457851037396,-0.01795380361659582,10.298565567757805
2011-04,2,Category C,277,269,346,23900,C,2011-04-15,2011,1.2916666666666667,10.081633737919603,5.6240175061873385,1.2490974729241877,-0.16505337198716497,0.0036166404701889476,10.246687109906768
2011-05,1,Category C,277,277,366,21889,C,2011-05-01,2011,1.3333333333333333,9.993739506513155,5.6240175061873385,1.3212996389891696,-0.08789423140644814,0.0,10.081633737919603
2011-05,2,Category C,283,279,381,22989,C,2011-05-15,2011,1.375,10.042771119638514,5.645446897643238,1.3462897526501767,0.04903161312535964,0.02142939145589917,9.993739506513155
2011-06,1,Category C,276,276,457,29006,C,2011-06-01,2011,1.4166666666666667,10.275257984120195,5.62040086571715,1.6557971014492754,0.23248686448168066,-0.02504603192608812,10.042771119638514
2011-06,2,Category C,279,270,391,31089,C,2011-06-15,2011,1.4583333333333335,10.344609337852328,5.631211781821365,1.4014336917562724,0.06935135373213264,0.010810916104215806,10.275257984120195
2011-07,1,Category C,276,276,375,32590,C,2011-07-01,2011,1.5,10.391760771831608,5.62040086571715,1.358695652173913,0.047151433979280455,-0.010810916104215806,10.344609337852328
2011-07,2,Category C,284,281,393,34502,C,2011-07-15,2011,1.5416666666666667,10.44877257235369,5.648974238161206,1.3838028169014085,0.05701180052208166,0.028573372444056666,10.391760771831608
2011-08,1,Category C,241,239,383,34009,C,2011-08-01,2011,1.5833333333333335,10.434380474452231,5.484796933490655,1.5892116182572613,-0.014392097901458456,-0.16417730467055147,10.44877257235369
2011-08,2,Category C,245,237,367,32289,C,2011-08-15,2011,1.6250000000000002,10.382481893932408,5.501258210544727,1.4979591836734694,-0.05189858051982377,0.01646127705407263,10.434380474452231
2011-09,1,Category C,243,236,328,31900,C,2011-09-01,2011,1.6666666666666665,10.370361288772935,5.493061443340548,1.3497942386831276,-0.01212060515947222,-0.008196767204179167,10.382481893932408
2011-09,2,Category C,250,248,325,30089,C,2011-09-15,2011,1.7083333333333333,10.311914935439406,5.521460917862246,1.3,-0.058446353333529544,0.028399474521697776,10.370361288772935
2011-10,1,Category C,249,247,348,32801,C,2011-10-01,2011,1.75,10.39821428171237,5.517452896464707,1.3975903614457832,0.08629934627296443,-0.004008021397538641,10.311914935439406
2011-10,2,Category C,244,229,354,37011,C,2011-10-15,2011,1.7916666666666667,10.518970444739574,5.497168225293202,1.4508196721311475,0.12075616302720427,-0.02028467117150523,10.39821428171237
2011-11,1,Category C,244,244,365,40803,C,2011-11-01,2011,1.8333333333333335,10.616510887100864,5.497168225293202,1.4959016393442623,0.09754044236128934,0.0,10.518970444739574
2011-11,2,Category C,256,248,335,40189,C,2011-11-15,2011,1.8750000000000002,10.601348605322293,5.545177444479562,1.30859375,-0.015162281778570375,0.04800921918636014,10.616510887100864
2011-12,1,Category C,242,242,334,40009,C,2011-12-01,2011,1.9166666666666665,10.59685970778737,5.488937726156687,1.3801652892561984,-0.0044888975349230975,-0.056239718322875554,10.601348605322293
2011-12,2,Category C,249,249,361,39589,C,2011-12-15,2011,1.9583333333333333,10.586306580877402,5.517452896464707,1.4497991967871486,-0.010553126909968569,0.028515170308020643,10.59685970778737
2012-01,1,Category C,242,239,357,38699,C,2012-01-01,2012,2.0,10.563569038890739,5.488937726156687,1.475206611570248,-0.02273754198666289,-0.028515170308020643,10.586306580877402
2012-01,2,Category C,241,236,405,44001,C,2012-01-15,2012,2.0416666666666665,10.691967639914864,5.484796933490655,1.6804979253112033,0.12839860102412537,-0.004140792666031956,10.563569038890739
2012-02,1,Category C,162,158,307,49801,C,2012-02-01,2012,2.0833333333333335,10.815790343132422,5.087596335232384,1.8950617283950617,0.12382270321755762,-0.39720059825827114,10.691967639914864
2012-02,2,Category C,164,149,248,52004,C,2012-02-15,2012,2.125,10.859075917682059,5.099866427824199,1.5121951219512195,0.04328557454963722,0.012270092591815107,10.815790343132422
2012-03,1,Category C,163,159,247,50009,C,2012-03-01,2012,2.1666666666666665,10.819958268212227,5.093750200806762,1.5153374233128833,-0.03911764946983176,-0.006116227017436415,10.859075917682059
2012-03,2,Category C,174,174,241,51511,C,2012-03-15,2012,2.208333333333333,10.849550656077264,5.159055299214529,1.3850574712643677,0.02959238786503704,0.06530509840776677,10.819958268212227
2012-04,1,Category C,163,163,222,53989,C,2012-04-01,2012,2.25,10.89653560109229,5.093750200806762,1.361963190184049,0.04698494501502637,-0.06530509840776677,10.849550656077264
2012-04,2,Category C,160,158,261,57589,C,2012-04-15,2012,2.2916666666666665,10.961086856224243,5.075173815233827,1.63125,0.0645512551319527,-0.018576385572935727,10.89653560109229
2012-05,1,Category C,159,159,218,58553,C,2012-05-01,2012,2.3333333333333335,10.977687605971129,5.0689042022202315,1.371069182389937,0.016600749746885413,-0.006269613013595077,10.961086856224243
2012-05,2,Category C,162,161,205,57106,C,2012-05-15,2012,2.375,10.952664468932817,5.087596335232384,1.2654320987654322,-0.02502313703831227,0.018692133012152112,10.977687605971129
2012-06,1,Category C,159,155,258,54522,C,2012-06-01,2012,2.4166666666666665,10.906359568923403,5.0689042022202315,1.6226415094339623,-0.046304900009413785,-0.018692133012152112,10.952664468932817
2012-06,2,Category C,161,158,242,54502,C,2012-06-15,2012,2.458333333333333,10.905992677225715,5.081404364984463,1.5031055900621118,-0.00036689169768777674,0.012500162764231604,10.906359568923403
2012-07,1,Category C,164,161,234,55556,C,2012-07-01,2012,2.5,10.92514680003611,5.099866427824199,1.4268292682926829,0.01915412281039508,0.018462062839735616,10.905992677225715
2012-07,2,Category C,163,162,222,55805,C,2012-07-15,2012,2.5416666666666665,10.929618750089816,5.093750200806762,1.361963190184049,0.004471950053705598,-0.006116227017436415,10.92514680003611
2012-08,1,Category C,183,180,241,57001,C,2012-08-01,2012,2.5833333333333335,10.950824090522445,5.209486152841421,1.3169398907103824,0.021205340432629782,0.11573595203465903,10.929618750089816
2012-08,2,Category C,181,178,261,59334,C,2012-08-15,2012,2.625,10.990937776498045,5.198497031265826,1.441988950276243,0.04011368597559972,-0.010989121575595284,10.950824090522445
2012-09,1,Category C,183,177,269,57334,C,2012-09-01,2012,2.6666666666666665,10.956649094966853,5.209486152841421,1.469945355191257,-0.034288681531192466,0.010989121575595284,10.990937776498045
2012-09,2,Category C,182,181,230,57809,C,2012-09-15,2012,2.708333333333333,10.964899751881587,5.204006687076795,1.2637362637362637,0.008250656914734478,-0.005479465764626212,10.956649094966853
2012-10,1,Category C,186,185,221,56001,C,2012-10-01,2012,2.75,10.933124826700707,5.225746673713202,1.1881720430107527,-0.031774925180879876,0.021739986636406528,10.964899751881587
2012-10,2,Category C,180,180,229,57889,C,2012-10-15,2012,2.7916666666666665,10.96628266278324,5.19295685089021,1.2722222222222221,0.0331578360825322,-0.032789822822991255,10.933124826700707
2012-11,1,Category C,181,180,268,59111,C,2012-11-01,2012,2.8333333333333335,10.987172311286548,5.198497031265826,1.4806629834254144,0.020889648503308322,0.005540180375615655,10.96628266278324
2012-11,2,Category C,179,177,254,60235,C,2012-11-15,2012,2.875,11.006008857700953,5.187385805840755,1.4189944134078212,0.018836546414405575,-0.011111225425071147,10.987172311286548
2012-12,1,Category C,181,168,281,63035,C,2012-12-01,2012,2.9166666666666665,11.05144540666537,5.198497031265826,1.5524861878453038,0.045436548964415735,0.011111225425071147,11.006008857700953
2012-12,2,Category C,182,178,242,62201,C,2012-12-15,2012,2.958333333333333,11.038126355768453,5.204006687076795,1.3296703296703296,-0.013319050896916096,0.005509655810969072,11.05144540666537
2013-01,1,Category C,193,188,244,60000,C,2013-01-01,2013,3.0,11.002099841204238,5.262690188904886,1.2642487046632125,-0.036026514564214906,0.058683501828090456,11.038126355768453
2013-01,2,Category C,184,184,262,57051,C,2013-01-15,2013,3.0416666666666665,10.951700883620386,5.214935757608986,1.423913043478261,-0.05039895758385171,-0.047754431295899735,11.002099841204238
2013-02,1,Category C,230,230,316,54989,C,2013-02-01,2013,3.0833333333333335,10.914888444211941,5.438079308923196,1.373913043478261,-0.03681243940844503,0.2231435513142097,10.951700883620386
2013-02,2,Category C,225,225,285,53489,C,2013-02-15,2013,3.125,10.887231304267347,5.41610040220442,1.2666666666666666,-0.027657139944594178,-0.02197890671877545,10.914888444211941
2013-03,1,Category C,225,223,374,53900,C,2013-03-01,2013,3.1666666666666665,10.89488575689709,5.41610040220442,1.6622222222222223,0.007654452629742181,0.0,10.887231304267347
2013-03,2,Category C,225,225,312,54111,C,2013-03-15,2013,3.208333333333333,10.898792771338309,5.41610040220442,1.3866666666666667,0.003907014441219658,0.0,10.89488575689709
2013-04,1,Category C,227,227,334,56011,C,2013-04-01,2013,3.25,10.933303378999149,5.424950017481403,1.47136563876652,0.03451060766083991,0.008849615276982803,10.898792771338309
2013-04,2,Category C,225,218,354,58502,C,2013-04-15,2013,3.2916666666666665,10.976816220669738,5.41610040220442,1.5733333333333333,0.043512841670589,-0.008849615276982803,10.933303378999149
2013-05,1,Category C,225,223,312,57051,C,2013-05-01,2013,3.3333333333333335,10.951700883620386,5.41610040220442,1.3866666666666667,-0.025115337049351538,0.0,10.976816220669738
2013-05,2,Category C,233,232,288,56889,C,2013-05-15,2013,3.375,10.948857279808518,5.4510384535657,1.2360515021459229,-0.0028436038118684337,0.03493805136128003,10.951700883620386
2013-06,1,Category C,227,226,292,57989,C,2013-06-01,2013,3.4166666666666665,10.968008616369326,5.424950017481403,1.2863436123348018,0.019151336560808474,-0.02608843608429723,10.948857279808518
2013-06,2,Category C,227,221,289,59001,C,2013-06-15,2013,3.458333333333333,10.985309671896763,5.424950017481403,1.2731277533039647,0.01730105552743666,0.0,10.968008616369326
2013-07,1,Category C,226,226,301,61011,C,2013-07-01,2013,3.5,11.018809454767185,5.420534999272286,1.331858407079646,0.03349978287042177,-0.004415018209116717,10.985309671896763
2013-07,2,Category C,232,226,335,65036,C,2013-07-15,2013,3.5416666666666665,11.082696241715446,5.44673737166631,1.4439655172413792,0.06388678694826133,0.026202372394023676,11.018809454767185
2013-08,1,Category C,258,257,364,68251,C,2013-08-01,2013,3.5833333333333335,11.130947364954519,5.552959584921617,1.4108527131782946,0.04825112323907277,0.10622221325530745,11.082696241715446
2013-08,2,Category C,263,257,385,71001,C,2013-08-15,2013,3.625,11.170449240431308,5.572154032177765,1.4638783269961977,0.039501875476789294,0.019194447256147384,11.130947364954519
2013-09,1,Category C,258,254,340,73999,C,2013-09-01,2013,3.6666666666666665,11.211806858581484,5.552959584921617,1.317829457364341,0.04135761815017602,-0.019194447256147384,11.170449240431308
2013-09,2,Category C,263,257,321,76001,C,2013-09-15,2013,3.708333333333333,11.23850177707664,5.572154032177765,1.220532319391635,0.026694918495156372,0.019194447256147384,11.211806858581484
2013-10,1,Category C,261,261,315,76310,C,2013-10-01,2013,3.75,11.242559270283678,5.564520407322694,1.206896551724138,0.00405749320703741,-0.0076336248550710195,11.23850177707664
2013-10,2,Category C,263,262,358,68002,C,2013-10-15,2013,3.7916666666666665,11.127292395490432,5.572154032177765,1.361216730038023,-0.11526687479324593,0.0076336248550710195,11.242559270283678
2013-11,1,Category C,257,256,427,55503,C,2013-11-01,2013,3.8333333333333335,10.924192352327712,5.54907608489522,1.66147859922179,-0.20310004316272057,-0.023077947282544642,11.127292395490432
2013-11,2,Category C,258,252,397,55002,C,2013-11-15,2013,3.875,10.91512482718983,5.552959584921617,1.5387596899224807,-0.00906752513788156,0.0038835000263972574,10.924192352327712
2013-12,1,Category C,258,257,359,51112,C,2013-12-01,2013,3.9166666666666665,10.841774582282179,5.552959584921617,1.3914728682170543,-0.07335024490765107,0.0,10.91512482718983
2013-12,2,Category C,263,256,338,48001,C,2013-12-15,2013,3.958333333333333,10.778977123006351,5.572154032177765,1.285171102661597,-0.0627974592758278,0.019194447256147384,10.841774582282179
2014-01,1,Category C,258,252,337,48889,C,2014-01-01,2014,4.0,10.797307701282914,5.552959584921617,1.306201550387597,0.01833057827656326,-0.019194447256147384,10.778977123006351
2014-01,2,Category C,264,249,356,50001,C,2014-01-15,2014,4.041666666666667,10.819798284210286,5.575949103146316,1.3484848484848484,0.022490582927371605,0.022989518224698635,10.797307701282914
2014-02,1,Category C,267,264,364,51002,C,2014-02-01,2014,4.083333333333333,10.839620126623823,5.58724865840025,1.3632958801498127,0.019821842413536572,0.011299555253933669,10.819798284210286
2014-02,2,Category C,277,273,392,52890,C,2014-02-15,2014,4.125,10.875969564060025,5.6240175061873385,1.4151624548736461,0.036349437436202336,0.03676884778708889,10.839620126623823
2014-03,1,Category C,265,262,439,56302,C,2014-03-01,2014,4.166666666666667,10.938485337475505,5.579729825986222,1.6566037735849057,0.06251577341548042,-0.04428768020111651,10.875969564060025
2014-03,2,Category C,266,256,356,53891,C,2014-03-15,2014,4.208333333333334,10.894718767073803,5.583496308781699,1.3383458646616542,-0.04376657040170251,0.0037664827954770885,10.938485337475505
2014-04,1,Category C,265,261,303,49503,C,2014-04-01,2014,4.25,10.809788552780915,5.579729825986222,1.1433962264150943,-0.08493021429288738,-0.0037664827954770885,10.894718767073803
2014-04,2,Category C,272,266,392,32890,C,2014-04-15,2014,4.291666666666667,10.400923939183103,5.605802066295998,1.4411764705882353,-0.408864613597812,0.02607224030977573,10.809788552780915
2014-05,1,Category C,389,389,715,36301,C,2014-05-01,2014,4.333333333333333,10.499600568082863,5.963579343618446,1.8380462724935733,0.09867662889976003,0.35777727732244813,10.400923939183103
2014-05,2,Category C,392,386,709,40889,C,2014-05-15,2014,4.375,10.61861635720246,5.971261839790462,1.808673469387755,0.11901578911959731,0.007682496172016329,10.499600568082863
2014-06,1,Category C,385,378,617,43001,C,2014-06-01,2014,4.416666666666667,10.668978650219241,5.953243334287785,1.6025974025974026,0.05036229301678041,-0.018018505502677584,10.61861635720246
2014-06,2,Category C,391,385,597,42001,C,2014-06-15,2014,4.458333333333334,10.645448706505872,5.968707559985366,1.526854219948849,-0.023529943713368695,0.015464225697581213,10.668978650219241
2014-07,1,Category C,392,383,653,43390,C,2014-07-01,2014,4.5,10.677984278792396,5.971261839790462,1.6658163265306123,0.03253557228652326,0.002554279805096371,10.645448706505872
2014-07,2,Category C,391,391,779,52010,C,2014-07-15,2014,4.541666666666667,10.859191286767118,5.968707559985366,1.9923273657289002,0.1812070079747219,-0.002554279805096371,10.677984278792396
2014-08,1,Category C,267,267,519,54009,C,2014-08-01,2014,4.583333333333333,10.896905978325732,5.58724865840025,1.9438202247191012,0.03771469155861418,-0.3814589015851162,10.859191286767118
2014-08,2,Category C,257,254,427,52390,C,2014-08-15,2014,4.625,10.866471012402265,5.54907608489522,1.66147859922179,-0.03043496592346706,-0.03817257350502956,10.896905978325732
2014-09,1,Category C,258,256,429,49901,C,2014-09-01,2014,4.666666666666667,10.817796321618971,5.552959584921617,1.6627906976744187,-0.048674690783293784,0.0038835000263972574,10.866471012402265
2014-09,2,Category C,261,252,437,49889,C,2014-09-15,2014,4.708333333333334,10.817555816557183,5.564520407322694,1.6743295019157087,-0.00024050506178774356,0.011560822401076365,10.817796321618971
2014-10,1,Category C,259,257,516,57389,C,2014-10-01,2014,4.75,10.957607926312159,5.556828061699537,1.9922779922779923,0.14005210975497562,-0.007692345623156349,10.817555816557183
2014-10,2,Category C,267,266,416,61000,C,2014-10-15,2014,4.791666666666667,11.018629143155449,5.58724865840025,1.5580524344569289,0.061021216843290205,0.030420596700712288,10.957607926312159
2014-11,1,Category C,143,143,257,63701,C,2014-11-01,2014,4.833333333333333,11.06195554002416,4.962844630259907,1.7972027972027973,0.04332639686871076,-0.6244040281403427,11.018629143155449
2014-11,2,Category C,142,134,260,65001,C,2014-11-15,2014,4.875,11.082157933374816,4.955827057601261,1.8309859154929577,0.020202393350656322,-0.00701757265864611,11.06195554002416
2014-12,1,Category C,141,126,196,60001,C,2014-12-01,2014,4.916666666666667,11.002116507732017,4.948759890378168,1.3900709219858156,-0.08004142564279881,-0.007067167223092419,11.082157933374816
2014-12,2,Category C,149,149,268,52100,C,2014-12-15,2014,4.958333333333334,10.860920227741458,5.003946305945459,1.7986577181208054,-0.1411962799905595,0.05518641556729076,11.002116507732017
2015-01,1,Category C,156,155,296,55011,C,2015-01-01,2015,5.0,10.915288444217275,5.049856007249537,1.8974358974358974,0.05436821647581702,0.0459097013040779,10.860920227741458
2015-01,2,Category C,140,139,247,55012,C,2015-01-15,2015,5.041666666666667,10.9153066222346,4.941642422609304,1.7642857142857142,1.8178017324288476e-05,-0.10821358464023323,10.915288444217275
2015-02,1,Category C,185,183,311,52101,C,2015-02-01,2015,5.083333333333333,10.860939421415225,5.220355825078324,1.681081081081081,-0.05436720081937452,0.27871340246902054,10.9153066222346
2015-02,2,Category C,185,185,333,53202,C,2015-02-15,2015,5.125,10.881851268608061,5.220355825078324,1.8,0.020911847192836674,0.0,10.860939421415225
2015-03,1,Category C,186,183,315,56501,C,2015-03-01,2015,5.166666666666667,10.942013616092948,5.225746673713202,1.6935483870967742,0.060162347484887135,0.0053908486348772655,10.881851268608061
2015-03,2,Category C,184,175,345,59999,C,2015-03-15,2015,5.208333333333334,11.002083174398681,5.214935757608986,1.875,0.060069558305732684,-0.010810916104215806,10.942013616092948
2015-04,1,Category C,188,183,290,64001,C,2015-04-01,2015,5.25,11.06665398721974,5.236441962829949,1.5425531914893618,0.06457081282105825,0.02150620522096336,11.002083174398681
2015-04,2,Category C,194,192,284,53001,C,2015-04-15,2015,5.291666666666667,10.87806606028079,5.267858159063328,1.4639175257731958,-0.18858792693894877,0.03141619623337899,11.06665398721974
2015-05,1,Category C,373,370,545,50098,C,2015-05-01,2015,5.333333333333333,10.821736366116445,5.921578419643816,1.4611260053619304,-0.05632969416434541,0.6537202605804877,10.87806606028079
2015-05,2,Category C,370,365,546,52001,C,2015-05-15,2015,5.375,10.859018228147887,5.91350300563827,1.4756756756756757,0.037281862031441904,-0.008075414005546122,10.821736366116445
2015-06,1,Category C,371,369,508,50900,C,2015-06-01,2015,5.416666666666667,10.837618202538614,5.916202062607435,1.3692722371967656,-0.021400025609272788,0.00269905696916517,10.859018228147887
2015-06,2,Category C,373,370,481,50502,C,2015-06-15,2015,5.458333333333334,10.82976821843963,5.921578419643816,1.289544235924933,-0.007849984098983853,0.005376357036380952,10.837618202538614
2015-07,1,Category C,370,370,476,50001,C,2015-07-01,2015,5.5,10.819798284210286,5.91350300563827,1.2864864864864864,-0.009969934229344446,-0.008075414005546122,10.82976821843963
2015-07,2,Category C,371,371,455,50002,C,2015-07-15,2015,5.541666666666667,10.819818283610305,5.916202062607435,1.2264150943396226,1.9999400018733127e-05,0.00269905696916517,10.819798284210286
2015-08,1,Category C,183,183,263,49302,C,2015-08-01,2015,5.583333333333333,10.805719927159243,5.209486152841421,1.4371584699453552,-0.014098356451061278,-0.7067159097660136,10.819818283610305
2015-08,2,Category C,182,182,282,46501,C,2015-08-15,2015,5.625,10.747229096720554,5.204006687076795,1.5494505494505495,-0.0584908304386893,-0.005479465764626212,10.805719927159243
2015-09,1,Category C,182,182,371,46801,C,2015-09-01,2015,5.666666666666667,10.753659849198824,5.204006687076795,2.0384615384615383,0.006430752478269852,0.0,10.747229096720554
2015-09,2,Category C,182,172,356,45289,C,2015-09-15,2015,5.708333333333334,10.72081945637715,5.204006687076795,1.956043956043956,-0.03284039282167406,0.0,10.753659849198824
2015-10,1,Category C,182,181,331,44890,C,2015-10-01,2015,5.75,10.711970331775978,5.204006687076795,1.8186813186813187,-0.00884912460117171,0.0,10.72081945637715
2015-10,2,Category C,192,186,340,42303,C,2015-10-15,2015,5.791666666666667,10.652613284505339,5.2574953720277815,1.7708333333333333,-0.059357047270639285,0.053488684950986354,10.711970331775978
2015-11,1,Category C,241,240,372,43809,C,2015-11-01,2015,5.833333333333333,10.687594554708582,5.484796933490655,1.5435684647302905,0.03498127020324304,0.22730156146287328,10.652613284505339
2015-11,2,Category C,247,244,389,45890,C,2015-11-15,2015,5.875,10.73400250738888,5.5093883366279774,1.5748987854251013,0.046407952680297626,0.024591403137322665,10.687594554708582
2015-12,1,Category C,241,236,345,48101,C,2015-12-01,2015,5.916666666666667,10.781058245898533,5.484796933490655,1.4315352697095436,0.04705573850965372,-0.024591403137322665,10.73400250738888
2015-12,2,Category C,244,243,311,46001,C,2015-12-15,2015,5.958333333333334,10.736418414365376,5.497168225293202,1.2745901639344261,-0.04463983153315709,0.012371291802547368,10.781058245898533
2016-01,1,Category C,246,245,353,42036,C,2016-01-01,2016,6.0,10.646281672985488,5.5053315359323625,1.434959349593496,-0.09013674137988836,0.008163310639160315,10.736418414365376
2016-01,2,Category C,242,239,387,46502,C,2016-01-15,2016,6.041666666666667,10.7472506014032,5.488937726156687,1.5991735537190082,0.10096892841771243,-0.016393809775675727,10.646281672985488
2016-02,1,Category C,164,164,229,45036,C,2016-02-01,2016,6.083333333333333,10.71521744892302,5.099866427824199,1.396341463414634,-0.032033152480179794,-0.389071298332488,10.7472506014032
2016-02,2,Category C,165,160,239,45001,C,2016-02-15,2016,6.125,10.714439990727769,5.10594547390058,1.4484848484848485,-0.0007774581952517678,0.006079046076381545,10.71521744892302
2016-03,1,Category C,162,160,259,48890,C,2016-03-01,2016,6.166666666666667,10.797328155572691,5.087596335232384,1.5987654320987654,0.08288816484492223,-0.018349138668196652,10.714439990727769
2016-03,2,Category C,167,166,226,46502,C,2016-03-15,2016,6.208333333333334,10.7472506014032,5.117993812416755,1.3532934131736527,-0.05007755416949067,0.0303974771843718,10.797328155572691
2016-04,1,Category C,164,161,235,44213,C,2016-04-01,2016,6.25,10.696774142468731,5.099866427824199,1.4329268292682926,-0.05047645893446884,-0.018127384592556695,10.7472506014032
2016-04,2,Category C,163,162,241,43002,C,2016-04-15,2016,6.291666666666667,10.669001905221974,5.093750200806762,1.478527607361963,-0.027772237246757925,-0.006116227017436415,10.696774142468731
2016-05,1,Category C,232,232,324,42302,C,2016-05-01,2016,6.333333333333333,10.65258964524052,5.44673737166631,1.396551724137931,-0.016412259981454014,0.35298717085954756,10.669001905221974
2016-05,2,Category C,229,229,355,43002,C,2016-05-15,2016,6.375,10.669001905221974,5.43372200355424,1.5502183406113537,0.016412259981454014,-0.013015368112069936,10.65258964524052
2016-06,1,Category C,228,219,347,46434,C,2016-06-01,2016,6.416666666666667,10.745787228498514,5.429345628954441,1.5219298245614035,0.07678532327654075,-0.004376374599798893,10.669001905221974
2016-06,2,Category C,228,226,342,48002,C,2016-06-15,2016,6.458333333333334,10.778997955688663,5.429345628954441,1.5,0.033210727190148503,0.0,10.745787228498514
2016-07,1,Category C,237,235,310,47889,C,2016-07-01,2016,6.5,10.77664111193259,5.4680601411351315,1.3080168776371308,-0.002356843756073701,0.03871451218069044,10.778997955688663
2016-07,2,Category C,230,225,344,49890,C,2016-07-15,2016,6.541666666666667,10.817575860855083,5.438079308923196,1.4956521739130435,0.040934748922493824,-0.029980832211935926,10.77664111193259
2016-08,1,Category C,177,177,245,48302,C,2016-08-01,2016,6.583333333333333,10.785228246650878,5.176149732573829,1.384180790960452,-0.0323476142042054,-0.26192957634936676,10.817575860855083
2016-08,2,Category C,180,178,236,48001,C,2016-08-15,2016,6.625,10.778977123006351,5.19295685089021,1.3111111111111111,-0.006251123644526402,0.016807118316381597,10.785228246650878
2016-09,1,Category C,175,175,260,49801,C,2016-09-01,2016,6.666666666666667,10.815790343132422,5.1647859739235145,1.4857142857142858,0.03681322012607069,-0.028170876966695957,10.778977123006351
2016-09,2,Category C,177,165,237,49890,C,2016-09-15,2016,6.708333333333334,10.817575860855083,5.176149732573829,1.3389830508474576,0.0017855177226611119,0.01136375865031436,10.815790343132422
2016-10,1,Category C,176,172,232,48702,C,2016-10-01,2016,6.75,10.79347537598923,5.170483995038151,1.3181818181818181,-0.024100484865853034,-0.005665737535677451,10.817575860855083
2016-10,2,Category C,188,187,252,45589,C,2016-10-15,2016,6.791666666666667,10.727421738332131,5.236441962829949,1.3404255319148937,-0.06605363765709882,0.06595796779179786,10.79347537598923
2016-11,1,Category C,185,181,283,48001,C,2016-11-01,2016,6.833333333333333,10.778977123006351,5.220355825078324,1.5297297297297296,0.05155538467422005,-0.01608613775162482,10.727421738332131
2016-11,2,Category C,182,181,286,49002,C,2016-11-15,2016,6.875,10.79961639258633,5.204006687076795,1.5714285714285714,0.02063926957997886,-0.016349138001529262,10.778977123006351
2016-12,1,Category C,185,183,262,51209,C,2016-12-01,2016,6.916666666666667,10.843670576829885,5.220355825078324,1.4162162162162162,0.04405418424355467,0.016349138001529262,10.79961639258633
2016-12,2,Category C,182,176,274,49500,C,2016-12-15,2016,6.958333333333334,10.809727948556782,5.204006687076795,1.5054945054945055,-0.03394262827310257,-0.016349138001529262,10.843670576829885
2017-01,1,Category C,183,180,271,46302,C,2017-01-01,2017,7.0,10.742940435685657,5.209486152841421,1.4808743169398908,-0.06678751287112483,0.005479465764626212,10.809727948556782
2017-01,2,Category C,186,173,254,47001,C,2017-01-15,2017,7.041666666666667,10.757924157061597,5.225746673713202,1.3655913978494623,0.014983721375939396,0.016260520871780315,10.742940435685657
2017-02,1,Category C,164,155,268,48901,C,2017-02-01,2017,7.083333333333333,10.797553125151618,5.099866427824199,1.6341463414634145,0.03962896809002103,-0.12588024588900293,10.757924157061597
2017-02,2,Category C,174,171,249,49810,C,2017-02-15,2017,7.125,10.815971046067329,5.159055299214529,1.4310344827586208,0.01841792091571115,0.059188871390330355,10.797553125151618
2017-03,1,Category C,170,170,216,49002,C,2017-03-01,2017,7.166666666666667,10.79961639258633,5.135798437050262,1.2705882352941176,-0.01635465348099885,-0.023256862164267034,10.815971046067329
2017-03,2,Category C,164,163,251,47036,C,2017-03-15,2017,7.208333333333334,10.758668544943307,5.099866427824199,1.5304878048780488,-0.040947847643023394,-0.03593200922606332,10.79961639258633
2017-04,1,Category C,162,162,351,45906,C,2017-04-01,2017,7.25,10.734351106459908,5.087596335232384,2.1666666666666665,-0.024317438483398846,-0.012270092591815107,10.758668544943307
2017-04,2,Category C,163,162,509,26501,C,2017-04-15,2017,7.291666666666667,10.184937747111391,5.093750200806762,3.1226993865030677,-0.5494133593485167,0.006153865574378692,10.734351106459908
2017-05,1,Category C,1084,1078,2586,26029,C,2017-05-01,2017,7.333333333333333,10.166966580039741,6.988413181999592,2.385608856088561,-0.01797116707165003,1.8946629811928295,10.184937747111391
2017-05,2,Category C,1085,1084,2492,30600,C,2017-05-15,2017,7.375,10.328755287940472,6.98933526597456,2.296774193548387,0.1617887079007314,0.0009220839749684018,10.166966580039741
2017-06,1,Category C,1091,1087,2309,38501,C,2017-06-01,2017,7.416666666666667,10.55843949396453,6.994849985833071,2.1164069660861595,0.22968420602405715,0.005514719858510375,10.328755287940472
2017-06,2,Category C,1086,1085,2125,36879,C,2017-06-15,2017,7.458333333333334,10.515397562335451,6.990256500493881,1.9567219152854511,-0.043041931629078434,-0.004593485339190018,10.55843949396453
2017-07,1,Category C,1088,1078,2189,40212,C,2017-07-01,2017,7.5,10.60192073752531,6.992096427415888,2.0119485294117645,0.08652317518985875,0.0018399269220070735,10.515397562335451
2017-07,2,Category C,1085,1084,1943,42809,C,2017-07-15,2017,7.541666666666667,10.664503639837902,6.98933526597456,1.790783410138249,0.06258290231259167,-0.002761161441327431,10.60192073752531
2017-08,1,Category C,454,445,742,42801,C,2017-08-01,2017,7.583333333333333,10.664316745782925,6.118097198041348,1.6343612334801763,-0.00018689405497696043,-0.8712380679332119,10.664503639837902
2017-08,2,Category C,445,436,836,42004,C,2017-08-15,2017,7.625,10.645520130825885,6.09807428216624,1.8786516853932584,-0.018796614957039992,-0.020022915875108183,10.664316745782925
2017-09,1,Category C,453,406,695,43002,C,2017-09-01,2017,7.666666666666667,10.669001905221974,6.115892125483034,1.534216335540839,0.023481774396088895,0.017817843316794146,10.645520130825885
2017-09,2,Category C,453,453,706,46890,C,2017-09-15,2017,7.708333333333334,10.755559712083633,6.115892125483034,1.5584988962472406,0.08655780686165926,0.0,10.669001905221974
2017-10,1,Category C,492,492,723,48902,C,2017-10-01,2017,7.75,10.79757357442209,6.198478716492308,1.4695121951219512,0.042013862338457386,0.08258659100927357,10.755559712083633
2017-10,2,Category C,445,443,611,51890,C,2017-10-15,2017,7.791666666666667,10.856881372361785,6.09807428216624,1.3730337078651684,0.059307797939695206,-0.10040443432606772,10.79757357442209
2017-11,1,Category C,242,200,375,58036,C,2017-11-01,2017,7.833333333333333,10.968818786635575,5.488937726156687,1.5495867768595042,0.11193741427378967,-0.6091365560095534,10.856881372361785
2017-11,2,Category C,244,241,356,57701,C,2017-11-15,2017,7.875,10.96302978336854,5.497168225293202,1.459016393442623,-0.005789003267034687,0.008230499136515412,10.968818786635575
2017-12,1,Category C,285,279,454,42000,C,2017-12-01,2017,7.916666666666667,10.645424897265505,5.652489180268651,1.592982456140351,-0.3176048861030356,0.15532095497544862,10.96302978336854
2017-12,2,Category C,246,232,482,45112,C,2017-12-15,2017,7.958333333333334,10.716903565487018,5.5053315359323625,1.9593495934959348,0.07147866822151272,-0.1471576443362883,10.645424897265505
2018-01,1,Category C,249,247,458,40101,C,2018-01-01,2018,8.0,10.599156550639583,5.517452896464707,1.8393574297188755,-0.11774701484743488,0.012121360532344916,10.716903565487018
2018-01,2,Category C,257,247,399,39000,C,2018-01-15,2018,8.041666666666666,10.571316925111784,5.54907608489522,1.5525291828793775,-0.027839625527798617,0.031623188430512705,10.599156550639583
2018-02,1,Category C,249,249,486,38303,C,2018-02-01,2018,8.083333333333334,10.553283501082905,5.517452896464707,1.9518072289156627,-0.018033424028878642,-0.031623188430512705,10.571316925111784
2018-02,2,Category C,257,256,489,36859,C,2018-02-15,2018,8.125,10.514855101175929,5.54907608489522,1.9027237354085602,-0.03842839990697655,0.031623188430512705,10.553283501082905
2018-03,1,Category C,247,202,446,36003,C,2018-03-01,2018,8.166666666666666,10.49135754729955,5.5093883366279774,1.805668016194332,-0.02349755387637842,-0.03968774826724264,10.514855101175929
2018-03,2,Category C,247,234,378,35001,C,2018-03-15,2018,8.208333333333332,10.463131911491967,5.5093883366279774,1.5303643724696356,-0.028225635807583416,0.0,10.49135754729955
2018-04,1,Category C,292,290,500,34001,C,2018-04-01,2018,8.25,10.434145214930487,5.676753802268282,1.7123287671232876,-0.02898669656148023,0.1673654656403043,10.463131911491967
2018-04,2,Category C,260,181,461,34202,C,2018-04-15,2018,8.291666666666666,10.440039400873,5.560681631015528,1.773076923076923,0.005894185942512564,-0.11607217125275415,10.434145214930487
2018-05,1,Category C,308,188,611,33190,C,2018-05-01,2018,8.333333333333334,10.41000390471402,5.730099782973574,1.9837662337662338,-0.030035496158978603,0.16941815195804644,10.440039400873
2018-05,2,Category C,385,382,786,29901,C,2018-05-15,2018,8.375,10.305647203635566,5.953243334287785,2.0415584415584416,-0.10435670107845496,0.2231435513142106,10.41000390471402
2018-06,1,Category C,425,417,685,29902,C,2018-06-01,2018,8.416666666666666,10.305680646773872,6.052089168924417,1.611764705882353,3.344313830666579e-05,0.09884583463663255,10.305647203635566
2018-06,2,Category C,308,293,548,32001,C,2018-06-15,2018,8.458333333333332,10.373522431293592,5.730099782973574,1.7792207792207793,0.0678417845197199,-0.32198938595084314,10.305680646773872
2018-07,1,Category C,313,272,535,31092,C,2018-07-01,2018,8.5,10.34470583035011,5.746203190540153,1.70926517571885,-0.028816600943482484,0.01610340756657891,10.373522431293592
2018-07,2,Category C,320,249,538,30889,C,2018-07-15,2018,8.541666666666666,10.338155412452387,5.768320995793772,1.68125,-0.0065504178977224825,0.02211780525361906,10.34470583035011
2018-08,1,Category C,379,330,549,30389,C,2018-08-01,2018,8.583333333333334,10.3218359798084,5.937536205082426,1.4485488126649078,-0.016319432643987497,0.1692152092886543,10.338155412452387
2018-08,2,Category C,409,204,635,29902,C,2018-08-15,2018,8.625,10.305680646773872,6.013715156042802,1.5525672371638142,-0.01615533303452743,0.07617895096037586,10.3218359798084
2018-09,1,Category C,386,381,612,27001,C,2018-09-01,2018,8.666666666666666,10.203629181337648,5.955837369464831,1.5854922279792747,-0.10205146543622412,-0.05787778657797116,10.305680646773872
2018-09,2,Category C,542,529,921,27104,C,2018-09-15,2018,8.708333333333332,10.207436597451782,6.295266001439646,1.6992619926199262,0.0038074161141334883,0.33942863197481543,10.203629181337648
2018-10,1,Category C,342,340,522,28501,C,2018-10-01,2018,8.75,10.25769445336048,5.834810737062605,1.5263157894736843,0.0502578559086988,-0.46045526437704165,10.207436597451782
2018-10,2,Category C,350,349,470,29501,C,2018-10-15,2018,8.791666666666666,10.292179440058462,5.857933154483459,1.3428571428571427,0.03448498669798106,0.02312241742085419,10.25769445336048
2018-11,1,Category C,332,332,460,29501,C,2018-11-01,2018,8.833333333333334,10.292179440058462,5.805134968916488,1.3855421686746987,0.0,-0.0527981855669708,10.292179440058462
2018-11,2,Category C,331,327,580,27509,C,2018-11-15,2018,8.875,10.222268502839897,5.802118375377063,1.7522658610271904,-0.06991093721856423,-0.003016593539425294,10.292179440058462
2018-12,1,Category C,329,328,489,27009,C,2018-12-01,2018,8.916666666666666,10.203925422776587,5.796057750765372,1.486322188449848,-0.018343080063310424,-0.00606062461169099,10.222268502839897
2018-12,2,Category C,333,318,503,27001,C,2018-12-15,2018,8.958333333333332,10.203629181337648,5.808142489980444,1.5105105105105106,-0.0002962414389386936,0.012084739215072027,10.203925422776587
2019-01,1,Category C,330,308,472,27002,C,2019-01-01,2019,9.0,10.203666216317192,5.799092654460526,1.4303030303030304,3.703497954354873e-05,-0.009049835519918226,10.203629181337648
2019-01,2,Category C,344,342,537,26230,C,2019-01-15,2019,9.041666666666666,10.17465907286092,5.840641657373398,1.561046511627907,-0.029007143456272644,0.041549002912872446,10.203666216317192
2019-02,1,Category C,326,324,466,26378,C,2019-02-01,2019,9.083333333333334,10.18028560838583,5.786897381366708,1.4294478527607362,0.005626535524910992,-0.053744276006690406,10.17465907286092
2019-02,2,Category C,306,306,433,26914,C,2019-02-15,2019,9.125,10.200401876301486,5.723585101952381,1.4150326797385622,0.020116267915655683,-0.06331227941432704,10.18028560838583
2019-03,1,Category C,306,301,443,27010,C,2019-03-01,2019,9.166666666666666,10.203962446786662,5.723585101952381,1.4477124183006536,0.0035605704851757736,0.0,10.200401876301486
2019-03,2,Category C,304,304,411,27021,C,2019-03-15,2019,9.208333333333332,10.204369620451853,5.717027701406222,1.3519736842105263,0.0004071736651916069,-0.006557400546158831,10.203962446786662
2019-04,1,Category C,309,304,431,27589,C,2019-04-01,2019,9.25,10.225172421538154,5.733341276897746,1.3948220064724919,0.02080280108630106,0.016313575491524013,10.204369620451853
2019-04,2,Category C,304,284,560,32001,C,2019-04-15,2019,9.291666666666666,10.373522431293592,5.717027701406222,1.8421052631578947,0.148350009755438,-0.016313575491524013,10.225172421538154
2019-05,1,Category C,394,394,610,28559,C,2019-05-01,2019,9.333333333333334,10.259727401834914,5.976350909297934,1.5482233502538072,-0.1137950294586787,0.25932320789171204,10.373522431293592
2019-05,2,Category C,409,406,600,27400,C,2019-05-15,2019,9.375,10.218298292376161,6.013715156042802,1.466992665036675,-0.04142910945875222,0.03736424674486827,10.259727401834914
2019-06,1,Category C,389,389,535,25502,C,2019-06-01,2019,9.416666666666666,10.146512159443487,5.963579343618446,1.3753213367609254,-0.07178613293267411,-0.050135812424356274,10.218298292376161
2019-06,2,Category C,393,390,607,25501,C,2019-06-15,2019,9.458333333333332,10.146472946063877,5.973809611869261,1.544529262086514,-3.9213379610103516e-05,0.0102302682508153,10.146512159443487
2019-07,1,Category C,390,382,649,25089,C,2019-07-01,2019,9.5,10.130184782049636,5.966146739123692,1.6641025641025642,-0.016288164014241602,-0.007662872745568983,10.146472946063877
2019-07,2,Category C,393,393,657,24599,C,2019-07-15,2019,9.541666666666666,10.1104610706877,5.973809611869261,1.6717557251908397,-0.019723711361935514,0.007662872745568983,10.130184782049636
2019-08,1,Category C,292,273,492,27800,C,2019-08-01,2019,9.583333333333334,10.232791299678729,5.676753802268282,1.6849315068493151,0.12233022899102863,-0.29705580960097944,10.1104610706877
2019-08,2,Category C,283,283,446,26501,C,2019-08-15,2019,9.625,10.184937747111391,5.645446897643238,1.5759717314487633,-0.04785355256733759,-0.03130690462504404,10.232791299678729
2019-09,1,Category C,302,299,446,25502,C,2019-09-01,2019,9.666666666666666,10.146512159443487,5.71042701737487,1.4768211920529801,-0.03842558766790383,0.06498011973163198,10.184937747111391
2019-09,2,Category C,283,282,544,25556,C,2019-09-15,2019,9.708333333333332,10.148627401722234,5.645446897643238,1.9222614840989398,0.0021152422787462655,-0.06498011973163198,10.146512159443487
2019-10,1,Category C,286,286,522,26509,C,2019-10-01,2019,9.75,10.185239576957109,5.655991810819852,1.8251748251748252,0.036612175234875366,0.010544913176614656,10.148627401722234
2019-10,2,Category C,284,279,439,26001,C,2019-10-15,2019,9.791666666666666,10.165890277802454,5.648974238161206,1.545774647887324,-0.019349299154654886,-0.00701757265864611,10.185239576957109
2019-11,1,Category C,318,318,440,25392,C,2019-11-01,2019,9.833333333333334,10.14218944276619,5.762051382780177,1.3836477987421383,-0.023700835036263967,0.11307714461897067,10.165890277802454
2019-11,2,Category C,322,322,495,24502,C,2019-11-15,2019,9.875,10.106510025854115,5.7745515455444085,1.5372670807453417,-0.03567941691207466,0.012500162764231604,10.14218944276619
2019-12,1,Category C,318,315,402,23704,C,2019-12-01,2019,9.916666666666666,10.073399089253401,5.762051382780177,1.2641509433962264,-0.03311093660071407,-0.012500162764231604,10.106510025854115
2019-12,2,Category C,318,307,441,23200,C,2019-12-15,2019,9.958333333333332,10.0519075576544,5.762051382780177,1.3867924528301887,-0.021491531599000524,0.0,10.073399089253401
2020-01,1,Category C,321,321,457,24402,C,2020-01-01,2020,10.0,10.10242037513528,5.771441123130016,1.4236760124610592,0.05051281748087888,0.00938974034983886,10.0519075576544
2020-01,2,Category C,329,292,504,25001,C,2020-01-15,2020,10.041666666666666,10.12667110305036,5.796057750765372,1.5319148936170213,0.02425072791507965,0.024616627635356103,10.10242037513528
2020-02,1,Category C,314,314,504,25013,C,2020-02-01,2020,10.083333333333334,10.127150968697189,5.749392985908253,1.605095541401274,0.00047986564682922506,-0.04666476485711879,10.12667110305036
2020-02,2,Category C,352,219,561,25001,C,2020-02-15,2020,10.125,10.12667110305036,5.863631175598097,1.59375,-0.00047986564682922506,0.11423818968984367,10.127150968697189
2020-03,1,Category C,315,315,504,24202,C,2020-03-01,2020,10.166666666666666,10.094190553357997,5.752572638825633,1.6,-0.03248054969236236,-0.11105853677246369,10.12667110305036
2020-03,2,Category C,448,448,708,22002,C,2020-03-15,2020,10.208333333333332,9.99888863729938,6.104793232414985,1.5803571428571428,-0.0953019160586166,0.35222059358935187,10.094190553357997
2020-07,1,Category C,489,481,866,24502,C,2020-07-01,2020,10.5,10.106510025854115,6.192362489474872,1.770961145194274,0.10762138855473502,0.08756925705988738,9.99888863729938
2020-07,2,Category C,489,482,759,23888,C,2020-07-15,2020,10.541666666666666,10.081131519778971,6.192362489474872,1.5521472392638036,-0.025378506075144358,0.0,10.106510025854115
2020-08,1,Category C,358,354,658,24100,C,2020-08-01,2020,10.583333333333334,10.089967119478747,5.8805329864007,1.8379888268156424,0.008835599699775543,-0.311829503074172,10.081131519778971
2020-08,2,Category C,357,356,586,25006,C,2020-08-15,2020,10.625,10.126871075054945,5.877735781779639,1.6414565826330532,0.0369039555761983,-0.0027972046210615886,10.089967119478747
2020-09,1,Category C,354,350,525,26644,C,2020-09-01,2020,10.666666666666666,10.19031926353307,5.869296913133774,1.4830508474576272,0.06344818847812483,-0.008438868645864517,10.126871075054945
2020-09,2,Category C,351,346,591,28589,C,2020-09-15,2020,10.708333333333332,10.260777307439861,5.860786223465865,1.6837606837606838,0.07045804390679145,-0.0085106896679088,10.19031926353307
2020-10,1,Category C,316,314,587,33089,C,2020-10-01,2020,10.75,10.40695617984855,5.755742213586912,1.8575949367088607,0.14617887240868832,-0.10504400987895313,10.260777307439861
2020-10,2,Category C,316,315,538,33778,C,2020-10-15,2020,10.791666666666666,10.427564981977866,5.755742213586912,1.7025316455696202,0.020608802129316928,0.0,10.40695617984855
2020-11,1,Category C,370,370,558,31502,C,2020-11-01,2020,10.833333333333334,10.35780631486168,5.91350300563827,1.508108108108108,-0.0697586671161865,0.1577607920513575,10.427564981977866
2020-11,2,Category C,369,367,597,30334,C,2020-11-15,2020,10.875,10.320024474611342,5.910796644040527,1.6178861788617886,-0.037781840250337595,-0.0027063615977427347,10.35780631486168
2020-12,1,Category C,368,363,599,32889,C,2020-12-01,2020,10.916666666666666,10.40089353434265,5.908082938168931,1.627717391304348,0.08086905973130776,-0.0027137058715958062,10.320024474611342
2020-12,2,Category C,369,355,640,35201,C,2020-12-15,2020,10.958333333333332,10.468829770273567,5.910796644040527,1.7344173441734418,0.06793623593091702,0.0027137058715958062,10.40089353434265
2021-01,1,Category C,372,352,679,35900,C,2021-01-01,2021,11.0,10.48849257447637,5.918893854273146,1.825268817204301,0.01966280420280242,0.008097210232619112,10.468829770273567
2021-01,2,Category C,381,378,671,40999,C,2021-01-15,2021,11.041666666666666,10.621302955145095,5.942799375126701,1.7611548556430445,0.13281038066872597,0.023905520853555018,10.48849257447637
2021-02,1,Category C,276,276,510,45001,C,2021-02-01,2021,11.083333333333334,10.714439990727769,5.62040086571715,1.8478260869565217,0.09313703558267328,-0.3223985094095516,10.621302955145095
2021-02,2,Category C,259,223,424,40890,C,2021-02-15,2021,11.125,10.618640813358688,5.556828061699537,1.6370656370656371,-0.09579917736908072,-0.06357280401761223,10.714439990727769
2021-03,1,Category C,255,248,480,37513,C,2021-03-01,2021,11.166666666666666,10.532442818550164,5.541263545158426,1.8823529411764706,-0.08619799480852386,-0.015564516541111573,10.618640813358688
2021-03,2,Category C,292,286,507,39589,C,2021-03-15,2021,11.208333333333332,10.586306580877402,5.676753802268282,1.7363013698630136,0.05386376232723755,0.13549025710985596,10.532442818550164
2021-04,1,Category C,263,263,488,36134,C,2021-04-01,2021,11.25,10.494989529333873,5.572154032177765,1.855513307984791,-0.09131705154352865,-0.10459977009051702,10.586306580877402
2021-04,2,Category C,262,256,441,44001,C,2021-04-15,2021,11.291666666666666,10.691967639914864,5.568344503761097,1.683206106870229,0.19697811058099113,-0.003809528416668151,10.494989529333873
2021-05,1,Category C,157,119,261,43001,C,2021-05-01,2021,11.333333333333334,10.668978650219241,5.056245805348308,1.6624203821656052,-0.02298898969562302,-0.5120986984127889,10.691967639914864
2021-05,2,Category C,164,83,315,41701,C,2021-05-15,2021,11.375,10.638280388314705,5.099866427824199,1.920731707317073,-0.030698261904536395,0.04362062247589105,10.668978650219241
2021-06,1,Category C,195,190,413,37002,C,2021-06-01,2021,11.416666666666666,10.518727244219548,5.272999558563747,2.117948717948718,-0.11955314409515694,0.17313313073954806,10.638280388314705
2021-06,2,Category C,238,229,478,37000,C,2021-06-15,2021,11.458333333333332,10.51867319162636,5.472270673671475,2.008403361344538,-5.405259318713718e-05,0.19927111510772821,10.518727244219548
2021-07,1,Category C,162,159,340,38900,C,2021-07-01,2021,11.5,10.568749529606537,5.087596335232384,2.0987654320987654,0.05007633798017608,-0.3846743384390914,10.51867319162636
2021-07,2,Category C,166,163,337,39523,C,2021-07-15,2021,11.541666666666666,10.584638059911889,5.111987788356544,2.0301204819277108,0.015888530305351978,0.024391453124160023,10.568749529606537
2021-08,1,Category C,118,111,233,42589,C,2021-08-01,2021,11.583333333333334,10.659351282951539,4.770684624465665,1.9745762711864407,0.07471322303964989,-0.34130316389087856,10.584638059911889
2021-08,2,Category C,118,113,220,40010,C,2021-08-15,2021,11.625,10.59688470185128,4.770684624465665,1.8644067796610169,-0.06246658110025827,0.0,10.659351282951539
2021-09,1,Category C,122,113,211,40001,C,2021-09-01,2021,11.666666666666666,10.596659732783579,4.804021044733257,1.7295081967213115,-0.00022496906770186342,0.03333642026759165,10.59688470185128
2021-09,2,Category C,120,110,203,39000,C,2021-09-15,2021,11.708333333333332,10.571316925111784,4.787491742782046,1.6916666666666667,-0.02534280767179453,-0.01652930195121094,10.596659732783579
2021-10,1,Category C,125,123,233,38890,C,2021-10-01,2021,11.75,10.568492427149794,4.8283137373023015,1.864,-0.0028244979619902466,0.0408219945202557,10.571316925111784
2021-10,2,Category C,126,125,252,40501,C,2021-10-15,2021,11.791666666666666,10.609081944147828,4.836281906951478,2.0,0.04058951699803437,0.00796816964917646,10.568492427149794
2021-11,1,Category C,92,89,173,42001,C,2021-11-01,2021,11.833333333333334,10.645448706505872,4.5217885770490405,1.8804347826086956,0.03636676235804437,-0.3144933299024375,10.609081944147828
2021-11,2,Category C,91,91,164,43502,C,2021-11-15,2021,11.875,10.68056219303136,4.51085950651685,1.8021978021978022,0.0351134865254874,-0.010929070532190721,10.645448706505872
2021-12,1,Category C,93,93,147,45000,C,2021-12-01,2021,11.916666666666666,10.714417768752456,4.532599493153256,1.5806451612903225,0.03385557572109654,0.021739986636406528,10.68056219303136
2021-12,2,Category C,90,89,150,44000,C,2021-12-15,2021,11.958333333333332,10.691944912900398,4.499809670330265,1.6666666666666667,-0.02247285585205816,-0.032789822822991255,10.714417768752456
2022-01,1,Category C,90,87,198,42200,C,2022-01-01,2022,12.0,10.650175500024103,4.499809670330265,2.2,-0.04176941287629532,0.0,10.691944912900398
2022-01,2,Category C,91,91,149,43001,C,2022-01-15,2022,12.041666666666666,10.668978650219241,4.51085950651685,1.6373626373626373,0.01880315019513823,0.011049836186584727,10.650175500024103
2022-02,1,Category C,80,80,149,44001,C,2022-02-01,2022,12.083333333333334,10.691967639914864,4.382026634673881,1.8625,0.02298898969562302,-0.12883287184296854,10.668978650219241
2022-02,2,Category C,76,61,194,46501,C,2022-02-15,2022,12.125,10.747229096720554,4.330733340286331,2.5526315789473686,0.055261456805689946,-0.05129329438755015,10.691967639914864
2022-03,1,Category C,76,67,199,48889,C,2022-03-01,2022,12.166666666666666,10.797307701282914,4.330733340286331,2.6184210526315788,0.05007860456236024,0.0,10.747229096720554
2022-03,2,Category C,91,91,166,51504,C,2022-03-15,2022,12.208333333333332,10.84941475353859,4.51085950651685,1.8241758241758241,0.0521070522556748,0.1801261662305187,10.797307701282914
2022-04,1,Category C,85,84,210,54901,C,2022-04-01,2022,12.25,10.91328684226798,4.442651256490317,2.4705882352941178,0.06387208872938999,-0.06820825002653308,10.84941475353859
2022-04,2,Category C,76,76,181,52002,C,2022-04-15,2022,12.291666666666666,10.8590374583624,4.330733340286331,2.3815789473684212,-0.05424938390557976,-0.11191791620398561,10.91328684226798
2022-05,1,Category C,104,100,184,50890,C,2022-05-01,2022,12.333333333333334,10.837421719582878,4.6443908991413725,1.7692307692307692,-0.02161573877952172,0.31365755885504143,10.8590374583624
2022-05,2,Category C,103,103,220,51501,C,2022-05-15,2022,12.375,10.849356503939038,4.634728988229636,2.1359223300970873,0.011934784356160577,-0.009661910911736626,10.837421719582878
2022-06,1,Category C,107,107,203,53002,C,2022-06-01,2022,12.416666666666666,10.878084927671337,4.672828834461906,1.897196261682243,0.028728423732298225,0.03809984623226992,10.849356503939038
2022-06,2,Category C,103,103,224,53011,C,2022-06-15,2022,12.458333333333332,10.878254718169137,4.634728988229636,2.174757281553398,0.00016979049780019295,-0.03809984623226992,10.878084927671337
2022-07,1,Category C,102,91,160,54001,C,2022-07-01,2022,12.5,10.896757843893464,4.624972813284271,1.5686274509803921,0.018503125724327774,-0.009756174945365181,10.878254718169137
2022-07,2,Category C,102,98,174,54889,C,2022-07-15,2022,12.541666666666666,10.91306824312329,4.624972813284271,1.7058823529411764,0.016310399229825023,0.0,10.896757843893464
2022-08,1,Category C,95,93,168,56089,C,2022-08-01,2022,12.583333333333334,10.934694993853526,4.553876891600541,1.768421052631579,0.021626750730236566,-0.07109592168372991,10.91306824312329
2022-08,2,Category C,87,87,196,59090,C,2022-08-15,2022,12.625,10.98681698433972,4.465908118654584,2.2528735632183907,0.052121990486194036,-0.08796877294595706,10.934694993853526
2022-09,1,Category C,85,84,179,64989,C,2022-09-01,2022,12.666666666666666,11.0819733037874,4.442651256490317,2.1058823529411765,0.0951563194476801,-0.023256862164267034,10.98681698433972
2022-09,2,Category C,83,75,157,67001,C,2022-09-15,2022,12.708333333333332,11.112462823634855,4.418840607796598,1.891566265060241,0.03048951984745507,-0.023810648693718406,11.0819733037874
2022-10,1,Category C,84,83,148,65991,C,2022-10-01,2022,12.75,11.097273648073832,4.430816798843313,1.7619047619047619,-0.01518917556102295,0.011976191046715101,11.112462823634855
2022-10,2,Category C,91,86,297,70201,C,2022-10-15,2022,12.791666666666666,11.159117834926688,4.51085950651685,3.2637362637362637,0.06184418685285564,0.08004270767353638,11.097273648073832
2022-11,1,Category C,70,69,147,76302,C,2022-11-01,2022,12.833333333333334,11.242454429248802,4.248495242049359,2.1,0.08333659432211427,-0.2623642644674904,11.159117834926688
2022-11,2,Category C,73,73,122,81802,C,2022-11-15,2022,12.875,11.312056972169696,4.290459441148391,1.6712328767123288,0.06960254292089374,0.041964199099031596,11.242454429248802
2022-12,1,Category C,69,68,118,81501,C,2022-12-01,2022,12.916666666666666,11.308370569092329,4.23410650459726,1.710144927536232,-0.0036864030773671175,-0.05635293655113127,11.312056972169696
2022-12,2,Category C,69,60,147,78200,C,2022-12-15,2022,12.958333333333332,11.267024926533402,4.23410650459726,2.130434782608696,-0.0413456425589267,0.0,11.308370569092329
2023-01,1,Category C,70,70,183,77301,C,2023-01-01,2023,13.0,11.255462171102444,4.248495242049359,2.6142857142857143,-0.011562755430958305,0.014388737452099676,11.267024926533402
2023-01,2,Category C,78,74,182,77109,C,2023-01-15,2023,13.041666666666666,11.252975284256337,4.356708826689592,2.3333333333333335,-0.0024868868461069837,0.10821358464023234,11.255462171102444
2023-02,1,Category C,44,44,108,85119,C,2023-02-01,2023,13.083333333333334,11.35180555638616,3.784189633918261,2.4545454545454546,0.09883027212982398,-0.5725191927713307,11.252975284256337
2023-02,2,Category C,47,40,136,87790,C,2023-02-15,2023,13.125,11.382702877920254,3.8501476017100584,2.893617021276596,0.03089732153409308,0.06595796779179741,11.35180555638616
2023-03,1,Category C,43,39,65,91101,C,2023-03-01,2023,13.166666666666666,11.419724060136211,3.7612001156935624,1.5116279069767442,0.03702118221595718,-0.08894748601649605,11.382702877920254
2023-03,2,Category C,50,42,107,85389,C,2023-03-15,2023,13.208333333333332,11.354972565859896,3.912023005428146,2.14,-0.06475149427631521,0.15082288973458358,11.419724060136211
2023-04,1,Category C,47,47,103,76801,C,2023-04-01,2023,13.25,11.248972939884327,3.8501476017100584,2.1914893617021276,-0.10599962597556889,-0.06187540371808753,11.354972565859896
2023-04,2,Category C,51,47,116,75334,C,2023-04-15,2023,13.291666666666666,11.229686839104678,3.9318256327243257,2.2745098039215685,-0.019286100779648763,0.0816780310142673,11.248972939884327
2023-05,1,Category C,68,68,109,75589,C,2023-05-01,2023,13.333333333333334,11.233066048935585,4.219507705176107,1.6029411764705883,0.003379209830907115,0.28768207245178123,11.229686839104678
2023-05,2,Category C,72,70,148,77501,C,2023-05-15,2023,13.375,11.258046118484,4.276666119016055,2.0555555555555554,0.024980069548414363,0.05715841383994835,11.233066048935585
2023-06,1,Category C,68,60,151,81801,C,2023-06-01,2023,13.416666666666666,11.31204474745499,4.219507705176107,2.2205882352941178,0.053998628970990836,-0.05715841383994835,11.258046118484
2023-06,2,Category C,71,71,178,83140,C,2023-06-15,2023,13.458333333333332,11.328281212806628,4.2626798770413155,2.507042253521127,0.016236465351637364,0.0431721718652085,11.31204474745499
2023-07,1,Category C,77,69,147,82223,C,2023-07-01,2023,13.5,11.317190347258853,4.343805421853684,1.9090909090909092,-0.011090865547775053,0.08112554481236867,11.328281212806628
2023-07,2,Category C,69,69,133,82001,C,2023-07-15,2023,13.541666666666666,11.314486721293981,4.23410650459726,1.9275362318840579,-0.0027036259648713923,-0.10969891725642444,11.317190347258853
2023-08,1,Category C,122,121,222,82100,C,2023-08-01,2023,13.583333333333334,11.31569329544052,4.804021044733257,1.819672131147541,0.0012065741465381308,0.5699145401359971,11.314486721293981
2023-08,2,Category C,114,114,180,82801,C,2023-08-15,2023,13.625,11.324195417595107,4.736198448394496,1.5789473684210527,0.0085021221545869,-0.06782259633876109,11.31569329544052
2023-09,1,Category C,115,115,182,82889,C,2023-09-01,2023,13.666666666666666,11.325257642331353,4.74493212836325,1.5826086956521739,0.0010622247362466197,0.008733679968754515,11.324195417595107
2023-09,2,Category C,114,114,153,83801,C,2023-09-15,2023,13.708333333333332,11.336200219573199,4.736198448394496,1.3421052631578947,0.010942577241845441,-0.008733679968754515,11.325257642331353
2023-10,1,Category C,114,112,191,85900,C,2023-10-01,2023,13.75,11.360939107972346,4.736198448394496,1.6754385964912282,0.024738888399147285,0.0,11.336200219573199
2023-10,2,Category C,114,112,186,84790,C,2023-10-15,2023,13.791666666666666,11.347932890298049,4.736198448394496,1.631578947368421,-0.013006217674297105,0.0,11.360939107972346
2023-11,1,Category C,190,186,281,78001,C,2023-11-01,2023,13.833333333333334,11.264476926102367,5.247024072160486,1.4789473684210526,-0.08345596419568224,0.5108256237659905,11.347932890298049
2023-11,2,Category C,190,186,368,73889,C,2023-11-15,2023,13.875,11.21031924606004,5.247024072160486,1.936842105263158,-0.05415768004232646,0.0,11.264476926102367
2023-12,1,Category C,193,188,346,71001,C,2023-12-01,2023,13.916666666666666,11.170449240431308,5.262690188904886,1.7927461139896372,-0.039870005628731775,0.01566611674439944,11.21031924606004
2023-12,2,Category C,192,189,359,69423,C,2023-12-15,2023,13.958333333333332,11.147973503693782,5.2574953720277815,1.8697916666666667,-0.02247573673752612,-0.0051948168771041026,11.170449240431308
2024-01,1,Category C,193,192,340,67599,C,2024-01-01,2024,14.0,11.121348469022232,5.262690188904886,1.761658031088083,-0.026625034671550196,0.0051948168771041026,11.147973503693782
2024-01,2,Category C,191,187,394,68001,C,2024-01-15,2024,14.041666666666666,11.127277689932466,5.25227342804663,2.06282722513089,0.005929220910234179,-0.010416760858255714,11.121348469022232
2024-02,1,Category C,196,191,366,72001,C,2024-02-01,2024,14.083333333333334,11.184435286790631,5.278114659230517,1.8673469387755102,0.057157596858164794,0.025841231183886926,11.127277689932466
2024-02,2,Category C,199,192,374,73001,C,2024-02-15,2024,14.125,11.19822841866684,5.293304824724492,1.879396984924623,0.01379313187620923,0.01519016549397545,11.184435286790631
2024-03,1,Category C,200,198,303,75599,C,2024-03-01,2024,14.166666666666666,11.233198334566913,5.298317366548036,1.515,0.03496991590007248,0.005012541823544048,11.19822841866684
2024-03,2,Category C,202,202,313,70112,C,2024-03-15,2024,14.208333333333332,11.157849242395192,5.308267697401205,1.5495049504950495,-0.07534909217172014,0.009950330853168765,11.233198334566913
2024-04,1,Category C,197,196,365,67501,C,2024-04-01,2024,14.25,11.119897691565697,5.2832037287379885,1.8527918781725887,-0.03795155082949542,-0.025063968663216585,11.157849242395192
2024-04,2,Category C,195,193,332,68502,C,2024-04-15,2024,14.291666666666666,11.134618220904382,5.272999558563747,1.7025641025641025,0.014720529338685395,-0.010204170174241689,11.119897691565697
2024-05,1,Category C,206,181,350,70001,C,2024-05-01,2024,14.333333333333334,11.156264806643742,5.327876168789581,1.6990291262135921,0.021646585739359736,0.054876610225834455,11.134618220904382
2024-05,2,Category C,207,198,382,72001,C,2024-05-15,2024,14.375,11.184435286790631,5.332718793265369,1.8454106280193237,0.02817048014688872,0.004842624475787538,11.156264806643742
2024-06,1,Category C,230,222,334,70589,C,2024-06-01,2024,14.416666666666666,11.164629603976666,5.438079308923196,1.4521739130434783,-0.01980568281396522,0.10536051565782678,11.184435286790631
2024-06,2,Category C,214,206,291,69900,C,2024-06-15,2024,14.458333333333332,11.154820928221902,5.365976015021851,1.3598130841121496,-0.00980867575476374,-0.0721032939013444,11.164629603976666
2024-07,1,Category C,214,213,325,70001,C,2024-07-01,2024,14.5,11.156264806643742,5.365976015021851,1.5186915887850467,0.001443878421840239,0.0,11.154820928221902
2024-07,2,Category C,214,214,355,70601,C,2024-07-15,2024,14.541666666666666,11.16479958768697,5.365976015021851,1.658878504672897,0.008534781043227468,0.0,11.156264806643742
2024-08,1,Category C,218,218,312,71100,C,2024-08-01,2024,14.583333333333334,11.171842615791332,5.384495062789089,1.4311926605504588,0.007043028104362747,0.018519047767237673,11.16479958768697
2024-08,2,Category C,216,215,333,72400,C,2024-08-15,2024,14.625,11.189961578373808,5.375278407684165,1.5416666666666667,0.018118962582475362,-0.009216655104923532,11.171842615791332
2024-09,1,Category C,216,215,324,74001,C,2024-09-01,2024,14.666666666666666,11.211833885608513,5.375278407684165,1.5,0.021872307234705346,0.0,11.189961578373808
2024-09,2,Category C,217,212,318,74000,C,2024-09-15,2024,14.708333333333332,11.211820372186306,5.37989735354046,1.4654377880184333,-1.3513422207012127e-05,0.00461894585629441,11.211833885608513
2024-10,1,Category C,218,216,321,75009,C,2024-10-01,2024,14.75,11.225363385319023,5.384495062789089,1.4724770642201834,0.013543013132716553,0.004597709248629123,11.211820372186306
2024-10,2,Category C,222,222,337,72939,C,2024-10-15,2024,14.791666666666666,11.197378754370144,5.402677381872279,1.518018018018018,-0.02798463094887893,0.018182319083190457,11.225363385319023
2024-11,1,Category C,236,209,365,68340,C,2024-11-01,2024,14.833333333333334,11.132250525669283,5.4638318050256105,1.5466101694915255,-0.06512822870086055,0.061154423153331194,11.197378754370144
2024-11,2,Category C,235,214,378,69000,C,2024-11-15,2024,14.875,11.141861783579396,5.459585514144159,1.6085106382978724,0.009611257910112414,-0.004246290881451564,11.132250525669283
2024-12,1,Category C,262,249,418,70289,C,2024-12-01,2024,14.916666666666666,11.16037059329396,5.568344503761097,1.5954198473282444,0.018508809714564478,0.10875898961693764,11.141861783579396
2024-12,2,Category C,255,255,400,69890,C,2024-12-15,2024,14.958333333333332,11.154677856471174,5.541263545158426,1.5686274509803921,-0.0056927368227857045,-0.02708095860267079,11.16037059329396
2025-01,1,Category C,248,246,364,67891,C,2025-01-01,2025,15.0,11.125658756897037,5.5134287461649825,1.467741935483871,-0.029019099574137286,-0.02783479899344332,11.154677856471174
2025-01,2,Category C,234,233,373,65476,C,2025-01-15,2025,15.041666666666666,11.089438942264245,5.455321115357702,1.5940170940170941,-0.036219814632792335,-0.05810763080728076,11.125658756897037
2025-02,1,Category C,260,256,394,62506,C,2025-02-01,2025,15.083333333333334,11.043017831116789,5.560681631015528,1.5153846153846153,-0.04642111114745617,0.10536051565782589,11.089438942264245
2025-02,2,Category C,259,240,430,65189,C,2025-02-15,2025,15.125,11.08504602202489,5.556828061699537,1.6602316602316602,0.04202819090810195,-0.003853569315990235,11.043017831116789
2025-03,1,Category C,262,253,413,67001,C,2025-03-01,2025,15.166666666666666,11.112462823634855,5.568344503761097,1.5763358778625953,0.027416801609964736,0.011516442061559218,11.08504602202489
2025-03,2,Category C,277,275,469,70089,C,2025-03-15,2025,15.208333333333332,11.157521142022066,5.6240175061873385,1.6931407942238268,0.04505831838721086,0.05567300242624196,11.112462823634855
2025-04,1,Category C,267,267,382,68782,C,2025-04-01,2025,15.25,11.138697361783906,5.58724865840025,1.4307116104868913,-0.01882378023815967,-0.03676884778708889,11.157521142022066
2025-04,2,Category C,260,260,399,65001,C,2025-04-15,2025,15.291666666666666,11.082157933374816,5.560681631015528,1.5346153846153847,-0.05653942840909032,-0.026567027384722053,11.138697361783906
2025-05,1,Category C,271,266,386,62590,C,2025-05-01,2025,15.333333333333334,11.044360799918747,5.602118820879701,1.4243542435424354,-0.03779713345606872,0.04143718986417344,11.082157933374816
2025-05,2,Category C,271,271,382,63189,C,2025-05-15,2025,15.375,11.053885514353468,5.602118820879701,1.4095940959409594,0.009524714434720138,0.0,11.044360799918747
2025-06,1,Category C,276,256,386,62000,C,2025-06-01,2025,15.416666666666666,11.03488966402723,5.62040086571715,1.3985507246376812,-0.018995850326238184,0.018282044837448552,11.053885514353468
2025-06,2,Category C,271,270,393,65000,C,2025-06-15,2025,15.458333333333332,11.082142548877775,5.602118820879701,1.4501845018450183,0.04725288485054513,-0.018282044837448552,11.03488966402723
2025-07,1,Category C,291,275,432,66689,C,2025-07-01,2025,15.5,11.107795300762092,5.673323267171493,1.4845360824742269,0.025652751884317482,0.07120444629179179,11.082142548877775
2025-07,2,Category C,271,271,405,68600,C,2025-07-15,2025,15.541666666666666,11.136047813713976,5.602118820879701,1.4944649446494465,0.0282525129518838,-0.07120444629179179,11.107795300762092
2025-08,1,Category C,290,281,422,70001,C,2025-08-01,2025,15.583333333333334,11.156264806643742,5.66988092298052,1.4551724137931035,0.02021699292976642,0.06776210210081857,11.136047813713976
2025-08,2,Category C,273,271,472,72190,C,2025-08-15,2025,15.625,11.187056811133207,5.60947179518496,1.728937728937729,0.03079200448946473,-0.06040912779555985,11.156264806643742
2025-09,1,Category C,283,282,401,71556,C,2025-09-01,2025,15.666666666666666,11.178235638911106,5.645446897643238,1.4169611307420495,-0.00882117222210077,0.03597510245827795,11.187056811133207
2025-09,2,Category C,276,274,413,72501,C,2025-09-15,2025,15.708333333333332,11.19135563385109,5.62040086571715,1.4963768115942029,0.01311999493998428,-0.02504603192608812,11.178235638911106
2025-10,1,Category C,274,273,424,74301,C,2025-10-01,2025,15.75,11.215879689565481,5.6131281063880705,1.5474452554744527,0.02452405571439087,-0.007272759329079115,11.19135563385109
2025-10,2,Category C,276,276,427,76801,C,2025-10-15,2025,15.791666666666666,11.248972939884327,5.62040086571715,1.5471014492753623,0.03309325031884569,0.007272759329079115,11.215879689565481
2025-11,1,Category C,283,279,434,76000,C,2025-11-01,2025,15.833333333333334,11.238488619268468,5.645446897643238,1.5335689045936396,-0.010484320615859133,0.02504603192608812,11.248972939884327
2025-11,2,Category C,282,278,406,76389,C,2025-11-15,2025,15.875,11.24359398573104,5.641907070938114,1.4397163120567376,0.005105366462572647,-0.003539826705123872,11.238488619268468
2025-12,1,Category C,286,281,370,76501,C,2025-12-01,2025,15.916666666666666,11.245059091624615,5.655991810819852,1.2937062937062938,0.0014651058935744032,0.014084739881738528,11.24359398573104
2025-12,2,Category C,286,285,407,77003,C,2025-12-15,2025,15.958333333333332,11.25159966111582,5.655991810819852,1.4230769230769231,0.006540569491205517,0.0,11.245059091624615
2026-01,1,Category C,287,286,394,75503,C,2026-01-01,2026,16.0,11.231927669547035,5.659482215759621,1.372822299651568,-0.019671991568785074,0.003490404939769043,11.25159966111582
2026-01,2,Category C,283,280,434,75202,C,2026-01-15,2026,16.041666666666668,11.227933105328951,5.645446897643238,1.5335689045936396,-0.003994564218084307,-0.0140353181163837,11.231927669547035
2026-02,1,Category C,292,292,420,74801,C,2026-02-01,2026,16.083333333333332,11.222586532857163,5.676753802268282,1.4383561643835616,-0.005346572471788491,0.03130690462504404,11.227933105328951
2026-02,2,Category C,294,294,502,74999,C,2026-02-15,2026,16.125,11.225230059096225,5.683579767338681,1.7074829931972788,0.002643526239062055,0.0068259650703996755,11.222586532857163
2026-03,1,Category C,290,285,488,76000,C,2026-03-01,2026,16.166666666666668,11.238488619268468,5.66988092298052,1.6827586206896552,0.01325856017224325,-0.013698844358161821,11.225230059096225
2026-03,2,Category C,290,290,438,78000,C,2026-03-15,2026,16.208333333333336,11.26446410567173,5.66988092298052,1.5103448275862068,0.025975486403261527,0.0,11.238488619268468
2026-04,1,Category C,295,292,539,80001,C,2026-04-01,2026,16.25,11.289794413577894,5.68697535633982,1.8271186440677967,0.02533030790616486,0.01709443335930061,11.26446410567173
2026-04,2,Category C,290,288,494,83501,C,2026-04-15,2026,16.291666666666668,11.332613886815139,5.66988092298052,1.703448275862069,0.042819473237244665,-0.01709443335930061,11.289794413577894
2026-05,1,Category C,293,291,511,87479,C,2026-05-01,2026,16.333333333333332,11.379154043541098,5.680172609017068,1.7440273037542662,0.04654015672595868,0.010291686036548064,11.332613886815139
2026-05,2,Category C,292,292,468,92223,C,2026-05-15,2026,16.375,11.431964836135938,5.676753802268282,1.6027397260273972,0.05281079259484045,-0.0034188067487859186,11.379154043541098
2026-06,1,Category C,293,287,453,94000,C,2026-06-01,2026,16.416666666666668,11.451050061252142,5.680172609017068,1.546075085324232,0.019085225116203475,0.0034188067487859186,11.431964836135938
2026-06,2,Category C,291,280,390,93001,C,2026-06-15,2026,16.458333333333336,11.440365524765756,5.673323267171493,1.3402061855670102,-0.010684536486385454,-0.006849341845574841,11.451050061252142
2026-07,1,Category C,296,287,442,95000,C,2026-07-01,2026,16.5,11.461632170582678,5.69035945432406,1.4932432432432432,0.02126664581692239,0.017036187152567273,11.440365524765756
2026-07,2,Category C,301,301,430,93889,C,2026-07-15,2026,16.541666666666668,11.449868512434344,5.707110264748875,1.4285714285714286,-0.011763658148334244,0.0167508104248153,11.461632170582678
2026-08,1,Category C,315,311,465,91545,C,2026-08-01,2026,16.583333333333332,11.424585933646705,5.752572638825633,1.4761904761904763,-0.025282578787638954,0.04546237407675768,11.449868512434344
2010-01,1,Category D,373,365,509,889,D,2010-01-01,2010,0.0,6.790097235513905,5.921578419643816,1.3646112600536193,,,
2010-01,2,Category D,378,378,551,852,D,2010-01-15,2010,0.041666666666666664,6.747586526829315,5.934894195619588,1.4576719576719577,-0.04251070868458928,0.013315775975772048,6.790097235513905
2010-02,1,Category D,371,349,525,852,D,2010-02-01,2010,0.08333333333333333,6.747586526829315,5.916202062607435,1.4150943396226414,0.0,-0.018692133012153,6.747586526829315
2010-02,2,Category D,363,355,472,1001,D,2010-02-15,2010,0.125,6.90875477931522,5.8944028342648505,1.300275482093664,0.16116825248590505,-0.02179922834258452,6.747586526829315
2010-03,1,Category D,385,383,467,1159,D,2010-03-01,2010,0.16666666666666666,7.055312843339752,5.953243334287785,1.212987012987013,0.1465580640245312,0.05884050002293417,6.90875477931522
2010-03,2,Category D,371,368,495,1200,D,2010-03-15,2010,0.20833333333333331,7.090076835776092,5.916202062607435,1.3342318059299192,0.034763992436340097,-0.03704127168034965,7.055312843339752
2010-04,1,Category D,338,334,409,1221,D,2010-04-01,2010,0.25,7.107425474110705,5.823045895483019,1.2100591715976332,0.017348638334612865,-0.0931561671244161,7.090076835776092
2010-04,2,Category D,339,311,383,1253,D,2010-04-15,2010,0.2916666666666667,7.133295954896068,5.82600010738045,1.1297935103244838,0.025870480785363803,0.0029542118974310583,7.107425474110705
2010-05,1,Category D,340,317,415,1252,D,2010-05-01,2010,0.3333333333333333,7.132497551660044,5.8289456176102075,1.2205882352941178,-0.0007984032360246474,0.002945510229757531,7.133295954896068
2010-05,2,Category D,364,360,468,1312,D,2010-05-15,2010,0.375,7.179307969504034,5.8971538676367405,1.2857142857142858,0.046810417843990315,0.06820825002653308,7.132497551660044
2010-06,1,Category D,359,344,504,1452,D,2010-06-01,2010,0.4166666666666667,7.280697195384741,5.883322388488279,1.4038997214484679,0.1013892258807072,-0.013831479148461945,7.179307969504034
2010-06,2,Category D,340,339,376,1454,D,2010-06-15,2010,0.45833333333333337,7.282073658093465,5.8289456176102075,1.1058823529411765,0.0013764627087233805,-0.054376770878071135,7.280697195384741
2010-07,1,Category D,351,347,476,1320,D,2010-07-01,2010,0.5,7.1853870155804165,5.860786223465865,1.3561253561253561,-0.09668664251304815,0.031840605855657955,7.282073658093465
2010-07,2,Category D,337,334,372,1290,D,2010-07-15,2010,0.5416666666666666,7.162397497355718,5.820082930352362,1.1038575667655786,-0.022989518224698635,-0.04070329311350385,7.1853870155804165
2010-08,1,Category D,336,326,384,1301,D,2010-08-01,2010,0.5833333333333334,7.170888478512505,5.817111159963204,1.1428571428571428,0.008490981156787036,-0.002971770389157413,7.162397497355718
2010-08,2,Category D,335,330,369,1251,D,2010-08-15,2010,0.625,7.1316985104669115,5.814130531825066,1.1014925373134328,-0.03918996804559338,-0.0029806281381379307,7.170888478512505
2010-09,1,Category D,342,329,453,1502,D,2010-09-01,2010,0.6666666666666666,7.31455283232408,5.834810737062605,1.3245614035087718,0.18285432185716832,0.02068020523753855,7.1316985104669115
2010-09,2,Category D,338,337,364,1452,D,2010-09-15,2010,0.7083333333333333,7.280697195384741,5.823045895483019,1.0769230769230769,-0.033855636939338574,-0.011764841579585905,7.31455283232408
2010-10,1,Category D,345,320,422,1502,D,2010-10-01,2010,0.75,7.31455283232408,5.84354441703136,1.2231884057971014,0.033855636939338574,0.02049852154834131,7.280697195384741
2010-10,2,Category D,333,304,430,1689,D,2010-10-15,2010,0.7916666666666666,7.4318919168078,5.808142489980444,1.2912912912912913,0.11733908448371988,-0.03540192705091627,7.31455283232408
2010-11,1,Category D,357,352,414,1452,D,2010-11-01,2010,0.8333333333333334,7.280697195384741,5.877735781779639,1.1596638655462186,-0.15119472142305845,0.06959329179919482,7.4318919168078
2010-11,2,Category D,361,324,424,1502,D,2010-11-15,2010,0.875,7.31455283232408,5.8888779583328805,1.1745152354570638,0.033855636939338574,0.01114217655324179,7.280697195384741
2010-12,1,Category D,337,329,410,1701,D,2010-12-01,2010,0.9166666666666666,7.438971592395862,5.820082930352362,1.2166172106824926,0.12441876007178188,-0.06879502798051895,7.31455283232408
2010-12,2,Category D,369,362,406,1551,D,2010-12-15,2010,0.9583333333333333,7.346655163176539,5.910796644040527,1.100271002710027,-0.0923164292193226,0.0907137136881655,7.438971592395862
2011-01,1,Category D,340,337,398,1503,D,2011-01-01,2011,1.0,7.315218389752975,5.8289456176102075,1.1705882352941177,-0.031436773423564546,-0.0818510264303196,7.346655163176539
2011-01,2,Category D,339,335,458,1690,D,2011-01-15,2011,1.0416666666666667,7.432483807917119,5.82600010738045,1.351032448377581,0.11726541816414482,-0.002945510229757531,7.315218389752975
2011-02,1,Category D,328,328,417,1819,D,2011-02-01,2011,1.0833333333333333,7.506042178518122,5.793013608384144,1.271341463414634,0.07355837060100257,-0.03298649899630579,7.432483807917119
2011-02,2,Category D,330,294,461,2001,D,2011-02-15,2011,1.125,7.601402334583733,5.799092654460526,1.396969696969697,0.09536015606561143,0.006079046076381545,7.506042178518122
2011-03,1,Category D,325,310,490,2604,D,2011-03-01,2011,1.1666666666666667,7.86480400332846,5.783825182329737,1.5076923076923077,0.26340166874472626,-0.015267472130788384,7.601402334583733
2011-03,2,Category D,362,362,429,2534,D,2011-03-15,2011,1.2083333333333335,7.837554360881084,5.8916442118257715,1.1850828729281768,-0.0272496424473756,0.10781902949603417,7.86480400332846
2011-04,1,Category D,340,335,500,2490,D,2011-04-01,2011,1.25,7.820037989458753,5.8289456176102075,1.4705882352941178,-0.017516371422330757,-0.06269859421556401,7.837554360881084
2011-04,2,Category D,326,326,478,2502,D,2011-04-15,2011,1.2916666666666667,7.824845691026856,5.786897381366708,1.4662576687116564,0.004807701568102729,-0.04204823624349974,7.820037989458753
2011-05,1,Category D,330,328,481,2253,D,2011-05-01,2011,1.3333333333333333,7.720017940432244,5.799092654460526,1.4575757575757575,-0.10482775059461158,0.01219527309381796,7.824845691026856
2011-05,2,Category D,326,324,486,2013,D,2011-05-15,2011,1.375,7.607381425639791,5.786897381366708,1.49079754601227,-0.11263651479245329,-0.01219527309381796,7.720017940432244
2011-06,1,Category D,327,327,507,2491,D,2011-06-01,2011,1.4166666666666667,7.820439515262181,5.7899601708972535,1.5504587155963303,0.2130580896223897,0.0030627895305457287,7.607381425639791
2011-06,2,Category D,328,322,367,2290,D,2011-06-15,2011,1.4583333333333335,7.736307096548285,5.793013608384144,1.1189024390243902,-0.08413241871389587,0.0030534374868906866,7.820439515262181
2011-07,1,Category D,325,323,369,2360,D,2011-07-01,2011,1.5,7.7664168980196555,5.783825182329737,1.1353846153846154,0.030109801471370545,-0.00918842605440684,7.736307096548285
2011-07,2,Category D,332,332,496,2012,D,2011-07-15,2011,1.5416666666666667,7.60688453121963,5.805134968916488,1.4939759036144578,-0.15953236680002547,0.021309786586750867,7.7664168980196555
2011-08,1,Category D,390,390,470,1890,D,2011-08-01,2011,1.5833333333333335,7.5443321080536885,5.966146739123692,1.205128205128205,-0.06255242316594156,0.16101177020720403,7.60688453121963
2011-08,2,Category D,387,382,471,1999,D,2011-08-15,2011,1.6250000000000002,7.6004023345004,5.958424693029782,1.2170542635658914,0.056070226446711224,-0.007722046093910251,7.5443321080536885
2011-09,1,Category D,388,382,532,2339,D,2011-09-01,2011,1.6666666666666665,7.757478766584179,5.961005339623274,1.3711340206185567,0.15707643208377942,0.0025806465934916645,7.6004023345004
2011-09,2,Category D,392,392,492,2109,D,2011-09-15,2011,1.7083333333333333,7.653969180478774,5.971261839790462,1.2551020408163265,-0.10350958610540495,0.010256500167188598,7.757478766584179
2011-10,1,Category D,394,394,486,2078,D,2011-10-01,2011,1.75,7.639161171659173,5.976350909297934,1.233502538071066,-0.014808008819601426,0.005089069507471677,7.653969180478774
2011-10,2,Category D,387,380,486,2091,D,2011-10-15,2011,1.7916666666666667,7.645397699428633,5.958424693029782,1.255813953488372,0.006236527769460487,-0.01792621626815194,7.639161171659173
2011-11,1,Category D,388,359,429,2012,D,2011-11-01,2011,1.8333333333333335,7.60688453121963,5.961005339623274,1.1056701030927836,-0.03851316820900319,0.0025806465934916645,7.645397699428633
2011-11,2,Category D,394,389,469,1889,D,2011-11-15,2011,1.8750000000000002,7.543802867501509,5.976350909297934,1.1903553299492386,-0.06308166371812085,0.015345569674660275,7.60688453121963
2011-12,1,Category D,416,415,451,1902,D,2011-12-01,2011,1.9166666666666665,7.550661243105336,6.030685260261263,1.0841346153846154,0.0068583756038265165,0.05433435096332939,7.543802867501509
2011-12,2,Category D,392,386,456,1481,D,2011-12-15,2011,1.9583333333333333,7.300472814267799,5.971261839790462,1.163265306122449,-0.25018842883753667,-0.05942342047080107,7.550661243105336
2012-01,1,Category D,388,386,434,1682,D,2012-01-01,2012,2.0,7.427738840532894,5.961005339623274,1.1185567010309279,0.12726602626509464,-0.010256500167188598,7.300472814267799
2012-01,2,Category D,393,390,517,1552,D,2012-01-15,2012,2.0416666666666665,7.347299700743164,5.973809611869261,1.3155216284987277,-0.08043913978972927,0.012804272245987569,7.427738840532894
2012-02,1,Category D,412,409,512,1802,D,2012-02-01,2012,2.0833333333333335,7.496652438168283,6.021023349349527,1.2427184466019416,0.14935273742511868,0.04721373748026547,7.347299700743164
2012-02,2,Category D,413,389,509,2012,D,2012-02-15,2012,2.125,7.60688453121963,6.023447592961033,1.2324455205811138,0.11023209305134696,0.0024242436115065047,7.496652438168283
2012-03,1,Category D,413,407,474,1490,D,2012-03-01,2012,2.1666666666666665,7.306531398939505,6.023447592961033,1.1476997578692494,-0.30035313228012495,0.0,7.60688453121963
2012-03,2,Category D,434,433,584,2000,D,2012-03-15,2012,2.208333333333333,7.600902459542082,6.073044534100405,1.3456221198156681,0.2943710606025771,0.049596941139371964,7.306531398939505
2012-04,1,Category D,416,416,542,1896,D,2012-04-01,2012,2.25,7.547501682814967,6.030685260261263,1.3028846153846154,-0.05340077672711541,-0.04235927383914184,7.600902459542082
2012-04,2,Category D,411,411,526,1924,D,2012-04-15,2012,2.2916666666666665,7.562161631225652,6.018593214496234,1.2798053527980535,0.014659948410685075,-0.012092045765029091,7.547501682814967
2012-05,1,Category D,410,410,514,2021,D,2012-05-01,2012,2.3333333333333335,7.611347717403621,6.016157159698354,1.2536585365853659,0.04918608617796938,-0.002436054797880338,7.562161631225652
2012-05,2,Category D,410,410,520,1890,D,2012-05-15,2012,2.375,7.5443321080536885,6.016157159698354,1.2682926829268293,-0.06701560934993278,0.0,7.611347717403621
2012-06,1,Category D,410,368,569,1912,D,2012-06-01,2012,2.4166666666666665,7.555905093611346,6.016157159698354,1.3878048780487804,0.011572985557657844,0.0,7.5443321080536885
2012-06,2,Category D,410,393,517,1712,D,2012-06-15,2012,2.458333333333333,7.445417556701687,6.016157159698354,1.2609756097560976,-0.11048753690965896,0.0,7.555905093611346
2012-07,1,Category D,451,442,592,1760,D,2012-07-01,2012,2.5,7.473069088032197,6.111467339502679,1.312638580931264,0.027651531330509904,0.09531017980432477,7.445417556701687
2012-07,2,Category D,426,425,531,1859,D,2012-07-15,2012,2.5416666666666665,7.527793987721444,6.054439346269371,1.2464788732394365,0.054724899689246875,-0.05702799323330776,7.473069088032197
2012-08,1,Category D,456,453,659,2081,D,2012-08-01,2012,2.5833333333333335,7.640603826393634,6.1224928095143865,1.4451754385964912,0.11280983867218985,0.0680534632450156,7.527793987721444
2012-08,2,Category D,448,444,535,2013,D,2012-08-15,2012,2.625,7.607381425639791,6.104793232414985,1.1941964285714286,-0.03322240075384286,-0.01769957709940151,7.640603826393634
2012-09,1,Category D,450,450,575,1801,D,2012-09-01,2012,2.6666666666666665,7.496097345175956,6.1092475827643655,1.2777777777777777,-0.11128408046383509,0.004454350349380576,7.607381425639791
2012-09,2,Category D,450,434,566,1852,D,2012-09-15,2012,2.708333333333333,7.524021415206125,6.1092475827643655,1.2577777777777779,0.027924070030168835,0.0,7.496097345175956
2012-10,1,Category D,447,413,631,1912,D,2012-10-01,2012,2.75,7.555905093611346,6.102558594613569,1.4116331096196868,0.03188367840522144,-0.006688988150796327,7.524021415206125
2012-10,2,Category D,463,462,605,1920,D,2012-10-15,2012,2.7916666666666665,7.560080465021827,6.137727054086234,1.306695464362851,0.004175371410481077,0.03516845947266489,7.555905093611346
2012-11,1,Category D,481,478,580,1959,D,2012-11-01,2012,2.8333333333333335,7.580189417944541,6.175867270105761,1.2058212058212059,0.02010895292271364,0.038140216019526996,7.560080465021827
2012-11,2,Category D,448,441,523,1689,D,2012-11-15,2012,2.875,7.4318919168078,6.104793232414985,1.1674107142857142,-0.14829750113674134,-0.07107403769077614,7.580189417944541
2012-12,1,Category D,450,435,602,1612,D,2012-12-01,2012,2.9166666666666665,7.385230923066573,6.1092475827643655,1.3377777777777777,-0.04666099374122634,0.004454350349380576,7.4318919168078
2012-12,2,Category D,454,440,522,1701,D,2012-12-15,2012,2.958333333333333,7.438971592395862,6.118097198041348,1.1497797356828194,0.05374066932928834,0.008849615276982803,7.385230923066573
2013-01,1,Category D,462,462,523,1933,D,2013-01-01,2013,3.0,7.566828479208331,6.135564891081739,1.132034632034632,0.1278568868124692,0.01746769304039031,7.438971592395862
2013-01,2,Category D,461,461,530,1781,D,2013-01-15,2013,3.0416666666666665,7.484930283289661,6.133398042996649,1.1496746203904555,-0.08189819591866954,-0.002166848085090045,7.566828479208331
2013-02,1,Category D,506,502,637,1782,D,2013-02-01,2013,3.0833333333333335,7.485491608030754,6.226536669287466,1.2588932806324111,0.000561324741092939,0.09313862629081715,7.484930283289661
2013-02,2,Category D,506,469,589,1512,D,2013-02-15,2013,3.125,7.321188556739478,6.226536669287466,1.1640316205533596,-0.16430305129127643,0.0,7.485491608030754
2013-03,1,Category D,510,510,669,1895,D,2013-03-01,2013,3.1666666666666665,7.546974117516527,6.234410725718371,1.311764705882353,0.22578556077704892,0.00787405643090544,7.321188556739478
2013-03,2,Category D,543,543,634,1909,D,2013-03-15,2013,3.208333333333333,7.554334823725748,6.297109319933935,1.167587476979742,0.007360706209221135,0.06269859421556401,7.546974117516527
2013-04,1,Category D,506,412,680,1812,D,2013-04-01,2013,3.25,7.502186486602924,6.226536669287466,1.3438735177865613,-0.05214833712282374,-0.07057265064646945,7.554334823725748
2013-04,2,Category D,506,505,545,1791,D,2013-04-15,2013,3.2916666666666665,7.490529402060711,6.226536669287466,1.0770750988142292,-0.011657084542212814,0.0,7.502186486602924
2013-05,1,Category D,600,595,719,1700,D,2013-05-01,2013,3.3333333333333335,7.438383530044307,6.396929655216146,1.1983333333333333,-0.052145872016404304,0.17039298592868057,7.490529402060711
2013-05,2,Category D,507,459,642,1663,D,2013-05-15,2013,3.375,7.416378479192928,6.2285110035911835,1.2662721893491125,-0.02200505085137916,-0.16841865162496283,7.438383530044307
2013-06,1,Category D,511,479,616,1701,D,2013-06-01,2013,3.4166666666666665,7.438971592395862,6.236369590203704,1.2054794520547945,0.02259311320293378,0.007858586612520924,7.416378479192928
2013-06,2,Category D,554,534,647,1712,D,2013-06-15,2013,3.458333333333333,7.445417556701687,6.317164686747284,1.167870036101083,0.006445964305825669,0.08079509654357953,7.438971592395862
2013-07,1,Category D,538,536,679,1610,D,2013-07-01,2013,3.5,7.383989457978509,6.2878585601617845,1.262081784386617,-0.06142809872317834,-0.02930612658549947,7.445417556701687
2013-07,2,Category D,526,516,652,1712,D,2013-07-15,2013,3.5416666666666665,7.445417556701687,6.26530121273771,1.2395437262357414,0.06142809872317834,-0.022557347424074337,7.383989457978509
2013-08,1,Category D,482,481,568,1792,D,2013-08-01,2013,3.5833333333333335,7.491087593534876,6.1779441140506,1.1784232365145229,0.04567003683318838,-0.08735709868710995,7.445417556701687
2013-08,2,Category D,491,449,615,1722,D,2013-08-15,2013,3.625,7.451241684987676,6.19644412779452,1.2525458248472505,-0.039845908547199826,0.018500013743920185,7.491087593534876
2013-09,1,Category D,481,481,569,1660,D,2013-09-01,2013,3.6666666666666665,7.414572881350589,6.175867270105761,1.182952182952183,-0.036668803637087244,-0.020576857688759276,7.451241684987676
2013-09,2,Category D,523,521,579,1703,D,2013-09-15,2013,3.708333333333333,7.440146680662688,6.259581464064923,1.107074569789675,0.025573799312099688,0.08371419395916213,7.414572881350589
2013-10,1,Category D,481,475,567,1961,D,2013-10-01,2013,3.75,7.581209826196346,6.175867270105761,1.1787941787941787,0.14106314553365795,-0.08371419395916213,7.440146680662688
2013-10,2,Category D,482,481,586,1804,D,2013-10-15,2013,3.7916666666666665,7.4977617006225685,6.1779441140506,1.2157676348547717,-0.08344812557377779,0.0020768439448390907,7.581209826196346
2013-11,1,Category D,487,487,569,1710,D,2013-11-01,2013,3.8333333333333335,7.444248649496705,6.18826412308259,1.1683778234086242,-0.05351305112586324,0.010320009031989485,7.4977617006225685
2013-11,2,Category D,481,437,543,1712,D,2013-11-15,2013,3.875,7.445417556701687,6.175867270105761,1.1288981288981288,0.0011689072049820837,-0.012396852976828576,7.444248649496705
2013-12,1,Category D,481,473,647,1782,D,2013-12-01,2013,3.9166666666666665,7.485491608030754,6.175867270105761,1.345114345114345,0.04007405132906694,0.0,7.445417556701687
2013-12,2,Category D,524,501,680,1812,D,2013-12-15,2013,3.958333333333333,7.502186486602924,6.261491684321042,1.297709923664122,0.01669487857216989,0.08562441421528089,7.485491608030754
2014-01,1,Category D,489,487,542,1989,D,2014-01-01,2014,4.0,7.5953872788539725,6.192362489474872,1.1083844580777096,0.09320079225104827,-0.06912919484616964,7.502186486602924
2014-01,2,Category D,503,503,796,2704,D,2014-01-15,2014,4.041666666666667,7.902487437162855,6.220590170099739,1.5825049701789264,0.3071001583088826,0.028227680624866913,7.5953872788539725
2014-02,1,Category D,361,353,550,3051,D,2014-02-01,2014,4.083333333333333,8.02322468471667,5.8888779583328805,1.5235457063711912,0.12073724755381487,-0.3317122117668587,7.902487437162855
2014-02,2,Category D,360,359,478,3501,D,2014-02-15,2014,4.125,8.160803920954665,5.886104031450156,1.3277777777777777,0.13757923623799506,-0.0027739268827247088,8.02322468471667
2014-03,1,Category D,368,340,483,4001,D,2014-03-01,2014,4.166666666666667,8.294299608857235,5.908082938168931,1.3125,0.13349568790257038,0.02197890671877545,8.160803920954665
2014-03,2,Category D,360,355,449,4289,D,2014-03-15,2014,4.208333333333334,8.36380888451688,5.886104031450156,1.2472222222222222,0.06950927565964449,-0.02197890671877545,8.294299608857235
2014-04,1,Category D,388,388,520,4489,D,2014-04-01,2014,4.25,8.409385238781931,5.961005339623274,1.3402061855670102,0.04557635426505158,0.0749013081731178,8.36380888451688
2014-04,2,Category D,365,350,492,4502,D,2014-04-15,2014,4.291666666666667,8.412277021466677,5.8998973535824915,1.347945205479452,0.0028917826847454364,-0.06110798604078216,8.409385238781931
2014-05,1,Category D,343,340,445,4001,D,2014-05-01,2014,4.333333333333333,8.294299608857235,5.8377304471659395,1.2973760932944607,-0.1179774126094415,-0.06216690641655198,8.412277021466677
2014-05,2,Category D,358,316,492,4003,D,2014-05-15,2014,4.375,8.294799358992574,5.8805329864007,1.3743016759776536,0.0004997501353383171,0.04280253923476085,8.294299608857235
2014-06,1,Category D,346,346,449,4089,D,2014-06-01,2014,4.416666666666667,8.316055720364643,5.846438775057725,1.2976878612716762,0.02125636137206932,-0.03409421134297563,8.294799358992574
2014-06,2,Category D,385,381,503,3890,D,2014-06-15,2014,4.458333333333334,8.266164436612492,5.953243334287785,1.3064935064935066,-0.04989128375215124,0.10680455923005994,8.316055720364643
2014-07,1,Category D,344,343,415,4001,D,2014-07-01,2014,4.5,8.294299608857235,5.840641657373398,1.2063953488372092,0.0281351722447436,-0.1126016769143865,8.266164436612492
2014-07,2,Category D,347,341,410,4252,D,2014-07-15,2014,4.541666666666667,8.355144739461839,5.849324779946859,1.181556195965418,0.06084513060460317,0.008683122573461155,8.294299608857235
2014-08,1,Category D,316,315,360,4353,D,2014-08-01,2014,4.583333333333333,8.378620541552298,5.755742213586912,1.139240506329114,0.023475802090459297,-0.093582566359947,8.355144739461839
2014-08,2,Category D,322,317,361,4354,D,2014-08-15,2014,4.625,8.378850241794492,5.7745515455444085,1.1211180124223603,0.00022970024219404195,0.018809331957496234,8.378620541552298
2014-09,1,Category D,316,316,382,4453,D,2014-09-01,2014,4.666666666666667,8.401333305321703,5.755742213586912,1.2088607594936709,0.0224830635272113,-0.018809331957496234,8.378850241794492
2014-09,2,Category D,320,318,394,4504,D,2014-09-15,2014,4.708333333333334,8.412721169819527,5.768320995793772,1.23125,0.011387864497823585,0.012578782206859707,8.401333305321703
2014-10,1,Category D,316,316,502,4800,D,2014-10-01,2014,4.75,8.476371196895983,5.755742213586912,1.5886075949367089,0.06365002707645573,-0.012578782206859707,8.412721169819527
2014-10,2,Category D,317,310,431,4412,D,2014-10-15,2014,4.791666666666667,8.392083380373393,5.75890177387728,1.359621451104101,-0.08428781652258976,0.003159560290368013,8.476371196895983
2014-11,1,Category D,316,315,380,4290,D,2014-11-01,2014,4.833333333333333,8.364042011922063,5.755742213586912,1.2025316455696202,-0.028041368451329873,-0.003159560290368013,8.392083380373393
2014-11,2,Category D,324,322,389,4189,D,2014-11-15,2014,4.875,8.340217320947035,5.780743515792329,1.2006172839506173,-0.023824690975027707,0.025001302205416742,8.364042011922063
2014-12,1,Category D,318,314,392,4210,D,2014-12-01,2014,4.916666666666667,8.345217926676428,5.762051382780177,1.2327044025157232,0.00500060572939276,-0.018692133012152112,8.340217320947035
2014-12,2,Category D,319,270,367,4312,D,2014-12-15,2014,4.958333333333334,8.369157112588834,5.765191102784844,1.1504702194357366,0.023939185912405847,0.0031397200046674456,8.345217926676428
2015-01,1,Category D,321,319,374,4403,D,2015-01-01,2015,5.0,8.390041405755754,5.771441123130016,1.1651090342679127,0.020884293166920642,0.006250020345171414,8.369157112588834
2015-01,2,Category D,366,360,509,4889,D,2015-01-15,2015,5.041666666666667,8.494743062578646,5.902633333401366,1.3907103825136613,0.10470165682289156,0.13119221027135008,8.390041405755754
2015-02,1,Category D,287,283,384,5504,D,2015-02-01,2015,5.083333333333333,8.61323037961318,5.659482215759621,1.3379790940766552,0.11848731703453375,-0.24315111764174446,8.494743062578646
2015-02,2,Category D,291,290,396,5800,D,2015-02-15,2015,5.125,8.66561319653451,5.673323267171493,1.3608247422680413,0.05238281692133029,0.013841051411871419,8.61323037961318
2015-03,1,Category D,289,288,343,5501,D,2015-03-01,2015,5.166666666666667,8.612685172875459,5.666426688112432,1.1868512110726643,-0.05292802365905125,-0.0068965790590604925,8.66561319653451
2015-03,2,Category D,286,286,385,5610,D,2015-03-15,2015,5.208333333333334,8.632305998516742,5.655991810819852,1.3461538461538463,0.01962082564128309,-0.01043487729257997,8.612685172875459
2015-04,1,Category D,286,278,442,6312,D,2015-04-01,2015,5.25,8.750207862525711,5.655991810819852,1.5454545454545454,0.11790186400896907,0.0,8.632305998516742
2015-04,2,Category D,285,277,376,6801,D,2015-04-15,2015,5.291666666666667,8.824824939175638,5.652489180268651,1.3192982456140352,0.07461707664992723,-0.003502630551201591,8.750207862525711
2015-05,1,Category D,334,321,462,6512,D,2015-05-01,2015,5.333333333333333,8.781401907682376,5.811140992976701,1.3832335329341316,-0.04342303149326199,0.15865181270805007,8.824824939175638
2015-05,2,Category D,334,298,433,6501,D,2015-05-15,2015,5.375,8.77971129020447,5.811140992976701,1.2964071856287425,-0.0016906174779069971,0.0,8.781401907682376
2015-06,1,Category D,339,336,430,6509,D,2015-06-01,2015,5.416666666666667,8.780941113572387,5.82600010738045,1.2684365781710913,0.0012298233679182147,0.014859114403749096,8.77971129020447
2015-06,2,Category D,363,359,448,6401,D,2015-06-15,2015,5.458333333333334,8.764209507142004,5.8944028342648505,1.234159779614325,-0.016731606430383295,0.06840272688440052,8.780941113572387
2015-07,1,Category D,330,328,425,6508,D,2015-07-01,2015,5.5,8.780787468338929,5.799092654460526,1.2878787878787878,0.016577961196924562,-0.09531017980432477,8.764209507142004
2015-07,2,Category D,331,320,486,6312,D,2015-07-15,2015,5.541666666666667,8.750207862525711,5.802118375377063,1.4682779456193353,-0.030579605813217725,0.003025720916537189,8.780787468338929
2015-08,1,Category D,356,356,418,6201,D,2015-08-01,2015,5.583333333333333,8.732465848349879,5.87493073085203,1.1741573033707866,-0.01774201417583221,0.07281235547496756,8.750207862525711
2015-08,2,Category D,366,319,527,6112,D,2015-08-15,2015,5.625,8.718009330846357,5.902633333401366,1.4398907103825136,-0.014456517503521837,0.02770260254933543,8.732465848349879
2015-09,1,Category D,355,310,473,6512,D,2015-09-01,2015,5.666666666666667,8.781401907682376,5.872117789475416,1.332394366197183,0.06339257683601929,-0.030515543925949906,8.718009330846357
2015-09,2,Category D,402,402,509,6158,D,2015-09-15,2015,5.708333333333334,8.725507328484445,5.996452088619021,1.2661691542288558,-0.05589457919793084,0.12433429914360516,8.781401907682376
2015-10,1,Category D,400,398,438,6201,D,2015-10-01,2015,5.75,8.732465848349879,5.991464547107982,1.095,0.006958519865433388,-0.004987541511039417,8.725507328484445
2015-10,2,Category D,355,353,430,6302,D,2015-10-15,2015,5.791666666666667,8.74862232231722,5.872117789475416,1.2112676056338028,0.016156473967340546,-0.11934675763256575,8.732465848349879
2015-11,1,Category D,329,301,402,5912,D,2015-11-01,2015,5.833333333333333,8.684739462628038,5.796057750765372,1.221884498480243,-0.06388285968918161,-0.07606003871004408,8.74862232231722
2015-11,2,Category D,329,324,436,6502,D,2015-11-15,2015,5.875,8.779865100863852,5.796057750765372,1.325227963525836,0.09512563823581388,0.0,8.684739462628038
2015-12,1,Category D,355,354,414,6501,D,2015-12-01,2015,5.916666666666667,8.77971129020447,5.872117789475416,1.1661971830985915,-0.0001538106593823585,0.07606003871004408,8.779865100863852
2015-12,2,Category D,332,332,394,6600,D,2015-12-15,2015,5.958333333333334,8.794824928014517,5.805134968916488,1.1867469879518073,0.01511363781004782,-0.06698282055892779,8.77971129020447
2016-01,1,Category D,328,317,409,6889,D,2016-01-01,2016,6.0,8.837681215593197,5.793013608384144,1.2469512195121952,0.04285628757867954,-0.012121360532344028,8.794824928014517
2016-01,2,Category D,327,322,415,6512,D,2016-01-15,2016,6.041666666666667,8.781401907682376,5.7899601708972535,1.269113149847095,-0.056279307910820364,-0.0030534374868906866,8.837681215593197
2016-02,1,Category D,368,368,495,6503,D,2016-02-01,2016,6.083333333333333,8.780018887869153,5.908082938168931,1.3451086956521738,-0.0013830198132236404,0.11812276727167781,8.781401907682376
2016-02,2,Category D,362,361,454,6353,D,2016-02-15,2016,6.125,8.756682421266532,5.8916442118257715,1.2541436464088398,-0.02333646660262012,-0.016438726343159793,8.780018887869153
2016-03,1,Category D,357,356,430,6503,D,2016-03-01,2016,6.166666666666667,8.780018887869153,5.877735781779639,1.2044817927170868,0.02333646660262012,-0.013908430046132736,8.756682421266532
2016-03,2,Category D,357,356,429,6589,D,2016-03-15,2016,6.208333333333334,8.793156870913819,5.877735781779639,1.2016806722689075,0.013137983044666512,0.0,8.780018887869153
2016-04,1,Category D,357,356,455,6503,D,2016-04-01,2016,6.25,8.780018887869153,5.877735781779639,1.2745098039215685,-0.013137983044666512,0.0,8.793156870913819
2016-04,2,Category D,357,341,437,6501,D,2016-04-15,2016,6.291666666666667,8.77971129020447,5.877735781779639,1.2240896358543418,-0.0003075976646833567,0.0,8.780018887869153
2016-05,1,Category D,399,389,519,6302,D,2016-05-01,2016,6.333333333333333,8.74862232231722,5.988961416889864,1.300751879699248,-0.031088967887249908,0.11122563511022499,8.77971129020447
2016-05,2,Category D,414,389,500,6303,D,2016-05-15,2016,6.375,8.74878098951311,6.025865973825314,1.2077294685990339,0.00015866719589041622,0.03690455693545047,8.74862232231722
2016-06,1,Category D,407,395,529,6302,D,2016-06-01,2016,6.416666666666667,8.74862232231722,6.008813185442595,1.2997542997542997,-0.00015866719589041622,-0.01705278838271962,8.74878098951311
2016-06,2,Category D,422,389,495,6303,D,2016-06-15,2016,6.458333333333334,8.74878098951311,6.045005314036012,1.1729857819905214,0.00015866719589041622,0.03619212859341747,8.74862232231722
2016-07,1,Category D,409,365,525,6012,D,2016-07-01,2016,6.5,8.701512750872865,6.013715156042802,1.2836185819070904,-0.04726823864024432,-0.03129015799320989,8.74878098951311
2016-07,2,Category D,430,424,586,6302,D,2016-07-15,2016,6.541666666666667,8.74862232231722,6.063785208687608,1.3627906976744186,0.047109571444353904,0.050070052644805685,8.701512750872865
2016-08,1,Category D,403,400,558,6206,D,2016-08-01,2016,6.583333333333333,8.733271845008325,5.998936561946683,1.3846153846153846,-0.015350477308894384,-0.06484864674092528,8.74862232231722
2016-08,2,Category D,365,321,541,6352,D,2016-08-15,2016,6.625,8.756525002926972,5.8998973535824915,1.4821917808219178,0.02325315791864746,-0.09903920836419111,8.733271845008325
2016-09,1,Category D,362,334,521,6452,D,2016-09-01,2016,6.666666666666667,8.772145439245099,5.8916442118257715,1.4392265193370166,0.015620436318126707,-0.008253141756719984,8.756525002926972
2016-09,2,Category D,403,402,478,6501,D,2016-09-15,2016,6.708333333333334,8.77971129020447,5.998936561946683,1.186104218362283,0.007565850959370124,0.1072923501209111,8.772145439245099
2016-10,1,Category D,387,359,498,6353,D,2016-10-01,2016,6.75,8.756682421266532,5.958424693029782,1.2868217054263567,-0.023028868937936764,-0.04051186891690062,8.77971129020447
2016-10,2,Category D,360,356,430,6354,D,2016-10-15,2016,6.791666666666667,8.756839814829462,5.886104031450156,1.1944444444444444,0.00015739356292954199,-0.07232066157962613,8.756682421266532
2016-11,1,Category D,399,396,457,6311,D,2016-11-01,2016,6.833333333333333,8.75004942158424,5.988961416889864,1.1453634085213034,-0.006790393245221793,0.1028573854397079,8.756839814829462
2016-11,2,Category D,375,331,520,6212,D,2016-11-15,2016,6.875,8.734238184268579,5.926926025970411,1.3866666666666667,-0.015811237315661586,-0.06203539091945309,8.75004942158424
2016-12,1,Category D,374,368,436,6113,D,2016-12-01,2016,6.916666666666667,8.718172930028725,5.924255797414532,1.1657754010695187,-0.016065254239853388,-0.0026702285558783956,8.734238184268579
2016-12,2,Category D,415,408,484,6101,D,2016-12-15,2016,6.958333333333334,8.716207971151853,6.028278520230698,1.1662650602409639,-0.0019649588768722026,0.10402272281616565,8.718172930028725
2017-01,1,Category D,376,374,438,6053,D,2017-01-01,2017,7.0,8.708309295891688,5.929589143389895,1.1648936170212767,-0.007898675260165078,-0.09868937684080326,8.716207971151853
2017-01,2,Category D,377,331,412,6052,D,2017-01-15,2017,7.041666666666667,8.708144074908246,5.932245187448011,1.0928381962864722,-0.0001652209834421825,0.002656044058116258,8.708309295891688
2017-02,1,Category D,348,326,534,6412,D,2017-02-01,2017,7.083333333333333,8.765926513729443,5.8522024797744745,1.5344827586206897,0.0577824388211976,-0.08004270767353638,8.708144074908246
2017-02,2,Category D,392,384,753,6801,D,2017-02-15,2017,7.125,8.824824939175638,5.971261839790462,1.9209183673469388,0.058898425446194835,0.11905936001598771,8.765926513729443
2017-03,1,Category D,368,359,546,7483,D,2017-03-01,2017,7.166666666666667,8.920389060080359,5.908082938168931,1.483695652173913,0.09556412090472044,-0.06317890162153095,8.824824939175638
2017-03,2,Category D,355,354,453,8081,D,2017-03-15,2017,7.208333333333334,8.997270906233448,5.872117789475416,1.276056338028169,0.07688184615308913,-0.0359651486935153,8.920389060080359
2017-04,1,Category D,355,354,482,7589,D,2017-04-01,2017,7.25,8.934455109403913,5.872117789475416,1.3577464788732394,-0.06281579682953442,0.0,8.997270906233448
2017-04,2,Category D,347,325,512,6712,D,2017-04-15,2017,7.291666666666667,8.811652248147043,5.849324779946859,1.4755043227665705,-0.12280286125687034,-0.022793009528556674,8.934455109403913
2017-05,1,Category D,455,433,567,6301,D,2017-05-01,2017,7.333333333333333,8.748463629942055,6.12029741895095,1.2461538461538462,-0.06318861820498789,0.27097263900409096,8.811652248147043
2017-05,2,Category D,476,470,602,6101,D,2017-05-15,2017,7.375,8.716207971151853,6.16541785423142,1.2647058823529411,-0.03225565879020209,0.04512043528047016,8.748463629942055
2017-06,1,Category D,476,455,743,6101,D,2017-06-01,2017,7.416666666666667,8.716207971151853,6.16541785423142,1.5609243697478992,0.0,0.0,8.716207971151853
2017-06,2,Category D,459,360,931,6001,D,2017-06-15,2017,7.458333333333334,8.699681400989514,6.129050210060545,2.028322440087146,-0.016526570162339382,-0.036367644170875124,8.716207971151853
2017-07,1,Category D,474,377,819,6001,D,2017-07-01,2017,7.5,8.699681400989514,6.161207321695077,1.7278481012658229,0.0,0.03215711163453161,8.699681400989514
2017-07,2,Category D,552,424,1044,5851,D,2017-07-15,2017,7.541666666666667,8.674367865788236,6.313548046277095,1.891304347826087,-0.02531353520127766,0.15234072458201808,8.699681400989514
2017-08,1,Category D,574,508,879,5701,D,2017-08-01,2017,7.583333333333333,8.648396877031582,6.352629396319567,1.5313588850174216,-0.02597098875665438,0.03908135004247182,8.674367865788236
2017-08,2,Category D,605,588,1069,3512,D,2017-08-15,2017,7.625,8.163940954755008,6.405228458030842,1.7669421487603305,-0.48445592227657386,0.05259906171127504,8.648396877031582
2017-09,1,Category D,543,535,871,5402,D,2017-09-01,2017,7.666666666666667,8.59452453435256,6.297109319933935,1.6040515653775322,0.43058357959755256,-0.10811913809690665,8.163940954755008
2017-09,2,Category D,494,493,727,5501,D,2017-09-15,2017,7.708333333333334,8.612685172875459,6.202535517187923,1.4716599190283401,0.01816063852289851,-0.09457380274601235,8.59452453435256
2017-10,1,Category D,485,484,721,5010,D,2017-10-01,2017,7.75,8.51919119407891,6.184148890937483,1.48659793814433,-0.0934939787965483,-0.01838662625043952,8.612685172875459
2017-10,2,Category D,478,449,687,4903,D,2017-10-15,2017,7.791666666666667,8.497602541651233,6.169610732491456,1.4372384937238494,-0.0215886524276776,-0.014538158446026905,8.51919119407891
2017-11,1,Category D,509,502,683,5502,D,2017-11-01,2017,7.833333333333333,8.61286694148452,6.2324480165505225,1.3418467583497053,0.11526439983328629,0.06283728405906608,8.497602541651233
2017-11,2,Category D,538,533,708,5992,D,2017-11-15,2017,7.875,8.698180525197055,6.2878585601617845,1.3159851301115242,0.08531358371253539,0.055410543611261964,8.61286694148452
2017-12,1,Category D,516,500,791,6552,D,2017-12-01,2017,7.916666666666667,8.787525625532906,6.246106765481563,1.5329457364341086,0.08934510033585141,-0.04175179468022172,8.698180525197055
2017-12,2,Category D,514,458,743,7501,D,2017-12-15,2017,7.958333333333334,8.922791623969637,6.2422232654551655,1.4455252918287937,0.13526599843673104,-0.0038835000263972574,8.787525625532906
2018-01,1,Category D,525,413,919,7701,D,2018-01-01,2018,8.0,8.94910546953925,6.263398262591624,1.7504761904761905,0.02631384556961258,0.021174997136458096,8.922791623969637
2018-01,2,Category D,565,500,786,8001,D,2018-01-15,2018,8.041666666666666,8.987321812850125,6.336825731146441,1.391150442477876,0.03821634331087509,0.07342746855481774,8.94910546953925
2018-02,1,Category D,624,608,933,8451,D,2018-02-01,2018,8.083333333333334,9.042040056544483,6.436150368369428,1.4951923076923077,0.05471824369435829,0.09932463722298657,8.987321812850125
2018-02,2,Category D,577,568,1073,7667,D,2018-02-15,2018,8.125,8.944680683558895,6.3578422665081,1.8596187175043328,-0.09735937298558817,-0.07830810186132808,9.042040056544483
2018-03,1,Category D,528,525,885,8009,D,2018-03-01,2018,8.166666666666666,8.988321188323683,6.269096283706261,1.6761363636363635,0.04364050476478809,-0.08874598280183843,8.944680683558895
2018-03,2,Category D,522,517,803,7602,D,2018-03-15,2018,8.208333333333332,8.936166649549195,6.257667587882639,1.5383141762452108,-0.052154538774487946,-0.01142869582362227,8.988321188323683
2018-04,1,Category D,516,483,953,7114,D,2018-04-01,2018,8.25,8.8698199525084,6.246106765481563,1.8468992248062015,-0.06634669704079421,-0.011560822401076365,8.936166649549195
2018-04,2,Category D,518,515,727,7115,D,2018-04-15,2018,8.291666666666666,8.869960510523953,6.249975242259483,1.4034749034749034,0.00014055801555201697,0.0038684767779200158,8.8698199525084
2018-05,1,Category D,560,515,1171,7204,D,2018-05-01,2018,8.333333333333334,8.882391706295847,6.327936783729195,2.0910714285714285,0.01243119577189411,0.0779615414697119,8.869960510523953
2018-05,2,Category D,529,529,898,7115,D,2018-05-15,2018,8.375,8.869960510523953,6.270988431858299,1.6975425330812854,-0.01243119577189411,-0.05694835187089531,8.882391706295847
2018-06,1,Category D,572,487,828,7001,D,2018-06-01,2018,8.416666666666666,8.853808274977197,6.349138991379798,1.4475524475524475,-0.016152235546755378,0.07815055952149841,8.869960510523953
2018-06,2,Category D,527,517,771,6889,D,2018-06-15,2018,8.458333333333332,8.837681215593197,6.267200548541362,1.462998102466793,-0.01612705938400083,-0.08193844283843532,8.853808274977197
2018-07,1,Category D,612,587,807,6514,D,2018-07-01,2018,8.5,8.781708985836179,6.416732282512326,1.3186274509803921,-0.055972229757017544,0.14953173397096364,8.837681215593197
2018-07,2,Category D,537,533,772,6189,D,2018-07-15,2018,8.541666666666666,8.73052880173936,6.285998094508865,1.4376163873370578,-0.05118018409681824,-0.13073418800346115,8.781708985836179
2018-08,1,Category D,845,791,1208,5514,D,2018-08-01,2018,8.583333333333334,8.615045591583742,6.739336627357174,1.429585798816568,-0.11548321015561847,0.45333853284830905,8.73052880173936
2018-08,2,Category D,824,823,1176,4889,D,2018-08-15,2018,8.625,8.494743062578646,6.714170529909472,1.4271844660194175,-0.1203025290050963,-0.02516609744770193,8.615045591583742
2018-09,1,Category D,874,867,1213,4390,D,2018-09-01,2018,8.666666666666666,8.387084506069217,6.773080375655535,1.3878718535469108,-0.10765855650942946,0.05890984574606328,8.494743062578646
2018-09,2,Category D,821,821,1098,4214,D,2018-09-15,2018,8.708333333333332,8.346167594364134,6.710523109452428,1.3373934226552984,-0.04091691170508227,-0.06255726620310753,8.387084506069217
2018-10,1,Category D,827,809,1140,4109,D,2018-10-01,2018,8.75,8.32093496888341,6.717804695023691,1.3784764207980653,-0.025232625480724025,0.007281585571263349,8.346167594364134
2018-10,2,Category D,819,819,1201,3951,D,2018-10-15,2018,8.791666666666666,8.281723990411392,6.70808408385307,1.4664224664224663,-0.03921097847201871,-0.009720611170621396,8.32093496888341
2018-11,1,Category D,1121,1104,1543,2509,D,2018-11-01,2018,8.833333333333334,7.827639546366422,7.02197642307216,1.376449598572703,-0.4540844440449696,0.3138923392190902,8.281723990411392
2018-11,2,Category D,1103,1093,1423,2989,D,2018-11-15,2018,8.875,8.002694162283937,7.005789019253503,1.2901178603807797,0.17505461591751548,-0.01618740381865713,7.827639546366422
2018-12,1,Category D,1121,1113,1483,3399,D,2018-12-01,2018,8.916666666666666,8.131236549696116,7.02197642307216,1.3229259589652096,0.12854238741217827,0.01618740381865713,8.002694162283937
2018-12,2,Category D,1114,1114,1375,3789,D,2018-12-15,2018,8.958333333333332,8.239857411018601,7.01571242048723,1.2342908438061042,0.1086208613224855,-0.006264002584930317,8.131236549696116
2019-01,1,Category D,1112,1103,1396,3610,D,2019-01-01,2019,9.0,8.191463051326927,7.013915474810528,1.2553956834532374,-0.04839435969167383,-0.0017969456767019665,8.239857411018601
2019-01,2,Category D,1104,1104,1473,2889,D,2019-01-15,2019,9.041666666666666,7.968665700466235,7.00669522683704,1.3342391304347827,-0.2227973508606924,-0.007220247973487304,8.191463051326927
2019-02,1,Category D,834,834,1164,3709,D,2019-02-01,2019,9.083333333333334,8.21851757748959,6.726233402358747,1.39568345323741,0.24985187702335576,-0.2804618244782935,7.968665700466235
2019-02,2,Category D,826,817,1100,3689,D,2019-02-15,2019,9.125,8.213110697596676,6.716594773520978,1.3317191283292977,-0.005406879892914773,-0.009638628837769225,8.21851757748959
2019-03,1,Category D,825,822,1175,3602,D,2019-03-01,2019,9.166666666666666,8.189244525735901,6.715383386334681,1.4242424242424243,-0.023866171860774443,-0.001211387186296875,8.213110697596676
2019-03,2,Category D,834,825,1039,3469,D,2019-03-15,2019,9.208333333333332,8.15162164696975,6.726233402358747,1.2458033573141487,-0.03762287876615211,0.0108500160240661,8.189244525735901
2019-04,1,Category D,829,803,1193,3501,D,2019-04-01,2019,9.25,8.160803920954665,6.720220155135295,1.4390832328106151,0.009182273984915668,-0.0060132472234517564,8.15162164696975
2019-04,2,Category D,835,834,1129,3452,D,2019-04-15,2019,9.291666666666666,8.146709052203319,6.727431724850855,1.3520958083832335,-0.014094868751346468,0.007211569715559918,8.160803920954665
2019-05,1,Category D,923,896,1154,3352,D,2019-05-01,2019,9.333333333333334,8.117312461601975,6.827629234502852,1.2502708559046587,-0.02939659060134403,0.1001975096519967,8.146709052203319
2019-05,2,Category D,898,886,1193,3202,D,2019-05-15,2019,9.375,8.07153089355666,6.8001700683022,1.3285077951002227,-0.04578156804531375,-0.027459166200651808,8.117312461601975
2019-06,1,Category D,925,920,1149,3090,D,2019-06-01,2019,9.416666666666666,8.035926369891792,6.829793737512425,1.2421621621621621,-0.03560452366486899,0.029623669210224968,8.07153089355666
2019-06,2,Category D,909,906,1187,3000,D,2019-06-15,2019,9.458333333333332,8.006367567650246,6.812345094177479,1.305830583058306,-0.029558802241545834,-0.017448643334946112,8.035926369891792
2019-07,1,Category D,902,890,1141,3081,D,2019-07-01,2019,9.5,8.033009498596668,6.804614520062624,1.2649667405764966,0.026641930946421866,-0.007730574114854782,8.006367567650246
2019-07,2,Category D,900,897,1193,3554,D,2019-07-15,2019,9.541666666666666,8.175829008714597,6.802394763324311,1.3255555555555556,0.14281951011792948,-0.0022197567383130945,8.033009498596668
2019-08,1,Category D,751,751,1040,4400,D,2019-08-01,2019,9.583333333333334,8.389359819906353,6.621405651764134,1.3848202396804261,0.213530811191756,-0.1809891115601765,8.175829008714597
2019-08,2,Category D,742,574,1010,4301,D,2019-08-15,2019,9.625,8.366602832783736,6.60934924316738,1.3611859838274933,-0.022756987122617645,-0.012056408596754054,8.389359819906353
2019-09,1,Category D,739,712,1086,4089,D,2019-09-01,2019,9.666666666666666,8.316055720364643,6.6052979209482015,1.469553450608931,-0.0505471124190926,-0.004051322219178921,8.366602832783736
2019-09,2,Category D,907,893,1197,3601,D,2019-09-15,2019,9.708333333333332,8.188966863648876,6.810142450115136,1.3197353914002206,-0.1270888567157673,0.20484452916693474,8.316055720364643
2019-10,1,Category D,765,763,1036,3800,D,2019-10-01,2019,9.75,8.242756345714477,6.639875833826536,1.354248366013072,0.053789482065601746,-0.1702666162886004,8.188966863648876
2019-10,2,Category D,753,746,989,3889,D,2019-10-15,2019,9.791666666666666,8.265907334155747,6.6240652277998935,1.3134130146082337,0.023150988441269504,-0.015810606026642304,8.242756345714477
2019-11,1,Category D,693,691,831,4100,D,2019-11-01,2019,9.833333333333334,8.318742252692399,6.541029999189903,1.199134199134199,0.0528349185366519,-0.08303522860999024,8.265907334155747
2019-11,2,Category D,698,692,974,3921,D,2019-11-15,2019,9.875,8.27410200229233,6.548219102762372,1.3954154727793697,-0.04464025040006803,0.007189103572469158,8.318742252692399
2019-12,1,Category D,693,678,908,3789,D,2019-12-01,2019,9.916666666666666,8.239857411018601,6.541029999189903,1.3102453102453102,-0.034244591273729696,-0.007189103572469158,8.27410200229233
2019-12,2,Category D,697,696,850,3658,D,2019-12-15,2019,9.958333333333332,8.204671828950811,6.546785410760524,1.2195121951219512,-0.03518558206778977,0.005755411570620872,8.239857411018601
2020-01,1,Category D,707,706,1084,3989,D,2020-01-01,2020,10.0,8.291295851905407,6.561030665896573,1.5332390381895333,0.08662402295459515,0.014245255136049018,8.204671828950811
2020-01,2,Category D,693,693,936,4610,D,2020-01-15,2020,10.041666666666666,8.435983135990694,6.541029999189903,1.3506493506493507,0.14468728408528797,-0.02000066670666989,8.291295851905407
2020-02,1,Category D,578,562,821,4401,D,2020-02-01,2020,10.083333333333334,8.38958706681109,6.359573868672378,1.4204152249134947,-0.04639606917960393,-0.18145613051752552,8.435983135990694
2020-02,2,Category D,577,574,729,4309,D,2020-02-15,2020,10.125,8.368461137615839,6.3578422665081,1.2634315424610052,-0.021125929195251913,-0.0017316021642779234,8.38958706681109
2020-03,1,Category D,593,587,785,4310,D,2020-03-01,2020,10.166666666666666,8.368693183097793,6.385194398997726,1.3237774030354132,0.0002320454819546569,0.02735213248962598,8.368461137615839
2020-03,2,Category D,581,576,757,4489,D,2020-03-15,2020,10.208333333333332,8.409385238781931,6.364750756851911,1.3029259896729777,0.04069205568413814,-0.020443642145814955,8.368693183097793
2020-07,1,Category D,869,856,1611,7702,D,2020-07-01,2020,10.5,8.949235314374855,6.767343125265392,1.85385500575374,0.5398500755929234,0.40259236841348134,8.409385238781931
2020-07,2,Category D,869,864,1355,6510,D,2020-07-15,2020,10.541666666666666,8.781094735202615,6.767343125265392,1.5592635212888377,-0.16814057917224012,0.0,8.949235314374855
2020-08,1,Category D,503,497,720,7701,D,2020-08-01,2020,10.583333333333334,8.94910546953925,6.220590170099739,1.4314115308151094,0.16801073433663483,-0.5467529551656529,8.781094735202615
2020-08,2,Category D,495,491,797,7432,D,2020-08-15,2020,10.625,8.913550280493675,6.20455776256869,1.61010101010101,-0.03555518904557431,-0.016032407531048953,8.94910546953925
2020-09,1,Category D,496,488,691,7399,D,2020-09-01,2020,10.666666666666666,8.90910013492555,6.206575926724928,1.3931451612903225,-0.004450145568124952,0.0020181641562375674,8.913550280493675
2020-09,2,Category D,494,492,642,7331,D,2020-09-15,2020,10.708333333333332,8.899867211223587,6.202535517187923,1.2995951417004048,-0.009232923701963713,-0.004040409537005019,8.90910013492555
2020-10,1,Category D,429,420,677,7451,D,2020-10-01,2020,10.75,8.916103530553727,6.061456918928017,1.578088578088578,0.016236319330140248,-0.14107859825990587,8.899867211223587
2020-10,2,Category D,423,410,560,7300,D,2020-10-15,2020,10.791666666666666,8.895629627136483,6.0473721790462776,1.3238770685579195,-0.020473903417244088,-0.014084739881739416,8.916103530553727
2020-11,1,Category D,533,532,727,7251,D,2020-11-01,2020,10.833333333333334,8.888894669371593,6.278521424165844,1.3639774859287055,-0.0067349577648894154,0.2311492451195667,8.895629627136483
2020-11,2,Category D,537,532,679,7300,D,2020-11-15,2020,10.875,8.895629627136483,6.285998094508865,1.2644320297951583,0.0067349577648894154,0.007476670343020686,8.888894669371593
2020-12,1,Category D,526,522,767,7670,D,2020-12-01,2020,10.916666666666666,8.945071894361302,6.26530121273771,1.4581749049429658,0.04944226722481915,-0.020696881771154807,8.895629627136483
2020-12,2,Category D,530,507,710,7689,D,2020-12-15,2020,10.958333333333332,8.94754601503218,6.272877006546167,1.3396226415094339,0.002474120670878932,0.0075757938084572984,8.945071894361302
2021-01,1,Category D,529,498,692,7501,D,2021-01-01,2021,11.0,8.922791623969637,6.270988431858299,1.3081285444234405,-0.024754391062543846,-0.001888574687868072,8.94754601503218
2021-01,2,Category D,548,535,706,7589,D,2021-01-15,2021,11.041666666666666,8.934455109403913,6.306275286948016,1.2883211678832116,0.01166348543427631,0.03528685508971652,8.922791623969637
2021-02,1,Category D,572,572,705,7506,D,2021-02-01,2021,11.083333333333334,8.923457979694966,6.349138991379798,1.2325174825174825,-0.010997129708947284,0.04286370443178189,8.934455109403913
2021-02,2,Category D,554,554,715,7500,D,2021-02-15,2021,11.125,8.922658299524402,6.317164686747284,1.2906137184115523,-0.0007996801705640877,-0.03197430463251383,8.923457979694966
2021-03,1,Category D,542,524,707,7752,D,2021-03-01,2021,11.166666666666666,8.955706153570603,6.295266001439646,1.3044280442804428,0.0330478540462007,-0.0218986853076375,8.922658299524402
2021-03,2,Category D,542,538,700,7791,D,2021-03-15,2021,11.208333333333332,8.960724500330858,6.295266001439646,1.2915129151291513,0.00501834676025581,0.0,8.955706153570603
2021-04,1,Category D,560,524,735,8000,D,2021-04-01,2021,11.25,8.987196820661973,6.327936783729195,1.3125,0.026472320331114574,0.03267078228954823,8.960724500330858
2021-04,2,Category D,546,532,734,8000,D,2021-04-15,2021,11.291666666666666,8.987196820661973,6.302618975744905,1.3443223443223444,0.0,-0.02531780798428951,8.987196820661973
2021-05,1,Category D,650,639,901,8011,D,2021-05-01,2021,11.333333333333334,8.988570876215118,6.476972362889683,1.386153846153846,0.0013740555531445153,0.17435338714477755,8.987196820661973
2021-05,2,Category D,628,625,904,8701,D,2021-05-15,2021,11.375,9.071193240566025,6.4425401664681985,1.4394904458598725,0.08262236435090742,-0.03443219642148421,8.988570876215118
2021-06,1,Category D,626,624,776,8703,D,2021-06-01,2021,11.416666666666666,9.071423072789514,6.439350371100098,1.2396166134185302,0.00022983222348926802,-0.0031897953681001567,9.071193240566025
2021-06,2,Category D,618,577,864,8501,D,2021-06-15,2021,11.458333333333332,9.04793908261736,6.42648845745769,1.3980582524271845,-0.023483990172154634,-0.012861913642407963,9.071423072789514
2021-07,1,Category D,616,612,760,8502,D,2021-07-01,2021,11.5,9.048056708918736,6.423246963533519,1.2337662337662338,0.00011762630137646113,-0.003241493924170946,9.04793908261736
2021-07,2,Category D,655,649,863,8689,D,2021-07-15,2021,11.541666666666666,9.069813136839207,6.484635235635252,1.317557251908397,0.0217564279204705,0.061388272101732255,9.048056708918736
2021-08,1,Category D,449,449,667,8899,D,2021-08-01,2021,11.583333333333334,9.093694189856862,6.1070228877422545,1.4855233853006682,0.023881053017655418,-0.37761234789299714,9.069813136839207
2021-08,2,Category D,451,447,635,9500,D,2021-08-15,2021,11.625,9.159047077588632,6.111467339502679,1.4079822616407982,0.06535288773176973,0.004444451760424073,9.093694189856862
2021-09,1,Category D,445,445,562,9689,D,2021-09-01,2021,11.666666666666666,9.178746500385005,6.09807428216624,1.2629213483146067,0.019699422796373156,-0.013393057336438474,9.159047077588632
2021-09,2,Category D,449,443,658,9089,D,2021-09-15,2021,11.708333333333332,9.11482017011877,6.1070228877422545,1.465478841870824,-0.06392633026623429,0.008948605576014401,9.178746500385005
2021-10,1,Category D,444,438,633,9052,D,2021-10-01,2021,11.75,9.110741006753427,6.095824562432225,1.4256756756756757,-0.004079163365343419,-0.011198325310029844,9.11482017011877
2021-10,2,Category D,450,449,597,9310,D,2021-10-15,2021,11.791666666666666,9.138844370271112,6.1092475827643655,1.3266666666666667,0.028103363517685054,0.013423020332140823,9.110741006753427
2021-11,1,Category D,417,409,543,9381,D,2021-11-01,2021,11.833333333333334,9.14644164612595,6.0330862217988015,1.3021582733812949,0.007597275854838159,-0.07616136096556403,9.138844370271112
2021-11,2,Category D,412,397,557,9381,D,2021-11-15,2021,11.875,9.14644164612595,6.021023349349527,1.3519417475728155,0.0,-0.012062872449274842,9.14644164612595
2021-12,1,Category D,420,400,584,9401,D,2021-12-01,2021,11.916666666666666,9.148571345578551,6.040254711277414,1.3904761904761904,0.002129699452600775,0.019231361927887214,9.14644164612595
2021-12,2,Category D,426,422,562,9601,D,2021-12-15,2021,11.958333333333332,9.169622538697624,6.054439346269371,1.3192488262910798,0.021051193119072664,0.01418463499195699,9.148571345578551
2022-01,1,Category D,431,429,573,9689,D,2022-01-01,2022,12.0,9.178746500385005,6.066108090103747,1.3294663573085848,0.009123961687381055,0.01166874383437655,9.169622538697624
2022-01,2,Category D,416,401,520,10000,D,2022-01-15,2022,12.041666666666666,9.210340371976184,6.030685260261263,1.25,0.03159387159117877,-0.03542282984248413,9.178746500385005
2022-02,1,Category D,406,405,555,10010,D,2022-02-01,2022,12.083333333333334,9.211339872309265,6.0063531596017325,1.3669950738916257,0.0009995003330818264,-0.02433210065953073,9.210340371976184
2022-02,2,Category D,420,416,521,10589,D,2022-02-15,2022,12.125,9.267571005430455,6.040254711277414,1.2404761904761905,0.0562311331211891,0.03390155167568132,9.211339872309265
2022-03,1,Category D,405,403,602,11400,D,2022-03-01,2022,12.166666666666666,9.341368634382587,6.003887067106539,1.4864197530864198,0.07379762895213204,-0.036367644170875124,9.267571005430455
2022-03,2,Category D,409,409,575,10501,D,2022-03-15,2022,12.208333333333332,9.259225769705994,6.013715156042802,1.4058679706601467,-0.08214286467659271,0.009828088936263413,9.341368634382587
2022-04,1,Category D,407,405,561,10503,D,2022-04-01,2022,12.25,9.259416209622776,6.008813185442595,1.3783783783783783,0.00019043991678202588,-0.004901970600207584,9.259225769705994
2022-04,2,Category D,404,355,539,9801,D,2022-04-15,2022,12.291666666666666,9.19023970026918,6.0014148779611505,1.3341584158415842,-0.06917650935359632,-0.0073983074814441,9.259416209622776
2022-05,1,Category D,563,560,773,9489,D,2022-05-01,2022,12.333333333333334,9.15788851197376,6.333279628139691,1.3730017761989344,-0.032351188295420386,0.3318647501785401,9.19023970026918
2022-05,2,Category D,609,600,899,9490,D,2022-05-15,2022,12.375,9.157993891603974,6.411818267709897,1.4761904761904763,0.00010537963021484131,0.07853863957020657,9.15788851197376
2022-06,1,Category D,563,542,859,10000,D,2022-06-01,2022,12.416666666666666,9.210340371976184,6.333279628139691,1.5257548845470692,0.05234648037220957,-0.07853863957020657,9.157993891603974
2022-06,2,Category D,570,570,717,10302,D,2022-06-15,2022,12.458333333333332,9.24009333012553,6.345636360828596,1.2578947368421052,0.029752958149346753,0.01235673268890558,9.210340371976184
2022-07,1,Category D,582,513,768,10889,D,2022-07-01,2022,12.5,9.29550838434606,6.366470447731438,1.3195876288659794,0.05541505422053028,0.020834086902842053,9.24009333012553
2022-07,2,Category D,561,555,723,10910,D,2022-07-15,2022,12.541666666666666,9.297435078827116,6.329720905522696,1.2887700534759359,0.0019266944810549802,-0.03674954220874227,9.29550838434606
2022-08,1,Category D,573,562,696,11000,D,2022-08-01,2022,12.583333333333334,9.305650551780507,6.35088571671474,1.2146596858638743,0.008215472953391867,0.021164811192043942,9.297435078827116
2022-08,2,Category D,510,502,673,11101,D,2022-08-15,2022,12.625,9.314790473332646,6.234410725718371,1.3196078431372549,0.00913992155213883,-0.11647499099636871,9.305650551780507
2022-09,1,Category D,515,514,588,11301,D,2022-09-01,2022,12.666666666666666,9.332646496360152,6.244166900663736,1.141747572815534,0.01785602302750533,0.009756174945365181,9.314790473332646
2022-09,2,Category D,512,500,658,11589,D,2022-09-15,2022,12.708333333333332,9.35781165133439,6.238324625039508,1.28515625,0.0251651549742391,-0.005842275624228677,9.332646496360152
2022-10,1,Category D,505,504,624,11751,D,2022-10-01,2022,12.75,9.371693622333941,6.22455842927536,1.2356435643564356,0.013881970999550575,-0.013766195764147504,9.35781165133439
2022-10,2,Category D,516,511,632,12801,D,2022-10-15,2022,12.791666666666666,9.45727857185611,6.246106765481563,1.2248062015503876,0.08558494952216833,0.021548336206202556,9.371693622333941
2022-11,1,Category D,441,440,537,13189,D,2022-11-01,2022,12.833333333333334,9.487138427825885,6.089044875446846,1.217687074829932,0.02985985596977514,-0.1570618900347167,9.45727857185611
2022-11,2,Category D,445,420,594,12589,D,2022-11-15,2022,12.875,9.44057869576626,6.09807428216624,1.3348314606741574,-0.0465597320596256,0.009029406719394117,9.487138427825885
2022-12,1,Category D,441,437,544,12100,D,2022-12-01,2022,12.916666666666666,9.400960731584833,6.089044875446846,1.2335600907029478,-0.039617964181426046,-0.009029406719394117,9.44057869576626
2022-12,2,Category D,465,461,647,11690,D,2022-12-15,2022,12.958333333333332,9.366489054466115,6.142037405587356,1.3913978494623656,-0.03447167711871835,0.052992530140509864,9.400960731584833
2023-01,1,Category D,445,432,678,10890,D,2023-01-01,2023,13.0,9.295600215927006,6.09807428216624,1.5235955056179775,-0.07088883853910843,-0.043963123421115746,9.366489054466115
2023-01,2,Category D,445,431,572,11101,D,2023-01-15,2023,13.041666666666666,9.314790473332646,6.09807428216624,1.2853932584269663,0.019190257405639954,0.0,9.295600215927006
2023-02,1,Category D,477,475,594,11602,D,2023-02-01,2023,13.083333333333334,9.358932776026009,6.1675164908883415,1.2452830188679245,0.04414230269336272,0.06944220872210138,9.314790473332646
2023-02,2,Category D,479,453,611,12189,D,2023-02-15,2023,13.125,9.408289184655837,6.171700597410915,1.2755741127348643,0.04935640862982815,0.004184106522573394,9.358932776026009
2023-03,1,Category D,467,465,566,12390,D,2023-03-01,2023,13.166666666666666,9.424644974623188,6.1463292576688975,1.2119914346895075,0.016355789967350987,-0.02537133974201744,9.408289184655837
2023-03,2,Category D,490,490,616,12001,D,2023-03-15,2023,13.208333333333332,9.392745258631441,6.194405391104672,1.2571428571428571,-0.0318997159917469,0.04807613343577444,9.424644974623188
2023-04,1,Category D,466,454,529,12001,D,2023-04-01,2023,13.25,9.392745258631441,6.144185634125646,1.1351931330472103,0.0,-0.050219756979026364,9.392745258631441
2023-04,2,Category D,465,436,510,12179,D,2023-04-15,2023,13.291666666666666,9.407468436087111,6.142037405587356,1.096774193548387,0.014723177455669756,-0.002148228538289665,9.392745258631441
2023-05,1,Category D,554,542,670,5002,D,2023-05-01,2023,13.333333333333334,8.517593111437565,6.317164686747284,1.2093862815884477,-0.8898753246495463,0.17512728115992804,9.407468436087111
2023-05,2,Category D,571,562,1438,10602,D,2023-05-15,2023,13.375,9.268797941547751,6.3473892096560105,2.5183887915936953,0.7512048301101864,0.03022452290872657,8.517593111437565
2023-06,1,Category D,555,519,972,11001,D,2023-06-01,2023,13.416666666666666,9.305741456739435,6.318968113746434,1.7513513513513514,0.03694351519168393,-0.02842109590957609,9.268797941547751
2023-06,2,Category D,551,543,796,10709,D,2023-06-15,2023,13.458333333333332,9.278839788400875,6.311734809152915,1.4446460980036298,-0.026901668338560114,-0.007233304593519563,9.305741456739435
2023-07,1,Category D,579,550,846,10090,D,2023-07-01,2023,13.5,9.219300113347655,6.361302477572996,1.461139896373057,-0.059539675053219554,0.04956766842008076,9.278839788400875
2023-07,2,Category D,551,550,840,10501,D,2023-07-15,2023,13.541666666666666,9.259225769705994,6.311734809152915,1.5245009074410163,0.03992565635833856,-0.04956766842008076,9.219300113347655
2023-08,1,Category D,522,443,759,11501,D,2023-08-01,2023,13.583333333333334,9.350189267092581,6.257667587882639,1.4540229885057472,0.09096349738658738,-0.054067221270275745,9.259225769705994
2023-08,2,Category D,495,486,654,11402,D,2023-08-15,2023,13.625,9.341544057591527,6.20455776256869,1.3212121212121213,-0.008645209501054296,-0.05310982531394881,9.350189267092581
2023-09,1,Category D,573,569,758,10901,D,2023-09-01,2023,13.666666666666666,9.296609807128359,6.35088571671474,1.3228621291448517,-0.04493425046316801,0.1463279541460496,9.341544057591527
2023-09,2,Category D,502,494,639,10700,D,2023-09-15,2023,13.708333333333332,9.277999020449997,6.218600119691729,1.2729083665338645,-0.018610786678362246,-0.13228559702301101,9.296609807128359
2023-10,1,Category D,497,494,661,10856,D,2023-10-01,2023,13.75,9.292473201514705,6.208590026096629,1.3299798792756539,0.014474181064707992,-0.010010093595099967,9.277999020449997
2023-10,2,Category D,502,474,632,11201,D,2023-10-15,2023,13.791666666666666,9.32375833901174,6.218600119691729,1.2589641434262948,0.031285137497034654,0.010010093595099967,9.292473201514705
2023-11,1,Category D,520,512,630,10889,D,2023-11-01,2023,13.833333333333334,9.29550838434606,6.253828811575473,1.2115384615384615,-0.0282499546656787,0.03522869188374411,9.32375833901174
2023-11,2,Category D,545,518,702,10001,D,2023-11-15,2023,13.875,9.210440366976517,6.300785794663244,1.2880733944954128,-0.08506801736954372,0.046956983087770965,9.29550838434606
2023-12,1,Category D,529,527,731,9858,D,2023-12-01,2023,13.916666666666666,9.196038587265322,6.270988431858299,1.3818525519848772,-0.014401779711194607,-0.029797362804944605,9.210440366976517
2023-12,2,Category D,546,545,646,9002,D,2023-12-15,2023,13.958333333333332,9.105202053852878,6.302618975744905,1.1831501831501832,-0.09083653341244435,0.0316305438866058,9.196038587265322
2024-01,1,Category D,523,514,666,9114,D,2024-01-01,2024,14.0,9.117566971823829,6.259581464064923,1.2734225621414914,0.012364917970950629,-0.04303751167998193,9.105202053852878
2024-01,2,Category D,520,491,615,9309,D,2024-01-15,2024,14.041666666666666,9.13873695311649,6.253828811575473,1.1826923076923077,0.021169981292661788,-0.005752652489450227,9.117566971823829
2024-02,1,Category D,530,528,717,9290,D,2024-02-01,2024,14.083333333333334,9.136693831807884,6.272877006546167,1.3528301886792453,-0.0020431213086062883,0.019048194970694432,9.13873695311649
2024-02,2,Category D,548,548,689,8911,D,2024-02-15,2024,14.125,9.09504174761272,6.306275286948016,1.2572992700729928,-0.04165208419516375,0.033398280401848446,9.136693831807884
2024-03,1,Category D,520,518,646,9400,D,2024-03-01,2024,14.166666666666666,9.148464968258095,6.253828811575473,1.2423076923076923,0.053423220645374414,-0.05244647537254288,9.09504174761272
2024-03,2,Category D,521,516,629,9689,D,2024-03-15,2024,14.208333333333332,9.178746500385005,6.255750041753367,1.2072936660268714,0.030281532126910093,0.0019212301778939178,9.148464968258095
2024-04,1,Category D,520,510,610,10000,D,2024-04-01,2024,14.25,9.210340371976184,6.253828811575473,1.1730769230769231,0.03159387159117877,-0.0019212301778939178,9.178746500385005
2024-04,2,Category D,522,514,625,9990,D,2024-04-15,2024,14.291666666666666,9.2093398716426,6.257667587882639,1.1973180076628354,-0.001000500333583787,0.003838776307166114,9.210340371976184
2024-05,1,Category D,528,528,630,9503,D,2024-05-01,2024,14.333333333333334,9.159362817211315,6.269096283706261,1.1931818181818181,-0.04997705443128453,0.01142869582362227,9.2093398716426
2024-05,2,Category D,526,523,604,9311,D,2024-05-15,2024,14.375,9.138951775888529,6.26530121273771,1.1482889733840305,-0.02041104132278626,-0.0037950709685512507,9.159362817211315
2024-06,1,Category D,519,519,628,8989,D,2024-06-01,2024,14.416666666666666,9.103756886573398,6.251903883165888,1.210019267822736,-0.035194889315130595,-0.013397329571821714,9.138951775888529
2024-06,2,Category D,520,519,620,9002,D,2024-06-15,2024,14.458333333333332,9.105202053852878,6.253828811575473,1.1923076923076923,0.00144516727947952,0.0019249284095845809,9.103756886573398
2024-07,1,Category D,517,517,571,8900,D,2024-07-01,2024,14.5,9.093806555720231,6.248042874508429,1.1044487427466152,-0.011395498132646509,-0.005785937067043889,9.105202053852878
2024-07,2,Category D,518,512,591,9089,D,2024-07-15,2024,14.541666666666666,9.11482017011877,6.249975242259483,1.140926640926641,0.021013614398539104,0.001932367751053654,9.093806555720231
2024-08,1,Category D,517,513,599,9601,D,2024-08-01,2024,14.583333333333334,9.169622538697624,6.248042874508429,1.1586073500967118,0.05480236857885323,-0.001932367751053654,9.11482017011877
2024-08,2,Category D,523,522,614,9310,D,2024-08-15,2024,14.625,9.138844370271112,6.259581464064923,1.1739961759082218,-0.0307781684265116,0.011538589556494117,9.169622538697624
2024-09,1,Category D,522,520,622,9801,D,2024-09-01,2024,14.666666666666666,9.19023970026918,6.257667587882639,1.1915708812260537,0.051395329998067396,-0.0019138761822841133,9.138844370271112
2024-09,2,Category D,520,516,636,9900,D,2024-09-15,2024,14.708333333333332,9.20029003612268,6.253828811575473,1.2230769230769232,0.010050335853501124,-0.003838776307166114,9.19023970026918
2024-10,1,Category D,520,519,604,10001,D,2024-10-01,2024,14.75,9.210440366976517,6.253828811575473,1.1615384615384616,0.01015033085383621,0.0,9.20029003612268
2024-10,2,Category D,522,515,626,9589,D,2024-10-15,2024,14.791666666666666,9.16837188715368,6.257667587882639,1.1992337164750957,-0.042068479822836125,0.003838776307166114,9.210440366976517
2024-11,1,Category D,520,520,598,9089,D,2024-11-01,2024,14.833333333333334,9.11482017011877,6.253828811575473,1.15,-0.05355171703491024,-0.003838776307166114,9.16837188715368
2024-11,2,Category D,524,524,637,8669,D,2024-11-15,2024,14.875,9.06750872286864,6.261491684321042,1.215648854961832,-0.04731144725013081,0.007662872745568983,9.11482017011877
2024-12,1,Category D,517,516,570,7878,D,2024-12-01,2024,14.916666666666666,8.971829343530851,6.248042874508429,1.1025145067698259,-0.09567937933778836,-0.013448809812612872,9.06750872286864
2024-12,2,Category D,519,504,641,8381,D,2024-12-15,2024,14.958333333333332,9.033722518098907,6.251903883165888,1.235067437379576,0.06189317456805554,0.0038610086574593083,8.971829343530851
2025-01,1,Category D,520,513,595,9001,D,2025-01-01,2025,15.0,9.105090961257085,6.253828811575473,1.1442307692307692,0.07136844315817825,0.0019249284095845809,9.033722518098907
2025-01,2,Category D,536,530,651,7721,D,2025-01-15,2025,15.041666666666666,8.951699168308815,6.284134161070802,1.2145522388059702,-0.15339179294826977,0.030305349495328926,9.105090961257085
2025-02,1,Category D,524,523,718,8289,D,2025-02-01,2025,15.083333333333334,9.022684613591526,6.261491684321042,1.3702290076335877,0.07098544528271056,-0.022642476749759943,8.951699168308815
2025-02,2,Category D,524,517,645,8791,D,2025-02-15,2025,15.125,9.081483749851179,6.261491684321042,1.2309160305343512,0.05879913625965294,0.0,9.022684613591526
2025-03,1,Category D,519,519,624,9201,D,2025-03-01,2025,15.166666666666666,9.127067452782361,6.251903883165888,1.2023121387283238,0.0455837029311823,-0.009587801155153564,9.081483749851179
2025-03,2,Category D,525,525,626,9511,D,2025-03-15,2025,15.208333333333332,9.160204302482386,6.263398262591624,1.1923809523809523,0.03313684970002484,0.011494379425735168,9.127067452782361
2025-04,1,Category D,517,515,603,9889,D,2025-04-01,2025,15.25,9.19917830726999,6.248042874508429,1.1663442940038684,0.0389740047876046,-0.015355388083194477,9.160204302482386
2025-04,2,Category D,519,518,660,9309,D,2025-04-15,2025,15.291666666666666,9.13873695311649,6.251903883165888,1.2716763005780347,-0.06044135415350027,0.0038610086574593083,9.19917830726999
2025-05,1,Category D,536,532,676,8709,D,2025-05-01,2025,15.333333333333334,9.07211225269274,6.284134161070802,1.2611940298507462,-0.06662470042375013,0.03223027790491351,9.13873695311649
2025-05,2,Category D,534,532,655,8707,D,2025-05-15,2025,15.375,9.071882578828616,6.280395838960195,1.2265917602996255,-0.0002296738641245355,-0.003738322110606873,9.07211225269274
2025-06,1,Category D,538,538,631,9000,D,2025-06-01,2025,15.416666666666666,9.104979856318357,6.2878585601617845,1.1728624535315986,0.03309727748974112,0.007462721201589417,9.071882578828616
2025-06,2,Category D,535,528,605,8600,D,2025-06-15,2025,15.458333333333332,9.0595174822416,6.282266746896006,1.1308411214953271,-0.04546237407675768,-0.005591813265778178,9.104979856318357
2025-07,1,Category D,533,533,629,9389,D,2025-07-01,2025,15.5,9.147294070258548,6.278521424165844,1.1801125703564728,0.08777658801694876,-0.0037453227301620373,9.0595174822416
2025-07,2,Category D,540,534,622,9511,D,2025-07-15,2025,15.541666666666666,9.160204302482386,6.29156913955832,1.151851851851852,0.012910232223838136,0.013047715392476178,9.147294070258548
2025-08,1,Category D,533,526,633,9189,D,2025-08-01,2025,15.583333333333334,9.125762395500885,6.278521424165844,1.1876172607879925,-0.034441906981500736,-0.013047715392476178,9.160204302482386
2025-08,2,Category D,540,535,654,8809,D,2025-08-15,2025,15.625,9.083529205109796,6.29156913955832,1.211111111111111,-0.04223319039108908,0.013047715392476178,9.125762395500885
2025-09,1,Category D,540,540,633,9101,D,2025-09-01,2025,15.666666666666666,9.116139576577355,6.29156913955832,1.1722222222222223,0.03261037146755896,0.0,9.083529205109796
2025-09,2,Category D,539,539,617,9209,D,2025-09-15,2025,15.708333333333332,9.127936545721367,6.289715570908998,1.1447124304267162,0.011796969144011626,-0.0018535686493228454,9.116139576577355
2025-10,1,Category D,533,528,630,9810,D,2025-10-01,2025,15.75,9.191157552559408,6.278521424165844,1.1819887429643527,0.06322100683804166,-0.011194146743153333,9.127936545721367
2025-10,2,Category D,533,528,598,9389,D,2025-10-15,2025,15.791666666666666,9.147294070258548,6.278521424165844,1.1219512195121952,-0.04386348230086057,0.0,9.191157552559408
2025-11,1,Category D,538,537,631,8600,D,2025-11-01,2025,15.833333333333334,9.0595174822416,6.2878585601617845,1.1728624535315986,-0.08777658801694876,0.009337135995940216,9.147294070258548
2025-11,2,Category D,538,535,595,8729,D,2025-11-15,2025,15.875,9.07440609473535,6.2878585601617845,1.1059479553903346,0.014888612493750841,0.0,9.0595174822416
2025-12,1,Category D,534,523,627,8289,D,2025-12-01,2025,15.916666666666666,9.022684613591526,6.280395838960195,1.1741573033707866,-0.05172148114382402,-0.007462721201589417,9.07440609473535
2025-12,2,Category D,536,532,632,8081,D,2025-12-15,2025,15.958333333333332,8.997270906233448,6.284134161070802,1.1791044776119404,-0.02541370735807824,0.003738322110606873,9.022684613591526
2026-01,1,Category D,544,527,639,8689,D,2026-01-01,2026,16.0,9.069813136839207,6.298949246855942,1.1746323529411764,0.07254223060575882,0.014815085785140347,8.997270906233448
2026-01,2,Category D,538,523,609,8860,D,2026-01-15,2026,16.041666666666668,9.089302043599126,6.2878585601617845,1.1319702602230484,0.019488906759919544,-0.011090686694157803,9.069813136839207
2026-02,1,Category D,550,538,645,8289,D,2026-02-01,2026,16.083333333333332,9.022684613591526,6.309918278226516,1.1727272727272726,-0.06661743000760012,0.022059718064731726,9.089302043599126
2026-02,2,Category D,548,535,665,7989,D,2026-02-15,2026,16.125,8.985820874482043,6.306275286948016,1.2135036496350364,-0.03686373910948326,-0.0036429912785003182,9.022684613591526
2026-03,1,Category D,545,544,643,8602,D,2026-03-01,2026,16.166666666666668,9.059750013343681,6.300785794663244,1.1798165137614678,0.07392913886163832,-0.005489492284771913,8.985820874482043
2026-03,2,Category D,546,516,726,9589,D,2026-03-15,2026,16.208333333333336,9.16837188715368,6.302618975744905,1.3296703296703296,0.10862187380999977,0.0018331810816611949,9.059750013343681
2026-04,1,Category D,534,531,657,10000,D,2026-04-01,2026,16.25,9.210340371976184,6.280395838960195,1.2303370786516854,0.041968484822502816,-0.022223136784710107,9.16837188715368
2026-04,2,Category D,563,563,684,9290,D,2026-04-15,2026,16.291666666666668,9.136693831807884,6.333279628139691,1.2149200710479573,-0.07364654016829952,0.052883789179495544,9.210340371976184
2026-05,1,Category D,529,527,649,9452,D,2026-05-01,2026,16.333333333333332,9.1539816383068,6.270988431858299,1.2268431001890359,0.01728780649891526,-0.06229119628139124,9.136693831807884
2026-05,2,Category D,524,517,588,9689,D,2026-05-15,2026,16.375,9.178746500385005,6.261491684321042,1.1221374045801527,0.024764862078205496,-0.009496747537257377,9.1539816383068
2026-06,1,Category D,526,522,594,10000,D,2026-06-01,2026,16.416666666666668,9.210340371976184,6.26530121273771,1.129277566539924,0.03159387159117877,0.003809528416668151,9.178746500385005
2026-06,2,Category D,532,494,615,9989,D,2026-06-15,2026,16.458333333333336,9.20923976653215,6.2766434893416445,1.156015037593985,-0.0011006054440336754,0.011342276603934387,9.210340371976184
2026-07,1,Category D,530,520,677,10201,D,2026-07-01,2026,16.5,9.23024103368252,6.272877006546167,1.2773584905660378,0.02100126715036943,-0.0037664827954770885,9.20923976653215
2026-07,2,Category D,562,562,620,10202,D,2026-07-15,2026,16.541666666666668,9.230339058482873,6.331501849893691,1.103202846975089,9.8024800353258e-05,0.05862484334752338,9.23024103368252
2026-08,1,Category D,521,518,591,10503,D,2026-08-01,2026,16.583333333333332,9.259416209622776,6.255750041753367,1.1343570057581573,0.02907715113990328,-0.0757518081403239,9.230339058482873
2010-01,1,Category E,586,567,1011,19889,E,2010-01-01,2010,0.0,9.897922094063247,6.373319789577012,1.7252559726962458,,,
2010-01,2,Category E,588,579,1322,21899,E,2010-01-15,2010,0.041666666666666664,9.99419625266159,6.376726947898627,2.248299319727891,0.09627415859834265,0.003407158321614645,9.897922094063247
2010-02,1,Category E,601,596,1069,22401,E,2010-02-01,2010,0.08333333333333333,10.016860879703811,6.398594934535208,1.778702163061564,0.022664627042221497,0.02186798663658074,9.99419625266159
2010-02,2,Category E,590,587,1255,24229,E,2010-02-15,2010,0.125,10.095305541807429,6.380122536899765,2.1271186440677967,0.07844466210361745,-0.01847239763544284,10.016860879703811
2010-03,1,Category E,587,575,1184,27590,E,2010-03-01,2010,0.16666666666666666,10.225208667211332,6.375024819828097,2.017035775127768,0.12990312540390292,-0.005097717071667951,10.095305541807429
2010-03,2,Category E,584,554,1507,42001,E,2010-03-15,2010,0.20833333333333331,10.645448706505872,6.369900982828227,2.5804794520547945,0.4202400392945407,-0.005123836999869624,10.225208667211332
2010-04,1,Category E,372,328,856,49000,E,2010-04-01,2010,0.25,10.799575577092764,5.918893854273146,2.3010752688172045,0.15412687058689123,-0.45100712855508096,10.645448706505872
2010-04,2,Category E,390,383,709,43003,E,2010-04-15,2010,0.2916666666666667,10.669025159683924,5.966146739123692,1.817948717948718,-0.13055041740883944,0.04725288485054602,10.799575577092764
2010-05,1,Category E,404,403,857,39002,E,2010-05-01,2010,0.3333333333333333,10.571368205848186,6.0014148779611505,2.121287128712871,-0.09765695383573814,0.035268138837458274,10.669025159683924
2010-05,2,Category E,367,365,608,39000,E,2010-05-15,2010,0.375,10.571316925111784,5.905361848054571,1.6566757493188011,-5.1280736402148364e-05,-0.09605302990657982,10.571368205848186
2010-06,1,Category E,361,322,639,41000,E,2010-06-01,2010,0.4166666666666667,10.621327345686446,5.8888779583328805,1.7700831024930748,0.05001042057466165,-0.016483889721690126,10.571316925111784
2010-06,2,Category E,362,359,682,41006,E,2010-06-15,2010,0.45833333333333337,10.621473676442992,5.8916442118257715,1.8839779005524862,0.00014633075654657546,0.0027662534928909466,10.621327345686446
2010-07,1,Category E,399,399,660,41010,E,2010-07-01,2010,0.5,10.621571218386105,5.988961416889864,1.6541353383458646,9.754194311284436e-05,0.09731720506409225,10.621473676442992
2010-07,2,Category E,363,357,725,43565,E,2010-07-15,2010,0.5416666666666666,10.682009354665388,5.8944028342648505,1.997245179063361,0.06043813627928252,-0.09455858262501327,10.621571218386105
2010-08,1,Category E,309,308,594,42901,E,2010-08-01,2010,0.5833333333333334,10.666650414667744,5.733341276897746,1.9223300970873787,-0.015358939997643262,-0.1610615573671046,10.682009354665388
2010-08,2,Category E,315,315,583,43501,E,2010-08-15,2010,0.625,10.680539205318292,5.752572638825633,1.8507936507936509,0.013888790650547378,0.019231361927887214,10.666650414667744
2010-09,1,Category E,310,308,460,44001,E,2010-09-01,2010,0.6666666666666666,10.691967639914864,5.736572297479192,1.4838709677419355,0.011428434596572501,-0.016000341346440905,10.680539205318292
2010-09,2,Category E,309,307,520,43290,E,2010-09-15,2010,0.7083333333333333,10.675676940436027,5.733341276897746,1.6828478964401294,-0.01629069947883721,-0.003231020581446309,10.691967639914864
2010-10,1,Category E,311,304,518,44090,E,2010-10-01,2010,0.75,10.693988278351984,5.739792912179234,1.6655948553054662,0.018311337915957182,0.006451635281488066,10.675676940436027
2010-10,2,Category E,311,287,455,44900,E,2010-10-15,2010,0.7916666666666666,10.712193073730345,5.739792912179234,1.4630225080385852,0.018204795378361283,0.0,10.693988278351984
2010-11,1,Category E,316,312,497,46001,E,2010-11-01,2010,0.8333333333333334,10.736418414365376,5.755742213586912,1.5727848101265822,0.02422534063503079,0.015949301407678362,10.712193073730345
2010-11,2,Category E,333,332,634,49890,E,2010-11-15,2010,0.875,10.817575860855083,5.808142489980444,1.9039039039039038,0.08115744648970669,0.05240027639353162,10.736418414365376
2010-12,1,Category E,313,313,674,64900,E,2010-12-01,2010,0.9166666666666666,11.080602902692181,5.746203190540153,2.1533546325878596,0.26302704183709835,-0.061939299440290974,10.817575860855083
2010-12,2,Category E,311,302,463,76102,E,2010-12-15,2010,0.9583333333333333,11.239829824713368,5.739792912179234,1.4887459807073955,0.15922692202118682,-0.006410278360919008,11.080602902692181
2011-01,1,Category E,309,305,475,75789,E,2011-01-01,2011,1.0,11.235708442366212,5.733341276897746,1.5372168284789645,-0.0041213823471561994,-0.006451635281488066,11.239829824713368
2011-01,2,Category E,319,312,433,67009,E,2011-01-15,2011,1.0416666666666667,11.112582217710067,5.765191102784844,1.3573667711598747,-0.12312622465614531,0.031849825887098504,11.235708442366212
2011-02,1,Category E,333,326,648,58890,E,2011-02-01,2011,1.0833333333333333,10.983426575938616,5.808142489980444,1.945945945945946,-0.129155641771451,0.042951387195599544,11.112582217710067
2011-02,2,Category E,336,335,558,62001,E,2011-02-15,2011,1.125,11.034905792929415,5.817111159963204,1.6607142857142858,0.05147921699079916,0.008968669982760247,10.983426575938616
2011-03,1,Category E,336,324,574,62010,E,2011-03-01,2011,1.1666666666666667,11.035050941343924,5.817111159963204,1.7083333333333333,0.00014514841450896654,0.0,11.034905792929415
2011-03,2,Category E,330,330,458,59073,E,2011-03-15,2011,1.2083333333333335,10.98652924621328,5.799092654460526,1.387878787878788,-0.04852169513064375,-0.018018505502678472,11.035050941343924
2011-04,1,Category E,341,340,454,57100,E,2011-04-01,2011,1.25,10.952559395644101,5.831882477283517,1.3313782991202345,-0.03396985056917856,0.032789822822991255,10.98652924621328
2011-04,2,Category E,330,329,484,56001,E,2011-04-15,2011,1.2916666666666667,10.933124826700707,5.799092654460526,1.4666666666666666,-0.019434568943394126,-0.032789822822991255,10.952559395644101
2011-05,1,Category E,330,321,498,56490,E,2011-05-01,2011,1.3333333333333333,10.941818910319308,5.799092654460526,1.509090909090909,0.008694083618600246,0.0,10.933124826700707
2011-05,2,Category E,331,322,470,56889,E,2011-05-15,2011,1.375,10.948857279808518,5.802118375377063,1.4199395770392749,0.007038369489210439,0.003025720916537189,10.941818910319308
2011-06,1,Category E,338,295,530,62000,E,2011-06-01,2011,1.4166666666666667,11.03488966402723,5.823045895483019,1.5680473372781065,0.0860323842187114,0.020927520105956,10.948857279808518
2011-06,2,Category E,339,334,468,65490,E,2011-06-15,2011,1.4583333333333335,11.089652738212099,5.82600010738045,1.3805309734513274,0.054763074184869254,0.0029542118974310583,11.03488966402723
2011-07,1,Category E,372,342,509,68811,E,2011-07-01,2011,1.5,11.139118894862325,5.918893854273146,1.368279569892473,0.04946615665022591,0.09289374689269625,11.089652738212099
2011-07,2,Category E,335,328,459,74490,E,2011-07-15,2011,1.5416666666666667,11.218420167170322,5.814130531825066,1.3701492537313433,0.07930127230799755,-0.10476332244807995,11.139118894862325
2011-08,1,Category E,360,360,488,70117,E,2011-08-01,2011,1.5833333333333335,11.157920554320716,5.886104031450156,1.3555555555555556,-0.06049961284960581,0.07197349962508959,11.218420167170322
2011-08,2,Category E,337,335,516,67000,E,2011-08-15,2011,1.6250000000000002,11.112447898373103,5.820082930352362,1.5311572700296736,-0.04547265594761285,-0.06602110109779424,11.157920554320716
2011-09,1,Category E,330,329,466,65589,E,2011-09-01,2011,1.6666666666666665,11.091163277944997,5.799092654460526,1.412121212121212,-0.02128462042810675,-0.020990275891835886,11.112447898373103
2011-09,2,Category E,332,332,449,62502,E,2011-09-15,2011,1.7083333333333333,11.042953835212504,5.805134968916488,1.3524096385542168,-0.04820944273249239,0.006042314455962483,11.091163277944997
2011-10,1,Category E,331,331,452,65058,E,2011-10-01,2011,1.75,11.083034458700237,5.802118375377063,1.365558912386707,0.040080623487732225,-0.003016593539425294,11.042953835212504
2011-10,2,Category E,330,306,518,73600,E,2011-10-15,2011,1.7916666666666667,11.206400304716968,5.799092654460526,1.5696969696969696,0.12336584601673195,-0.003025720916537189,11.083034458700237
2011-11,1,Category E,330,311,507,78001,E,2011-11-01,2011,1.8333333333333335,11.264476926102367,5.799092654460526,1.5363636363636364,0.05807662138539804,0.0,11.206400304716968
2011-11,2,Category E,355,352,496,75889,E,2011-11-15,2011,1.8750000000000002,11.23702702534448,5.872117789475416,1.3971830985915492,-0.02744990075788678,0.07302513501489027,11.264476926102367
2011-12,1,Category E,349,335,489,74340,E,2011-12-01,2011,1.9166666666666665,11.216404443851243,5.855071922202427,1.4011461318051577,-0.020622581493237035,-0.017045867272988957,11.23702702534448
2011-12,2,Category E,334,285,521,71000,E,2011-12-15,2011,1.9583333333333333,11.170435156023453,5.811140992976701,1.5598802395209581,-0.04596928782778953,-0.04393092922572617,11.216404443851243
2012-01,1,Category E,344,341,530,65700,E,2012-01-01,2012,2.0,11.092854204472703,5.840641657373398,1.5406976744186047,-0.0775809515507504,0.029500664396697296,11.170435156023453
2012-01,2,Category E,380,375,538,67101,E,2012-01-15,2012,2.0416666666666665,11.11395422597838,5.940171252720432,1.4157894736842105,0.021100021505677802,0.09952959534703343,11.092854204472703
2012-02,1,Category E,312,312,425,73801,E,2012-02-01,2012,2.0833333333333335,11.209127560632263,5.7430031878094825,1.3621794871794872,0.09517333465388234,-0.19716806491094907,11.11395422597838
2012-02,2,Category E,314,296,507,78000,E,2012-02-15,2012,2.125,11.26446410567173,5.749392985908253,1.6146496815286624,0.0553365450394665,0.006389798098770605,11.209127560632263
2012-03,1,Category E,309,309,492,76881,E,2012-03-01,2012,2.1666666666666665,11.250014050843658,5.733341276897746,1.5922330097087378,-0.014450054828071046,-0.01605170901050723,11.26446410567173
2012-03,2,Category E,327,327,449,80101,E,2012-03-15,2012,2.208333333333333,11.291043617373028,5.7899601708972535,1.3730886850152906,0.04102956652936918,0.05661889399950759,11.250014050843658
2012-04,1,Category E,309,307,413,84590,E,2012-04-01,2012,2.25,11.345571335298061,5.733341276897746,1.3365695792880259,0.054527717925033414,-0.05661889399950759,11.291043617373028
2012-04,2,Category E,308,295,447,92010,E,2012-04-15,2012,2.2916666666666665,11.429652545776406,5.730099782973574,1.4512987012987013,0.08408121047834527,-0.0032414939241718344,11.345571335298061
2012-05,1,Category E,311,304,457,88990,E,2012-05-01,2012,2.3333333333333335,11.396279282850909,5.739792912179234,1.4694533762057878,-0.03337326292549747,0.0096931292056599,11.429652545776406
2012-05,2,Category E,321,312,544,86889,E,2012-05-15,2012,2.375,11.37238672096279,5.771441123130016,1.6947040498442367,-0.02389256188811828,0.03164821095078185,11.396279282850909
2012-06,1,Category E,315,311,526,85889,E,2012-06-01,2012,2.4166666666666665,11.360811043893564,5.752572638825633,1.66984126984127,-0.011575677069226131,-0.018868484304382704,11.37238672096279
2012-06,2,Category E,317,315,427,84389,E,2012-06-15,2012,2.458333333333333,11.343192340336573,5.75890177387728,1.3470031545741326,-0.017618703556991022,0.006329135051647228,11.360811043893564
2012-07,1,Category E,312,295,410,86999,E,2012-07-01,2012,2.5,11.373651903317787,5.7430031878094825,1.314102564102564,0.030459562981214106,-0.015898586067797815,11.343192340336573
2012-07,2,Category E,310,306,429,92700,E,2012-07-15,2012,2.5416666666666665,11.437123751553946,5.736572297479192,1.3838709677419354,0.06347184823615848,-0.0064308903302903175,11.373651903317787
2012-08,1,Category E,260,258,354,95034,E,2012-08-01,2012,2.5833333333333335,11.461990001290475,5.560681631015528,1.3615384615384616,0.02486624973652951,-0.17589066646366458,11.437123751553946
2012-08,2,Category E,247,238,301,93990,E,2012-08-15,2012,2.625,11.450943672614347,5.5093883366279774,1.2186234817813766,-0.011046328676128425,-0.05129329438755015,11.461990001290475
2012-09,1,Category E,245,245,349,87999,E,2012-09-01,2012,2.6666666666666665,11.385080729759414,5.501258210544727,1.4244897959183673,-0.06586294285493288,-0.008130126083250033,11.450943672614347
2012-09,2,Category E,252,245,421,89990,E,2012-09-15,2012,2.708333333333333,11.407453832027993,5.529429087511423,1.6706349206349207,0.02237310226857936,0.028170876966695957,11.385080729759414
2012-10,1,Category E,243,242,312,86889,E,2012-10-01,2012,2.75,11.37238672096279,5.493061443340548,1.2839506172839505,-0.035067111065202994,-0.036367644170875124,11.407453832027993
2012-10,2,Category E,249,233,371,87000,E,2012-10-15,2012,2.7916666666666665,11.37366339763672,5.517452896464707,1.4899598393574298,0.001276676673930055,0.024391453124159135,11.37238672096279
2012-11,1,Category E,244,241,401,92100,E,2012-11-01,2012,2.8333333333333335,11.430630222243398,5.497168225293202,1.6434426229508197,0.056966824606677235,-0.02028467117150523,11.37366339763672
2012-11,2,Category E,258,250,352,93990,E,2012-11-15,2012,2.875,11.450943672614347,5.552959584921617,1.3643410852713178,0.020313450370949226,0.055791359628415194,11.430630222243398
2012-12,1,Category E,246,233,329,97000,E,2012-12-01,2012,2.9166666666666665,11.48246625748552,5.5053315359323625,1.3373983739837398,0.031522584871172654,-0.04762804898925488,11.450943672614347
2012-12,2,Category E,250,241,406,95990,E,2012-12-15,2012,2.958333333333333,11.471999298357582,5.521460917862246,1.624,-0.010466959127937159,0.016129381929883557,11.48246625748552
2013-01,1,Category E,256,256,393,96101,E,2013-01-01,2013,3.0,11.473155000731508,5.545177444479562,1.53515625,0.0011557023739250383,0.02371652661731627,11.471999298357582
2013-01,2,Category E,251,248,344,97889,E,2013-01-15,2013,3.0416666666666665,11.491589462655233,5.5254529391317835,1.3705179282868525,0.01843446192372511,-0.01972450534777881,11.473155000731508
2013-02,1,Category E,238,221,295,94890,E,2013-02-01,2013,3.0833333333333335,11.460473604967804,5.472270673671475,1.2394957983193278,-0.031115857687428417,-0.053182265460308464,11.491589462655233
2013-02,2,Category E,241,200,370,91910,E,2013-02-15,2013,3.125,11.428565116352155,5.484796933490655,1.5352697095435686,-0.03190848861564888,0.012526259819179764,11.460473604967804
2013-03,1,Category E,255,248,1036,65001,E,2013-03-01,2013,3.1666666666666665,11.082157933374816,5.541263545158426,4.0627450980392155,-0.3464071829773392,0.056466611667771005,11.428565116352155
2013-03,2,Category E,279,277,635,73301,E,2013-03-15,2013,3.208333333333333,11.202329530346486,5.631211781821365,2.2759856630824373,0.12017159697166946,0.0899482366629396,11.082157933374816
2013-04,1,Category E,245,244,450,66989,E,2013-04-01,2013,3.25,11.11228370578976,5.501258210544727,1.836734693877551,-0.09004582455672505,-0.12995357127663798,11.202329530346486
2013-04,2,Category E,240,227,421,62000,E,2013-04-15,2013,3.2916666666666665,11.03488966402723,5.480638923341991,1.7541666666666667,-0.07739404176253117,-0.020619287202736203,11.11228370578976
2013-05,1,Category E,239,238,447,62301,E,2013-05-01,2013,3.3333333333333335,11.03973275601109,5.476463551931511,1.8702928870292888,0.004843091983859793,-0.004175371410480189,11.03488966402723
2013-05,2,Category E,251,239,466,66701,E,2013-05-15,2013,3.375,11.107975224295076,5.5254529391317835,1.8565737051792828,0.06824246828398728,0.04898938720027246,11.03973275601109
2013-06,1,Category E,239,189,534,76000,E,2013-06-01,2013,3.4166666666666665,11.238488619268468,5.476463551931511,2.2343096234309625,0.13051339497339143,-0.04898938720027246,11.107975224295076
2013-06,2,Category E,251,250,466,83001,E,2013-06-15,2013,3.458333333333333,11.326607934898927,5.5254529391317835,1.8565737051792828,0.08811931563045938,0.04898938720027246,11.238488619268468
2013-07,1,Category E,288,284,485,77000,E,2013-07-01,2013,3.5,11.251560700835821,5.662960480135946,1.6840277777777777,-0.07504723406310632,0.13750754100416263,11.326607934898927
2013-07,2,Category E,240,237,425,76802,E,2013-07-15,2013,3.5416666666666665,11.248985960463353,5.480638923341991,1.7708333333333333,-0.0025747403724682982,-0.1823215567939549,11.251560700835821
2013-08,1,Category E,264,261,407,77989,E,2013-08-01,2013,3.5833333333333335,11.264323070085652,5.575949103146316,1.5416666666666667,0.015337109622299394,0.09531017980432477,11.248985960463353
2013-08,2,Category E,264,264,385,79223,E,2013-08-15,2013,3.625,11.280021939683829,5.575949103146316,1.4583333333333333,0.015698869598177012,0.0,11.264323070085652
2013-09,1,Category E,263,181,431,80000,E,2013-09-01,2013,3.6666666666666665,11.289781913656018,5.572154032177765,1.638783269961977,0.009759973972188973,-0.0037950709685512507,11.280021939683829
2013-09,2,Category E,261,253,459,87001,E,2013-09-15,2013,3.708333333333333,11.373674891823535,5.564520407322694,1.7586206896551724,0.08389297816751728,-0.0076336248550710195,11.289781913656018
2013-10,1,Category E,342,330,483,93889,E,2013-10-01,2013,3.75,11.449868512434344,5.834810737062605,1.412280701754386,0.07619362061080892,0.2702903297399111,11.373674891823535
2013-10,2,Category E,269,264,337,92289,E,2013-10-15,2013,3.7916666666666665,11.432680236790798,5.594711379601839,1.2527881040892193,-0.01718827564354619,-0.24009935746076572,11.449868512434344
2013-11,1,Category E,273,270,379,89001,E,2013-11-01,2013,3.8333333333333335,11.39640288460621,5.60947179518496,1.3882783882783882,-0.036277352184587386,0.01476041558312069,11.432680236790798
2013-11,2,Category E,266,259,410,83000,E,2013-11-15,2013,3.875,11.326595886778735,5.583496308781699,1.5413533834586466,-0.06980699782747557,-0.02597548640326064,11.39640288460621
2013-12,1,Category E,264,264,365,76901,E,2013-12-01,2013,3.9166666666666665,11.250274159310356,5.575949103146316,1.3825757575757576,-0.07632172746837895,-0.007547205635383136,11.326595886778735
2013-12,2,Category E,268,268,375,77501,E,2013-12-15,2013,3.958333333333333,11.258046118484,5.5909869805108565,1.3992537313432836,0.0077719591736435945,0.015037877364540542,11.250274159310356
2014-01,1,Category E,261,244,392,79000,E,2014-01-01,2014,4.0,11.27720313144916,5.564520407322694,1.5019157088122606,0.01915701296515948,-0.026466573188162812,11.258046118484
2014-01,2,Category E,261,259,373,78810,E,2014-01-15,2014,4.041666666666667,11.274795171347694,5.564520407322694,1.4291187739463602,-0.0024079601014648233,0.0,11.27720313144916
2014-02,1,Category E,208,205,351,77003,E,2014-02-01,2014,4.083333333333333,11.25159966111582,5.337538079701318,1.6875,-0.02319551023187394,-0.22698232762137582,11.274795171347694
2014-02,2,Category E,193,191,321,79000,E,2014-02-15,2014,4.125,11.27720313144916,5.262690188904886,1.6632124352331605,0.025603470333338763,-0.07484789079643228,11.25159966111582
2014-03,1,Category E,193,185,292,82000,E,2014-03-01,2014,4.166666666666667,11.314474526246391,5.262690188904886,1.5129533678756477,0.03727139479723185,0.0,11.27720313144916
2014-03,2,Category E,193,192,293,84001,E,2014-03-15,2014,4.208333333333334,11.338583982516495,5.262690188904886,1.5181347150259068,0.024109456270103635,0.0,11.314474526246391
2014-04,1,Category E,199,197,283,84100,E,2014-04-01,2014,4.25,11.33976184596104,5.293304824724492,1.4221105527638191,0.0011778634445445135,0.03061463581960666,11.338583982516495
2014-04,2,Category E,192,192,310,73810,E,2014-04-15,2014,4.291666666666667,11.209249502764099,5.2574953720277815,1.6145833333333333,-0.1305123431969406,-0.035809452696710764,11.33976184596104
2014-05,1,Category E,295,295,525,65501,E,2014-05-01,2014,4.333333333333333,11.089820688682373,5.68697535633982,1.7796610169491525,-0.11942881408172568,0.4294799843120387,11.209249502764099
2014-05,2,Category E,294,285,497,67290,E,2014-05-15,2014,4.375,11.116766916182364,5.683579767338681,1.6904761904761905,0.026946227499990982,-0.003395589001138788,11.089820688682373
2014-06,1,Category E,293,292,465,67334,E,2014-06-01,2014,4.416666666666667,11.117420588656316,5.680172609017068,1.5870307167235496,0.0006536724739518718,-0.003407158321613757,11.116766916182364
2014-06,2,Category E,302,276,434,65301,E,2014-06-15,2014,4.458333333333334,11.086762629082946,5.71042701737487,1.4370860927152318,-0.03065795957336981,0.03025440835780202,11.117420588656316
2014-07,1,Category E,294,288,441,63001,E,2014-07-01,2014,4.5,11.050905878263567,5.683579767338681,1.5,-0.035856750819379,-0.026847250036188264,11.086762629082946
2014-07,2,Category E,319,317,483,65002,E,2014-07-15,2014,4.541666666666667,11.08217331763518,5.765191102784844,1.5141065830721003,0.03126743937161258,0.08161133544616295,11.050905878263567
2014-08,1,Category E,245,243,429,69001,E,2014-08-01,2014,4.583333333333333,11.141876276228,5.501258210544727,1.7510204081632652,0.05970295859282082,-0.26393289224011696,11.08217331763518
2014-08,2,Category E,241,224,358,72810,E,2014-08-15,2014,4.625,11.195608587388756,5.484796933490655,1.4854771784232366,0.05373231116075594,-0.01646127705407263,11.141876276228
2014-09,1,Category E,241,235,385,74403,E,2014-09-01,2014,4.666666666666667,11.217251542588896,5.484796933490655,1.5975103734439835,0.02164295520013937,0.0,11.195608587388756
2014-09,2,Category E,256,252,395,74801,E,2014-09-15,2014,4.708333333333334,11.222586532857163,5.545177444479562,1.54296875,0.005334990268266893,0.06038051098890751,11.217251542588896
2014-10,1,Category E,245,236,390,72003,E,2014-10-01,2014,4.75,11.184463063796828,5.501258210544727,1.5918367346938775,-0.03812346906033426,-0.04391923393483488,11.222586532857163
2014-10,2,Category E,242,242,335,72201,E,2014-10-15,2014,4.791666666666667,11.187209175200515,5.488937726156687,1.384297520661157,0.002746111403686413,-0.012320484388040676,11.184463063796828
2014-11,1,Category E,272,271,403,71300,E,2014-11-01,2014,4.833333333333333,11.174651606402387,5.605802066295998,1.4816176470588236,-0.01255756879812786,0.11686434013931102,11.187209175200515
2014-11,2,Category E,263,263,382,73900,E,2014-11-15,2014,4.875,11.210468106936293,5.572154032177765,1.4524714828897338,0.03581650053390639,-0.03364803411823303,11.174651606402387
2014-12,1,Category E,265,257,370,76904,E,2014-12-01,2014,4.916666666666667,11.250313169745652,5.579729825986222,1.3962264150943395,0.03984506280935918,0.0075757938084572984,11.210468106936293
2014-12,2,Category E,264,264,446,73990,E,2014-12-15,2014,4.958333333333334,11.211685227919597,5.575949103146316,1.6893939393939394,-0.038627941826055334,-0.0037807228399060477,11.250313169745652
2015-01,1,Category E,272,265,386,75200,E,2015-01-01,2015,5.0,11.227906509937931,5.605802066295998,1.4191176470588236,0.016221282018333838,0.029852963149681777,11.211685227919597
2015-01,2,Category E,264,246,431,76790,E,2015-01-15,2015,5.041666666666667,11.248829702324588,5.575949103146316,1.6325757575757576,0.02092319238665752,-0.029852963149681777,11.227906509937931
2015-02,1,Category E,181,181,288,71921,E,2015-02-01,2015,5.083333333333333,11.183323573386991,5.198497031265826,1.591160220994475,-0.06550612893759755,-0.3774520718804899,11.248829702324588
2015-02,2,Category E,193,193,373,67901,E,2015-02-15,2015,5.125,11.125806040978839,5.262690188904886,1.932642487046632,-0.05751753240815205,0.06419315763905953,11.183323573386991
2015-03,1,Category E,175,162,322,70500,E,2015-03-01,2015,5.166666666666667,11.16336798880036,5.1647859739235145,1.84,0.037561947821521,-0.09790421498137114,11.125806040978839
2015-03,2,Category E,174,172,290,72100,E,2015-03-15,2015,5.208333333333334,11.185809323273041,5.159055299214529,1.6666666666666667,0.022441334472681262,-0.005730674708985362,11.16336798880036
2015-04,1,Category E,187,165,311,78000,E,2015-04-01,2015,5.25,11.26446410567173,5.231108616854587,1.6631016042780749,0.07865478239868828,0.07205331764005773,11.185809323273041
2015-04,2,Category E,176,163,331,79500,E,2015-04-15,2015,5.291666666666667,11.283512300642423,5.170483995038151,1.8806818181818181,0.019048194970693544,-0.060624621816435464,11.26446410567173
2015-05,1,Category E,292,290,445,78004,E,2015-05-01,2015,5.333333333333333,11.264515386408132,5.676753802268282,1.523972602739726,-0.018996914234291395,0.5062698072301304,11.283512300642423
2015-05,2,Category E,283,281,364,78001,E,2015-05-15,2015,5.375,11.264476926102367,5.645446897643238,1.2862190812720848,-3.8460305765042335e-05,-0.03130690462504404,11.264515386408132
2015-06,1,Category E,272,267,392,75801,E,2015-06-01,2015,5.416666666666667,11.235866764155578,5.605802066295998,1.4411764705882353,-0.028610161946788892,-0.03964483134723995,11.264476926102367
2015-06,2,Category E,272,269,373,74501,E,2015-06-15,2015,5.458333333333334,11.218567827096358,5.605802066295998,1.3713235294117647,-0.01729893705921981,0.0,11.235866764155578
2015-07,1,Category E,274,272,411,69001,E,2015-07-01,2015,5.5,11.141876276228,5.6131281063880705,1.5,-0.07669155086835744,0.0073260400920727164,11.218567827096358
2015-07,2,Category E,272,270,441,60101,E,2015-07-15,2015,5.541666666666667,11.003781759319981,5.605802066295998,1.6213235294117647,-0.13809451690801922,-0.0073260400920727164,11.141876276228
2015-08,1,Category E,363,361,607,57885,E,2015-08-01,2015,5.583333333333333,10.96621356263983,5.8944028342648505,1.6721763085399448,-0.037568196680151544,0.2886007679688527,11.003781759319981
2015-08,2,Category E,363,356,609,61001,E,2015-08-15,2015,5.625,11.0186455364637,5.8944028342648505,1.677685950413223,0.05243197382386988,0.0,10.96621356263983
2015-09,1,Category E,363,358,580,61010,E,2015-09-01,2015,5.666666666666667,11.018793064145898,5.8944028342648505,1.5977961432506886,0.00014752768219850054,0.0,11.0186455364637
2015-09,2,Category E,368,368,542,61300,E,2015-09-15,2015,5.708333333333334,11.023535121924303,5.908082938168931,1.4728260869565217,0.004742057778404529,0.01368010390408081,11.018793064145898
2015-10,1,Category E,366,360,582,58801,E,2015-10-01,2015,5.75,10.981914140544825,5.902633333401366,1.5901639344262295,-0.04162098137947723,-0.005449604767565397,11.023535121924303
2015-10,2,Category E,361,356,584,60000,E,2015-10-15,2015,5.791666666666667,11.002099841204238,5.8888779583328805,1.6177285318559558,0.02018570065941283,-0.013755375068485343,10.981914140544825
2015-11,1,Category E,367,363,505,60689,E,2015-11-01,2015,5.833333333333333,11.013517741515043,5.905361848054571,1.3760217983651226,0.011417900310805251,0.016483889721690126,11.002099841204238
2015-11,2,Category E,365,365,519,62019,E,2015-11-15,2015,5.875,11.035196068693427,5.8998973535824915,1.4219178082191781,0.021678327178383583,-0.0054644944720791955,11.013517741515043
2015-12,1,Category E,364,362,495,60003,E,2015-12-01,2015,5.916666666666667,11.00214983995428,5.8971538676367405,1.35989010989011,-0.03304622873914731,-0.002743485945750912,11.035196068693427
2015-12,2,Category E,360,360,512,57501,E,2015-12-15,2015,5.958333333333334,10.959557617938563,5.886104031450156,1.4222222222222223,-0.042592222015716885,-0.011049836186584727,11.00214983995428
2016-01,1,Category E,362,361,498,55089,E,2016-01-01,2016,6.0,10.91670533818729,5.8916442118257715,1.3756906077348066,-0.042852279751272704,0.005540180375615655,10.959557617938563
2016-01,2,Category E,360,350,713,51000,E,2016-01-15,2016,6.041666666666667,10.839580911706463,5.886104031450156,1.9805555555555556,-0.07712442648082707,-0.005540180375615655,10.91670533818729
2016-02,1,Category E,446,443,824,44001,E,2016-02-01,2016,6.083333333333333,10.691967639914864,6.100318952020064,1.8475336322869955,-0.14761327179159878,0.21421492056990843,10.839580911706463
2016-02,2,Category E,456,450,873,45009,E,2016-02-15,2016,6.125,10.714617748755122,6.1224928095143865,1.9144736842105263,0.0226501088402582,0.022173857494322213,10.691967639914864
2016-03,1,Category E,449,312,951,48002,E,2016-03-01,2016,6.166666666666667,10.778997955688663,6.1070228877422545,2.11804008908686,0.06438020693354041,-0.015469921772131912,10.714617748755122
2016-03,2,Category E,452,445,912,46667,E,2016-03-15,2016,6.208333333333334,10.750792555754964,6.113682179832232,2.017699115044248,-0.028205399933698416,0.006659292089977065,10.778997955688663
2016-04,1,Category E,583,346,1397,47510,E,2016-04-01,2016,6.25,10.768695494180967,6.368187186350492,2.3962264150943398,0.01790293842600299,0.2545050065182606,10.750792555754964
2016-04,2,Category E,453,433,834,49501,E,2016-04-15,2016,6.291666666666667,10.809748150372926,6.115892125483034,1.8410596026490067,0.04105265619195819,-0.2522950608674579,10.768695494180967
2016-05,1,Category E,750,728,1380,49000,E,2016-05-01,2016,6.333333333333333,10.799575577092764,6.620073206530356,1.84,-0.010172573280161856,0.5041810810473217,10.809748150372926
2016-05,2,Category E,534,510,815,49700,E,2016-05-15,2016,6.375,10.81376021208472,6.280395838960195,1.5262172284644195,0.014184634991956102,-0.339677367570161,10.799575577092764
2016-06,1,Category E,536,533,860,55100,E,2016-06-01,2016,6.416666666666667,10.916904995141007,6.284134161070802,1.6044776119402986,0.10314478305628683,0.003738322110606873,10.81376021208472
2016-06,2,Category E,538,531,1009,57390,E,2016-06-15,2016,6.458333333333334,10.957625351102408,6.2878585601617845,1.8754646840148699,0.04072035596140111,0.003724399090982544,10.916904995141007
2016-07,1,Category E,517,517,750,56002,E,2016-07-01,2016,6.5,10.933142683365261,6.248042874508429,1.4506769825918762,-0.024482667737146357,-0.03981568565335536,10.957625351102408
2016-07,2,Category E,521,500,821,57501,E,2016-07-15,2016,6.541666666666667,10.959557617938563,6.255750041753367,1.5758157389635317,0.026414934573301352,0.007707167244937807,10.933142683365261
2016-08,1,Category E,429,400,610,58201,E,2016-08-01,2016,6.583333333333333,10.971657815702502,6.061456918928017,1.421911421911422,0.01210019776393878,-0.19429312282534994,10.959557617938563
2016-08,2,Category E,450,450,618,56956,E,2016-08-15,2016,6.625,10.950034318900885,6.1092475827643655,1.3733333333333333,-0.021623496801616682,0.04779066383634856,10.971657815702502
2016-09,1,Category E,458,450,723,56889,E,2016-09-01,2016,6.666666666666667,10.948857279808518,6.126869184114185,1.5786026200873362,-0.0011770390923668828,0.017621601349819827,10.950034318900885
2016-09,2,Category E,429,429,592,55201,E,2016-09-15,2016,6.708333333333334,10.918736348043124,6.061456918928017,1.3799533799533799,-0.030120931765393877,-0.06541226518616838,10.948857279808518
2016-10,1,Category E,436,435,642,54200,E,2016-10-01,2016,6.75,10.900436187427738,6.077642243349034,1.4724770642201834,-0.018300160615385863,0.016185324421017278,10.918736348043124
2016-10,2,Category E,429,428,678,56340,E,2016-10-15,2016,6.791666666666667,10.939160041430364,6.061456918928017,1.5804195804195804,0.03872385400262601,-0.016185324421017278,10.900436187427738
2016-11,1,Category E,401,388,641,56000,E,2016-11-01,2016,6.833333333333333,10.933106969717286,5.993961427306569,1.598503740648379,-0.0060530717130777845,-0.06749549162144763,10.939160041430364
2016-11,2,Category E,401,397,531,54901,E,2016-11-15,2016,6.875,10.91328684226798,5.993961427306569,1.3241895261845387,-0.01982012744930728,0.0,10.933106969717286
2016-12,1,Category E,413,411,643,50010,E,2016-12-01,2016,6.916666666666667,10.81997826441295,6.023447592961033,1.5569007263922519,-0.09330857785503,0.029486165654463825,10.91328684226798
2016-12,2,Category E,404,404,668,50389,E,2016-12-15,2016,6.958333333333334,10.827528176270343,6.0014148779611505,1.6534653465346534,0.007549911857394065,-0.022032714999882685,10.81997826441295
2017-01,1,Category E,401,394,648,53001,E,2017-01-01,2017,7.0,10.87806606028079,5.993961427306569,1.6159600997506234,0.05053788401044734,-0.00745345065458114,10.827528176270343
2017-01,2,Category E,400,381,662,52600,E,2017-01-15,2017,7.041666666666667,10.870471398725801,5.991464547107982,1.655,-0.007594661554989557,-0.0024968801985876254,10.87806606028079
2017-02,1,Category E,488,488,805,48556,E,2017-02-01,2017,7.083333333333333,10.790473050017694,6.1903154058531475,1.6495901639344261,-0.07999834870810751,0.19885085874516584,10.870471398725801
2017-02,2,Category E,500,483,800,51000,E,2017-02-15,2017,7.125,10.839580911706463,6.214608098422191,1.6,0.04910786168876946,0.024292692569043872,10.790473050017694
2017-03,1,Category E,482,478,763,53001,E,2017-03-01,2017,7.166666666666667,10.87806606028079,6.1779441140506,1.5829875518672198,0.03848514857432761,-0.03666398437159124,10.839580911706463
2017-03,2,Category E,499,499,783,54501,E,2017-03-15,2017,7.208333333333334,10.905974329106854,6.212606095751519,1.5691382765531061,0.027908268826063676,0.03466198170091861,10.87806606028079
2017-04,1,Category E,486,485,748,54556,E,2017-04-01,2017,7.25,10.906982976046766,6.186208623900494,1.5390946502057614,0.0010086469399119835,-0.026397471851025145,10.905974329106854
2017-04,2,Category E,482,477,712,54616,E,2017-04-15,2017,7.291666666666667,10.908082159098116,6.1779441140506,1.4771784232365146,0.001099183051350039,-0.008264509849893464,10.906982976046766
2017-05,1,Category E,529,528,755,55000,E,2017-05-01,2017,7.333333333333333,10.915088464214607,6.270988431858299,1.4272211720226844,0.0070063051164908074,0.09304431780769917,10.908082159098116
2017-05,2,Category E,532,506,731,52000,E,2017-05-15,2017,7.375,10.858998997563564,6.2766434893416445,1.3740601503759398,-0.056089466651043196,0.0056550574833451606,10.915088464214607
2017-06,1,Category E,528,528,878,50526,E,2017-06-01,2017,7.416666666666667,10.830243334258046,6.269096283706261,1.6628787878787878,-0.028755663305517487,-0.007547205635383136,10.858998997563564
2017-06,2,Category E,553,519,925,48001,E,2017-06-15,2017,7.458333333333334,10.778977123006351,6.315358001522335,1.6726943942133816,-0.05126621125169528,0.04626171781607358,10.830243334258046
2017-07,1,Category E,528,521,872,49899,E,2017-07-01,2017,7.5,10.817756241458644,6.269096283706261,1.6515151515151516,0.038779118452293204,-0.04626171781607358,10.778977123006351
2017-07,2,Category E,562,516,941,50101,E,2017-07-15,2017,7.541666666666667,10.821796246953596,6.331501849893691,1.6743772241992882,0.0040400054949518704,0.06240556618742943,10.817756241458644
2017-08,1,Category E,547,545,822,52751,E,2017-08-01,2017,7.583333333333333,10.873338008504597,6.304448802421981,1.5027422303473492,0.05154176155100032,-0.027053047471709668,10.821796246953596
2017-08,2,Category E,586,562,781,50000,E,2017-08-15,2017,7.625,10.819778284410283,6.373319789577012,1.3327645051194539,-0.05355972409431331,0.06887098715503104,10.873338008504597
2017-09,1,Category E,543,543,805,48005,E,2017-09-01,2017,7.666666666666667,10.779060451131723,6.297109319933935,1.4825046040515655,-0.04071783327855982,-0.07621046964307698,10.819778284410283
2017-09,2,Category E,565,563,905,49012,E,2017-09-15,2017,7.708333333333334,10.799820445069336,6.336825731146441,1.6017699115044248,0.020759993937613075,0.03971641121250613,10.779060451131723
2017-10,1,Category E,540,528,869,49000,E,2017-10-01,2017,7.75,10.799575577092764,6.29156913955832,1.6092592592592592,-0.00024486797657274906,-0.0452565915881209,10.799820445069336
2017-10,2,Category E,542,539,809,52000,E,2017-10-15,2017,7.791666666666667,10.858998997563564,6.295266001439646,1.492619926199262,0.05942342047080018,0.003696861881326008,10.799575577092764
2017-11,1,Category E,524,495,867,57000,E,2017-11-01,2017,7.833333333333333,10.950806546816688,6.261491684321042,1.6545801526717556,0.09180754925312407,-0.03377431711860446,10.858998997563564
2017-11,2,Category E,516,498,844,57501,E,2017-11-15,2017,7.875,10.959557617938563,6.246106765481563,1.6356589147286822,0.008751071121874787,-0.015384918839479234,10.950806546816688
2017-12,1,Category E,542,537,831,54334,E,2017-12-01,2017,7.916666666666667,10.902905460984165,6.295266001439646,1.533210332103321,-0.056652156954397626,0.04915923595808369,10.959557617938563
2017-12,2,Category E,531,529,1003,48011,E,2017-12-15,2017,7.958333333333334,10.779185430302025,6.274762021241939,1.8888888888888888,-0.12372003068213999,-0.020503980197707605,10.902905460984165
2018-01,1,Category E,518,518,923,47390,E,2018-01-01,2018,8.0,10.766166514961634,6.249975242259483,1.781853281853282,-0.013018915340390791,-0.02478677898245607,10.779185430302025
2018-01,2,Category E,515,495,817,44000,E,2018-01-15,2018,8.041666666666666,10.691944912900398,6.244166900663736,1.5864077669902912,-0.07422160206123607,-0.005808341595746391,10.766166514961634
2018-02,1,Category E,566,562,790,39903,E,2018-02-01,2018,8.083333333333334,10.594206788021406,6.338594078203183,1.3957597173144876,-0.09773812487899214,0.09442717753944674,10.691944912900398
2018-02,2,Category E,586,581,1216,38801,E,2018-02-15,2018,8.125,10.566201298475118,6.373319789577012,2.0750853242320817,-0.02800548954628823,0.03472571137382907,10.594206788021406
2018-03,1,Category E,571,525,967,39000,E,2018-03-01,2018,8.166666666666666,10.571316925111784,6.3473892096560105,1.6935201401050788,0.005115626636666093,-0.025930579921001673,10.566201298475118
2018-03,2,Category E,571,564,977,38000,E,2018-03-15,2018,8.208333333333332,10.545341438708522,6.3473892096560105,1.7110332749562172,-0.025975486403261527,0.0,10.571316925111784
2018-04,1,Category E,612,604,967,38039,E,2018-04-01,2018,8.25,10.546367228196017,6.416732282512326,1.5800653594771241,0.0010257894874943219,0.06934307285631558,10.545341438708522
2018-04,2,Category E,573,571,1027,38389,E,2018-04-15,2018,8.291666666666666,10.55552623920546,6.35088571671474,1.7923211169284468,0.009159011009442608,-0.06584656579758619,10.546367228196017
2018-05,1,Category E,565,562,1008,38600,E,2018-05-01,2018,8.333333333333334,10.561007555452923,6.336825731146441,1.784070796460177,0.005481316247463397,-0.014059985568298572,10.55552623920546
2018-05,2,Category E,558,533,836,38700,E,2018-05-15,2018,8.375,10.563594879017874,6.324358962381311,1.4982078853046594,0.0025873235649509496,-0.012466768765130531,10.561007555452923
2018-06,1,Category E,559,525,927,37000,E,2018-06-01,2018,8.416666666666666,10.51867319162636,6.326149473155099,1.6583184257602863,-0.04492168739151303,0.0017905107737883341,10.563594879017874
2018-06,2,Category E,581,580,868,34400,E,2018-06-15,2018,8.458333333333332,10.44581184336149,6.364750756851911,1.4939759036144578,-0.07286134826487078,0.038601283696811706,10.51867319162636
2018-07,1,Category E,591,582,975,31001,E,2018-07-01,2018,8.5,10.34177474101152,6.3818160174060985,1.649746192893401,-0.10403710234997021,0.017065260554187667,10.44581184336149
2018-07,2,Category E,558,558,1082,32809,E,2018-07-15,2018,8.541666666666666,10.398458146978019,6.324358962381311,1.939068100358423,0.05668340596649912,-0.05745705502478771,10.34177474101152
2018-08,1,Category E,536,524,896,33420,E,2018-08-01,2018,8.583333333333334,10.416909802149386,6.284134161070802,1.671641791044776,0.01845165517136671,-0.04022480131050887,10.398458146978019
2018-08,2,Category E,527,525,927,32311,E,2018-08-15,2018,8.625,10.383163008509824,6.267200548541362,1.7590132827324478,-0.0337467936395619,-0.01693361252943948,10.416909802149386
2018-09,1,Category E,540,506,1006,31801,E,2018-09-01,2018,8.666666666666666,10.367253014814716,6.29156913955832,1.862962962962963,-0.01590999369510726,0.024368591016957986,10.383163008509824
2018-09,2,Category E,530,519,928,32000,E,2018-09-15,2018,8.708333333333332,10.373491181781864,6.272877006546167,1.7509433962264151,0.006238166967147407,-0.018692133012153,10.367253014814716
2018-10,1,Category E,561,543,1066,32552,E,2018-10-01,2018,8.75,10.390594089681526,6.329720905522696,1.9001782531194296,0.01710290789966251,0.05684389897652853,10.373491181781864
2018-10,2,Category E,539,527,779,32900,E,2018-10-15,2018,8.791666666666666,10.401227936753463,6.289715570908998,1.4452690166975881,0.010633847071936486,-0.04000533461369837,10.390594089681526
2018-11,1,Category E,557,544,862,32000,E,2018-11-01,2018,8.833333333333334,10.373491181781864,6.322565239927284,1.5475763016157988,-0.027736754971598998,0.032849669018286676,10.401227936753463
2018-11,2,Category E,552,546,930,30959,E,2018-11-15,2018,8.875,10.340419027440413,6.313548046277095,1.684782608695652,-0.0330721543414505,-0.00901719365018927,10.373491181781864
2018-12,1,Category E,552,546,1021,30851,E,2018-12-01,2018,8.916666666666666,10.336924443719042,6.313548046277095,1.8496376811594204,-0.003494583721371569,0.0,10.340419027440413
2018-12,2,Category E,545,545,778,31809,E,2018-12-15,2018,8.958333333333332,10.367504547593908,6.300785794663244,1.4275229357798165,0.030580103874866538,-0.012762251613851028,10.336924443719042
2019-01,1,Category E,546,540,776,32909,E,2019-01-01,2019,9.0,10.401501455574783,6.302618975744905,1.4212454212454213,0.033996907980874624,0.0018331810816611949,10.367504547593908
2019-01,2,Category E,540,530,797,33689,E,2019-01-15,2019,9.041666666666666,10.42492665356173,6.29156913955832,1.4759259259259259,0.02342519798694731,-0.011049836186584727,10.401501455574783
2019-02,1,Category E,403,392,545,35310,E,2019-02-01,2019,9.083333333333334,10.471921488922431,5.998936561946683,1.3523573200992556,0.04699483536070126,-0.29263257761163786,10.42492665356173
2019-02,2,Category E,407,407,658,36667,E,2019-02-15,2019,9.125,10.509632446974212,6.008813185442595,1.6167076167076166,0.03771095805178071,0.009876623495912007,10.471921488922431
2019-03,1,Category E,408,405,689,37620,E,2019-03-01,2019,9.166666666666666,10.535291102855021,6.0112671744041615,1.6887254901960784,0.025658655880809178,0.0024539889615668997,10.509632446974212
2019-03,2,Category E,397,396,730,41000,E,2019-03-15,2019,9.208333333333332,10.621327345686446,5.983936280687191,1.8387909319899245,0.0860362428314243,-0.027330893716970728,10.535291102855021
2019-04,1,Category E,400,391,648,48209,E,2019-04-01,2019,9.25,10.78330100460001,5.991464547107982,1.62,0.1619736589135652,0.007528266420790963,10.621327345686446
2019-04,2,Category E,398,391,667,52410,E,2019-04-15,2019,9.291666666666666,10.866852691796211,5.986452005284438,1.6758793969849246,0.08355168719620032,-0.005012541823544048,10.78330100460001
2019-05,1,Category E,384,379,513,52502,E,2019-05-01,2019,9.333333333333334,10.868606543092206,5.950642552587727,1.3359375,0.0017538512959944796,-0.035809452696710764,10.866852691796211
2019-05,2,Category E,382,375,626,47000,E,2019-05-15,2019,9.375,10.757902880692196,5.945420608606575,1.638743455497382,-0.1107036624000095,-0.005221943981151611,10.868606543092206
2019-06,1,Category E,380,375,724,42002,E,2019-06-01,2019,9.416666666666666,10.645472515179373,5.940171252720432,1.9052631578947368,-0.11243036551282337,-0.005249355886143725,10.757902880692196
2019-06,2,Category E,381,380,536,39400,E,2019-06-15,2019,9.458333333333332,10.581521095286025,5.942799375126701,1.4068241469816274,-0.06395141989334796,0.0026281224062696396,10.645472515179373
2019-07,1,Category E,379,377,523,36901,E,2019-07-01,2019,9.5,10.515993929932415,5.937536205082426,1.3799472295514512,-0.06552716535360936,-0.005263170044274901,10.581521095286025
2019-07,2,Category E,375,367,751,39889,E,2019-07-15,2019,9.541666666666666,10.593855875645637,5.926926025970411,2.002666666666667,0.07786194571322191,-0.010610179112015672,10.515993929932415
2019-08,1,Category E,357,353,589,40512,E,2019-08-01,2019,9.583333333333334,10.609353505503847,5.877735781779639,1.649859943977591,0.015497629858209905,-0.04919024419077189,10.593855875645637
2019-08,2,Category E,363,353,593,40002,E,2019-08-15,2019,9.625,10.596684731846114,5.8944028342648505,1.6336088154269972,-0.012668773657733112,0.01666705248521172,10.609353505503847
2019-09,1,Category E,359,350,552,37912,E,2019-09-01,2019,9.666666666666666,10.543022963647424,5.883322388488279,1.5376044568245126,-0.053661768198690396,-0.011080445776571857,10.596684731846114
2019-09,2,Category E,365,350,632,40000,E,2019-09-15,2019,9.708333333333332,10.596634733096073,5.8998973535824915,1.7315068493150685,0.05361176944864887,0.016574965094212857,10.543022963647424
2019-10,1,Category E,364,358,601,41001,E,2019-10-01,2019,9.75,10.62135173563291,5.8971538676367405,1.651098901098901,0.024717002536837285,-0.002743485945750912,10.596634733096073
2019-10,2,Category E,369,356,506,42020,E,2019-10-15,2019,9.791666666666666,10.645900974398991,5.910796644040527,1.3712737127371273,0.02454923876608106,0.013642776403786527,10.62135173563291
2019-11,1,Category E,383,376,587,40101,E,2019-11-01,2019,9.833333333333334,10.599156550639583,5.948034989180646,1.5326370757180157,-0.04674442375940835,0.03723834514011859,10.645900974398991
2019-11,2,Category E,390,383,540,40889,E,2019-11-15,2019,9.875,10.61861635720246,5.966146739123692,1.3846153846153846,0.019459806562878157,0.01811174994304654,10.599156550639583
2019-12,1,Category E,384,377,518,38889,E,2019-12-01,2019,9.916666666666666,10.568466713268153,5.950642552587727,1.3489583333333333,-0.050149643934307875,-0.015504186535965303,10.61861635720246
2019-12,2,Category E,384,373,496,37989,E,2019-12-15,2019,9.958333333333332,10.545051923118718,5.950642552587727,1.2916666666666667,-0.023414790149434594,0.0,10.568466713268153
2020-01,1,Category E,384,377,541,38000,E,2020-01-01,2020,10.0,10.545341438708522,5.950642552587727,1.4088541666666667,0.0002895155898041679,0.0,10.545051923118718
2020-01,2,Category E,388,388,528,37500,E,2020-01-15,2020,10.041666666666666,10.532096211958502,5.961005339623274,1.3608247422680413,-0.013245226750020933,0.010362787035546717,10.545341438708522
2020-02,1,Category E,335,330,525,34900,E,2020-02-01,2020,10.083333333333334,10.460242108190519,5.814130531825066,1.5671641791044777,-0.07185410376798274,-0.14687480779820739,10.532096211958502
2020-02,2,Category E,328,324,550,33301,E,2020-02-15,2020,10.125,10.413342705547674,5.793013608384144,1.6768292682926829,-0.04689940264284509,-0.021116923440922086,10.460242108190519
2020-03,1,Category E,333,331,512,32500,E,2020-03-01,2020,10.166666666666666,10.388995368317829,5.808142489980444,1.5375375375375375,-0.024347337229844612,0.01512888159629977,10.413342705547674
2020-03,2,Category E,331,324,503,32500,E,2020-03-15,2020,10.208333333333332,10.388995368317829,5.802118375377063,1.5196374622356494,0.0,-0.006024114603381037,10.388995368317829
2020-07,1,Category E,444,436,937,34989,E,2020-07-01,2020,10.5,10.46278900535916,6.095824562432225,2.1103603603603602,0.07379363704133013,0.2937061870551618,10.388995368317829
2020-07,2,Category E,448,438,714,35001,E,2020-07-15,2020,10.541666666666666,10.463131911491967,6.104793232414985,1.59375,0.00034290613280774096,0.008968669982760247,10.46278900535916
2020-08,1,Category E,472,466,784,36502,E,2020-08-01,2020,10.583333333333334,10.505122332589966,6.156978985585555,1.6610169491525424,0.04199042109799933,0.05218575317057006,10.463131911491967
2020-08,2,Category E,474,467,764,38110,E,2020-08-15,2020,10.625,10.548231993867907,6.161207321695077,1.6118143459915613,0.04310966127794025,0.004228336109521891,10.505122332589966
2020-09,1,Category E,470,470,672,40790,E,2020-09-01,2020,10.666666666666666,10.616192232311604,6.152732694704104,1.4297872340425533,0.06796023844369792,-0.008474626990972567,10.548231993867907
2020-09,2,Category E,471,468,671,41001,E,2020-09-15,2020,10.708333333333332,10.62135173563291,6.154858094016418,1.424628450106157,0.005159503321305436,0.0021253993123133696,10.616192232311604
2020-10,1,Category E,427,426,688,40301,E,2020-10-01,2020,10.75,10.604131561522696,6.056784013228625,1.6112412177985949,-0.01722017411021426,-0.0980740807877929,10.62135173563291
2020-10,2,Category E,430,373,672,39889,E,2020-10-15,2020,10.791666666666666,10.593855875645637,6.063785208687608,1.5627906976744186,-0.010275685877058294,0.007001195458983034,10.604131561522696
2020-11,1,Category E,464,463,683,39500,E,2020-11-01,2020,10.833333333333334,10.584055950889214,6.139884552226255,1.4719827586206897,-0.00979992475642355,0.07609934353864745,10.593855875645637
2020-11,2,Category E,520,512,803,41503,E,2020-11-15,2020,10.875,10.633520992762682,6.253828811575473,1.5442307692307693,0.049465041873467896,0.1139442593492177,10.584055950889214
2020-12,1,Category E,464,461,722,45510,E,2020-12-01,2020,10.916666666666666,10.725687361010687,6.139884552226255,1.5560344827586208,0.09216636824800517,-0.1139442593492177,10.633520992762682
2020-12,2,Category E,471,469,688,49500,E,2020-12-15,2020,10.958333333333332,10.809727948556782,6.154858094016418,1.4607218683651804,0.08404058754609522,0.014973541790162415,10.725687361010687
2021-01,1,Category E,467,463,758,49489,E,2021-01-01,2021,11.0,10.809505701639543,6.1463292576688975,1.6231263383297645,-0.00022224691723948808,-0.008528836347520219,10.809727948556782
2021-01,2,Category E,466,458,705,51900,E,2021-01-15,2021,11.041666666666666,10.85707406915398,6.144185634125646,1.5128755364806867,0.047568367514436716,-0.002143623543251927,10.809505701639543
2021-02,1,Category E,300,300,435,49778,E,2021-02-01,2021,11.083333333333334,10.815328398336652,5.703782474656201,1.45,-0.04174567081732761,-0.44040315946944464,10.85707406915398
2021-02,2,Category E,304,302,503,47506,E,2021-02-15,2021,11.125,10.768611297835038,5.717027701406222,1.6546052631578947,-0.04671710050161337,0.013245226750020933,10.815328398336652
2021-03,1,Category E,296,296,450,47001,E,2021-03-01,2021,11.166666666666666,10.757924157061597,5.69035945432406,1.5202702702702702,-0.010687140773441683,-0.026668247082161756,10.768611297835038
2021-03,2,Category E,298,291,430,47806,E,2021-03-15,2021,11.208333333333332,10.774906433614746,5.697093486505405,1.4429530201342282,0.01698227655314888,0.006734032181344496,10.757924157061597
2021-04,1,Category E,296,286,635,52200,E,2021-04-01,2021,11.25,10.86283777387073,5.69035945432406,2.14527027027027,0.08793134025598448,-0.006734032181344496,10.774906433614746
2021-04,2,Category E,303,295,633,62100,E,2021-04-15,2021,11.291666666666666,11.03650126792157,5.713732805509369,2.089108910891089,0.17366349405084058,0.0233733511853087,10.86283777387073
2021-05,1,Category E,268,268,387,63002,E,2021-05-01,2021,11.333333333333334,11.050921750901521,5.5909869805108565,1.4440298507462686,0.014420482979950577,-0.12274582499851228,11.03650126792157
2021-05,2,Category E,266,260,400,62000,E,2021-05-15,2021,11.375,11.03488966402723,5.583496308781699,1.5037593984962405,-0.016032086874291807,-0.007490671729157405,11.050921750901521
2021-06,1,Category E,259,259,331,61112,E,2021-06-01,2021,11.416666666666666,11.020463525221196,5.556828061699537,1.277992277992278,-0.014426138806033606,-0.026668247082161756,11.03488966402723
2021-06,2,Category E,265,257,519,58001,E,2021-06-15,2021,11.458333333333332,10.968215530759236,5.579729825986222,1.9584905660377359,-0.05224799446195938,0.022901764286684667,11.020463525221196
2021-07,1,Category E,259,257,416,57700,E,2021-07-01,2021,11.5,10.96301245249619,5.556828061699537,1.606177606177606,-0.0052030782630456685,-0.022901764286684667,10.968215530759236
2021-07,2,Category E,267,266,408,60001,E,2021-07-15,2021,11.541666666666666,11.002116507732017,5.58724865840025,1.5280898876404494,0.03910405523582661,0.030420596700712288,10.96301245249619
2021-08,1,Category E,199,190,288,59599,E,2021-08-01,2021,11.583333333333334,10.995394074389191,5.293304824724492,1.4472361809045227,-0.006722433342826406,-0.2939438336757574,11.002116507732017
2021-08,2,Category E,198,197,408,64901,E,2021-08-15,2021,11.625,11.080618310893968,5.288267030694535,2.0606060606060606,0.08522423650477684,-0.005037794029957077,10.995394074389191
2021-09,1,Category E,206,190,319,64700,E,2021-09-01,2021,11.666666666666666,11.077516480488992,5.327876168789581,1.5485436893203883,-0.0031018304049759138,0.03960913809504607,11.080618310893968
2021-09,2,Category E,198,186,400,70002,E,2021-09-15,2021,11.708333333333332,11.156279092051912,5.288267030694535,2.0202020202020203,0.07876261156292053,-0.03960913809504607,11.077516480488992
2021-10,1,Category E,214,200,442,72756,E,2021-10-01,2021,11.75,11.19486665585973,5.365976015021851,2.0654205607476634,0.038587563807817915,0.07770898432731599,11.156279092051912
2021-10,2,Category E,210,191,391,85000,E,2021-10-15,2021,11.791666666666666,11.350406535472453,5.3471075307174685,1.861904761904762,0.1555398796127232,-0.018868484304382704,11.19486665585973
2021-11,1,Category E,159,155,257,88000,E,2021-11-01,2021,11.833333333333334,11.385092093460344,5.0689042022202315,1.6163522012578617,0.03468555798789019,-0.27820332849723695,11.350406535472453
2021-11,2,Category E,164,133,253,86001,E,2021-11-15,2021,11.875,11.362114203075018,5.099866427824199,1.5426829268292683,-0.022977890385325495,0.03096222560396722,11.385092093460344
2021-12,1,Category E,149,145,245,85000,E,2021-12-01,2021,11.916666666666666,11.350406535472453,5.003946305945459,1.6442953020134228,-0.011707667602564698,-0.09592012187873955,11.362114203075018
2021-12,2,Category E,177,177,241,83889,E,2021-12-15,2021,11.958333333333332,11.337249775397376,5.176149732573829,1.3615819209039548,-0.013156760075077045,0.17220342662836963,11.350406535472453
2022-01,1,Category E,149,149,193,82501,E,2022-01-01,2022,12.0,11.320565693461432,5.003946305945459,1.2953020134228188,-0.01668408193594395,-0.17220342662836963,11.337249775397376
2022-01,2,Category E,145,145,226,83911,E,2022-01-15,2022,12.041666666666666,11.33751199232379,4.976733742420574,1.5586206896551724,0.016946298862357878,-0.027212563524884992,11.320565693461432
2022-02,1,Category E,180,171,269,87000,E,2022-02-01,2022,12.083333333333334,11.37366339763672,5.19295685089021,1.4944444444444445,0.03615140531293015,0.21622310846963622,11.33751199232379
2022-02,2,Category E,180,180,300,93102,E,2022-02-15,2022,12.125,11.441450945311539,5.19295685089021,1.6666666666666667,0.06778754767481843,0.0,11.37366339763672
2022-03,1,Category E,190,190,318,98890,E,2022-03-01,2022,12.166666666666666,11.501763400264036,5.247024072160486,1.6736842105263159,0.06031245495249671,0.054067221270275745,11.441450945311539
2022-03,2,Category E,180,177,344,99010,E,2022-03-15,2022,12.208333333333332,11.50297613411656,5.19295685089021,1.9111111111111112,0.0012127338525242948,-0.054067221270275745,11.501763400264036
2022-04,1,Category E,180,174,290,99999,E,2022-04-01,2022,12.25,11.512915464920228,5.19295685089021,1.6111111111111112,0.009939330803668156,0.0,11.50297613411656
2022-04,2,Category E,184,182,295,95801,E,2022-04-15,2022,12.291666666666666,11.470028402317833,5.214935757608986,1.6032608695652173,-0.04288706260239472,0.02197890671877545,11.512915464920228
2022-05,1,Category E,195,195,283,91112,E,2022-05-01,2022,12.333333333333334,11.419844797954187,5.272999558563747,1.4512820512820512,-0.050183604363645884,0.058063800954760936,11.470028402317833
2022-05,2,Category E,191,187,309,95901,E,2022-05-15,2022,12.375,11.47107168834584,5.25227342804663,1.617801047120419,0.051226890391651736,-0.020726130517116914,11.419844797954187
2022-06,1,Category E,190,185,316,100697,E,2022-06-01,2022,12.416666666666666,11.519871286803097,5.247024072160486,1.6631578947368422,0.04879959845725779,-0.005249355886143725,11.47107168834584
2022-06,2,Category E,194,190,276,104400,E,2022-06-15,2022,12.458333333333332,11.555984954430675,5.267858159063328,1.422680412371134,0.036113667627578394,0.020834086902842053,11.519871286803097
2022-07,1,Category E,195,191,340,110524,E,2022-07-01,2022,12.5,11.612987970926754,5.272999558563747,1.7435897435897436,0.057003016496079084,0.005141399500418586,11.555984954430675
2022-07,2,Category E,194,194,317,114001,E,2022-07-15,2022,12.541666666666666,11.643962499267984,5.267858159063328,1.634020618556701,0.030974528341229046,-0.005141399500418586,11.612987970926754
2022-08,1,Category E,167,165,293,113000,E,2022-08-01,2022,12.583333333333334,11.635143097694478,5.117993812416755,1.7544910179640718,-0.008819401573505914,-0.14986434664657278,11.643962499267984
2022-08,2,Category E,163,151,273,112001,E,2022-08-15,2022,12.625,11.626263078808801,5.093750200806762,1.6748466257668713,-0.008880018885676577,-0.02424361160999311,11.635143097694478
2022-09,1,Category E,165,150,260,113299,E,2022-09-01,2022,12.666666666666666,11.637785620851817,5.10594547390058,1.5757575757575757,0.01152254204301606,0.01219527309381796,11.626263078808801
2022-09,2,Category E,176,176,297,107201,E,2022-09-15,2022,12.708333333333332,11.582460855933538,5.170483995038151,1.6875,-0.055324764918278646,0.06453852113757108,11.637785620851817
2022-10,1,Category E,179,179,232,105001,E,2022-10-01,2022,12.75,11.561725152903833,5.187385805840755,1.2960893854748603,-0.020735703029705732,0.016901810802603556,11.582460855933538
2022-10,2,Category E,164,160,285,108003,E,2022-10-15,2022,12.791666666666666,11.58991428349834,5.099866427824199,1.7378048780487805,0.028189130594507006,-0.08751937801655618,11.561725152903833
2022-11,1,Category E,146,143,283,116577,E,2022-11-01,2022,12.833333333333334,11.666307277866474,4.983606621708336,1.9383561643835616,0.07639299436813474,-0.1162598061158624,11.58991428349834
2022-11,2,Category E,150,149,242,114009,E,2022-11-15,2022,12.875,11.644032671628874,5.0106352940962555,1.6133333333333333,-0.022274606237600025,0.027028672387919173,11.666307277866474
2022-12,1,Category E,149,148,266,110524,E,2022-12-01,2022,12.916666666666666,11.612987970926754,5.003946305945459,1.7852348993288591,-0.031044700702119954,-0.006688988150796327,11.644032671628874
2022-12,2,Category E,146,143,273,109600,E,2022-12-15,2022,12.958333333333332,11.604592653496052,4.983606621708336,1.86986301369863,-0.00839531743070232,-0.020339684237122846,11.612987970926754
2023-01,1,Category E,146,146,285,107889,E,2023-01-01,2023,13.0,11.58885819980283,4.983606621708336,1.952054794520548,-0.015734453693221795,0.0,11.604592653496052
2023-01,2,Category E,149,147,248,107000,E,2023-01-15,2023,13.041666666666666,11.580584113444043,5.003946305945459,1.6644295302013423,-0.008274086358786903,0.020339684237122846,11.58885819980283
2023-02,1,Category E,129,126,229,105002,E,2023-02-01,2023,13.083333333333334,11.561734676577304,4.859812404361672,1.7751937984496124,-0.018849436866739566,-0.14413390158378725,11.580584113444043
2023-02,2,Category E,132,129,274,118001,E,2023-02-15,2023,13.125,11.678448377988165,4.882801922586371,2.0757575757575757,0.11671370141086079,0.022989518224698635,11.561734676577304
2023-03,1,Category E,132,128,254,116000,E,2023-03-01,2023,13.166666666666666,11.661345470088502,4.882801922586371,1.9242424242424243,-0.01710290789966251,0.0,11.678448377988165
2023-03,2,Category E,132,125,265,116020,E,2023-03-15,2023,13.208333333333332,11.661517869020056,4.882801922586371,2.007575757575758,0.00017239893155363006,0.0,11.661345470088502
2023-04,1,Category E,134,133,252,118990,E,2023-04-01,2023,13.25,11.6867947349492,4.897839799950911,1.8805970149253732,0.025276865929143355,0.015037877364540542,11.661517869020056
2023-04,2,Category E,137,136,252,124501,E,2023-04-15,2023,13.291666666666666,11.732069026983156,4.919980925828125,1.8394160583941606,0.04527429203395705,0.022141125877213952,11.6867947349492
2023-05,1,Category E,125,125,271,124002,E,2023-05-01,2023,13.333333333333334,11.72805297348936,4.8283137373023015,2.168,-0.004016053493796079,-0.09166718852582356,11.732069026983156
2023-05,2,Category E,125,104,301,125000,E,2023-05-15,2023,13.375,11.736069016284437,4.8283137373023015,2.408,0.008016042795077283,0.0,11.72805297348936
2023-06,1,Category E,124,118,280,120889,E,2023-06-01,2023,13.416666666666666,11.70262804817903,4.820281565605037,2.2580645161290325,-0.033440968105407975,-0.008032171697264445,11.736069016284437
2023-06,2,Category E,145,140,312,123000,E,2023-06-15,2023,13.458333333333332,11.719939634354555,4.976733742420574,2.1517241379310343,0.017311586175525306,0.15645217681553714,11.70262804817903
2023-07,1,Category E,130,119,217,121000,E,2023-07-01,2023,13.5,11.703545824578878,4.867534450455582,1.6692307692307693,-0.016393809775676615,-0.109199291964992,11.719939634354555
2023-07,2,Category E,129,128,243,122110,E,2023-07-15,2023,13.541666666666666,11.712677556827067,4.859812404361672,1.8837209302325582,0.009131732248189195,-0.007722046093910251,11.703545824578878
2023-08,1,Category E,140,140,237,126201,E,2023-08-01,2023,13.583333333333334,11.745631152988125,4.941642422609304,1.6928571428571428,0.03295359616105742,0.08183001824763192,11.712677556827067
2023-08,2,Category E,131,107,237,131000,E,2023-08-15,2023,13.625,11.782952602183288,4.875197323201151,1.8091603053435115,0.037321449195163225,-0.06644509940815269,11.745631152988125
2023-09,1,Category E,130,120,219,137000,E,2023-09-01,2023,13.666666666666666,11.827736204810263,4.867534450455582,1.6846153846153846,0.04478360262697478,-0.007662872745568983,11.782952602183288
2023-09,2,Category E,153,144,282,144640,E,2023-09-15,2023,13.708333333333332,11.882003175626004,5.030437921392435,1.8431372549019607,0.054266970815740834,0.1629034709368531,11.827736204810263
2023-10,1,Category E,140,140,261,152000,E,2023-10-01,2023,13.75,11.931635799828413,4.941642422609304,1.8642857142857143,0.04963262420240966,-0.08879549878313142,11.882003175626004
2023-10,2,Category E,138,127,228,158004,E,2023-10-15,2023,13.791666666666666,11.970375628144344,4.927253685157205,1.6521739130434783,0.038739828315931035,-0.014388737452098788,11.931635799828413
2023-11,1,Category E,141,136,227,125011,E,2023-11-01,2023,13.833333333333334,11.736157012412665,4.948759890378168,1.6099290780141844,-0.23421861573167924,0.02150620522096336,11.970375628144344
2023-11,2,Category E,151,144,323,135002,E,2023-11-15,2023,13.875,11.813044872125642,5.017279836814924,2.1390728476821192,0.0768878597129774,0.06851994643675585,11.736157012412665
2023-12,1,Category E,145,136,287,133388,E,2023-12-01,2023,13.916666666666666,11.801017453394977,4.976733742420574,1.9793103448275862,-0.012027418730665929,-0.040546094394350085,11.813044872125642
2023-12,2,Category E,147,147,228,118388,E,2023-12-15,2023,13.958333333333332,11.681722644944296,4.990432586778736,1.5510204081632653,-0.11929480845068063,0.013698844358161821,11.801017453394977
2024-01,1,Category E,149,140,263,106388,E,2024-01-01,2024,14.0,11.57484806757443,5.003946305945459,1.7651006711409396,-0.10687457736986516,0.01351371916672317,11.681722644944296
2024-01,2,Category E,140,136,267,109004,E,2024-01-15,2024,14.041666666666666,11.59913985778566,4.941642422609304,1.9071428571428573,0.024291790211229625,-0.06230388333615533,11.57484806757443
2024-02,1,Category E,163,159,305,100101,E,2024-02-01,2024,14.083333333333334,11.513934955263402,5.093750200806762,1.8711656441717792,-0.08520490252225876,0.15210777819745847,11.59913985778566
2024-02,2,Category E,158,156,271,94006,E,2024-02-15,2024,14.125,11.451113889002341,5.062595033026967,1.7151898734177216,-0.06282106626106021,-0.031155167779795434,11.513934955263402
2024-03,1,Category E,159,150,282,95010,E,2024-03-01,2024,14.166666666666666,11.461737428200795,5.0689042022202315,1.7735849056603774,0.010623539198453713,0.00630916919326463,11.451113889002341
2024-03,2,Category E,157,157,256,95856,E,2024-03-15,2024,14.208333333333332,11.470602344323707,5.056245805348308,1.6305732484076434,0.008864916122911737,-0.012658396871923827,11.461737428200795
2024-04,1,Category E,164,161,333,101002,E,2024-04-01,2024,14.25,11.522895597607539,5.099866427824199,2.0304878048780486,0.05229325328383183,0.04362062247589105,11.470602344323707
2024-04,2,Category E,155,151,269,103249,E,2024-04-15,2024,14.291666666666666,11.544898825546353,5.043425116919247,1.735483870967742,0.022003227938814263,-0.05644131090495197,11.522895597607539
2024-05,1,Category E,177,169,317,104689,E,2024-05-01,2024,14.333333333333334,11.55874932925708,5.176149732573829,1.7909604519774012,0.013850503710727935,0.13272461565458205,11.544898825546353
2024-05,2,Category E,178,176,295,105002,E,2024-05-15,2024,14.375,11.561734676577304,5.181783550292085,1.6573033707865168,0.002985347320223042,0.005633817718256218,11.55874932925708
2024-06,1,Category E,183,182,319,101600,E,2024-06-01,2024,14.416666666666666,11.52879881412652,5.209486152841421,1.7431693989071038,-0.032935862450784725,0.02770260254933632,11.561734676577304
2024-06,2,Category E,177,175,301,100000,E,2024-06-15,2024,14.458333333333332,11.512925464970229,5.176149732573829,1.7005649717514124,-0.015873349156290573,-0.03333642026759254,11.52879881412652
2024-07,1,Category E,176,170,309,100889,E,2024-07-01,2024,14.5,11.52177618156819,5.170483995038151,1.7556818181818181,0.008850716597962105,-0.005665737535677451,11.512925464970229
2024-07,2,Category E,177,177,300,100341,E,2024-07-15,2024,14.541666666666666,11.516329664103791,5.176149732573829,1.694915254237288,-0.005446517464399392,0.005665737535677451,11.52177618156819
2024-08,1,Category E,178,175,322,105239,E,2024-08-01,2024,14.583333333333334,11.563989233018624,5.181783550292085,1.8089887640449438,0.04765956891483292,0.005633817718256218,11.516329664103791
2024-08,2,Category E,173,168,350,106001,E,2024-08-15,2024,14.625,11.571203807011969,5.153291594497779,2.023121387283237,0.007214573993344686,-0.028491955794305746,11.563989233018624
2024-09,1,Category E,176,166,388,106901,E,2024-09-01,2024,14.666666666666666,11.579658451506333,5.170483995038151,2.2045454545454546,0.00845464449436406,0.017192400540372077,11.571203807011969
2024-09,2,Category E,177,173,383,113104,E,2024-09-15,2024,14.708333333333332,11.636063028410735,5.176149732573829,2.1638418079096047,0.05640457690440215,0.005665737535677451,11.579658451506333
2024-10,1,Category E,182,171,346,116000,E,2024-10-01,2024,14.75,11.661345470088502,5.204006687076795,1.901098901098901,0.025282441677767054,0.027856954502966325,11.636063028410735
2024-10,2,Category E,177,177,327,114700,E,2024-10-15,2024,14.791666666666666,11.650075303117463,5.176149732573829,1.847457627118644,-0.01127016697103933,-0.027856954502966325,11.661345470088502
2024-11,1,Category E,189,189,321,109000,E,2024-11-01,2024,14.833333333333334,11.59910316121128,5.241747015059643,1.6984126984126984,-0.0509721419061826,0.06559728248581376,11.650075303117463
2024-11,2,Category E,179,176,298,107501,E,2024-11-15,2024,14.875,11.58525542883217,5.187385805840755,1.664804469273743,-0.013847732379110411,-0.05436120921888765,11.59910316121128
2024-12,1,Category E,179,167,326,104001,E,2024-12-01,2024,14.916666666666666,11.552155793461898,5.187385805840755,1.8212290502793296,-0.03309963537027194,0.0,11.58525542883217
2024-12,2,Category E,182,170,330,108992,E,2024-12-15,2024,14.958333333333332,11.59902976402236,5.204006687076795,1.8131868131868132,0.04687397056046194,0.01662088123604022,11.552155793461898
2025-01,1,Category E,191,190,415,123000,E,2025-01-01,2025,15.0,11.719939634354555,5.25227342804663,2.1727748691099475,0.12090987033219491,0.04826674096983474,11.59902976402236
2025-01,2,Category E,190,190,326,115112,E,2025-01-15,2025,15.041666666666666,11.653660846443254,5.247024072160486,1.7157894736842105,-0.06627878791130115,-0.005249355886143725,11.719939634354555
2025-02,1,Category E,199,195,369,110000,E,2025-02-01,2025,15.083333333333334,11.608235644774552,5.293304824724492,1.8542713567839195,-0.04542520166870112,0.0462807525640061,11.653660846443254
2025-02,2,Category E,198,197,367,110002,E,2025-02-15,2025,15.125,11.608253826427449,5.288267030694535,1.8535353535353536,1.818165289613205e-05,-0.005037794029957077,11.608235644774552
2025-03,1,Category E,202,200,403,112901,E,2025-03-01,2025,15.166666666666666,11.634266607494453,5.308267697401205,1.995049504950495,0.026012781067004553,0.02000066670666989,11.608253826427449
2025-03,2,Category E,198,196,382,116991,E,2025-03-15,2025,15.208333333333332,11.669852287744238,5.288267030694535,1.9292929292929293,0.0355856802497847,-0.02000066670666989,11.634266607494453
2025-04,1,Category E,200,195,390,117002,E,2025-04-01,2025,15.25,11.669946307650886,5.298317366548036,1.95,9.40199066477021e-05,0.010050335853501124,11.669852287744238
2025-04,2,Category E,200,195,406,118001,E,2025-04-15,2025,15.291666666666666,11.678448377988165,5.298317366548036,2.03,0.008502070337279122,0.0,11.669946307650886
2025-05,1,Category E,207,206,384,118889,E,2025-05-01,2025,15.333333333333334,11.685945563680873,5.332718793265369,1.855072463768116,0.007497185692708186,0.034401426717332484,11.678448377988165
2025-05,2,Category E,206,185,387,118010,E,2025-05-15,2025,15.375,11.678524645619794,5.327876168789581,1.8786407766990292,-0.007420918061079362,-0.004842624475787538,11.685945563680873
2025-06,1,Category E,202,191,363,113900,E,2025-06-01,2025,15.416666666666666,11.643076149435274,5.308267697401205,1.797029702970297,-0.03544849618451984,-0.01960847138837618,11.678524645619794
2025-06,2,Category E,223,214,399,116889,E,2025-06-15,2025,15.458333333333332,11.668980045513463,5.407171771460119,1.789237668161435,0.025903896078188993,0.09890407405891377,11.643076149435274
2025-07,1,Category E,212,207,384,118500,E,2025-07-01,2025,15.5,11.682668239557323,5.356586274672012,1.8113207547169812,0.013688194043860236,-0.05058549678810653,11.668980045513463
2025-07,2,Category E,211,210,431,120000,E,2025-07-15,2025,15.541666666666666,11.695247021764184,5.351858133476067,2.042654028436019,0.012578782206860595,-0.004728141195945668,11.682668239557323
2025-08,1,Category E,261,261,511,122334,E,2025-08-01,2025,15.583333333333334,11.714510287945028,5.564520407322694,1.9578544061302683,0.01926326618084495,0.21266227384662706,11.695247021764184
2025-08,2,Category E,257,257,491,125001,E,2025-08-15,2025,15.625,11.736077016252437,5.54907608489522,1.9105058365758756,0.021566728307409022,-0.015444322427473622,11.714510287945028
2025-09,1,Category E,256,254,489,127901,E,2025-09-01,2025,15.666666666666666,11.759011806144656,5.545177444479562,1.91015625,0.022934789892218532,-0.0038986404156577947,11.736077016252437
2025-09,2,Category E,256,252,540,140502,E,2025-09-15,2025,15.708333333333332,11.852977002530068,5.545177444479562,2.109375,0.09396519638541179,0.0,11.759011806144656
2025-10,1,Category E,259,251,472,140009,E,2025-10-01,2025,15.75,11.84946198523949,5.556828061699537,1.8223938223938223,-0.0035150172905780153,0.011650617219975068,11.852977002530068
2025-10,2,Category E,261,260,414,136000,E,2025-10-15,2025,15.791666666666666,11.820410164718188,5.564520407322694,1.5862068965517242,-0.029051820521301508,0.007692345623156349,11.84946198523949
2025-11,1,Category E,282,266,467,121010,E,2025-11-01,2025,15.833333333333334,11.703628465792098,5.641907070938114,1.6560283687943262,-0.11678169892608992,0.07738666361542013,11.820410164718188
2025-11,2,Category E,276,275,466,125001,E,2025-11-15,2025,15.875,11.736077016252437,5.62040086571715,1.6884057971014492,0.03244855046033912,-0.021506205220964247,11.703628465792098
2025-12,1,Category E,291,288,544,123000,E,2025-12-01,2025,15.916666666666666,11.719939634354555,5.673323267171493,1.8694158075601375,-0.01613738189788272,0.05292240145434324,11.736077016252437
2025-12,2,Category E,276,252,455,119000,E,2025-12-15,2025,15.958333333333332,11.686878772093667,5.62040086571715,1.6485507246376812,-0.03306086226088745,-0.05292240145434324,11.719939634354555
2026-01,1,Category E,278,247,528,122000,E,2026-01-01,2026,16.0,11.711776323715394,5.627621113690637,1.8992805755395683,0.024897551621727132,0.007220247973487304,11.686878772093667
2026-01,2,Category E,299,299,426,120891,E,2026-01-15,2026,16.041666666666668,11.702644592144619,5.700443573390687,1.4247491638795986,-0.009131731570775514,0.07282245970004997,11.711776323715394
2026-02,1,Category E,271,265,462,116000,E,2026-02-01,2026,16.083333333333332,11.661345470088502,5.602118820879701,1.7047970479704797,-0.041299122056116744,-0.09832475251098582,11.702644592144619
2026-02,2,Category E,239,232,571,112890,E,2026-02-15,2026,16.125,11.634169172255593,5.476463551931511,2.3891213389121337,-0.027176297832909313,-0.12565526894819,11.661345470088502
2026-03,1,Category E,245,239,514,114890,E,2026-03-01,2026,16.166666666666668,11.65173042784741,5.501258210544727,2.0979591836734692,0.01756125559181676,0.02479465861321639,11.634169172255593
2026-03,2,Category E,246,244,422,118119,E,2026-03-15,2026,16.208333333333336,11.67944786985521,5.5053315359323625,1.7154471544715446,0.02771744200780013,0.004073325387635052,11.65173042784741
2026-04,1,Category E,245,245,475,121001,E,2026-04-01,2026,16.25,11.703554089007538,5.501258210544727,1.9387755102040816,0.024106219152328023,-0.004073325387635052,11.67944786985521
2026-04,2,Category E,241,239,494,125002,E,2026-04-15,2026,16.291666666666668,11.736085016156439,5.484796933490655,2.0497925311203318,0.032530927148901156,-0.01646127705407263,11.703554089007538
2026-05,1,Category E,254,248,479,127700,E,2026-05-01,2026,16.333333333333332,11.75743904202063,5.537334267018537,1.8858267716535433,0.02135402586419133,0.05253733352788181,11.736085016156439
2026-05,2,Category E,256,248,436,130000,E,2026-05-15,2026,16.375,11.77528972943772,5.545177444479562,1.703125,0.017850687417089617,0.007843177461025697,11.75743904202063
2026-06,1,Category E,261,238,497,129000,E,2026-06-01,2026,16.416666666666668,11.76756768334381,5.564520407322694,1.9042145593869733,-0.007722046093910251,0.019342962843131417,11.77528972943772
2026-06,2,Category E,262,254,487,129002,E,2026-06-15,2026,16.458333333333336,11.767583187099595,5.568344503761097,1.8587786259541985,1.5503755784962436e-05,0.0038240964384028686,11.76756768334381
2026-07,1,Category E,277,277,452,129801,E,2026-07-01,2026,16.5,11.773757787382696,5.6240175061873385,1.6317689530685922,0.006174600283101128,0.05567300242624196,11.767583187099595
2026-07,2,Category E,263,263,450,129971,E,2026-07-15,2026,16.541666666666668,11.775066627629284,5.572154032177765,1.7110266159695817,0.0013088402465886162,-0.05186347400957381,11.773757787382696
2026-08,1,Category E,254,208,443,131000,E,2026-08-01,2026,16.583333333333332,11.782952602183288,5.537334267018537,1.7440944881889764,0.007885974554003639,-0.03481976515922813,11.775066627629284
