year,occ_desc,ind,mthly_gross_wage_75_pctile,mthly_gross_wage_50_pctile,mthly_gross_wage_25_pctile,mthly_basic_wage_75_pctile,mthly_basic_wage_50_pctile,mthly_basic_wage_25_pctile
2024,accountant (excluding tax accountant),manufacturing,6430,5393,4513,6322,5340,4500
2024,accountant (excluding tax accountant),construction,5500,4410,2138,5120,4300,2100
2024,accountant (excluding tax accountant),wholesale & retail trade,8900,6209,5002,8900,6209,5000
2024,accountant (excluding tax accountant),transport & storage,6000,5150,4500,5953,5150,4500
2024,accountant (excluding tax accountant),accommodation & food svcs,5494,4798,4000,5200,4533,3400
2024,accountant (excluding tax accountant),information & communications,7600,6197,5240,7500,6197,5220
2024,accountant (excluding tax accountant),financial & insurance svcs,7022,5701,4976,7004,5557,4883
2024,accountant (excluding tax accountant),professional svcs,6636,5415,4485,6601,5415,4460
2024,accountant (excluding tax accountant),administrative & support svcs,6420,5179,4945,6420,5175,4945
2024,accountant (excluding tax accountant),health & social svcs,5661,5087,4549,5661,5087,4549
2024,accountant (excluding tax accountant),"other community, social & personal svcs",6200,5400,4000,6053,5400,4000
2024,actuary,financial & insurance svcs,15058,9167,5492,14879,9103,5444
2024,administration manager,manufacturing,11053,8935,6857,10786,8791,6534
2024,administration manager,construction,7014,5000,3224,6818,4926,3100
2024,administration manager,wholesale & retail trade,8515,6351,4450,8404,6122,4265
2024,administration manager,transport & storage,7175,5600,4000,6835,5500,3700
2024,administration manager,accommodation & food svcs,4921,3543,1950,4792,3415,1950
2024,administration manager,information & communications,9951,8800,6460,9833,8800,6460
2024,administration manager,financial & insurance svcs,7049,6010,5334,7049,6004,5328
2024,administration manager,professional svcs,10200,7924,6600,10100,7920,6600
2024,administration manager,administrative & support svcs,7919,6151,5000,7400,6000,4680
2024,administration manager,public administration & education,6800,5563,4760,6800,5563,4760
2024,administration manager,health & social svcs,8466,7146,6050,8466,7146,6050
2024,administration manager,"arts, entertainment & recreation",8865,7815,6630,8825,7800,6600
2024,administration manager,"other community, social & personal svcs",6800,5600,4000,6000,4900,3800
2024,advertising/public relations manager,manufacturing,9750,5994,4931,9351,5968,4864
2024,advertising/public relations manager,wholesale & retail trade,14845,9198,6647,14650,9090,6604
2024,advertising/public relations manager,transport & storage,12992,9301,7559,12707,9083,7485
2024,advertising/public relations manager,information & communications,12490,8510,6070,12417,8370,6070
2024,advertising/public relations manager,financial & insurance svcs,19357,11446,8176,18890,11446,7914
2024,advertising/public relations manager,professional svcs,20000,10850,8000,20000,10850,8000
2024,advertising/public relations manager,public administration & education,9117,6572,5334,9117,6572,5334
2024,advertising/public relations manager,health & social svcs,9636,8262,6035,9636,8200,6000
2024,aeronautical engineer,manufacturing,8319,6920,5190,8257,6849,5174
2024,aeronautical engineer,wholesale & retail trade,5121,4522,3989,5121,4522,3989
2024,aeronautical engineer,information & communications,13900,12275,10800,13900,12275,10800
2024,aeronautical engineer,professional svcs,7000,5396,4679,6210,5104,4450
2024,aeronautical engineering technician,manufacturing,6168,4481,3261,5515,4249,3125
2024,after sales adviser/client account service executive,manufacturing,5307,4095,3790,5210,4095,3790
2024,after sales adviser/client account service executive,wholesale & retail trade,7449,4621,3646,7229,4067,3048
2024,after sales adviser/client account service executive,information & communications,10202,5406,4200,9427,5403,4158
2024,after sales adviser/client account service executive,financial & insurance svcs,10417,9167,7119,10417,9167,7113
2024,after sales adviser/client account service executive,professional svcs,8700,5500,4407,8666,5500,4300
2024,after sales adviser/client account service executive,administrative & support svcs,4203,4019,3698,4200,4019,3698
2024,aged care services manager,manufacturing,11712,10213,9300,11712,10213,9300
2024,aged care services manager,transport & storage,8583,6974,4637,8449,6629,4637
2024,aged care services manager,information & communications,13192,12014,10745,13192,12014,10745
2024,aged care services manager,financial & insurance svcs,10313,9395,8480,10072,9089,8150
2024,aged care services manager,public administration & education,8540,7993,7240,8480,7960,7180
2024,aged care services manager,health & social svcs,7539,4488,3009,7519,4423,2981
2024,air cargo officer,manufacturing,5351,4198,2949,5090,4120,2881
2024,air cargo officer,transport & storage,4720,3807,3200,4642,3735,3150
2024,air transport clerk,transport & storage,3796,3160,2714,3796,3160,2714
2024,air transport equipment project executive,administrative & support svcs,2802,2404,1493,2802,2404,1493
2024,air transport service supervisor,transport & storage,7571,6196,4239,7571,4770,3540
2024,air-conditioning/refrigeration engineer,manufacturing,9106,6490,5640,9106,6487,5557
2024,air-conditioning/refrigeration engineering technician,manufacturing,6090,4471,2972,6090,4471,2972
2024,air-conditioning/refrigeration engineering technician,construction,3641,2801,2066,3641,2801,2066
2024,air-conditioning/refrigeration engineering technician,wholesale & retail trade,5350,3999,3238,5350,3999,3238
2024,air-conditioning/refrigeration engineering technician,"other community, social & personal svcs",4650,4301,3786,4650,4301,3786
2024,aircraft loader (e.g. airport baggage/cargo handler),manufacturing,3234,2458,1928,3234,2458,1928
2024,aircraft loader (e.g. airport baggage/cargo handler),transport & storage,3802,3342,2581,3801,3321,2546
2024,airport mobile equipment operator,transport & storage,3596,2895,2463,3531,2895,2245
2024,ambulance driver,health & social svcs,3298,2500,2000,2981,2360,1820
2024,applications/systems programmer,manufacturing,7788,4874,4138,7338,4789,3698
2024,applications/systems programmer,wholesale & retail trade,7023,5864,4900,6969,5864,4900
2024,applications/systems programmer,information & communications,7520,5250,3875,7520,5250,3370
2024,applications/systems programmer,financial & insurance svcs,7911,6767,6050,7911,6767,6050
2024,appraiser/valuer (excluding intangible asset valuer),wholesale & retail trade,11352,5924,3600,11352,5924,3600
2024,appraiser/valuer (excluding intangible asset valuer),financial & insurance svcs,10815,7246,5644,10730,7246,5644
2024,appraiser/valuer (excluding intangible asset valuer),real estate svcs,8722,6467,4500,8000,5500,3817
2024,appraiser/valuer (excluding intangible asset valuer),professional svcs,5300,4862,4296,5300,4862,4296
2024,architectural draughtsman,professional svcs,4950,4150,3300,4950,4150,3300
2024,art and craft instructor (extracurriculum),public administration & education,4616,3328,2603,4616,3328,2603
2024,"artistic director (stage, film, television, game and radio)",information & communications,8966,6500,5200,8966,6500,5200
2024,"artistic director (stage, film, television, game and radio)",professional svcs,6834,5050,4050,6834,5050,4050
2024,"artistic director (stage, film, television, game and radio)","other community, social & personal svcs",6463,5667,4907,6463,5667,4907
2024,assessor,transport & storage,4241,3758,3316,4045,3742,3238
2024,assessor,financial & insurance svcs,7393,5427,4258,7326,5400,4235
2024,assessor,professional svcs,6830,5480,5100,6450,5275,5000
2024,assistant accountant,manufacturing,4334,3696,3000,4250,3620,2950
2024,assistant accountant,construction,4282,3600,2800,4200,3585,2800
2024,assistant accountant,wholesale & retail trade,4540,3900,3395,4472,3883,3350
2024,assistant accountant,transport & storage,4798,3987,3360,4720,3933,3300
2024,assistant accountant,accommodation & food svcs,3800,3400,2534,3800,3397,2530
2024,assistant accountant,information & communications,4936,4200,3620,4936,4175,3530
2024,assistant accountant,financial & insurance svcs,5300,4470,3640,5300,4450,3640
2024,assistant accountant,real estate svcs,4708,4000,3501,4604,4000,3498
2024,assistant accountant,professional svcs,4788,4000,3481,4715,3950,3430
2024,assistant accountant,administrative & support svcs,4375,3776,3200,4372,3710,3120
2024,assistant accountant,public administration & education,4725,4100,3700,4725,4100,3640
2024,assistant accountant,health & social svcs,4520,4100,3650,4450,4046,3540
2024,assistant accountant,"arts, entertainment & recreation",4468,3931,3520,4468,3920,3520
2024,assistant accountant,"other community, social & personal svcs",4700,4150,3535,4599,4100,3512
2024,assistant civil and structural engineer,manufacturing,6327,5256,3681,6218,4675,3450
2024,assistant civil and structural engineer,construction,5040,3700,2547,4344,3500,2540
2024,assistant civil and structural engineer,information & communications,4060,3600,3300,4060,3600,3300
2024,assistant civil and structural engineer,professional svcs,3430,3050,2757,3200,3050,2739
2024,assistant civil and structural engineer,administrative & support svcs,3850,3459,3123,3439,3120,2801
2024,assistant electrical engineer,manufacturing,8320,5009,3800,8320,4844,3719
2024,assistant electrical engineer,professional svcs,7326,5707,4100,7326,5600,4000
2024,assistant electronics engineer,manufacturing,5695,4459,3407,5454,4288,2990
2024,assistant manufacturing engineer,manufacturing,5570,4030,3334,4605,3505,3017
2024,assistant mechanical engineer,manufacturing,6006,4736,3684,5524,4092,3295
2024,assistant mechanical engineer,construction,5040,3825,2500,5040,3600,2500
2024,assistant mechanical engineer,transport & storage,4274,3641,3168,3924,3339,2892
2024,assistant mechanical engineer,information & communications,4677,4534,3832,4677,4534,3832
2024,assistant mechanical engineer,professional svcs,8463,5780,3970,8327,5780,3800
2024,assistant mechanical engineer,administrative & support svcs,4356,3919,3560,4172,3722,3375
2024,athlete/sportsman,wholesale & retail trade,2622,2515,2401,2395,2395,2300
2024,athlete/sportsman,"arts, entertainment & recreation",6500,4000,2500,6500,4000,2500
2024,attractions guide,administrative & support svcs,1823,1453,1074,1823,1453,1074
2024,attractions guide,"arts, entertainment & recreation",3072,1989,1234,3072,1989,1234
2024,attractions manager,"arts, entertainment & recreation",7710,6145,4690,7710,6145,4690
2024,audio and video equipment technician,manufacturing,5135,3946,3441,5135,3946,3441
2024,audiologist,health & social svcs,5977,5299,4444,5977,5299,4444
2024,audit associate professional,professional svcs,5750,5050,4500,5750,4900,4500
2024,audit clerk,manufacturing,4906,4389,4008,4906,4389,4008
2024,audit clerk,transport & storage,4567,4464,3974,4567,4464,3974
2024,audit clerk,professional svcs,3875,3705,3525,3850,3680,3500
2024,audit manager,manufacturing,13493,12118,10900,13432,12118,10900
2024,audit manager,wholesale & retail trade,15090,11022,8165,15090,10300,7358
2024,audit manager,transport & storage,10995,8318,6944,10790,8212,6944
2024,audit manager,financial & insurance svcs,18953,14300,9517,18950,14183,9467
2024,audit manager,professional svcs,10750,8300,7000,10700,7900,7000
2024,auditor (accounting),manufacturing,9762,8041,7000,9762,8041,7000
2024,auditor (accounting),transport & storage,7281,6278,5218,6931,5928,5218
2024,auditor (accounting),financial & insurance svcs,15834,12000,8500,15751,12000,8500
2024,auditor (accounting),professional svcs,5780,5449,4830,5590,5080,4800
2024,automation engineer (including robotics engineer),manufacturing,9677,7503,5838,9677,7503,5750
2024,automation engineer (including robotics engineer),financial & insurance svcs,15416,12232,8333,15416,12232,8333
2024,automation technician,manufacturing,4897,3506,2944,3972,3189,2778
2024,automotive engineering technician,manufacturing,5111,4097,3225,4466,3677,2901
2024,automotive engineering technician,wholesale & retail trade,4385,3775,3331,4000,3566,3021
2024,automotive engineering technician,transport & storage,5426,4293,3253,3200,2800,2211
2024,automotive engineering technician,professional svcs,2611,2575,2356,2611,2575,2356
2024,automotive engineering technician,"other community, social & personal svcs",3265,2752,2448,2950,2525,2334
2024,automotive mechanic,manufacturing,3164,2776,2776,2609,2609,2331
2024,automotive mechanic,construction,2300,1795,1600,2210,1795,1600
2024,automotive mechanic,wholesale & retail trade,4400,3467,3000,4000,3125,2500
2024,automotive mechanic,administrative & support svcs,2223,2160,2077,2223,2160,2077
2024,auxiliary police officer,administrative & support svcs,3577,3396,3163,3577,3396,3163
2024,baker,manufacturing,2790,2000,1440,2471,1780,1282
2024,baker,wholesale & retail trade,3551,2798,2106,2845,2123,1790
2024,baker,accommodation & food svcs,3110,2050,1400,3062,1968,1344
2024,bank operations clerk,financial & insurance svcs,7000,5300,4260,6919,5237,4184
2024,bank operations clerk,administrative & support svcs,3700,3150,2500,3626,3087,2450
2024,bank teller,financial & insurance svcs,4655,4125,3456,4475,4060,3246
2024,bank teller,administrative & support svcs,3650,3200,2000,3395,2976,1860
2024,barista,manufacturing,4000,2967,1600,4000,2878,1600
2024,barista,wholesale & retail trade,3550,2800,1400,3515,2795,1400
2024,barista,accommodation & food svcs,2534,2052,1400,2316,1982,1302
2024,barista,professional svcs,1754,1628,1400,1631,1514,1302
2024,bartender/mixologist,accommodation & food svcs,3900,2951,2400,3900,2860,2400
2024,beautician,wholesale & retail trade,5063,4093,3060,3700,2994,2540
2024,beautician,"other community, social & personal svcs",4798,3314,2000,3825,2300,1750
2024,bill collector,manufacturing,3873,2250,1600,3873,2250,1600
2024,bill collector,financial & insurance svcs,6500,5504,4568,6493,5350,4563
2024,bill collector,administrative & support svcs,3984,3300,2500,3984,3300,2500
2024,billing clerk,manufacturing,3930,3000,2263,3744,2907,2058
2024,billing clerk,construction,3000,2000,1600,2716,1720,1376
2024,billing clerk,wholesale & retail trade,3952,3000,2100,3799,2895,2085
2024,billing clerk,transport & storage,3880,3052,2500,3756,2988,2456
2024,billing clerk,accommodation & food svcs,3000,2120,1400,2955,2099,1400
2024,billing clerk,information & communications,6209,4185,3090,6147,4185,3084
2024,billing clerk,financial & insurance svcs,7000,4752,3657,7000,4752,3657
2024,billing clerk,real estate svcs,3842,2980,2560,3688,2861,2458
2024,billing clerk,professional svcs,5000,3800,2800,4677,3550,2705
2024,billing clerk,administrative & support svcs,3888,3200,2500,3830,3146,2493
2024,billing clerk,public administration & education,4380,3888,3441,4380,3888,3441
2024,billing clerk,health & social svcs,3650,3100,2621,3577,3007,2540
2024,biochemist,manufacturing,7095,6310,5715,5391,4766,3988
2024,biomedical engineer,health & social svcs,5780,4829,4164,5668,4712,4101
2024,bookkeeper,manufacturing,4726,2600,1600,4678,2400,1568
2024,bookkeeper,construction,3550,1800,1450,3500,1800,1450
2024,bookkeeper,wholesale & retail trade,6904,2965,2240,6766,2920,2240
2024,bookkeeper,transport & storage,4290,3621,2723,4237,3621,2624
2024,bookkeeper,accommodation & food svcs,2665,1800,1600,2638,1782,1584
2024,bookkeeper,information & communications,6771,5623,4642,6703,5567,4596
2024,bookkeeper,financial & insurance svcs,14580,9300,6320,14580,9300,6320
2024,bookkeeper,professional svcs,5580,3700,1600,5524,3658,1584
2024,budgeting and financial accounting manager (including financial controller),manufacturing,13279,9107,6240,12743,8974,6100
2024,budgeting and financial accounting manager (including financial controller),construction,10400,7247,5500,9850,7000,5190
2024,budgeting and financial accounting manager (including financial controller),wholesale & retail trade,14502,9355,6991,14008,9305,6891
2024,budgeting and financial accounting manager (including financial controller),transport & storage,12218,8014,6163,11766,7924,6045
2024,budgeting and financial accounting manager (including financial controller),accommodation & food svcs,9883,6503,4755,9883,6500,4675
2024,budgeting and financial accounting manager (including financial controller),information & communications,16667,11385,8748,16650,11385,8748
2024,budgeting and financial accounting manager (including financial controller),financial & insurance svcs,19007,13130,8480,18953,12958,8272
2024,budgeting and financial accounting manager (including financial controller),real estate svcs,10699,7200,4900,10699,7132,4700
2024,budgeting and financial accounting manager (including financial controller),professional svcs,15400,9877,6875,15117,9864,6875
2024,budgeting and financial accounting manager (including financial controller),administrative & support svcs,13438,9695,6232,12941,9510,6194
2024,budgeting and financial accounting manager (including financial controller),public administration & education,8634,6834,5351,8634,6834,5351
2024,budgeting and financial accounting manager (including financial controller),health & social svcs,10406,7645,6200,10399,7500,6188
2024,budgeting and financial accounting manager (including financial controller),"arts, entertainment & recreation",9503,7396,5120,9503,7281,5120
2024,budgeting and financial accounting manager (including financial controller),"other community, social & personal svcs",10543,6799,4631,9805,6799,4588
2024,building architect,professional svcs,8368,6485,5188,8265,6448,5183
2024,building caretaker/watchman,real estate svcs,3100,2700,2108,3100,2700,2108
2024,building caretaker/watchman,administrative & support svcs,3315,2842,2248,3315,2842,2190
2024,building construction engineer,manufacturing,5857,4850,4322,5726,4739,4198
2024,building construction engineer,construction,5600,4678,3600,5400,4500,3581
2024,building construction engineer,professional svcs,8440,4800,3600,7500,4650,3555
2024,building maintenance worker,manufacturing,5306,3991,2991,4200,3185,2800
2024,building maintenance worker,construction,3500,2853,1600,2900,2300,1600
2024,building maintenance worker,accommodation & food svcs,3419,2797,1802,3419,2797,1802
2024,building painter,construction,1600,1600,1550,1600,1600,1550
2024,building technician,real estate svcs,3904,3683,3216,3867,3623,3216
2024,bus attendant,transport & storage,1600,1400,1400,1600,1400,1400
2024,bus driver,manufacturing,2914,2550,1900,2158,1710,1375
2024,bus driver,construction,3258,2364,1600,2245,1750,1400
2024,bus driver,transport & storage,5283,3994,2500,2742,2198,1373
2024,bus driver,professional svcs,3038,2436,2084,2248,1593,1162
2024,bus driver,administrative & support svcs,2785,1822,1400,2288,1462,1218
2024,bus driver,health & social svcs,2880,2662,2319,2706,2200,1532
2024,bus driver,"other community, social & personal svcs",2800,2448,2200,1540,1346,1210
2024,business and financial project management professional,manufacturing,10483,7588,5709,10377,7500,5600
2024,business and financial project management professional,construction,8000,6200,4068,7785,6000,4000
2024,business and financial project management professional,wholesale & retail trade,10227,7730,5802,10205,7468,5600
2024,business and financial project management professional,transport & storage,11478,7947,5870,11478,7590,5600
2024,business and financial project management professional,information & communications,11000,7897,5500,10899,7851,5301
2024,business and financial project management professional,financial & insurance svcs,16667,13374,10280,16667,13247,10188
2024,business and financial project management professional,real estate svcs,7050,5700,4815,7050,5562,4680
2024,business and financial project management professional,professional svcs,9000,6800,5220,8920,6788,5220
2024,business and financial project management professional,administrative & support svcs,9240,6315,4600,9116,6000,4532
2024,business and financial project management professional,public administration & education,9570,7500,6199,9570,7500,6199
2024,business and financial project management professional,health & social svcs,6205,5527,5068,6205,5416,5068
2024,business consultant,professional svcs,12792,10588,7058,12792,10558,7051
2024,business development executive,manufacturing,5530,4409,3700,5245,4197,3500
2024,business development executive,construction,6632,4235,3050,4820,3468,2531
2024,business development executive,wholesale & retail trade,6056,4690,3763,5100,4188,3319
2024,business development executive,transport & storage,5670,4721,3997,5225,4623,3935
2024,business development executive,information & communications,12738,11666,4620,12053,11583,4575
2024,business development executive,financial & insurance svcs,8120,5950,4693,8000,5950,4673
2024,business development executive,professional svcs,9500,6904,5312,9500,6753,5000
2024,business development executive,administrative & support svcs,5145,4926,3800,4800,4550,3605
2024,business development manager,manufacturing,11660,8580,6000,10993,8168,5872
2024,business development manager,construction,10000,6653,4500,8895,6429,4000
2024,business development manager,wholesale & retail trade,12802,9040,6679,11816,8200,6280
2024,business development manager,transport & storage,11400,8585,6066,10708,8000,5608
2024,business development manager,accommodation & food svcs,6880,5532,4372,6800,5425,4000
2024,business development manager,information & communications,24000,11371,7240,23561,10875,7000
2024,business development manager,financial & insurance svcs,15598,9500,6000,15442,9456,6000
2024,business development manager,real estate svcs,8140,5632,4000,7705,5500,4000
2024,business development manager,professional svcs,14602,9268,6719,14547,9125,5901
2024,business development manager,administrative & support svcs,10377,7500,5539,10040,7180,5193
2024,business valuer,manufacturing,11903,7514,5000,11903,7514,5000
2024,business valuer,wholesale & retail trade,15494,9096,4651,15494,9096,4651
2024,business valuer,information & communications,20000,15055,10305,20000,15055,10305
2024,business valuer,financial & insurance svcs,19725,12987,8412,19725,12987,8412
2024,business valuer,professional svcs,16560,6635,4500,16560,6635,4500
2024,"butcher, fishmonger and related food preparer",wholesale & retail trade,2994,2738,2603,2982,2738,2603
2024,buyer,manufacturing,5892,4818,3784,5824,4818,3650
2024,buyer,construction,4351,3550,1600,4351,3450,1600
2024,buyer,wholesale & retail trade,6880,5430,4034,6268,4410,2968
2024,cabin attendant/steward,transport & storage,4799,3839,3036,4790,3822,3014
2024,cabin attendant/steward,administrative & support svcs,2221,1851,1780,2221,1851,1780
2024,call centre manager,wholesale & retail trade,9818,7750,6871,9818,7750,6871
2024,call centre manager,transport & storage,10357,6652,4943,9431,6477,4810
2024,call centre manager,information & communications,8549,5000,2821,8549,5000,2821
2024,call centre manager,financial & insurance svcs,11238,7202,5501,11238,7181,5500
2024,call centre manager,administrative & support svcs,8000,4628,2950,8000,4628,2900
2024,call centre manager,public administration & education,4085,3500,3500,4085,3500,3500
2024,call centre manager,health & social svcs,5765,4624,3520,5765,4624,3520
2024,captain waiter/waiter supervisor,manufacturing,3700,2245,1810,2343,1699,1520
2024,captain waiter/waiter supervisor,wholesale & retail trade,3651,2931,2607,3316,2515,2465
2024,captain waiter/waiter supervisor,accommodation & food svcs,3338,2741,1900,2800,2224,1600
2024,captain waiter/waiter supervisor,real estate svcs,3400,3177,2905,3400,3175,2905
2024,captain waiter/waiter supervisor,professional svcs,3695,3028,2543,3695,3028,2543
2024,captain waiter/waiter supervisor,"arts, entertainment & recreation",3584,3166,2001,3472,3087,1961
2024,car park attendant,transport & storage,3853,3126,1848,3636,2900,1300
2024,carpenter,manufacturing,5547,3000,2131,4102,2907,2110
2024,cashier (general),manufacturing,2395,1800,1400,2371,1800,1386
2024,cashier (general),wholesale & retail trade,2628,2230,1975,2167,1898,1521
2024,cashier (general),transport & storage,2647,2383,2100,2382,2144,1890
2024,cashier (general),accommodation & food svcs,1990,1600,1400,1936,1568,1372
2024,cashier (general),financial & insurance svcs,3500,3300,2412,3172,2970,2340
2024,cashier (general),real estate svcs,2542,1950,1600,2542,1950,1600
2024,cashier (general),professional svcs,5208,2796,1965,4687,2517,1769
2024,cashier (general),administrative & support svcs,2751,2518,2388,2300,2300,2272
2024,cashier (general),health & social svcs,2645,2184,1975,2175,1975,1924
2024,cashier (general),"arts, entertainment & recreation",2300,1600,1400,2162,1504,1316
2024,cashier (general),"other community, social & personal svcs",2200,1600,1400,2072,1568,1372
2024,catering manager,accommodation & food svcs,5980,4738,3025,5900,4738,3025
2024,chauffeur,manufacturing,3402,2680,1926,3118,2357,1750
2024,chauffeur,construction,3658,2859,1915,2692,2039,1600
2024,chauffeur,wholesale & retail trade,3800,3087,2400,3500,2842,2300
2024,chauffeur,transport & storage,3051,2500,1856,2701,1906,1200
2024,chauffeur,accommodation & food svcs,3231,2000,1435,3098,1896,1400
2024,chauffeur,financial & insurance svcs,4439,3700,2900,3670,3047,2566
2024,chauffeur,real estate svcs,3593,2713,2523,2660,2500,2280
2024,chauffeur,professional svcs,3907,3090,2254,3345,2500,2050
2024,chauffeur,administrative & support svcs,3639,2680,1845,2618,2408,1600
2024,chauffeur,public administration & education,3563,2900,2676,3326,2375,2141
2024,chauffeur,health & social svcs,2805,2468,2251,2590,2363,2190
2024,chauffeur,"other community, social & personal svcs",4190,2540,1625,3337,2232,1600
2024,chef,wholesale & retail trade,4633,3850,3262,4318,3613,3215
2024,chef,accommodation & food svcs,5210,3952,3090,5000,3690,2919
2024,chef,professional svcs,6709,4524,3287,6709,4524,3257
2024,chef,health & social svcs,4580,3540,2956,4304,3434,2956
2024,chef,"arts, entertainment & recreation",6531,5120,3865,6426,5000,3600
2024,chemical engineering technician,manufacturing,6240,5016,4044,6023,4659,3758
2024,chemical engineering technician (petrochemicals),wholesale & retail trade,7786,6261,4933,7786,6261,4933
2024,chemist,manufacturing,8069,6569,5165,7811,6117,4881
2024,chemist,wholesale & retail trade,8452,5434,4027,8452,5434,4027
2024,chemist,professional svcs,6538,4746,3800,6145,4321,3677
2024,chemist,public administration & education,16403,11940,5500,16403,11940,5500
2024,chemistry technician,manufacturing,7039,5669,4478,7003,5469,3500
2024,chemistry technician,professional svcs,4693,3622,3052,4169,3342,2850
2024,chemistry technician,public administration & education,5928,4756,3675,5928,4756,3675
2024,chemistry technician,health & social svcs,5029,4324,3758,5029,4324,3716
2024,chief engineer/second engineer (ship),manufacturing,13317,8603,6698,13004,8335,6206
2024,chief information officer/chief technology officer/chief security officer,manufacturing,18638,12444,7566,16880,11777,7566
2024,chief information officer/chief technology officer/chief security officer,wholesale & retail trade,20000,15775,12059,20000,14846,11680
2024,chief information officer/chief technology officer/chief security officer,transport & storage,20000,14095,11030,19125,13625,10870
2024,chief information officer/chief technology officer/chief security officer,information & communications,20000,13538,10000,20000,13500,9817
2024,chief information officer/chief technology officer/chief security officer,financial & insurance svcs,22050,17445,13000,21973,17351,12860
2024,chief information officer/chief technology officer/chief security officer,professional svcs,19883,15455,11246,19883,15375,11129
2024,chief information officer/chief technology officer/chief security officer,public administration & education,17725,12494,8960,17725,12494,8960
2024,chief information officer/chief technology officer/chief security officer,health & social svcs,13446,10300,5875,13446,10300,5875
2024,chief operating officer/general manager,manufacturing,17060,11520,5000,16118,10762,4745
2024,chief operating officer/general manager,construction,15384,10653,7000,14500,10000,7000
2024,chief operating officer/general manager,wholesale & retail trade,17004,11800,6000,15593,11181,5855
2024,chief operating officer/general manager,transport & storage,17690,12580,9330,17000,12128,8652
2024,chief operating officer/general manager,accommodation & food svcs,9380,6060,3179,8500,6000,3039
2024,chief operating officer/general manager,information & communications,20000,16000,9500,20000,16000,9500
2024,chief operating officer/general manager,financial & insurance svcs,15960,13870,12150,15899,13870,12150
2024,chief operating officer/general manager,real estate svcs,11150,8500,6300,10900,8110,6166
2024,chief operating officer/general manager,professional svcs,20000,12553,9562,19528,12553,9000
2024,chief operating officer/general manager,administrative & support svcs,15020,9950,5700,15020,9260,5700
2024,chief operating officer/general manager,health & social svcs,12296,7162,3854,12251,7162,3854
2024,chief operating officer/general manager,"arts, entertainment & recreation",17300,11672,4350,17035,11672,4350
2024,chief operating officer/general manager,"other community, social & personal svcs",13120,9000,4000,11204,7650,3000
2024,chief steward,transport & storage,8242,6922,5701,8242,6922,5701
2024,civil engineer,construction,7720,5300,3950,7500,5190,3900
2024,civil engineer,professional svcs,7588,6500,5283,7588,6500,5283
2024,civil engineering technician,manufacturing,5603,4066,2400,4996,3882,2240
2024,civil engineering technician,transport & storage,6993,5397,4706,6993,5397,4706
2024,civil engineering technician,professional svcs,5700,4179,3000,5700,4179,3000
2024,civil engineering/building construction labourer,construction,1700,1500,1400,1600,1500,1400
2024,civil/structural engineering draughtsman,construction,5660,4225,3400,4650,4000,3400
2024,civil/structural engineering draughtsman,professional svcs,5400,4480,3600,5400,4450,3600
2024,cleaning supervisor,manufacturing,5395,3000,1600,4532,3000,1400
2024,cleaning supervisor,construction,3333,2455,1600,2455,2133,1305
2024,cleaning supervisor,wholesale & retail trade,5080,3965,2400,4880,3837,2195
2024,cleaning supervisor,accommodation & food svcs,3015,1878,1530,2914,1822,1484
2024,cleaning supervisor,real estate svcs,3472,2623,2340,2455,2210,1919
2024,cleaning supervisor,administrative & support svcs,2774,1953,1570,2455,1679,1350
2024,cleaning supervisor,health & social svcs,3750,3136,2555,3713,2800,2300
2024,clearing and forwarding agent,manufacturing,4508,3931,3592,4429,3900,3517
2024,clearing and forwarding agent,wholesale & retail trade,5101,4272,3641,5043,4272,3610
2024,clearing and forwarding agent,transport & storage,4615,3910,3400,4510,3810,3124
2024,clearing and forwarding agent,financial & insurance svcs,5606,4550,4000,5606,4550,4000
2024,clearing and forwarding agent,professional svcs,6481,5084,3880,5777,4587,3880
2024,clinical psychologist,health & social svcs,7024,5482,4850,7013,5482,4850
2024,clinical research coordinator,wholesale & retail trade,6212,4120,3602,6070,4092,3602
2024,clinical research coordinator,financial & insurance svcs,10967,7500,5200,10967,7500,5200
2024,clinical research coordinator,professional svcs,7083,5714,3726,7083,5714,3726
2024,clinical research coordinator,health & social svcs,4551,4060,3698,4551,4060,3698
2024,cloud specialist,manufacturing,12900,9021,5611,12900,8961,5540
2024,cloud specialist,wholesale & retail trade,20000,16524,9000,18600,14520,8086
2024,cloud specialist,transport & storage,9364,7151,4930,9364,7151,4930
2024,cloud specialist,information & communications,19273,10517,7885,18625,10402,7687
2024,cloud specialist,financial & insurance svcs,13585,8902,6950,13585,8875,6950
2024,cloud specialist,professional svcs,12750,7526,5331,12750,7526,5331
2024,commercial airline pilot,transport & storage,17036,13906,11633,17036,13906,11633
2024,commodities and freight derivatives broker,wholesale & retail trade,17500,11000,7750,17500,11000,7750
2024,commodities and freight derivatives broker,financial & insurance svcs,20000,14951,10185,20000,14916,10065
2024,commodities trader (excluding oil and bunker),financial & insurance svcs,20000,17983,10667,20000,17952,10667
2024,"community, partnership and relations manager",manufacturing,8151,7048,6000,8142,7000,5936
2024,"community, partnership and relations manager",wholesale & retail trade,9971,7433,5950,9303,6540,5300
2024,"community, partnership and relations manager",transport & storage,8633,6406,5188,8361,5800,4800
2024,"community, partnership and relations manager",accommodation & food svcs,6174,4411,3575,5804,3855,3285
2024,"community, partnership and relations manager",information & communications,8992,7200,5800,8992,7200,5800
2024,"community, partnership and relations manager",financial & insurance svcs,6920,5900,5115,6900,5900,5100
2024,"community, partnership and relations manager",real estate svcs,5674,4506,4000,5400,4506,3914
2024,"community, partnership and relations manager",professional svcs,8391,6134,5177,8391,6110,5152
2024,"community, partnership and relations manager",administrative & support svcs,6601,5595,4405,6520,5324,4258
2024,"community, partnership and relations manager",public administration & education,6870,5830,4500,6840,5800,4434
2024,"community, partnership and relations manager",health & social svcs,7877,6941,6012,7865,6939,5975
2024,"community, partnership and relations manager","arts, entertainment & recreation",6125,5300,4630,6125,5300,4620
2024,"community, partnership and relations manager","other community, social & personal svcs",9050,7057,4870,8573,6690,4740
2024,company director,manufacturing,15000,10000,5000,14662,10000,5000
2024,company director,construction,11000,6700,3500,10500,6500,3500
2024,company director,wholesale & retail trade,15500,10000,5000,15000,10000,5000
2024,company director,transport & storage,15688,9000,5000,14036,8500,5000
2024,company director,accommodation & food svcs,10000,5000,1950,10000,5000,1850
2024,company director,information & communications,20000,12080,8900,20000,12080,8900
2024,company director,financial & insurance svcs,21451,17885,15445,20933,17712,15130
2024,company director,real estate svcs,10784,5624,4000,8700,5448,3000
2024,company director,professional svcs,19291,15000,11400,19060,14945,11000
2024,company director,administrative & support svcs,13290,8000,4475,12500,7600,4475
2024,company director,health & social svcs,15675,12368,9277,15437,12368,8727
2024,company director,"arts, entertainment & recreation",17370,15800,14200,17250,15800,14080
2024,company director,"other community, social & personal svcs",14000,6576,3000,14000,6562,3000
2024,compliance officer/risk analyst (financial),manufacturing,15183,12639,7829,15183,12639,7829
2024,compliance officer/risk analyst (financial),wholesale & retail trade,14560,9719,6203,14478,9119,6203
2024,compliance officer/risk analyst (financial),information & communications,13100,10170,7166,13100,10170,7014
2024,compliance officer/risk analyst (financial),financial & insurance svcs,12840,7000,5450,12752,7000,5417
2024,compliance officer/risk analyst (financial),professional svcs,14723,11333,6954,14723,11333,6954
2024,computer engineer,wholesale & retail trade,6658,6100,5651,6658,6100,5651
2024,computer systems operator,manufacturing,5067,3540,2931,2800,2250,2250
2024,computer systems operator,transport & storage,5137,4726,4380,3813,3410,3074
2024,computer systems operator,information & communications,9346,6880,5042,8535,6878,5000
2024,computer systems operator,financial & insurance svcs,20000,9357,5500,20000,9357,5500
2024,concierge (hotel),accommodation & food svcs,3624,2939,2635,3537,2894,2635
2024,concierge (hotel),real estate svcs,3120,2810,2578,3120,2810,2578
2024,concierge (hotel),administrative & support svcs,3585,3262,2779,2977,2738,1650
2024,construction manager,manufacturing,10647,8000,5685,10473,7770,5500
2024,construction manager,construction,9800,7000,4900,9340,6800,4700
2024,construction manager,wholesale & retail trade,11942,8243,6810,11942,8243,6810
2024,construction manager,transport & storage,10000,7030,4200,9334,7030,4000
2024,construction manager,information & communications,13450,10016,6980,13450,10016,6930
2024,construction manager,financial & insurance svcs,20000,15062,9417,20000,15062,9230
2024,construction manager,real estate svcs,7681,5300,4000,7325,5204,4000
2024,construction manager,professional svcs,11500,8180,5000,11388,8086,4945
2024,construction manager,administrative & support svcs,7150,3950,2800,7150,3700,2800
2024,construction manager,public administration & education,13050,10741,8274,13032,10741,8274
2024,contact centre information clerk,manufacturing,5422,3174,2497,5256,2984,2425
2024,contact centre information clerk,wholesale & retail trade,4432,3121,2700,4386,2950,2345
2024,contact centre information clerk,transport & storage,3895,2980,2736,3665,2799,2572
2024,contact centre information clerk,information & communications,2657,2443,2339,2657,2443,2339
2024,contact centre information clerk,financial & insurance svcs,5447,4676,4070,5422,4671,4001
2024,contact centre information clerk,real estate svcs,2919,2640,2435,2765,2459,2330
2024,contact centre information clerk,professional svcs,3858,3122,2600,3350,2901,2444
2024,contact centre information clerk,administrative & support svcs,2754,2350,2041,2628,2209,1920
2024,contact centre information clerk,health & social svcs,3524,2872,2090,3518,2843,2090
2024,content writer,manufacturing,13825,7580,5156,13514,7547,4375
2024,content writer,wholesale & retail trade,12651,6760,4010,12651,6450,4010
2024,content writer,information & communications,6001,4770,4370,6001,4770,4370
2024,content writer,financial & insurance svcs,15260,9444,6084,15260,9444,6084
2024,content writer,professional svcs,8500,5500,4200,8500,5500,4200
2024,cook (e.g. commis cook 2/3),manufacturing,2856,1800,1400,2759,1754,1358
2024,cook (e.g. commis cook 2/3),wholesale & retail trade,2373,2070,1669,2201,1915,1566
2024,cook (e.g. commis cook 2/3),transport & storage,3673,3086,2842,3673,3086,2842
2024,cook (e.g. commis cook 2/3),accommodation & food svcs,3050,2000,1400,2800,1840,1288
2024,cook (e.g. commis cook 2/3),real estate svcs,4000,2638,1600,4000,2600,1600
2024,cook (e.g. commis cook 2/3),professional svcs,2968,2000,1500,2849,1920,1440
2024,cook (e.g. commis cook 2/3),administrative & support svcs,2802,1585,1400,2690,1522,1344
2024,cook (e.g. commis cook 2/3),public administration & education,2080,1899,1700,2050,1852,1666
2024,cook (e.g. commis cook 2/3),health & social svcs,2387,2040,1923,2364,2032,1921
2024,cook (e.g. commis cook 2/3),"arts, entertainment & recreation",3298,1600,1400,3166,1536,1344
2024,cook (e.g. commis cook 2/3),"other community, social & personal svcs",2600,1900,1648,2592,1824,1582
2024,counsellor (family),financial & insurance svcs,4600,4000,3350,4600,4000,3350
2024,counsellor (family),health & social svcs,5709,4775,4061,5650,4700,4052
2024,crane operator (on-site),transport & storage,3365,3113,2953,3364,3113,2953
2024,crane/hoist operator (excluding port),manufacturing,5091,4047,2723,4767,3510,2388
2024,crane/hoist operator (excluding port),construction,6834,5249,3500,5257,3765,2592
2024,crane/hoist operator (excluding port),wholesale & retail trade,5681,4284,3738,5056,3869,3327
2024,crane/hoist operator (excluding port),transport & storage,6513,5136,3597,3200,2627,1945
2024,crane/hoist operator (excluding port),professional svcs,5554,4646,4095,3332,2788,2457
2024,crane/hoist operator (excluding port),administrative & support svcs,6530,5200,3321,5747,4576,2800
2024,creative advertising professional,manufacturing,8963,7633,6079,8963,7276,5954
2024,creative advertising professional,wholesale & retail trade,8240,5978,5300,7752,5900,5050
2024,creative advertising professional,information & communications,11084,6596,4550,11084,6596,4550
2024,creative advertising professional,professional svcs,13000,7700,4900,13000,7700,4900
2024,crewing executive (ship),transport & storage,5176,4249,3530,5123,3940,3182
2024,curator,"arts, entertainment & recreation",6853,5498,4450,6853,5498,4450
2024,customer service manager,manufacturing,11591,8445,5870,10926,8169,5686
2024,customer service manager,construction,10317,6250,4255,9259,6000,4075
2024,customer service manager,wholesale & retail trade,12916,8250,5700,12018,7522,5264
2024,customer service manager,transport & storage,9690,6070,4400,9000,5700,4300
2024,customer service manager,accommodation & food svcs,3094,2893,2774,3094,2893,2774
2024,customer service manager,information & communications,14916,9564,6649,13852,9541,6500
2024,customer service manager,financial & insurance svcs,14839,8995,6667,14760,8963,6667
2024,customer service manager,professional svcs,13000,9305,6492,12210,9000,6416
2024,customer service manager,administrative & support svcs,10941,6510,5000,10791,6510,4900
2024,customer service manager,"other community, social & personal svcs",6137,4055,3247,6137,3436,3000
2024,customer service officer/clerk,manufacturing,5166,3900,2920,5075,3798,2805
2024,customer service officer/clerk,construction,3496,2400,1600,3298,2229,1536
2024,customer service officer/clerk,wholesale & retail trade,5020,3770,2800,4974,3695,2646
2024,customer service officer/clerk,transport & storage,3765,3043,2421,3610,2907,2293
2024,customer service officer/clerk,accommodation & food svcs,2500,1618,1400,2500,1618,1400
2024,customer service officer/clerk,information & communications,4600,3555,2805,4525,3482,2782
2024,customer service officer/clerk,financial & insurance svcs,5834,4435,3625,5820,4410,3602
2024,customer service officer/clerk,real estate svcs,3050,2428,1600,2912,2308,1520
2024,customer service officer/clerk,professional svcs,5405,3651,2734,5243,3589,2673
2024,customer service officer/clerk,administrative & support svcs,3200,2476,1913,3087,2406,1858
2024,customer service officer/clerk,public administration & education,3800,3000,2400,3643,2965,2304
2024,customer service officer/clerk,health & social svcs,3400,2855,2352,3306,2778,2281
2024,customer service officer/clerk,"arts, entertainment & recreation",3016,2422,1560,2996,2400,1560
2024,customer service officer/clerk,"other community, social & personal svcs",3622,2597,1765,2750,1860,1308
2024,cyber risk specialist,information & communications,10380,7600,6738,10380,7600,6738
2024,cyber risk specialist,financial & insurance svcs,13784,9987,7619,13784,9900,7607
2024,cyber risk specialist,professional svcs,15866,12832,11457,15866,12832,11457
2024,cybersecurity architect,information & communications,9630,7106,6214,9630,7106,6031
2024,cybersecurity architect,financial & insurance svcs,14164,11236,8300,14084,11236,8208
2024,cybersecurity architect,professional svcs,8213,5811,4975,8213,5811,4975
2024,dairy and confectionery products machine operator,manufacturing,4603,2674,1772,4514,2550,1700
2024,data centre engineer,information & communications,5415,4499,3700,4863,4005,3550
2024,data entry clerk,manufacturing,2449,1600,1403,2436,1600,1401
2024,data entry clerk,construction,2200,1600,1512,2090,1600,1512
2024,data entry clerk,wholesale & retail trade,2950,2174,1600,2714,2050,1600
2024,data entry clerk,transport & storage,3000,2248,1600,2793,2100,1568
2024,data entry clerk,accommodation & food svcs,1750,1600,1400,1750,1600,1400
2024,data entry clerk,information & communications,3010,2068,1241,2950,2068,1241
2024,data entry clerk,financial & insurance svcs,7938,4588,3269,7898,4521,3258
2024,data entry clerk,real estate svcs,2936,2570,2225,2613,2287,1980
2024,data entry clerk,professional svcs,3082,2275,1600,3082,2252,1584
2024,data entry clerk,administrative & support svcs,3110,2200,1600,3051,2140,1568
2024,data entry clerk,health & social svcs,3235,2737,2156,2890,2490,1980
2024,data entry clerk,"other community, social & personal svcs",2200,1600,1400,2178,1584,1400
2024,data processing control clerk,manufacturing,4390,3286,2300,3863,2989,1998
2024,data processing control clerk,wholesale & retail trade,7837,6475,3270,7837,6475,3190
2024,data processing control clerk,transport & storage,4391,3156,2700,3200,2837,2554
2024,data processing control clerk,information & communications,6004,3470,2020,5977,3470,1959
2024,data processing control clerk,financial & insurance svcs,5040,4092,3588,4943,3930,3556
2024,data processing control clerk,professional svcs,9266,6000,3480,9000,5500,3400
2024,data processing control clerk,administrative & support svcs,4000,2615,1782,2800,1775,1117
2024,data scientist,manufacturing,12550,9790,6639,11434,9326,6000
2024,data scientist,wholesale & retail trade,9350,6130,5356,9350,6109,5237
2024,data scientist,transport & storage,10920,7771,5300,10920,7771,5300
2024,data scientist,information & communications,12500,10500,7500,12240,10500,7333
2024,data scientist,financial & insurance svcs,14750,10000,7144,14750,9825,7144
2024,data scientist,professional svcs,12167,9453,7602,12154,9436,7596
2024,data scientist,health & social svcs,8919,6640,4277,8919,6640,4277
2024,database administrator,financial & insurance svcs,13926,10900,6825,13926,10500,6825
2024,database administrator,health & social svcs,3500,2691,2518,3500,2685,2518
2024,database architect,information & communications,11989,9362,7300,11989,9330,7300
2024,database architect,financial & insurance svcs,16432,13333,9851,16432,13317,9851
2024,deckhand (including lighterman),transport & storage,1740,1666,1625,1740,1666,1625
2024,delivery man using motorised personal mobility aids/devices,manufacturing,1849,1796,1658,1822,1736,1628
2024,dental aide/assistant,health & social svcs,3281,2699,2300,3261,2699,2298
2024,dietitian,health & social svcs,6289,4777,4070,6234,4777,4070
2024,"digital marketing professional (e.g. online, social media, e-commerce marketing professional)",manufacturing,6255,4733,3370,6048,4600,3328
2024,"digital marketing professional (e.g. online, social media, e-commerce marketing professional)",wholesale & retail trade,6744,4607,3488,6731,4607,3480
2024,"digital marketing professional (e.g. online, social media, e-commerce marketing professional)",transport & storage,6867,5125,4150,6867,5125,4150
2024,"digital marketing professional (e.g. online, social media, e-commerce marketing professional)",information & communications,8578,5959,4580,8578,5959,4580
2024,"digital marketing professional (e.g. online, social media, e-commerce marketing professional)",financial & insurance svcs,14414,9361,6592,14414,9347,6552
2024,"digital marketing professional (e.g. online, social media, e-commerce marketing professional)",real estate svcs,5950,4920,4210,5950,4920,4210
2024,"digital marketing professional (e.g. online, social media, e-commerce marketing professional)",professional svcs,7870,5510,3900,7870,5500,3900
2024,"digital marketing professional (e.g. online, social media, e-commerce marketing professional)",administrative & support svcs,5768,4089,3282,5768,4089,3282
2024,"digital marketing professional (e.g. online, social media, e-commerce marketing professional)",public administration & education,6500,4800,3700,6500,4800,3700
2024,"digital marketing professional (e.g. online, social media, e-commerce marketing professional)",health & social svcs,5500,4395,3500,5449,4395,3500
2024,"digital marketing professional (e.g. online, social media, e-commerce marketing professional)","arts, entertainment & recreation",7150,5000,3650,7150,5000,3650
2024,"director (stage, film, television, game, commercial, video and radio)",manufacturing,15000,6915,4418,14606,6025,4246
2024,"director (stage, film, television, game, commercial, video and radio)",information & communications,15930,13740,8573,15350,12830,8363
2024,"director (stage, film, television, game, commercial, video and radio)",professional svcs,14870,11731,10007,14600,11718,10006
2024,"director (stage, film, television, game, commercial, video and radio)","arts, entertainment & recreation",12650,11730,10720,12480,11595,10660
2024,dishwasher,wholesale & retail trade,2180,2008,1400,1915,1915,1395
2024,dishwasher,accommodation & food svcs,2100,1600,1400,1850,1381,1190
2024,dishwasher,real estate svcs,2060,1825,1600,2021,1795,1568
2024,dishwasher,professional svcs,3014,2530,2231,2951,2487,2144
2024,dishwasher,administrative & support svcs,1900,1700,1501,1800,1678,1418
2024,doorman,accommodation & food svcs,3112,2693,2283,3102,2681,2283
2024,early intervention teacher for infants and children,health & social svcs,4560,3880,3115,4560,3880,3115
2024,economist,financial & insurance svcs,25737,6380,5330,25737,6380,5330
2024,editor (news and periodicals),manufacturing,14925,11398,8492,14925,11398,8492
2024,editor (news and periodicals),information & communications,17000,10060,7390,17000,10060,7390
2024,"editor (radio, television and video)",manufacturing,11571,8133,5620,11093,8000,5611
2024,"editor (radio, television and video)",information & communications,9500,6910,5500,9500,6910,5500
2024,educarer,professional svcs,4304,3704,3132,4304,3704,3132
2024,educarer,health & social svcs,3959,3389,3100,3547,2951,2686
2024,electrical engineer,manufacturing,9320,5839,4390,9000,5475,4050
2024,electrical engineer,construction,5079,4411,3301,4700,4250,3301
2024,electrical engineer,wholesale & retail trade,7921,5215,4510,7921,5215,4510
2024,electrical engineer,transport & storage,6800,5632,5103,6800,5632,5103
2024,electrical engineer,professional svcs,6792,5472,4550,6790,5449,4500
2024,electrical engineering technician,manufacturing,5909,4742,3787,5763,4609,3488
2024,electrical engineering technician,construction,2950,2553,2288,2893,2379,2163
2024,electrical engineering technician,wholesale & retail trade,4200,3671,3130,4006,3206,2915
2024,electrical engineering technician,transport & storage,3256,2895,2624,3256,2895,2624
2024,electrical engineering technician,accommodation & food svcs,3225,2894,2596,2820,2600,2450
2024,electrical engineering technician,real estate svcs,3458,3050,2630,3383,2985,2350
2024,electrical engineering technician,health & social svcs,4542,3414,2865,3678,2972,2773
2024,electrical engineering technician,"arts, entertainment & recreation",3581,3226,2985,3230,2983,2620
2024,electrical fitter,manufacturing,3439,2177,1698,3101,2036,1650
2024,"electrical lift, escalator and related equipment fitter",manufacturing,5376,4603,3340,3736,3010,2450
2024,"electrical lift, escalator and related equipment fitter",construction,5170,4323,3467,3307,2840,2670
2024,"electrical lift, escalator and related equipment fitter",real estate svcs,3655,3047,2689,3112,2748,2500
2024,electrical/electronics draughtsman,manufacturing,3565,2603,2316,3381,1947,1516
2024,electrical/electronics draughtsman,construction,5305,4078,3000,4880,4000,3000
2024,electrician,construction,4500,3483,2000,4500,3483,1800
2024,electronic equipment/component assembler,manufacturing,2080,1882,1537,1999,1861,1500
2024,electronics engineer,manufacturing,9353,7836,6046,8959,7426,5505
2024,electronics engineering technician,manufacturing,4841,3950,3111,4828,3938,3111
2024,electronics engineering technician,wholesale & retail trade,5628,3300,3025,5300,3300,2943
2024,embedded systems engineer (including port systems engineer),manufacturing,9373,6891,5009,9305,6712,4967
2024,embedded systems engineer (including port systems engineer),wholesale & retail trade,10853,9969,8824,10853,9969,8824
2024,embedded systems engineer (including port systems engineer),transport & storage,7668,5527,4920,7668,5527,4920
2024,embedded systems engineer (including port systems engineer),information & communications,7248,6487,5109,7098,6430,5078
2024,embedded systems engineer (including port systems engineer),financial & insurance svcs,11673,9181,7167,11615,9181,7142
2024,embedded systems engineer (including port systems engineer),professional svcs,6971,5500,4697,6971,5490,4604
2024,energy engineer,financial & insurance svcs,20000,14694,8558,20000,14694,8558
2024,enrolled/assistant nurse (excluding registered nurse),health & social svcs,6708,4930,3348,6677,4884,3340
2024,enterprise/solution architect,manufacturing,12370,9475,6850,12069,9125,6850
2024,enterprise/solution architect,wholesale & retail trade,16499,12342,7650,15639,11868,6694
2024,enterprise/solution architect,information & communications,16899,12813,9084,16333,10800,9000
2024,enterprise/solution architect,financial & insurance svcs,20000,16286,11899,19577,15942,11854
2024,enterprise/solution architect,professional svcs,13941,9671,5939,13941,9260,5939
2024,enterprise/solution architect,administrative & support svcs,17150,13643,9795,17150,13256,9612
2024,enumerator/market research interviewer,wholesale & retail trade,5420,2544,1400,5041,2366,1302
2024,enumerator/market research interviewer,transport & storage,3337,2858,2701,3237,2758,2549
2024,enumerator/market research interviewer,accommodation & food svcs,1564,1400,1400,1564,1400,1400
2024,enumerator/market research interviewer,professional svcs,5740,4625,3440,5740,4301,3255
2024,enumerator/market research interviewer,administrative & support svcs,3120,2857,2000,2902,2657,1860
2024,environmental engineer,manufacturing,6943,5762,4968,6943,5755,4968
2024,environmental engineer,wholesale & retail trade,20000,16059,12928,20000,16059,12928
2024,environmental engineer,transport & storage,5434,4910,4425,4952,4500,4230
2024,environmental engineer,information & communications,6370,5400,5100,6370,5400,5100
2024,environmental engineer,professional svcs,7455,5368,4304,7455,5368,4304
2024,environmental engineer,health & social svcs,6961,6279,5725,6961,6279,5725
2024,environmental inspector (environmental public health),manufacturing,11222,8774,6488,11222,8774,6488
2024,environmental inspector (environmental public health),construction,8570,6200,4095,8570,6200,4095
2024,environmental inspector (environmental public health),wholesale & retail trade,11132,8166,6500,11132,8166,6500
2024,environmental inspector (environmental public health),professional svcs,9499,5827,4014,9499,5827,3190
2024,environmental officer (environmental protection),manufacturing,13041,9671,7500,12960,9648,7030
2024,event manager,manufacturing,9998,7234,5672,9998,6970,5469
2024,event manager,accommodation & food svcs,6630,4760,3720,6630,4600,3700
2024,event manager,administrative & support svcs,6300,5550,4841,6200,5500,4800
2024,event manager,public administration & education,6265,5416,4848,6265,5416,4848
2024,event manager,"arts, entertainment & recreation",6515,5630,4800,6435,5630,4700
2024,excavating/trench digging machine operator,construction,4631,3000,1891,4000,2480,1600
2024,executive search consultant,manufacturing,5943,5238,4830,5517,5034,4454
2024,executive search consultant,wholesale & retail trade,13222,7394,5350,13000,7394,5350
2024,executive search consultant,information & communications,11091,7208,4000,10916,7200,4000
2024,executive search consultant,financial & insurance svcs,7873,5709,5709,7853,5709,5709
2024,executive search consultant,professional svcs,10769,5970,4500,10710,5915,4500
2024,exhibition/conference/event planner (including wedding planner/coordinator),manufacturing,5816,4499,3400,5800,3975,3400
2024,exhibition/conference/event planner (including wedding planner/coordinator),accommodation & food svcs,3400,2982,2650,3300,2931,2380
2024,exhibition/conference/event planner (including wedding planner/coordinator),information & communications,5600,3800,2968,5588,3800,2968
2024,exhibition/conference/event planner (including wedding planner/coordinator),administrative & support svcs,6150,3740,3039,6050,3640,3012
2024,exhibition/conference/event planner (including wedding planner/coordinator),"arts, entertainment & recreation",4123,3680,3232,4100,3600,2837
2024,fast food preparer,accommodation & food svcs,2748,2000,1600,2125,1560,1248
2024,"financial analyst (e.g. equities analyst, credit analyst, investment research analyst)",manufacturing,11938,8167,6079,11813,8014,6079
2024,"financial analyst (e.g. equities analyst, credit analyst, investment research analyst)",wholesale & retail trade,8242,6736,5058,8068,6622,5010
2024,"financial analyst (e.g. equities analyst, credit analyst, investment research analyst)",transport & storage,8732,6733,5262,8732,6693,5262
2024,"financial analyst (e.g. equities analyst, credit analyst, investment research analyst)",information & communications,9940,7750,6020,9793,7750,6000
2024,"financial analyst (e.g. equities analyst, credit analyst, investment research analyst)",financial & insurance svcs,11610,8000,5700,11550,7992,5633
2024,"financial analyst (e.g. equities analyst, credit analyst, investment research analyst)",real estate svcs,6365,4751,4000,6365,4751,4000
2024,"financial analyst (e.g. equities analyst, credit analyst, investment research analyst)",professional svcs,9500,6600,5300,7725,5949,5142
2024,financial markets back office administrator,financial & insurance svcs,7190,5730,4645,7088,5600,4580
2024,financial product structurer,financial & insurance svcs,17000,12039,8120,17000,12039,8120
2024,financial risk manager,manufacturing,8398,7334,6548,8398,7334,6548
2024,financial risk manager,transport & storage,10165,7737,6859,10058,7737,6859
2024,financial risk manager,information & communications,16841,15016,14414,15422,14666,14333
2024,financial risk manager,financial & insurance svcs,19518,13245,9700,19167,13070,9583
2024,financial services manager,manufacturing,11014,8000,5600,11000,8000,5600
2024,financial services manager,construction,10500,7550,5100,10500,7550,5100
2024,financial services manager,wholesale & retail trade,12800,9384,7287,12550,9276,7200
2024,financial services manager,transport & storage,10300,8018,6930,10262,8018,6930
2024,financial services manager,information & communications,23000,12000,9791,23000,11636,9708
2024,financial services manager,financial & insurance svcs,17000,8500,5148,16949,8478,5131
2024,financial services manager,real estate svcs,17250,9716,8020,17250,9355,7839
2024,financial services manager,professional svcs,19990,11095,7000,17944,10970,7000
2024,financial services manager,administrative & support svcs,13395,8391,6789,12266,8361,6789
2024,financial/investment adviser (e.g. relationship manager),information & communications,11950,7225,3619,11950,7225,3619
2024,financial/investment adviser (e.g. relationship manager),financial & insurance svcs,12920,7986,5230,12916,7953,5225
2024,financial/investment adviser (e.g. relationship manager),professional svcs,20000,16696,14000,20000,16500,14000
2024,flight operations officer,transport & storage,4262,3429,2640,4256,3405,2600
2024,floor/wall tiler,manufacturing,4054,2489,1660,4054,2454,1660
2024,floor/wall tiler,construction,1620,1600,1400,1620,1600,1400
2024,flying instructor (except air force),public administration & education,8330,7067,4468,8330,7067,4287
2024,food and beverage establishments general cleaner,manufacturing,1800,1400,1400,1800,1400,1400
2024,food and beverage establishments general cleaner,accommodation & food svcs,1750,1600,1400,1700,1536,1344
2024,food and beverage establishments general cleaner,real estate svcs,1740,1600,1570,1740,1600,1500
2024,food and beverage establishments general cleaner,administrative & support svcs,1800,1670,1570,1782,1653,1554
2024,food and beverage establishments general cleaner,health & social svcs,1915,1849,1810,1915,1846,1810
2024,food and beverage operations manager,accommodation & food svcs,7200,4441,3588,6223,4171,3500
2024,food service counter attendant,manufacturing,2073,1634,1304,2032,1601,1277
2024,food service counter attendant,wholesale & retail trade,2419,1775,1100,2201,1532,1000
2024,food service counter attendant,accommodation & food svcs,2495,2000,1400,2307,1800,1260
2024,food/drink stall assistant,manufacturing,2321,1810,1500,2156,1674,1420
2024,food/drink stall assistant,wholesale & retail trade,2372,1751,1400,1850,1400,1201
2024,food/drink stall assistant,accommodation & food svcs,2063,1650,1400,2015,1600,1344
2024,food/drink stall assistant,real estate svcs,1800,1600,1400,1750,1488,1395
2024,food/drink stall assistant,administrative & support svcs,2000,1750,1400,1600,1400,1120
2024,food/drink stall assistant,"arts, entertainment & recreation",1480,1400,1400,1421,1344,1344
2024,foreign exchange broker,financial & insurance svcs,27266,20000,15653,27266,20000,15653
2024,foreign exchange dealer,financial & insurance svcs,22800,15039,9213,21958,15039,9183
2024,fork lift truck operator,manufacturing,3685,2796,2156,2796,2216,1728
2024,fork lift truck operator,wholesale & retail trade,3102,2596,2100,2777,2309,1869
2024,fork lift truck operator,transport & storage,3171,2501,1780,2740,2119,1494
2024,fork lift truck operator,administrative & support svcs,2042,1680,1400,1695,1469,1162
2024,fumigator and other pest and weed controller,administrative & support svcs,2419,2276,2050,2413,2261,2050
2024,fund/portfolio manager (including asset allocator),wholesale & retail trade,11690,8998,5415,11400,8998,5415
2024,fund/portfolio manager (including asset allocator),financial & insurance svcs,20000,13450,8500,20000,13333,8488
2024,fund/portfolio manager (including asset allocator),real estate svcs,7532,4899,3905,7477,4824,3825
2024,fund/portfolio manager (including asset allocator),professional svcs,18380,11660,8165,15288,11380,8165
2024,gardener and horticultural worker,construction,1850,1850,1750,1850,1832,1733
2024,gardener and horticultural worker,professional svcs,1830,1750,1750,1812,1733,1733
2024,gardener and horticultural worker,administrative & support svcs,1900,1800,1750,1861,1763,1733
2024,general dental practitioner,health & social svcs,8560,6890,5450,7240,6500,5449
2024,general practitioner/physician,financial & insurance svcs,6405,6006,5580,5875,5479,5050
2024,general practitioner/physician,health & social svcs,15455,12478,9736,14902,12280,9630
2024,"general waste collection, recycling and material recovery worker",accommodation & food svcs,1750,1750,1550,1435,1435,1312
2024,graphic designer,manufacturing,3500,3040,2685,3491,3000,2600
2024,graphic designer,wholesale & retail trade,4300,3700,3250,4200,3700,3180
2024,graphic designer,information & communications,6150,4314,3589,6150,4314,3589
2024,hair stylist/hairdresser,"other community, social & personal svcs",4879,3782,2942,4588,3500,2400
2024,hand launderer/presser (non-household),accommodation & food svcs,2295,1941,1750,2295,1941,1750
2024,hand launderer/presser (non-household),health & social svcs,2125,1903,1400,2125,1903,1400
2024,hand launderer/presser (non-household),"other community, social & personal svcs",1900,1506,1400,1900,1506,1400
2024,hand packer,manufacturing,2000,1663,1545,1845,1600,1485
2024,hand packer,wholesale & retail trade,1926,1603,1600,1800,1600,1600
2024,hand packer,transport & storage,1800,1500,1400,1600,1300,1250
2024,harbour pilot,transport & storage,10052,8833,7176,9100,7886,6356
2024,health services manager,financial & insurance svcs,14550,8989,6098,14500,8939,5810
2024,health services manager,health & social svcs,13344,9818,6175,13291,9818,6160
2024,healthcare assistant (e.g. therapy aide/assistant),health & social svcs,2806,2460,2160,2785,2454,2152
2024,hospital/clinic attendant,health & social svcs,2894,2490,2200,2627,2215,2000
2024,hotel cleaner,accommodation & food svcs,2933,2181,1684,2933,2181,1684
2024,hotel cleaner,administrative & support svcs,2231,1740,1570,2212,1740,1570
2024,hotel executive (including hotel reservation and front desk executive),accommodation & food svcs,3378,2943,2505,3277,2800,2340
2024,hotel operations/lodging services manager,transport & storage,4880,4403,4009,4880,4403,4009
2024,hotel operations/lodging services manager,accommodation & food svcs,6342,4680,3895,6000,4488,3690
2024,hotel operations/lodging services manager,professional svcs,10747,6000,4211,10747,5933,4211
2024,hotel receptionist (including hotel reservation and front desk clerk),transport & storage,3621,3024,1982,3476,2903,1902
2024,hotel receptionist (including hotel reservation and front desk clerk),accommodation & food svcs,3365,2657,1944,3046,2397,1769
2024,hotel receptionist (including hotel reservation and front desk clerk),real estate svcs,3000,2691,2147,3000,2691,2147
2024,hotel receptionist (including hotel reservation and front desk clerk),professional svcs,3813,2484,2086,3660,2430,2053
2024,hotel receptionist (including hotel reservation and front desk clerk),administrative & support svcs,3021,2535,1600,3021,2482,1536
2024,house steward,accommodation & food svcs,3925,2833,2300,3285,2455,2142
2024,housekeeper (hotels and other establishments),accommodation & food svcs,5525,3494,2451,5359,3389,2379
2024,housekeeper (hotels and other establishments),real estate svcs,4000,3403,2658,4000,3403,2658
2024,housekeeper (hotels and other establishments),professional svcs,5072,3326,2734,5072,3326,2734
2024,housekeeper (hotels and other establishments),administrative & support svcs,2725,1586,1400,2670,1546,1358
2024,housekeeper (hotels and other establishments),health & social svcs,4100,3692,2277,3977,3581,2214
2024,housekeeping matron,accommodation & food svcs,3539,3250,3150,3248,3150,3150
2024,housekeeping/linen room attendant,accommodation & food svcs,2410,2036,1600,2295,1943,1505
2024,housekeeping/linen room attendant,real estate svcs,2530,2110,1899,2530,2110,1899
2024,housekeeping/linen room attendant,professional svcs,2363,1900,1532,2363,1900,1532
2024,housekeeping/linen room attendant,administrative & support svcs,2000,1740,1608,1990,1740,1597
2024,housekeeping/linen room attendant,health & social svcs,2382,1998,1892,2108,1965,1647
2024,housekeeping/linen room attendant,"arts, entertainment & recreation",2422,2068,1800,2179,2012,1693
2024,housekeeping/linen room attendant,"other community, social & personal svcs",2187,1600,1400,2187,1600,1400
2024,human resource consultant (excluding executive search consultant),manufacturing,8393,7152,6350,8187,6996,6268
2024,human resource consultant (excluding executive search consultant),wholesale & retail trade,10476,7856,5746,10299,7800,5692
2024,human resource consultant (excluding executive search consultant),transport & storage,10250,5826,4290,9248,5685,4287
2024,human resource consultant (excluding executive search consultant),accommodation & food svcs,5374,4786,4300,5374,4786,4200
2024,human resource consultant (excluding executive search consultant),information & communications,11180,7263,5800,11026,7150,5800
2024,human resource consultant (excluding executive search consultant),financial & insurance svcs,20000,12617,7331,20000,12617,7228
2024,human resource consultant (excluding executive search consultant),professional svcs,10927,8126,5917,10920,7966,5817
2024,human resource consultant (excluding executive search consultant),administrative & support svcs,6250,4589,3800,6250,4589,3800
2024,hydrographic surveyor,construction,7107,5540,4830,7107,5540,4830
2024,ict auditor,financial & insurance svcs,16320,14081,11250,16200,14081,11250
2024,ict business process consultant/business analyst,manufacturing,10402,6565,5180,9199,6510,5180
2024,ict business process consultant/business analyst,wholesale & retail trade,12335,9020,6285,10891,8080,6143
2024,ict business process consultant/business analyst,information & communications,11500,8134,6320,11500,8000,6200
2024,ict business process consultant/business analyst,financial & insurance svcs,11279,9170,7350,11201,9039,7330
2024,ict business process consultant/business analyst,professional svcs,11500,8896,7225,11500,8896,7000
2024,ict quality assurance specialist,manufacturing,8830,7529,5969,8572,7391,5521
2024,ict quality assurance specialist,wholesale & retail trade,8552,7409,5931,8552,7409,5800
2024,ict quality assurance specialist,information & communications,5800,4200,3386,5800,4188,3386
2024,ict quality assurance specialist,financial & insurance svcs,15888,14333,9909,15888,14333,9909
2024,ict quality assurance specialist,health & social svcs,5801,4829,4186,5801,4829,4186
2024,ict sales and services professional,manufacturing,8002,5621,4519,7394,5600,3959
2024,ict sales and services professional,wholesale & retail trade,19791,11850,4098,14513,9269,3300
2024,ict sales and services professional,information & communications,16625,12667,6298,16625,12667,6298
2024,ict sales and services professional,financial & insurance svcs,8882,5985,3926,8882,5979,3640
2024,ict service manager,manufacturing,12304,9508,7050,12304,9410,7050
2024,ict service manager,wholesale & retail trade,12328,9151,6893,12000,9000,6893
2024,ict service manager,transport & storage,10515,8148,7205,10162,8089,7205
2024,ict service manager,information & communications,15275,9625,7630,13971,9600,7575
2024,ict service manager,financial & insurance svcs,16333,11882,8406,16333,11867,8406
2024,ict service manager,professional svcs,15033,12242,9949,14771,12107,9856
2024,ict service manager,health & social svcs,9696,8524,7100,9671,8489,6900
2024,industrial machinery and tools engineer,manufacturing,6035,5105,4392,5813,4898,4252
2024,industrial machinery and tools engineer,wholesale & retail trade,8167,7595,6139,8158,7551,5941
2024,industrial machinery and tools engineer,professional svcs,6885,6400,4420,6000,5000,4200
2024,industrial relations manager,financial & insurance svcs,17779,12798,8670,17779,12639,8670
2024,industrial relations manager,public administration & education,8248,6539,4750,8248,6539,4750
2024,industrial safety engineer,manufacturing,10118,7461,5637,9756,7223,5530
2024,industrial safety engineer,construction,8051,5802,3960,7200,4875,3800
2024,industrial safety engineer,transport & storage,8576,6549,5250,8576,6500,5000
2024,industrial safety engineer,information & communications,6171,5387,4824,5145,4624,3933
2024,industrial safety engineer,professional svcs,10214,7394,4693,10214,7000,4693
2024,"in-house legal counsel (except judiciary, ministries and statutory boards)",manufacturing,20000,15097,10000,20000,15097,9964
2024,"in-house legal counsel (except judiciary, ministries and statutory boards)",wholesale & retail trade,20125,16640,11695,20000,16500,11639
2024,"in-house legal counsel (except judiciary, ministries and statutory boards)",information & communications,23526,18000,12909,23308,18000,12909
2024,"in-house legal counsel (except judiciary, ministries and statutory boards)",financial & insurance svcs,23948,19269,14333,23858,19224,14333
2024,"in-house legal counsel (except judiciary, ministries and statutory boards)",professional svcs,27732,18000,12065,25185,18000,12000
2024,"in-house legal counsel (except judiciary, ministries and statutory boards)",administrative & support svcs,22030,17300,10506,22030,17058,10506
2024,instrumentation engineer,manufacturing,8180,6910,2664,8180,6878,2356
2024,instrumentation engineer,professional svcs,9921,7146,4000,9365,6671,4000
2024,instrumentation technician,manufacturing,5531,4630,4009,4405,3640,2993
2024,instrumentation technician,health & social svcs,3248,2833,2465,3223,2833,2447
2024,insurance investigator,financial & insurance svcs,6700,6081,5000,6700,6081,5000
2024,insurance sales agent/broker (including independent financial planner),financial & insurance svcs,7000,6000,4530,7000,6000,4530
2024,insurance services manager,financial & insurance svcs,16384,10670,6584,16384,10670,6584
2024,insurance underwriter,manufacturing,7803,5510,4597,7803,5510,4597
2024,insurance underwriter,financial & insurance svcs,11911,7187,5000,11911,7169,5000
2024,insurance underwriter,professional svcs,20000,15010,6713,18450,12500,6551
2024,insurance/underwriting clerk,financial & insurance svcs,7340,5100,3908,6973,4858,3734
2024,intellectual property agent,professional svcs,5275,4165,3069,4918,3894,3069
2024,interaction designer,manufacturing,10059,7775,5695,10059,6904,5500
2024,interaction designer,information & communications,9100,6817,4944,9100,6817,4942
2024,interaction designer,financial & insurance svcs,14854,9583,7140,14808,9583,7140
2024,interior designer,construction,6100,4220,2696,6100,4020,2696
2024,interior designer,professional svcs,5984,4675,3629,5984,4675,3629
2024,it infrastructure specialist,manufacturing,8617,6784,5410,8577,6744,5360
2024,it infrastructure specialist,information & communications,8623,6533,5000,8565,6533,5000
2024,it infrastructure specialist,financial & insurance svcs,12867,9412,7353,12599,9389,7353
2024,it infrastructure specialist,professional svcs,15646,12539,9506,15646,12539,9365
2024,it infrastructure technician,wholesale & retail trade,5750,4340,3400,5380,4100,3200
2024,it infrastructure technician,transport & storage,5633,4902,4046,5302,4865,4046
2024,it infrastructure technician,financial & insurance svcs,7692,6111,4900,7692,6111,4900
2024,it support technician (including it user helpdesk technician),manufacturing,7666,5650,4268,7119,4371,3500
2024,it support technician (including it user helpdesk technician),construction,4731,3545,1675,4500,3450,1675
2024,it support technician (including it user helpdesk technician),wholesale & retail trade,7512,5502,4160,7430,5451,4070
2024,it support technician (including it user helpdesk technician),transport & storage,6803,4837,4200,6233,4775,3500
2024,it support technician (including it user helpdesk technician),information & communications,6825,4528,3376,6825,4400,3350
2024,it support technician (including it user helpdesk technician),financial & insurance svcs,12209,7779,5750,12083,7689,5700
2024,it support technician (including it user helpdesk technician),professional svcs,6897,4724,3440,6750,4700,3400
2024,it support technician (including it user helpdesk technician),administrative & support svcs,4115,3018,2560,4083,3000,2560
2024,it support technician (including it user helpdesk technician),public administration & education,6580,4955,3800,6500,4955,3800
2024,it support technician (including it user helpdesk technician),health & social svcs,5100,4469,3640,5100,4451,3640
2024,it support technician (including it user helpdesk technician),"arts, entertainment & recreation",4456,3867,3390,3715,3400,3040
2024,journalist,information & communications,7460,5495,4480,7460,5495,4480
2024,kitchen assistant,manufacturing,1920,1600,1400,1915,1584,1386
2024,kitchen assistant,wholesale & retail trade,2230,1605,1400,2049,1467,1338
2024,kitchen assistant,transport & storage,3420,2895,2345,3420,2895,2240
2024,kitchen assistant,accommodation & food svcs,2142,1600,1400,1901,1376,1204
2024,kitchen assistant,financial & insurance svcs,2150,1701,1400,1892,1497,1232
2024,kitchen assistant,real estate svcs,2100,1600,1400,2079,1584,1386
2024,kitchen assistant,professional svcs,2877,2112,1532,2877,2112,1532
2024,kitchen assistant,administrative & support svcs,2542,2217,1817,2237,1953,1599
2024,kitchen assistant,health & social svcs,2330,1970,1783,2308,1970,1781
2024,kitchen assistant,"arts, entertainment & recreation",1600,1400,1400,1600,1400,1400
2024,kitchen assistant,"other community, social & personal svcs",2100,1400,1297,1848,1232,1141
2024,kitchen operations head/supervisor,accommodation & food svcs,4193,3498,3000,4022,3241,2600
2024,laboratory attendant,professional svcs,6371,1850,1750,3692,1850,1750
2024,land surveying technician,manufacturing,9368,6514,5121,9368,6514,5121
2024,land surveying technician,construction,3900,3200,1980,3900,3200,1980
2024,land surveying technician,real estate svcs,3400,2900,2420,3400,2900,2420
2024,land surveyor,construction,6973,5670,4955,6973,5497,4826
2024,land surveyor,professional svcs,5550,4841,3245,5550,4841,3040
2024,land transport clerk,manufacturing,3430,3050,1600,3224,2867,1504
2024,land transport clerk,transport & storage,4315,3528,2267,3291,2681,1902
2024,landscape and plant nursery supervisor,construction,3115,2750,1914,3063,2692,1825
2024,landscape and plant nursery supervisor,administrative & support svcs,3034,2300,1750,2910,2231,1698
2024,landscape manager,construction,6945,4300,2500,6745,4300,2500
2024,landscape manager,administrative & support svcs,5300,3805,2500,5300,3700,2500
2024,landscape worker,construction,1950,1850,1850,1950,1850,1795
2024,landscape worker,administrative & support svcs,1850,1750,1750,1850,1750,1733
2024,language instructor (extracurriculum),public administration & education,9268,4670,2950,7121,4461,2900
2024,language instructor (extracurriculum),health & social svcs,4857,4322,3940,4562,4070,3688
2024,ledger and accounts clerk,manufacturing,4843,3446,2300,4750,3396,2250
2024,ledger and accounts clerk,construction,3495,2400,1600,3430,2383,1600
2024,ledger and accounts clerk,wholesale & retail trade,4409,3500,2700,4067,3220,2515
2024,ledger and accounts clerk,transport & storage,4450,3450,2690,4420,3400,2650
2024,ledger and accounts clerk,accommodation & food svcs,3100,2000,1500,2910,1940,1455
2024,ledger and accounts clerk,information & communications,7220,4680,3550,7076,4481,3510
2024,ledger and accounts clerk,financial & insurance svcs,6600,4712,3600,6600,4699,3589
2024,ledger and accounts clerk,real estate svcs,3999,3250,2652,3920,3175,2601
2024,ledger and accounts clerk,professional svcs,5050,3802,3130,4658,3516,2854
2024,ledger and accounts clerk,administrative & support svcs,3860,3000,2000,3744,2910,1875
2024,ledger and accounts clerk,public administration & education,4400,3700,2910,4400,3700,2910
2024,ledger and accounts clerk,health & social svcs,4250,3498,2707,4200,3345,2678
2024,ledger and accounts clerk,"arts, entertainment & recreation",3675,3319,2637,3675,3319,2637
2024,ledger and accounts clerk,"other community, social & personal svcs",3375,2455,1400,3299,2375,1400
2024,legal associate professional (e.g. paralegal),financial & insurance svcs,10046,7441,5290,10046,7326,5253
2024,legal associate professional (e.g. paralegal),professional svcs,7529,5200,3900,7453,5200,3850
2024,legal clerk,manufacturing,4810,3825,1600,4714,3825,1600
2024,legal clerk,financial & insurance svcs,8725,5829,4365,8725,5829,4365
2024,legal clerk,professional svcs,5977,4335,3200,5688,4300,3153
2024,legal clerk,administrative & support svcs,4491,3333,2750,4401,3167,2613
2024,librarian,public administration & education,8584,6950,5679,8584,6950,5679
2024,library clerk,administrative & support svcs,1576,1505,1221,1576,1503,1204
2024,library clerk,public administration & education,4188,3434,2497,4188,3434,2487
2024,library officer,public administration & education,4455,3712,3218,4455,3712,3218
2024,lift engineer,manufacturing,7765,6966,5640,7765,6966,5487
2024,lift engineer,construction,6180,5385,4008,5770,4800,3800
2024,lift supervisor,construction,7180,4818,4142,4700,3927,3230
2024,lift technician,manufacturing,5723,4640,3482,5286,4269,3192
2024,lift technician,construction,5943,4464,3031,3982,3056,2036
2024,load control officer (aircraft),transport & storage,4793,4228,3335,4793,4228,3335
2024,logistics/production planner,manufacturing,6068,4709,3500,6005,4622,3414
2024,logistics/production planner,construction,4815,3571,2312,4815,3571,2285
2024,logistics/production planner,wholesale & retail trade,7760,4700,3682,7500,4600,3600
2024,logistics/production planner,transport & storage,4424,3388,2775,4404,3276,2625
2024,lorry driver,manufacturing,2908,2013,1450,2687,1920,1400
2024,lorry driver,construction,2958,2000,1560,2640,1807,1408
2024,lorry driver,wholesale & retail trade,3193,2550,1766,2802,2270,1603
2024,lorry driver,transport & storage,3068,2242,1600,2450,1824,1312
2024,lorry driver,accommodation & food svcs,2271,1600,1400,2150,1520,1330
2024,lorry driver,professional svcs,2946,1939,1500,2593,1845,1400
2024,lorry driver,administrative & support svcs,2300,1700,1450,1904,1453,1262
2024,lorry driver,"other community, social & personal svcs",3051,2125,1650,2700,1681,1395
2024,machinery mechanic,manufacturing,3910,2868,1935,3910,2856,1924
2024,machinery mechanic,construction,3020,1600,1600,3020,1600,1600
2024,machinery mechanic,wholesale & retail trade,4524,3660,2953,4449,3660,2888
2024,machinery mechanic,administrative & support svcs,5306,3603,2731,5306,3603,2731
2024,machinery mechanic,"other community, social & personal svcs",2122,2030,1400,2122,2030,1400
2024,machining/tooling technician,manufacturing,5100,4377,2850,3900,2914,2400
2024,maintenance planner,manufacturing,8076,5332,4425,7800,5261,4425
2024,maintenance planner,transport & storage,9200,8342,6711,9200,8342,6711
2024,management consultant,manufacturing,6410,3450,1600,6410,3450,1600
2024,management consultant,wholesale & retail trade,16795,12218,6564,16795,12218,6284
2024,management consultant,accommodation & food svcs,6776,6025,4000,6776,6025,4000
2024,management consultant,information & communications,15333,11712,8031,15166,11583,8031
2024,management consultant,financial & insurance svcs,14428,10149,7133,14333,10131,7133
2024,management consultant,professional svcs,10000,6595,4725,9813,6500,4725
2024,management consultant,"other community, social & personal svcs",8784,6700,4500,8561,6670,4500
2024,management executive,manufacturing,4956,4020,3315,4939,4000,3247
2024,management executive,construction,4628,3500,2605,4300,3400,2500
2024,management executive,wholesale & retail trade,4469,3799,3090,4450,3750,3076
2024,management executive,transport & storage,4512,3700,2958,4300,3655,2856
2024,management executive,accommodation & food svcs,3933,3140,2200,3725,3000,2000
2024,management executive,information & communications,4550,3750,2864,4550,3750,2864
2024,management executive,financial & insurance svcs,5003,4237,3275,5000,4237,3264
2024,management executive,real estate svcs,4000,4000,3493,4000,4000,3345
2024,management executive,professional svcs,4671,4000,3460,4660,4000,3404
2024,management executive,administrative & support svcs,4246,3400,2415,4216,3337,2415
2024,management executive,public administration & education,4406,4100,3600,4406,4100,3600
2024,management executive,health & social svcs,4672,4001,3500,4640,3984,3500
2024,management executive,"arts, entertainment & recreation",4200,3850,3520,4100,3710,3500
2024,management executive,"other community, social & personal svcs",3830,3540,3200,3700,3470,3171
2024,managing director/chief executive officer,manufacturing,20000,14320,7950,19620,13650,7050
2024,managing director/chief executive officer,construction,16960,10000,5000,16440,9696,5000
2024,managing director/chief executive officer,wholesale & retail trade,20000,15000,7500,20000,15000,7098
2024,managing director/chief executive officer,transport & storage,20000,11965,5000,20000,11200,5000
2024,managing director/chief executive officer,accommodation & food svcs,10000,5000,2500,10000,5000,2500
2024,managing director/chief executive officer,information & communications,20817,16328,11259,20000,16328,11000
2024,managing director/chief executive officer,financial & insurance svcs,30000,20000,20000,30000,20000,20000
2024,managing director/chief executive officer,professional svcs,20955,12500,7514,20854,12000,7500
2024,managing director/chief executive officer,administrative & support svcs,19500,10000,5000,18750,10000,5000
2024,managing director/chief executive officer,public administration & education,10270,9525,8336,10210,9465,8280
2024,managing director/chief executive officer,health & social svcs,14893,11843,10061,14803,11843,10061
2024,managing director/chief executive officer,"other community, social & personal svcs",17583,10200,4500,16629,10200,4500
2024,manicurist,"other community, social & personal svcs",2882,2000,1400,2882,2000,1400
2024,manufacturing engineer,manufacturing,8000,6144,4900,7732,5975,4649
2024,manufacturing engineer,professional svcs,18456,12717,6303,18456,12396,6303
2024,manufacturing engineering technician,manufacturing,4999,3864,3067,3705,2993,2447
2024,manufacturing engineering technician,wholesale & retail trade,4290,3658,2967,4290,3658,2967
2024,manufacturing manager,manufacturing,11237,8875,6450,10897,8678,6200
2024,manufacturing manager,wholesale & retail trade,10794,8105,5000,10584,7929,4700
2024,marine draughtsman,professional svcs,5700,4300,3800,5700,4300,3800
2024,marine engineer,manufacturing,5000,4501,3978,4934,4407,3925
2024,marine engineer,transport & storage,6667,4400,4164,6667,4347,3721
2024,marine engineer,professional svcs,5775,4593,4173,5700,4530,4173
2024,marine superintendent,transport & storage,13880,9070,6325,13522,8920,5820
2024,marine superintendent (engineer),manufacturing,9147,6054,5158,9147,5992,4657
2024,marine superintendent (engineer),transport & storage,11600,8700,6500,11600,8700,6500
2024,market research professional,wholesale & retail trade,10191,6068,5217,10091,5995,4926
2024,market research professional,transport & storage,5523,5335,5025,5523,5335,5000
2024,market research professional,financial & insurance svcs,12000,8640,7242,12000,8640,7042
2024,market research professional,professional svcs,7696,6745,5744,7696,6745,5744
2024,marketing and sales executive (food & beverage services),manufacturing,4930,3800,2000,4489,3480,2000
2024,marketing and sales executive (food & beverage services),wholesale & retail trade,4671,3905,3406,4540,3800,3320
2024,marketing and sales executive (food & beverage services),accommodation & food svcs,3439,2275,1600,3300,2187,1600
2024,marketing and sales executive (food & beverage services),information & communications,6060,4071,3400,6060,4071,3400
2024,marketing and sales executive (food & beverage services),financial & insurance svcs,5039,4275,3216,5013,4275,3216
2024,marketing and sales executive (food & beverage services),real estate svcs,4000,4000,3930,4000,4000,3900
2024,marketing and sales executive (food & beverage services),professional svcs,4667,4010,2425,4249,3763,2425
2024,marketing manager,manufacturing,13710,9730,5796,13464,9254,5661
2024,marketing manager,wholesale & retail trade,11667,8129,5900,11565,7866,5697
2024,marketing manager,transport & storage,9415,6838,5624,9415,6793,5624
2024,marketing manager,accommodation & food svcs,8950,5721,3550,8650,5250,3350
2024,marketing manager,information & communications,16083,10817,7434,16000,10800,7200
2024,marketing manager,financial & insurance svcs,16486,11957,8149,16247,11946,8149
2024,marketing manager,professional svcs,18032,11748,7593,17512,11539,7500
2024,marketing manager,administrative & support svcs,10720,8130,5730,10687,7812,5662
2024,marketing manager,public administration & education,9800,8035,5767,9800,8035,5767
2024,marketing manager,health & social svcs,9947,8407,6461,9091,8300,6000
2024,marketing manager,"arts, entertainment & recreation",8120,6400,5520,8120,6300,5480
2024,marketing strategy/planning professional,manufacturing,12626,9676,5975,12402,9273,5343
2024,marketing strategy/planning professional,wholesale & retail trade,13053,6118,4703,12852,6030,4649
2024,marketing strategy/planning professional,information & communications,12198,7020,4200,12198,6942,4200
2024,marketing strategy/planning professional,financial & insurance svcs,12760,10188,8595,12760,10188,8595
2024,marketing strategy/planning professional,professional svcs,8331,5521,4100,8331,5521,4100
2024,massage therapist,"other community, social & personal svcs",3090,1682,1400,2556,1664,1400
2024,masseur (non-medical) (including foot reflexologist),"other community, social & personal svcs",1600,1600,1500,1600,1600,1400
2024,material planning clerk,manufacturing,8090,5572,4322,7882,5408,4046
2024,material planning clerk,wholesale & retail trade,10850,7672,5443,10731,7582,5393
2024,material planning clerk,transport & storage,4140,3197,2640,4053,3166,2636
2024,material planning clerk,professional svcs,7829,5974,4800,7609,5950,4580
2024,materials engineer,manufacturing,9640,7142,5477,9640,7130,5460
2024,materials engineer,information & communications,7635,6750,6333,7633,6727,6300
2024,materials engineer,financial & insurance svcs,19694,14787,11639,19694,14787,11602
2024,materials engineer,professional svcs,11600,9547,8296,11551,9539,8279
2024,materials engineer,administrative & support svcs,7249,5639,4835,6382,5266,4378
2024,mechanical draughtsman,construction,4950,3875,2685,4525,3775,2685
2024,mechanical engineer,manufacturing,8675,6432,5118,8552,6300,5028
2024,mechanical engineer,construction,7250,5476,4528,6500,5153,4400
2024,mechanical engineer,wholesale & retail trade,8434,6366,4983,8434,5929,4561
2024,mechanical engineer,transport & storage,5003,4599,4300,4947,4581,4300
2024,mechanical engineer,information & communications,10500,9350,9000,10500,9350,9000
2024,mechanical engineer,professional svcs,10051,6531,5100,8796,6500,5085
2024,mechanical engineering technician,manufacturing,6780,5440,3391,6565,5440,3187
2024,mechanical engineering technician,transport & storage,4267,3720,3067,4267,3720,3067
2024,mechanical equipment/component assembler,manufacturing,2999,2016,1400,2999,2016,1400
2024,mechanical products quality checker and tester,manufacturing,5307,4293,3044,5290,3311,2588
2024,media and broadcasting engineer,information & communications,8580,6061,4850,8580,6061,4850
2024,media and broadcasting manager,information & communications,7900,5690,4600,7900,5690,4600
2024,media and broadcasting operations technician,information & communications,5151,4110,3550,5151,4110,3550
2024,medical and pathology laboratory technician,health & social svcs,4784,4242,3850,4776,4242,3850
2024,medical and pharmaceutical products sales professional,wholesale & retail trade,8392,6261,4790,8216,6080,4790
2024,medical and pharmaceutical products sales professional,financial & insurance svcs,13250,8494,6511,13250,8494,6511
2024,medical device assembler/repairer,manufacturing,5072,3717,2798,5068,3717,2798
2024,medical diagnostic radiographer,health & social svcs,7129,5660,4605,6910,5478,4545
2024,medical laboratory scientist,health & social svcs,7460,5990,5417,7460,5990,5417
2024,medical social worker,health & social svcs,6500,4909,4203,6500,4909,4203
2024,medical x-ray technician,health & social svcs,7427,3540,2849,7427,3540,2849
2024,medical/dental receptionist,wholesale & retail trade,2730,2141,1865,2730,2141,1865
2024,medical/dental receptionist,financial & insurance svcs,4700,3580,3000,4606,3508,3000
2024,medical/dental receptionist,professional svcs,3018,2718,2415,2394,2150,1915
2024,medical/dental receptionist,administrative & support svcs,2585,2300,1725,2444,2162,1622
2024,medical/dental receptionist,public administration & education,4621,4025,2638,4621,4025,2638
2024,medical/dental receptionist,health & social svcs,3222,2820,2500,3148,2770,2426
2024,medical/dental receptionist,"other community, social & personal svcs",2736,1400,1400,2722,1316,1316
2024,merchandising/category executive,manufacturing,3000,2468,2260,2692,2383,1980
2024,merchandising/category executive,wholesale & retail trade,4168,3243,2725,4100,3202,2638
2024,merchandising/category executive,administrative & support svcs,3200,2625,1670,3000,2150,1670
2024,merchandising/category manager,manufacturing,15000,10374,7000,14701,9780,6800
2024,merchandising/category manager,wholesale & retail trade,9200,7214,5520,8757,6800,5235
2024,merchandising/category manager,transport & storage,8347,6012,4801,8347,6012,4801
2024,merchandising/category manager,accommodation & food svcs,5306,4000,2850,5300,4000,2850
2024,merchandising/category manager,information & communications,14916,9600,6810,14875,9600,6810
2024,merchandising/category manager,financial & insurance svcs,17072,12780,9495,17072,12739,9441
2024,merchandising/category manager,professional svcs,14416,10190,7350,14359,10187,7300
2024,merchandising/category manager,administrative & support svcs,6300,4250,3338,6300,4250,3200
2024,metal heat treating plant operator,manufacturing,7558,4695,3222,7558,4695,2859
2024,metal moulder and coremaker,manufacturing,3830,3372,2626,3830,3080,2550
2024,metalworking machine setter-operator,manufacturing,4909,3348,2167,3700,2558,1917
2024,metalworking machine setter-operator,transport & storage,2803,2544,2366,2803,2544,2366
2024,metalworking machine setter-operator,administrative & support svcs,2803,2060,2010,2775,2060,2010
2024,mobile machinery supervisor and general foreman,manufacturing,7433,4628,3902,7069,4110,3209
2024,money changer,financial & insurance svcs,6140,3986,2857,6140,3986,2857
2024,motor vehicle cleaner/polisher,"other community, social & personal svcs",2100,1700,1500,1750,1700,1500
2024,motorcycle delivery man,manufacturing,2600,2336,1600,2450,1840,1488
2024,motorcycle delivery man,construction,2156,1600,1420,1880,1440,1280
2024,motorcycle delivery man,wholesale & retail trade,2849,2406,2000,2670,2295,1820
2024,motorcycle delivery man,transport & storage,2702,2252,1400,2450,1879,1358
2024,motorcycle delivery man,accommodation & food svcs,1870,1440,1400,1558,1332,1246
2024,motorcycle delivery man,financial & insurance svcs,3175,2747,2426,2750,2354,2112
2024,motorcycle delivery man,professional svcs,2800,2474,1825,2800,2274,1728
2024,motorcycle delivery man,administrative & support svcs,2625,2232,1650,2451,1987,1452
2024,motorcycle delivery man,health & social svcs,2339,2125,1930,2213,1998,1828
2024,multimedia (including games) designer,manufacturing,8022,5764,4500,7780,5764,4368
2024,multimedia (including games) designer,information & communications,6360,4957,4440,6360,4957,4390
2024,multimedia (including games) designer,professional svcs,7184,5500,4400,7184,5500,4400
2024,multimedia (including games) developer,information & communications,9552,6701,5683,9552,6701,5683
2024,multimedia artist and animator,manufacturing,8200,4200,3068,8200,4200,3068
2024,multimedia artist and animator,information & communications,7203,5014,4075,7203,5014,4075
2024,music instructor (extracurriculum),public administration & education,3500,3000,2500,3500,3000,2500
2024,"network, communications and infrastructure manager",transport & storage,11924,9523,8480,11892,9517,8480
2024,"network, communications and infrastructure manager",information & communications,12136,9650,8063,12136,9650,8063
2024,"network, communications and infrastructure manager",financial & insurance svcs,19752,15309,13182,19752,15309,13007
2024,"network, communications and infrastructure manager",professional svcs,17590,11060,8800,17590,11060,8117
2024,"network, communications and infrastructure manager",public administration & education,13000,9537,7076,13000,9537,7076
2024,"network, servers and computer systems administrator",manufacturing,6700,4800,3500,6635,4800,3500
2024,"network, servers and computer systems administrator",wholesale & retail trade,6030,4650,3900,6030,4640,3900
2024,"network, servers and computer systems administrator",transport & storage,5745,3637,3000,5580,3637,3000
2024,"network, servers and computer systems administrator",information & communications,7920,5909,4490,7900,5909,4490
2024,"network, servers and computer systems administrator",financial & insurance svcs,9910,6270,4750,9867,5629,4750
2024,"network, servers and computer systems administrator",professional svcs,5950,3950,3535,5535,3950,3500
2024,"network, servers and computer systems administrator",health & social svcs,7023,4524,3304,7023,4524,3304
2024,non-ordained religious associate professional,"other community, social & personal svcs",4410,3611,2800,4410,3611,2800
2024,nursing aide/assistant,health & social svcs,3000,3000,2200,2800,2800,2138
2024,nutritionist,wholesale & retail trade,9966,5009,3868,9681,5009,3868
2024,obstetrician/gynaecologist,financial & insurance svcs,6845,6088,5580,6315,5558,5050
2024,obstetrician/gynaecologist,health & social svcs,7074,4996,4335,6688,4888,4326
2024,occupational health and safety inspector,manufacturing,6120,4852,3918,5550,4624,3664
2024,occupational health and safety inspector,construction,7200,6184,4500,7115,5891,4110
2024,occupational health and safety inspector,administrative & support svcs,4470,3509,3029,4117,3509,3029
2024,occupational health and safety professional,manufacturing,9676,8028,5120,8841,7500,4607
2024,occupational health and safety professional,construction,7300,4900,3326,6800,4900,3300
2024,occupational therapist,health & social svcs,6333,4850,4078,6324,4850,4078
2024,odd job person,manufacturing,1729,1620,1500,1700,1600,1500
2024,odd job person,construction,1780,1600,1600,1780,1600,1600
2024,odd job person,wholesale & retail trade,2251,1633,1600,2251,1630,1600
2024,odd job person,"other community, social & personal svcs",1600,1600,1400,1600,1600,1400
2024,office clerk (including filing and copying),manufacturing,2711,1600,1400,2663,1600,1386
2024,office clerk (including filing and copying),construction,2000,1600,1400,1980,1584,1386
2024,office clerk (including filing and copying),wholesale & retail trade,3421,2320,1500,3252,2209,1410
2024,office clerk (including filing and copying),transport & storage,3180,2300,1500,3089,2231,1455
2024,office clerk (including filing and copying),accommodation & food svcs,2000,1550,1400,1960,1519,1372
2024,office clerk (including filing and copying),information & communications,4501,3373,2000,4496,3327,1960
2024,office clerk (including filing and copying),financial & insurance svcs,5683,3700,2900,5569,3635,2862
2024,office clerk (including filing and copying),real estate svcs,3352,2576,1675,3325,2551,1658
2024,office clerk (including filing and copying),professional svcs,3850,2575,1600,3817,2557,1584
2024,office clerk (including filing and copying),administrative & support svcs,2788,1958,1450,2744,1920,1425
2024,office clerk (including filing and copying),public administration & education,3917,3015,2040,3799,2925,1950
2024,office clerk (including filing and copying),health & social svcs,3520,2900,2352,3370,2785,2280
2024,office clerk (including filing and copying),"arts, entertainment & recreation",2993,1800,1400,2863,1710,1330
2024,office clerk (including filing and copying),"other community, social & personal svcs",3331,2062,1400,3298,2050,1400
2024,office supervisor,manufacturing,5600,3995,2945,5000,3619,2647
2024,office supervisor,construction,4300,3070,1600,4060,2926,1600
2024,office supervisor,wholesale & retail trade,5143,3861,3050,4944,3705,2993
2024,office supervisor,transport & storage,4556,3716,3000,4268,3485,2799
2024,office supervisor,accommodation & food svcs,3318,2500,1952,3018,2325,1721
2024,office supervisor,information & communications,6137,4420,2904,5864,4390,2790
2024,office supervisor,financial & insurance svcs,6820,5482,4100,6586,5356,3880
2024,office supervisor,real estate svcs,4318,3260,2833,4269,3064,2660
2024,office supervisor,professional svcs,5758,4516,3400,5580,4400,3340
2024,office supervisor,administrative & support svcs,4200,3181,2386,3259,2520,1921
2024,office supervisor,public administration & education,7309,4187,3700,7309,4187,3700
2024,office supervisor,health & social svcs,4715,3800,3090,4620,3697,2930
2024,office supervisor,"arts, entertainment & recreation",4725,3513,2625,3870,3308,2520
2024,office supervisor,"other community, social & personal svcs",4395,3094,2281,4158,2809,2000
2024,"office, commercial and industrial establishments indoor cleaner",manufacturing,1929,1600,1400,1868,1590,1400
2024,"office, commercial and industrial establishments indoor cleaner",construction,1757,1600,1500,1740,1596,1425
2024,"office, commercial and industrial establishments indoor cleaner",wholesale & retail trade,1900,1600,1400,1881,1600,1400
2024,"office, commercial and industrial establishments indoor cleaner",transport & storage,1971,1740,1500,1892,1740,1460
2024,"office, commercial and industrial establishments indoor cleaner",accommodation & food svcs,1669,1480,1400,1598,1400,1316
2024,"office, commercial and industrial establishments indoor cleaner",information & communications,1825,1450,1400,1812,1450,1400
2024,"office, commercial and industrial establishments indoor cleaner",financial & insurance svcs,1951,1790,1630,1932,1758,1592
2024,"office, commercial and industrial establishments indoor cleaner",real estate svcs,1889,1743,1570,1740,1669,1488
2024,"office, commercial and industrial establishments indoor cleaner",professional svcs,2140,1663,1420,2073,1613,1400
2024,"office, commercial and industrial establishments indoor cleaner",administrative & support svcs,1800,1660,1570,1746,1601,1523
2024,"office, commercial and industrial establishments indoor cleaner",public administration & education,2110,1700,1600,2110,1700,1600
2024,"office, commercial and industrial establishments indoor cleaner",health & social svcs,2110,1978,1675,2100,1970,1662
2024,"office, commercial and industrial establishments indoor cleaner","arts, entertainment & recreation",1600,1400,1400,1400,1250,1218
2024,"office, commercial and industrial establishments indoor cleaner","other community, social & personal svcs",1450,1400,1400,1444,1386,1386
2024,"office, commercial and industrial establishments multi-skilled cleaner cum machine operator",accommodation & food svcs,1795,1670,1400,1562,1453,1218
2024,"office, commercial and industrial establishments multi-skilled cleaner cum machine operator",real estate svcs,2809,2270,2010,2270,2010,1688
2024,"office, commercial and industrial establishments multi-skilled cleaner cum machine operator",administrative & support svcs,2692,2270,1968,2270,2060,1732
2024,"office, commercial and industrial establishments outdoor cleaner",construction,2076,2060,1795,2060,2022,1741
2024,"office, commercial and industrial establishments outdoor cleaner",real estate svcs,2175,1974,1795,2060,1795,1795
2024,"office, commercial and industrial establishments outdoor cleaner",administrative & support svcs,2139,1925,1752,2060,1800,1629
2024,"office, commercial and industrial establishments outdoor cleaner",public administration & education,2170,1927,1740,1910,1740,1740
2024,office/library attendant,manufacturing,2350,1650,1430,2267,1650,1430
2024,office/library attendant,construction,1800,1600,1500,1800,1600,1500
2024,office/library attendant,wholesale & retail trade,4019,2646,2096,3373,2492,2000
2024,office/library attendant,transport & storage,3307,3140,2620,3307,3140,2620
2024,office/library attendant,real estate svcs,4000,2973,2400,4000,2948,2400
2024,office/library attendant,professional svcs,3200,2000,1815,3112,2000,1815
2024,oil and bunker trader,manufacturing,19994,14824,8521,19994,14824,8521
2024,oil and bunker trader,wholesale & retail trade,20000,13254,7763,20000,13254,7763
2024,oil and bunker trader,financial & insurance svcs,20000,16344,10000,20000,15844,10000
2024,online sales channel executive,wholesale & retail trade,4500,3500,2700,4479,3435,2700
2024,online sales channel executive,accommodation & food svcs,3428,3187,3065,3428,3187,3065
2024,online sales channel manager,wholesale & retail trade,9548,7081,5300,9495,7001,5250
2024,online sales channel manager,financial & insurance svcs,17942,14295,8842,17578,14295,8842
2024,operations officer (except transport operations),manufacturing,5037,3848,3000,4652,3835,2955
2024,operations officer (except transport operations),construction,4000,3050,2060,3900,2900,2000
2024,operations officer (except transport operations),wholesale & retail trade,5300,4188,3305,5292,4131,3300
2024,operations officer (except transport operations),transport & storage,4494,3746,2900,4129,3292,2774
2024,operations officer (except transport operations),accommodation & food svcs,4135,3410,2223,3850,3178,1785
2024,operations officer (except transport operations),information & communications,5370,4000,3147,5300,4000,3000
2024,operations officer (except transport operations),financial & insurance svcs,6800,4990,3948,6800,4953,3926
2024,operations officer (except transport operations),real estate svcs,4355,3765,3150,4160,3535,3060
2024,operations officer (except transport operations),professional svcs,4661,3616,2640,3390,3320,2472
2024,operations officer (except transport operations),administrative & support svcs,4183,3500,2950,3780,3214,2780
2024,operations officer (except transport operations),public administration & education,4841,4279,3925,4841,4279,3925
2024,operations officer (except transport operations),health & social svcs,5160,4570,3829,5152,4519,3762
2024,operations officer (except transport operations),"arts, entertainment & recreation",3990,3666,3200,3990,3585,3197
2024,operations officer (except transport operations),"other community, social & personal svcs",3935,2258,1400,3850,2000,1400
2024,operations research analyst,manufacturing,7984,6393,5055,7800,5958,4700
2024,operations research analyst,wholesale & retail trade,12003,7179,5156,11962,7179,5125
2024,operations research analyst,transport & storage,8094,5533,4745,7783,5348,4729
2024,operations research analyst,information & communications,16792,9817,6297,16661,9599,6297
2024,operations research analyst,financial & insurance svcs,10290,6400,4888,10290,6300,4833
2024,operations research analyst,professional svcs,9187,7240,6000,9166,7217,6000
2024,operations research analyst,administrative & support svcs,7205,4656,3600,7205,4656,3600
2024,optician,wholesale & retail trade,5091,4357,4098,4415,3806,3413
2024,optometrist,health & social svcs,6253,5275,4300,6253,5275,4300
2024,orthopaedic surgeon,financial & insurance svcs,6412,5827,5580,5882,5297,5050
2024,packing/bottling/labelling machine operator,manufacturing,3053,2171,1600,1937,1624,1351
2024,passenger services agent,transport & storage,3537,2261,1500,3088,1861,1125
2024,pastry and confectionery maker,manufacturing,3242,2532,1500,3177,2481,1470
2024,pastry chef,accommodation & food svcs,3610,2572,2420,3500,2420,2420
2024,payroll/wages clerk,manufacturing,6423,4200,1608,6157,3937,1600
2024,payroll/wages clerk,construction,3120,1800,1480,2910,1683,1436
2024,payroll/wages clerk,wholesale & retail trade,6764,4811,3429,6692,4709,3395
2024,payroll/wages clerk,transport & storage,5735,4500,2850,5495,4120,2800
2024,payroll/wages clerk,accommodation & food svcs,4703,3235,1558,4693,3203,1500
2024,payroll/wages clerk,information & communications,7708,5729,3790,7477,5729,3790
2024,payroll/wages clerk,financial & insurance svcs,7727,5600,4542,7585,5600,4369
2024,payroll/wages clerk,real estate svcs,5408,4100,3400,5408,4100,3400
2024,payroll/wages clerk,professional svcs,6300,4700,3800,6180,4600,3700
2024,payroll/wages clerk,administrative & support svcs,5090,3985,3006,4378,3516,2891
2024,payroll/wages clerk,public administration & education,5608,4548,3860,5592,4548,3860
2024,personnel/human resource clerk,manufacturing,4500,2907,1600,4400,2808,1600
2024,personnel/human resource clerk,construction,3350,2100,1600,3185,1980,1456
2024,personnel/human resource clerk,wholesale & retail trade,4975,3513,2651,4877,3470,2600
2024,personnel/human resource clerk,transport & storage,4193,3246,2400,4026,3080,2130
2024,personnel/human resource clerk,accommodation & food svcs,3000,1773,1400,2855,1671,1400
2024,personnel/human resource clerk,information & communications,6200,4750,3000,6200,4750,2600
2024,personnel/human resource clerk,financial & insurance svcs,8570,6250,4013,8547,6142,3993
2024,personnel/human resource clerk,real estate svcs,3751,3330,2600,3751,3330,2600
2024,personnel/human resource clerk,professional svcs,5000,3693,2796,4950,3656,2767
2024,personnel/human resource clerk,administrative & support svcs,2925,2133,1400,2891,2091,1372
2024,personnel/human resource clerk,public administration & education,4497,3751,2817,4497,3751,2817
2024,personnel/human resource clerk,health & social svcs,5451,3825,2925,5451,3825,2925
2024,personnel/human resource clerk,"other community, social & personal svcs",2800,2010,1400,2753,2000,1400
2024,personnel/human resource manager,manufacturing,12509,8070,5800,12323,8000,5680
2024,personnel/human resource manager,construction,8525,5950,3970,8003,5832,3970
2024,personnel/human resource manager,wholesale & retail trade,13597,9872,6566,13597,9854,6381
2024,personnel/human resource manager,transport & storage,11902,8213,6230,11310,8031,6180
2024,personnel/human resource manager,accommodation & food svcs,9862,6080,4500,9690,6000,4500
2024,personnel/human resource manager,information & communications,15686,10583,7737,14965,10367,7737
2024,personnel/human resource manager,financial & insurance svcs,17950,11485,7196,17800,11220,7051
2024,personnel/human resource manager,real estate svcs,6060,4000,4000,6060,4000,4000
2024,personnel/human resource manager,professional svcs,13398,9130,6385,13169,9020,6355
2024,personnel/human resource manager,administrative & support svcs,10600,7473,5000,10450,7200,5000
2024,personnel/human resource manager,public administration & education,8119,6909,6000,8119,6909,6000
2024,personnel/human resource manager,health & social svcs,9090,7366,6057,9090,7365,6000
2024,personnel/human resource manager,"arts, entertainment & recreation",9196,7120,5400,9196,7120,5129
2024,personnel/human resource officer,manufacturing,5000,4100,3400,4850,4053,3370
2024,personnel/human resource officer,construction,4500,3608,2800,4450,3500,2800
2024,personnel/human resource officer,wholesale & retail trade,5000,4245,3621,4885,4194,3555
2024,personnel/human resource officer,transport & storage,4706,4000,3533,4400,3780,3220
2024,personnel/human resource officer,accommodation & food svcs,3800,3474,2814,3800,3400,2700
2024,personnel/human resource officer,information & communications,5416,4350,3720,5225,4350,3720
2024,personnel/human resource officer,financial & insurance svcs,6062,4771,3961,5966,4750,3950
2024,personnel/human resource officer,real estate svcs,4030,4000,3728,4000,4000,3703
2024,personnel/human resource officer,professional svcs,5211,4217,3443,5025,4136,3443
2024,personnel/human resource officer,administrative & support svcs,4230,4000,3300,3900,3900,3300
2024,personnel/human resource officer,public administration & education,4500,4129,3616,4500,4129,3600
2024,personnel/human resource officer,health & social svcs,4580,3965,3379,4580,3960,3373
2024,personnel/human resource officer,"arts, entertainment & recreation",3852,3311,2950,3852,3270,2705
2024,personnel/human resource officer,"other community, social & personal svcs",4030,3300,2000,3800,3050,2000
2024,pharmacist (patient care),wholesale & retail trade,5989,4992,3740,5989,4992,3740
2024,pharmacist (patient care),health & social svcs,7670,5596,4598,7608,5565,4569
2024,pharmacy technician,health & social svcs,4130,3249,2636,4102,3241,2631
2024,physical fitness instructor (including yoga instructor and aerobics instructor),public administration & education,2550,2400,2350,2550,2400,2350
2024,physical fitness instructor (including yoga instructor and aerobics instructor),"arts, entertainment & recreation",4813,2699,2400,2226,2100,1870
2024,physiotherapist,health & social svcs,6163,4813,4235,6116,4803,4233
2024,plumber,construction,2850,2400,1600,2850,2400,1600
2024,podiatrist,health & social svcs,6887,5050,4471,6887,5050,4471
2024,policy administration professional (e.g. policy analyst),manufacturing,13259,6653,4775,13212,6600,4581
2024,policy administration professional (e.g. policy analyst),wholesale & retail trade,18197,5174,4568,18197,5174,4568
2024,policy administration professional (e.g. policy analyst),transport & storage,4438,4030,3712,4188,3780,3448
2024,policy administration professional (e.g. policy analyst),financial & insurance svcs,8970,6500,4869,8970,6500,4869
2024,policy manager,manufacturing,20000,10900,8020,20000,10900,8011
2024,policy manager,financial & insurance svcs,18224,13500,8300,18224,13500,8300
2024,policy manager,professional svcs,14748,12158,10962,14748,12158,10962
2024,policy manager,public administration & education,13800,11890,9319,13800,11780,9319
2024,policy manager,health & social svcs,13003,10819,3885,13003,10819,3880
2024,policy manager,"other community, social & personal svcs",12670,11741,10057,12352,11187,9823
2024,port limit helmsman/steersman/engine driver/tugmaster,transport & storage,3010,2526,2322,3010,2526,2321
2024,port/shipping operations manager,transport & storage,10887,8695,7383,10866,8655,7381
2024,port/shipping operations supervisor (including post-fixture and planner),manufacturing,7684,5234,4210,7684,4998,3679
2024,port/shipping operations supervisor (including post-fixture and planner),transport & storage,4287,3764,3333,4234,3762,3333
2024,postal service counter clerk,transport & storage,3000,2375,2066,2483,2000,1600
2024,postal service manager,transport & storage,14380,9336,6537,14333,9264,6324
2024,postman,transport & storage,3474,2706,2127,2537,2035,1650
2024,power generation and distribution engineer,manufacturing,12457,10242,8155,12288,9965,8082
2024,power generation and distribution engineer,transport & storage,8743,6448,5257,8388,5060,4378
2024,power generation and distribution engineer,professional svcs,11218,8917,6825,11091,8917,6825
2024,precision grinding machine setter-operator,manufacturing,3874,3202,2720,2950,2599,2470
2024,premises and facilities maintenance manager (excluding building security manager),manufacturing,11610,8840,6397,10965,8365,6284
2024,premises and facilities maintenance manager (excluding building security manager),construction,9210,7663,6047,8875,7060,5370
2024,premises and facilities maintenance manager (excluding building security manager),wholesale & retail trade,9314,7233,5978,9214,7203,5978
2024,premises and facilities maintenance manager (excluding building security manager),transport & storage,10138,8000,6118,10105,7841,6100
2024,premises and facilities maintenance manager (excluding building security manager),accommodation & food svcs,6500,4925,3698,6445,4600,3600
2024,premises and facilities maintenance manager (excluding building security manager),financial & insurance svcs,10972,7790,6145,10972,7616,6145
2024,premises and facilities maintenance manager (excluding building security manager),real estate svcs,6622,5473,4332,6609,5386,4200
2024,premises and facilities maintenance manager (excluding building security manager),professional svcs,12500,7700,6200,12500,7700,6104
2024,premises and facilities maintenance manager (excluding building security manager),public administration & education,7996,6625,5623,7996,6625,5623
2024,premises and facilities maintenance manager (excluding building security manager),health & social svcs,9090,7536,6300,9090,7536,6300
2024,premises and facilities maintenance manager (excluding building security manager),"arts, entertainment & recreation",8186,5661,4705,7606,5609,4700
2024,premises and facilities maintenance officer,manufacturing,6590,5200,3895,6575,4649,3850
2024,premises and facilities maintenance officer,construction,4620,3630,3280,4475,3575,3000
2024,premises and facilities maintenance officer,wholesale & retail trade,5614,4250,3410,5614,3975,3300
2024,premises and facilities maintenance officer,transport & storage,4854,4283,3515,4854,3950,3440
2024,premises and facilities maintenance officer,accommodation & food svcs,4736,3860,3060,4400,3659,3000
2024,premises and facilities maintenance officer,financial & insurance svcs,5150,4200,3500,5110,4200,3500
2024,premises and facilities maintenance officer,real estate svcs,4250,3686,3210,4225,3640,3100
2024,premises and facilities maintenance officer,public administration & education,4799,4101,3490,4799,4101,3490
2024,premises and facilities maintenance officer,health & social svcs,4970,4450,3675,4900,4204,3620
2024,pre-press trades worker,manufacturing,3945,3575,3282,3589,3250,3111
2024,pre-primary education teacher,public administration & education,5333,3512,3074,5297,3512,3074
2024,pre-primary education teacher,health & social svcs,4794,4000,3648,4500,3800,3400
2024,pre-school education manager,public administration & education,5750,4275,3500,5750,4275,3500
2024,pre-school education manager,health & social svcs,8070,3865,2619,7702,3800,2612
2024,printing machine operator,manufacturing,3408,2080,1620,2950,1755,1600
2024,printing machine operator,wholesale & retail trade,2654,2220,2205,2448,2220,2205
2024,printing machine operator,transport & storage,3045,2838,2181,3045,2838,2000
2024,private security officer,manufacturing,3312,2686,2080,2744,2100,1575
2024,private security officer,construction,3246,2800,1600,2498,1991,1400
2024,private security officer,wholesale & retail trade,3086,2693,2050,2768,2238,1668
2024,private security officer,transport & storage,3370,2676,2175,3040,2417,1650
2024,private security officer,accommodation & food svcs,2980,2568,2011,2642,2200,1680
2024,private security officer,information & communications,7077,3487,2992,6248,3378,2904
2024,private security officer,financial & insurance svcs,7869,5401,4125,6922,4602,3580
2024,private security officer,real estate svcs,3171,2765,2447,2946,2630,2281
2024,private security officer,professional svcs,4113,2873,2465,3825,2751,2325
2024,private security officer,administrative & support svcs,2925,2738,2285,2681,2650,2143
2024,private security officer,public administration & education,3961,3261,2700,3785,2892,2175
2024,private security officer,health & social svcs,3538,3100,2853,3351,2912,2265
2024,private security officer,"arts, entertainment & recreation",2944,2606,1800,2740,2328,1717
2024,private security officer,"other community, social & personal svcs",2440,1616,1420,2270,1600,1321
2024,private tutor (academic),public administration & education,5500,4361,2660,5500,4361,2660
2024,process engineer,manufacturing,8564,6525,5276,8498,6476,5234
2024,process engineer,wholesale & retail trade,6012,5602,5049,6012,5602,5049
2024,process engineer,information & communications,3950,3215,2886,3950,3215,2886
2024,process engineer,financial & insurance svcs,13167,10235,8264,13167,10235,8013
2024,process engineer,professional svcs,9815,7000,5554,9815,6961,5554
2024,process engineering technician,manufacturing,5262,4410,3758,5177,4340,3669
2024,procurement engineer,manufacturing,8101,6142,4710,7681,6067,4710
2024,procurement engineer,information & communications,16916,10250,6750,16916,10250,6750
2024,procurement/purchasing clerk,manufacturing,3940,3014,2250,3839,2943,2156
2024,procurement/purchasing clerk,construction,3300,2098,1500,3168,2035,1440
2024,procurement/purchasing clerk,wholesale & retail trade,4000,3100,2350,3960,3069,2327
2024,procurement/purchasing clerk,transport & storage,5325,3940,3325,5003,3940,3255
2024,procurement/purchasing clerk,accommodation & food svcs,2700,1600,1400,2575,1456,1274
2024,procurement/purchasing clerk,professional svcs,5276,3951,2930,5276,3951,2930
2024,procurement/purchasing clerk,administrative & support svcs,3150,2715,1800,3100,2663,1800
2024,procurement/purchasing clerk,"other community, social & personal svcs",2702,1600,1400,2702,1600,1400
2024,procurement/purchasing manager,manufacturing,12789,8584,6115,12552,8533,6002
2024,procurement/purchasing manager,construction,8500,5293,3500,8100,5293,3475
2024,procurement/purchasing manager,wholesale & retail trade,12050,8450,6109,11932,8450,6000
2024,procurement/purchasing manager,transport & storage,11268,8235,6944,11268,8163,6764
2024,procurement/purchasing manager,accommodation & food svcs,6395,5074,3550,6115,5074,3550
2024,procurement/purchasing manager,information & communications,15823,11732,8983,15823,11732,8983
2024,procurement/purchasing manager,financial & insurance svcs,16000,11055,8251,16000,11016,8201
2024,procurement/purchasing manager,professional svcs,15545,12000,8545,15087,12000,7590
2024,procurement/purchasing manager,administrative & support svcs,10248,7094,6284,10248,7094,6284
2024,procurement/purchasing manager,public administration & education,9537,7731,5984,9537,7731,5984
2024,"producer (stage, film, television, game, commercial, video and radio)",manufacturing,8427,6400,5095,8094,6400,5000
2024,"producer (stage, film, television, game, commercial, video and radio)",information & communications,11095,7350,5890,11095,7240,5890
2024,product and industrial designer,manufacturing,6876,5165,4355,6600,5003,4200
2024,product and industrial designer,construction,8800,6000,4050,8396,5768,4050
2024,product and industrial designer,wholesale & retail trade,6038,5000,3900,5453,4586,3650
2024,product and industrial designer,information & communications,9113,5100,3894,9113,5100,3894
2024,product and industrial designer,financial & insurance svcs,13333,8970,7462,13333,8970,7462
2024,product and industrial designer,professional svcs,8217,6727,5500,7612,6459,5500
2024,production engineer,manufacturing,7133,5301,4651,6901,5280,4585
2024,production engineer,wholesale & retail trade,15757,12375,7581,15757,12375,7581
2024,production engineering technician,manufacturing,6005,4589,3510,3736,3274,2660
2024,production engineering technician,wholesale & retail trade,3972,3240,2658,3972,3240,2658
2024,production engineering technician,professional svcs,12591,10373,9633,12591,10373,9633
2024,production manager in agriculture and fisheries,manufacturing,10514,7746,5562,10514,7746,5562
2024,production planning clerk,manufacturing,4880,3573,2200,4652,3352,2129
2024,production planning clerk,construction,4000,1868,1600,3680,1827,1472
2024,production planning clerk,wholesale & retail trade,5400,3871,2610,4914,3523,2375
2024,production planning clerk,transport & storage,4884,3426,1800,4884,3426,1782
2024,production planning clerk,information & communications,5920,4230,3329,5670,4180,3062
2024,production planning clerk,professional svcs,5350,3513,2992,5060,3232,2753
2024,public relations/corporate communications professional,construction,5000,4100,3200,5000,4000,3200
2024,public relations/corporate communications professional,wholesale & retail trade,7049,4846,4682,7049,4846,4682
2024,public relations/corporate communications professional,information & communications,5900,4300,3620,5900,4200,3620
2024,public relations/corporate communications professional,financial & insurance svcs,11000,7361,4904,11000,7345,4800
2024,public relations/corporate communications professional,real estate svcs,3990,3400,3000,3840,3400,2814
2024,public relations/corporate communications professional,professional svcs,6000,4305,4025,6000,4280,4000
2024,public relations/corporate communications professional,public administration & education,4411,4100,3709,4411,4100,3709
2024,public relations/corporate communications professional,health & social svcs,4600,3825,3590,4600,3825,3590
2024,purchasing agent,manufacturing,5855,4678,3750,5685,4666,3600
2024,purchasing agent,construction,4435,3800,3200,4200,3700,3000
2024,purchasing agent,wholesale & retail trade,4750,4033,3300,4658,3900,3280
2024,purchasing agent,transport & storage,5346,4600,3930,5346,4598,3910
2024,purchasing agent,accommodation & food svcs,3712,3416,2369,3605,3416,2369
2024,purchasing agent,financial & insurance svcs,7128,6064,4890,7128,6010,4860
2024,purchasing agent,professional svcs,5001,4294,3850,5000,4294,3850
2024,purchasing agent,administrative & support svcs,4515,3706,3058,4515,3700,3058
2024,purchasing agent,health & social svcs,4701,4276,3812,4560,4256,3800
2024,quality assurance technician,manufacturing,5729,4404,3309,5307,3935,2729
2024,quality assurance technician,wholesale & retail trade,5000,4257,3419,5000,4174,3375
2024,quality assurance technician,transport & storage,4399,3707,3057,4282,3566,2965
2024,quality assurance technician,accommodation & food svcs,3620,3330,2015,3600,3000,2015
2024,quality assurance technician,financial & insurance svcs,12292,5474,4430,12292,5474,4430
2024,quality assurance technician,professional svcs,6627,4668,3650,6427,4642,3558
2024,quality control/assurance engineer,manufacturing,7987,6131,4654,7707,5971,4517
2024,quality control/assurance engineer,construction,5316,4315,3668,5266,4290,3618
2024,quality control/assurance engineer,wholesale & retail trade,12043,6426,4580,12043,6417,4580
2024,quality control/assurance engineer,transport & storage,5939,5375,4657,5939,5375,4657
2024,quality control/assurance engineer,information & communications,7575,6239,5350,7575,6239,5350
2024,quality control/assurance engineer,financial & insurance svcs,10559,8731,7000,10507,8731,7000
2024,quality control/assurance engineer,professional svcs,9360,6333,4886,9360,6000,4846
2024,quality control/assurance manager,manufacturing,11878,8915,6684,11724,8743,6654
2024,quality control/assurance manager,construction,9575,7778,5675,9100,7084,5529
2024,quality control/assurance manager,wholesale & retail trade,12500,8512,6095,12500,8496,5977
2024,quality control/assurance manager,transport & storage,10270,7772,5650,10165,7747,5514
2024,quality control/assurance manager,accommodation & food svcs,4500,3417,3200,4300,3417,3188
2024,quality control/assurance manager,information & communications,16750,12229,7392,16750,11898,7392
2024,quality control/assurance manager,financial & insurance svcs,21942,16578,10703,21942,16578,10703
2024,quality control/assurance manager,real estate svcs,10496,7943,6001,10496,7943,5948
2024,quality control/assurance manager,professional svcs,14175,10649,7826,13639,10610,7826
2024,quality control/assurance manager,public administration & education,5680,5260,4890,5620,5220,4860
2024,quality control/assurance manager,health & social svcs,9065,7592,5815,9028,7550,5800
2024,quantity surveyor,manufacturing,5150,3890,3075,5150,3890,3075
2024,quantity surveyor,construction,5800,4607,3604,5710,4501,3550
2024,quantity surveyor,professional svcs,7024,5691,4580,7024,5691,4580
2024,radiation therapist,professional svcs,6234,5431,4679,6234,5431,4679
2024,radiation therapist,health & social svcs,7200,5681,4411,7186,5681,4411
2024,rail station service assistant,transport & storage,3313,2760,1500,3313,2760,1500
2024,real estate agent,financial & insurance svcs,14540,10305,6820,13759,9471,6713
2024,real estate agent,real estate svcs,4040,3280,2840,4030,3250,2700
2024,receptionist (general),manufacturing,3000,2500,1986,2830,2444,1873
2024,receptionist (general),construction,2750,2000,1500,2750,2000,1500
2024,receptionist (general),wholesale & retail trade,3708,2985,2400,3639,2860,2235
2024,receptionist (general),transport & storage,3388,2883,2381,3148,2723,2132
2024,receptionist (general),accommodation & food svcs,3110,2500,1600,2773,2033,1600
2024,receptionist (general),information & communications,3562,3091,2600,3445,3028,2550
2024,receptionist (general),financial & insurance svcs,4792,3810,2962,4703,3806,2902
2024,receptionist (general),real estate svcs,3378,3000,2759,3310,3000,2700
2024,receptionist (general),professional svcs,3660,2950,2340,3502,2815,2226
2024,receptionist (general),administrative & support svcs,3200,2600,2000,3196,2560,2000
2024,receptionist (general),public administration & education,3350,2820,1740,3350,2820,1740
2024,receptionist (general),health & social svcs,3105,2500,1800,3104,2500,1746
2024,receptionist (general),"arts, entertainment & recreation",3349,2576,1600,3036,2418,1472
2024,receptionist (general),"other community, social & personal svcs",2301,1600,1400,2186,1520,1330
2024,regional sales manager,manufacturing,15307,10500,7489,14587,9650,6800
2024,regional sales manager,construction,15750,10685,8250,11350,9032,7335
2024,regional sales manager,wholesale & retail trade,18333,10778,6979,16803,10275,6543
2024,regional sales manager,transport & storage,12548,8050,4929,12005,7820,4836
2024,regional sales manager,accommodation & food svcs,6425,5450,3324,6171,5400,2430
2024,regional sales manager,information & communications,18064,13041,9050,17200,12919,9000
2024,regional sales manager,financial & insurance svcs,22500,13896,8316,22425,13838,8106
2024,regional sales manager,real estate svcs,15863,11931,8333,15863,11931,8333
2024,regional sales manager,professional svcs,20000,13009,8700,18970,12900,8528
2024,regional sales manager,administrative & support svcs,18014,11900,8137,17000,11400,7333
2024,regional sales manager,public administration & education,6888,5870,5250,6888,5870,5250
2024,"registered nurse and other nursing professional (e.g. clinical nurse, nurse educator, excluding enrolled nurse)",manufacturing,8404,7288,6190,8404,7288,6190
2024,"registered nurse and other nursing professional (e.g. clinical nurse, nurse educator, excluding enrolled nurse)",professional svcs,5112,4260,3615,5112,4260,3615
2024,"registered nurse and other nursing professional (e.g. clinical nurse, nurse educator, excluding enrolled nurse)",public administration & education,10683,7185,4700,10683,7185,4700
2024,"registered nurse and other nursing professional (e.g. clinical nurse, nurse educator, excluding enrolled nurse)",health & social svcs,6830,5277,4266,6663,5214,4239
2024,relief teacher,public administration & education,4150,2731,1682,4150,2731,1682
2024,relief teacher,health & social svcs,3400,3120,2620,3400,3120,2620
2024,research and development manager,manufacturing,14992,10394,7185,14569,10361,7081
2024,research and development manager,wholesale & retail trade,16627,11833,7202,16576,11833,7097
2024,research and development manager,transport & storage,12449,7614,6534,12449,7564,6534
2024,research and development manager,information & communications,17067,12768,8698,16750,12768,8698
2024,research and development manager,financial & insurance svcs,21622,17932,12500,21622,17909,12482
2024,research and development manager,professional svcs,15457,10490,8658,15000,10430,8658
2024,research and development manager,public administration & education,10810,6910,5720,10810,6910,5720
2024,research officer (non-statistical),manufacturing,6735,5526,4705,6735,5514,4690
2024,research officer (non-statistical),wholesale & retail trade,7875,6500,4905,7875,6500,4905
2024,research officer (non-statistical),information & communications,14094,7600,5125,14094,7600,5000
2024,research officer (non-statistical),financial & insurance svcs,13387,9417,5700,13387,9417,5700
2024,research officer (non-statistical),professional svcs,7186,5567,4868,7168,5567,4868
2024,research officer (non-statistical),public administration & education,6000,4583,4000,6000,4573,4000
2024,research officer (non-statistical),health & social svcs,5672,4475,3934,5672,4475,3934
2024,resident technical officer,manufacturing,5523,3816,2400,5425,3692,2400
2024,resident technical officer,construction,4500,3300,1650,4300,3180,1600
2024,resident technical officer,transport & storage,3782,3240,2644,3408,2922,2306
2024,resident technical officer,information & communications,11775,5648,4200,11775,5648,4200
2024,resident technical officer,real estate svcs,4381,3513,2852,4381,3500,2850
2024,resident technical officer,professional svcs,5962,5100,4560,5870,5100,4560
2024,resident technical officer,administrative & support svcs,3798,3250,2700,3748,3000,2500
2024,resident technical officer,health & social svcs,4576,4084,3077,4576,4066,3052
2024,residential and open areas general cleaner,manufacturing,1725,1600,1400,1700,1550,1400
2024,residential and open areas general cleaner,construction,1740,1600,1500,1740,1600,1500
2024,residential and open areas general cleaner,accommodation & food svcs,1670,1600,1400,1670,1600,1400
2024,residential and open areas general cleaner,real estate svcs,2964,1847,1600,2072,1750,1570
2024,residential and open areas general cleaner,professional svcs,2384,1958,1717,2384,1958,1701
2024,residential and open areas general cleaner,administrative & support svcs,2081,1795,1623,1946,1740,1564
2024,residential and open areas general cleaner,health & social svcs,2105,1804,1600,2053,1700,1587
2024,residential and open areas general cleaner,"arts, entertainment & recreation",2594,2005,1400,2542,1965,1386
2024,residential and open areas general cleaner,"other community, social & personal svcs",1967,1663,1570,1930,1600,1570
2024,restaurant manager,manufacturing,7331,5811,4702,7000,5811,4702
2024,restaurant manager,wholesale & retail trade,5803,3710,2790,5762,3710,2790
2024,restaurant manager,accommodation & food svcs,4161,3300,2625,3853,3050,2600
2024,restaurant manager,professional svcs,5035,4431,3709,5035,4431,3709
2024,restaurant manager,"arts, entertainment & recreation",6031,5280,4670,5500,4920,4340
2024,retail manager,manufacturing,6750,4440,3200,6720,4171,3089
2024,retail manager,wholesale & retail trade,6000,4175,3374,5771,3934,3187
2024,retail manager,transport & storage,8710,6554,5618,7593,5595,4718
2024,retail manager,accommodation & food svcs,5281,4010,3544,4047,3622,3000
2024,retail manager,financial & insurance svcs,9865,6764,4885,8650,6128,3800
2024,retail manager,professional svcs,6530,5970,5370,6530,5950,5200
2024,retail manager,administrative & support svcs,6386,5667,4150,6150,5400,4050
2024,revenue specialist,transport & storage,6377,4563,3850,6377,4563,3850
2024,risk management manager,manufacturing,19435,13325,9947,18176,13325,9947
2024,risk management manager,wholesale & retail trade,17590,9917,7850,17590,9917,7850
2024,risk management manager,transport & storage,13822,9970,6765,13590,9970,6765
2024,risk management manager,information & communications,20000,14467,9633,20000,14467,9633
2024,risk management manager,financial & insurance svcs,19020,12053,7419,19020,12034,7411
2024,risk management manager,professional svcs,18413,12220,8684,18100,12200,8600
2024,risk management manager,public administration & education,14100,10541,7300,13773,10541,7300
2024,risk management manager,health & social svcs,12314,11520,9573,12314,11500,9548
2024,road transport operations officer,transport & storage,6038,4829,4062,4836,4152,3655
2024,"safety inspector (vehicles, processes and products)",manufacturing,9496,5324,3659,7198,4615,3501
2024,"safety inspector (vehicles, processes and products)",construction,4596,3800,3380,4582,3737,3300
2024,sales demonstrator,manufacturing,3816,2934,1490,2300,1950,1444
2024,sales demonstrator,wholesale & retail trade,3681,2659,2110,2471,2150,1800
2024,sales manager,manufacturing,9946,7036,5000,9225,6518,4500
2024,sales manager,construction,8016,6328,4516,7050,6000,4183
2024,sales manager,wholesale & retail trade,10225,7000,5200,9140,6385,4800
2024,sales manager,transport & storage,10447,7197,5000,9686,6455,4400
2024,sales manager,accommodation & food svcs,7050,4609,3800,7000,4536,3800
2024,sales manager,information & communications,15253,7570,5000,13326,7570,4940
2024,sales manager,financial & insurance svcs,18000,11469,7983,17746,11193,6733
2024,sales manager,professional svcs,10900,7420,4725,10136,6831,4500
2024,sales manager,administrative & support svcs,9900,6335,4800,9450,6017,4800
2024,sales professional (institutional sales of financial products),manufacturing,7280,4092,1600,7280,4092,1600
2024,sales professional (institutional sales of financial products),wholesale & retail trade,13154,7439,4000,12504,6923,4000
2024,sales professional (institutional sales of financial products),information & communications,14957,9552,6489,12926,7942,5868
2024,sales professional (institutional sales of financial products),financial & insurance svcs,17850,10150,6798,17667,10100,6746
2024,sales professional (institutional sales of financial products),professional svcs,11000,7400,5015,11000,7400,4951
2024,sales supervisor,manufacturing,4567,3507,2545,3426,2600,1800
2024,sales supervisor,wholesale & retail trade,3994,3200,2600,3559,2880,2317
2024,sales supervisor,accommodation & food svcs,3186,2535,1600,1873,1526,1092
2024,sales supervisor,professional svcs,6699,4200,2650,6165,3948,2571
2024,sales supervisor,administrative & support svcs,3738,3426,2284,3600,3300,2015
2024,sales supervisor,"arts, entertainment & recreation",5540,3900,3000,4377,3194,2250
2024,sales supervisor,"other community, social & personal svcs",6603,2900,1600,2323,2100,1264
2024,salesperson (door-to-door),manufacturing,4881,3646,2000,3531,2147,1600
2024,salesperson (door-to-door),construction,1650,1600,1600,1650,1600,1600
2024,salesperson (door-to-door),wholesale & retail trade,4583,3406,2450,3750,2700,1665
2024,salesperson (door-to-door),"other community, social & personal svcs",1601,1600,1400,1601,1600,1400
2024,school counsellor,public administration & education,8861,4845,3000,8861,4845,3000
2024,school principal,public administration & education,9966,6278,4314,9820,6191,4314
2024,school principal,health & social svcs,8747,6500,5846,8339,6200,5554
2024,secretary,manufacturing,6220,4875,3420,6141,4775,3360
2024,secretary,construction,4600,2850,1600,4418,2820,1584
2024,secretary,wholesale & retail trade,7411,5793,4420,7297,5675,4363
2024,secretary,transport & storage,6558,5133,3927,6355,4959,3716
2024,secretary,accommodation & food svcs,5046,3559,2154,4858,3523,2034
2024,secretary,information & communications,7878,6285,5000,7860,6212,4985
2024,secretary,financial & insurance svcs,8761,7094,5242,8738,7083,5210
2024,secretary,real estate svcs,6364,4760,3660,6280,4665,3587
2024,secretary,professional svcs,5965,4792,3745,5683,4489,3479
2024,secretary,administrative & support svcs,6180,4705,3500,6076,4609,3430
2024,secretary,public administration & education,6154,4781,3854,6143,4781,3854
2024,secretary,health & social svcs,5000,4021,3038,4950,4021,3014
2024,secretary,"other community, social & personal svcs",6050,4643,3500,5790,4400,3284
2024,securities and finance broker,financial & insurance svcs,13167,8057,5775,13167,8057,5775
2024,securities and finance dealer,financial & insurance svcs,17203,7847,5175,17203,7825,5170
2024,securities clerk,financial & insurance svcs,7058,5977,4579,7058,5977,4579
2024,security manager,manufacturing,17077,10588,6000,16250,10412,5876
2024,security manager,transport & storage,9390,7453,5875,9390,7441,5860
2024,security manager,accommodation & food svcs,6798,5600,4470,6798,5600,4420
2024,security manager,information & communications,19516,11912,7883,19500,11912,7883
2024,security manager,financial & insurance svcs,14500,11370,7821,14500,11030,7800
2024,security manager,professional svcs,14800,10739,6646,14800,10739,6646
2024,security manager,administrative & support svcs,6160,3200,3200,6000,3100,3100
2024,security operations specialist,financial & insurance svcs,14452,10041,8080,14452,10041,8080
2024,security operations specialist,professional svcs,13737,11943,8765,13737,11943,8765
2024,security supervisor,manufacturing,3800,3200,2488,3521,2961,2339
2024,security supervisor,construction,3500,2931,1600,3008,1963,1316
2024,security supervisor,wholesale & retail trade,3522,3215,2663,3311,2690,2430
2024,security supervisor,accommodation & food svcs,3430,3042,2653,3286,2853,2494
2024,security supervisor,information & communications,3790,3400,2508,3563,3196,2357
2024,security supervisor,real estate svcs,3867,3377,2953,3867,3286,2940
2024,security supervisor,professional svcs,4047,3165,2810,3804,2957,2641
2024,security supervisor,administrative & support svcs,3425,3236,2760,3250,3071,2622
2024,security supervisor,health & social svcs,3884,3558,3400,3651,3456,3250
2024,security supervisor,"arts, entertainment & recreation",3494,3000,2000,3284,2820,1880
2024,semi-conductor engineer,manufacturing,8534,6571,5751,8503,6559,5726
2024,semi-conductor engineer,wholesale & retail trade,9611,7357,5980,9611,7357,5980
2024,semi-conductor engineer,information & communications,9117,3225,2400,9117,3200,2400
2024,semi-conductor engineer,financial & insurance svcs,14021,7496,6242,14021,7459,6226
2024,semi-conductor engineer,professional svcs,10080,7141,5495,10000,7141,5400
2024,semi-conductor technician,manufacturing,7410,4278,2700,7410,4256,2652
2024,semi-conductor technician,wholesale & retail trade,10850,9250,8693,10850,9250,8693
2024,"senior cook (e.g. station chef, commis cook 1, station cook)",manufacturing,4400,3000,2500,4400,2850,2200
2024,"senior cook (e.g. station chef, commis cook 1, station cook)",wholesale & retail trade,4515,3229,2722,4085,2383,2215
2024,"senior cook (e.g. station chef, commis cook 1, station cook)",accommodation & food svcs,3997,3200,2578,3800,2920,2350
2024,"senior cook (e.g. station chef, commis cook 1, station cook)",professional svcs,5460,4351,3830,5460,4351,3830
2024,"senior cook (e.g. station chef, commis cook 1, station cook)",health & social svcs,4739,4020,3340,4637,3703,2943
2024,"senior cook (e.g. station chef, commis cook 1, station cook)","arts, entertainment & recreation",4600,4320,2990,4530,4300,2900
2024,senior private security officer,manufacturing,5100,4204,3186,5100,3662,2714
2024,senior private security officer,construction,4164,3800,3163,3055,2950,2026
2024,senior private security officer,wholesale & retail trade,3757,3100,2401,3600,2697,2167
2024,senior private security officer,transport & storage,4167,3395,3057,3966,3362,3030
2024,senior private security officer,accommodation & food svcs,3458,3070,2655,3320,2940,2542
2024,senior private security officer,information & communications,7598,3676,3212,7598,3676,3212
2024,senior private security officer,financial & insurance svcs,5840,4810,4120,5690,4801,4120
2024,senior private security officer,real estate svcs,3909,3304,2794,3538,2950,2334
2024,senior private security officer,professional svcs,4872,3836,3165,4657,3529,2940
2024,senior private security officer,administrative & support svcs,3263,3073,2950,2950,2950,2768
2024,senior private security officer,health & social svcs,4174,3747,3361,3043,2950,2542
2024,senior private security officer,"arts, entertainment & recreation",4295,3440,3034,3260,3000,2730
2024,senior security supervisor,manufacturing,9993,8024,4603,9993,8011,4603
2024,senior security supervisor,wholesale & retail trade,3841,3568,2720,3584,2823,2442
2024,senior security supervisor,accommodation & food svcs,3771,3187,2547,3633,3027,2420
2024,senior security supervisor,real estate svcs,4450,3981,3407,3800,3380,2998
2024,senior security supervisor,administrative & support svcs,4080,3688,3365,3596,3400,3131
2024,senior security supervisor,"arts, entertainment & recreation",4766,3962,3185,4240,3680,3053
2024,service designer,information & communications,12048,9345,7839,12048,9345,7839
2024,service designer,financial & insurance svcs,14560,13028,10083,14560,13028,10083
2024,ship broker (e.g. charter or sales & purchase),transport & storage,18000,10064,4090,18000,10064,4090
2024,ship charterer,transport & storage,16764,11666,6489,16764,11666,6489
2024,shipping agent/boarding officer,wholesale & retail trade,4500,3920,3420,4500,3910,3420
2024,shipping agent/boarding officer,transport & storage,5440,4117,3500,4540,3775,2965
2024,shipping clerk,manufacturing,4645,3538,2837,4407,3420,2790
2024,shipping clerk,wholesale & retail trade,4798,3840,3010,4702,3750,2940
2024,shipping clerk,transport & storage,3905,3210,2611,3618,2987,2387
2024,shipping clerk,professional svcs,5241,4350,3401,5031,3889,3264
2024,shipping clerk,administrative & support svcs,2270,1836,1458,2179,1762,1399
2024,shop sales assistant,manufacturing,2505,1902,1400,2154,1626,1172
2024,shop sales assistant,construction,1808,1600,1400,1800,1568,1372
2024,shop sales assistant,wholesale & retail trade,2810,2430,1760,2600,2129,1500
2024,shop sales assistant,transport & storage,3251,1907,1450,3194,1813,1358
2024,shop sales assistant,accommodation & food svcs,2300,1600,1400,1711,1339,1022
2024,shop sales assistant,financial & insurance svcs,3751,3188,2500,3150,2640,1820
2024,shop sales assistant,real estate svcs,3260,2094,1400,2804,1801,1247
2024,shop sales assistant,professional svcs,2861,2239,1602,2238,1795,1396
2024,shop sales assistant,administrative & support svcs,2538,2388,1771,2300,2236,1548
2024,shop sales assistant,health & social svcs,2602,1817,1400,2574,1779,1386
2024,shop sales assistant,"arts, entertainment & recreation",3755,2827,2300,3680,2790,2260
2024,shop sales assistant,"other community, social & personal svcs",1600,1400,1400,1600,1400,1400
2024,slimming consultant,"other community, social & personal svcs",5695,4235,3115,2030,2000,2000
2024,social service manager,health & social svcs,8308,5749,4130,8308,5749,4130
2024,social service manager,"other community, social & personal svcs",7110,4971,4000,7110,4941,4000
2024,social work associate,health & social svcs,3540,3037,2677,3540,3037,2664
2024,social work associate,"other community, social & personal svcs",4500,3800,3240,4500,3781,3200
2024,social worker (general),health & social svcs,5152,4232,3804,5100,4175,3790
2024,social worker (general),"other community, social & personal svcs",5390,4450,4160,5360,4440,4160
2024,software and applications manager,manufacturing,12000,8993,7188,11872,8893,6943
2024,software and applications manager,wholesale & retail trade,12810,9053,6655,12434,9023,6500
2024,software and applications manager,transport & storage,11770,8546,5880,10918,8471,5880
2024,software and applications manager,information & communications,20000,15070,9762,17594,14410,9605
2024,software and applications manager,financial & insurance svcs,19461,14288,10521,19447,14237,10505
2024,software and applications manager,professional svcs,17098,10639,7975,16535,10196,7975
2024,software and applications manager,public administration & education,10014,7970,6073,10014,7970,6073
2024,software developer,manufacturing,9000,7012,5150,9000,7012,5145
2024,software developer,wholesale & retail trade,14862,10976,6915,14862,10976,6915
2024,software developer,transport & storage,8421,7000,5593,8421,7000,5593
2024,software developer,information & communications,12810,8150,6120,11250,8080,6103
2024,software developer,financial & insurance svcs,14000,10174,7450,14000,10083,7418
2024,software developer,professional svcs,17850,12125,8071,17850,12125,8071
2024,sonographer,health & social svcs,8247,5200,3950,7810,5200,3950
2024,speech therapist,health & social svcs,6080,4724,4340,6080,4724,4340
2024,"sports and recreational attendant (e.g. golf marshal, golf caddie, fun fair attendant, bowling alley attendant, swimming pool attendant)","arts, entertainment & recreation",3917,3026,2343,3430,2474,2127
2024,sports coach,wholesale & retail trade,4975,3598,2460,4425,2945,2400
2024,sports coach,administrative & support svcs,3474,2252,2100,3288,2100,2100
2024,sports coach,public administration & education,6423,5219,4500,6306,5219,4500
2024,sports coach,"arts, entertainment & recreation",5870,5023,4111,5870,4980,3847
2024,stationary plant and machine supervisor/general foreman,manufacturing,7556,4207,3200,7004,3400,2144
2024,statistical officer/data analyst,manufacturing,10012,8221,6856,10012,7865,6343
2024,statistical officer/data analyst,wholesale & retail trade,9009,6374,5118,9009,6374,5118
2024,statistical officer/data analyst,transport & storage,8763,5679,4590,8763,5679,4590
2024,statistical officer/data analyst,information & communications,9662,7367,5740,9662,7367,5740
2024,statistical officer/data analyst,financial & insurance svcs,13834,9700,6490,13834,9700,6472
2024,statistical officer/data analyst,professional svcs,12275,7000,4800,12275,7000,4790
2024,statistician,professional svcs,5927,4634,4009,5927,4634,4009
2024,stock records clerk,manufacturing,4200,2834,1957,3971,2644,1800
2024,stock records clerk,construction,2800,1650,1450,2744,1600,1421
2024,stock records clerk,wholesale & retail trade,3920,2808,2175,3777,2696,2100
2024,stock records clerk,transport & storage,4131,3129,2472,3422,2831,2204
2024,stock records clerk,accommodation & food svcs,2201,1600,1400,2046,1600,1400
2024,stock records clerk,professional svcs,6040,3554,2424,5833,3305,2300
2024,stock records clerk,administrative & support svcs,2813,2295,1640,2676,2178,1604
2024,stock records clerk,"other community, social & personal svcs",2500,1625,1400,2325,1619,1400
2024,storekeeper,manufacturing,3953,2836,2045,3680,2602,1900
2024,storekeeper,construction,1800,1600,1400,1782,1584,1400
2024,storekeeper,wholesale & retail trade,3140,2600,2100,3014,2522,2016
2024,storekeeper,transport & storage,2966,2492,2186,2817,2366,2076
2024,storekeeper,accommodation & food svcs,2596,1630,1400,2388,1500,1288
2024,storekeeper,information & communications,2575,2378,2189,2446,2259,2080
2024,storekeeper,professional svcs,2931,2460,1700,2877,2400,1700
2024,storekeeper,administrative & support svcs,2350,1950,1700,2288,1900,1634
2024,storekeeper,health & social svcs,2810,2650,2460,2810,2599,2445
2024,storekeeper,"other community, social & personal svcs",2626,1890,1400,2618,1840,1330
2024,strategic planning manager,manufacturing,17367,11280,7367,16433,11018,7255
2024,strategic planning manager,wholesale & retail trade,18904,13028,8183,18534,13028,7980
2024,strategic planning manager,transport & storage,15000,9190,5700,14972,9190,5700
2024,strategic planning manager,information & communications,17670,12022,8916,17670,11916,8916
2024,strategic planning manager,financial & insurance svcs,20000,16321,10500,20000,16258,10417
2024,strategic planning manager,professional svcs,20000,14400,9800,20000,14400,9800
2024,strategic planning manager,public administration & education,17690,12725,8668,17690,12725,8668
2024,supervisor/general foreman (building and related trades),manufacturing,5050,3817,2760,4848,3631,2624
2024,supervisor/general foreman (building and related trades),construction,4500,3200,1700,4300,3112,1650
2024,supervisor/general foreman (building and related trades),professional svcs,5050,3381,1680,4730,3300,1680
2024,"supervisor/general foreman (electrical and electronic trades, excluding lift)",manufacturing,7626,5756,4624,7460,5552,4539
2024,"supervisor/general foreman (electrical and electronic trades, excluding lift)",construction,6760,4400,2900,6660,4160,2800
2024,"supervisor/general foreman (electrical and electronic trades, excluding lift)",wholesale & retail trade,3646,3250,2623,3629,3228,2613
2024,"supervisor/general foreman (electrical and electronic trades, excluding lift)",transport & storage,5800,4600,4189,4600,4210,3908
2024,"supervisor/general foreman (electrical and electronic trades, excluding lift)",accommodation & food svcs,4480,3279,2550,3705,3000,2200
2024,"supervisor/general foreman (electrical and electronic trades, excluding lift)",professional svcs,12383,7523,3475,12383,7523,3450
2024,"supervisor/general foreman (electrical and electronic trades, excluding lift)",administrative & support svcs,3727,2975,2625,3250,2455,2455
2024,"supervisor/general foreman (food processing, woodworking, garment, leather and related trades)",manufacturing,6243,4258,3136,5104,3598,2829
2024,"supervisor/general foreman (food processing, woodworking, garment, leather and related trades)",wholesale & retail trade,3852,3082,2835,3463,2958,2600
2024,"supervisor/general foreman (food processing, woodworking, garment, leather and related trades)",accommodation & food svcs,2100,1818,1713,2086,1818,1713
2024,"supervisor/general foreman (food processing, woodworking, garment, leather and related trades)",real estate svcs,4000,3889,3569,4000,3484,2978
2024,"supervisor/general foreman (metal, machinery and related trades)",manufacturing,9572,8688,5686,9572,8688,5266
2024,"supervisor/general foreman (metal, machinery and related trades)",transport & storage,5820,5069,3575,3294,2972,2623
2024,"supervisor/general foreman (precision, handicraft, printing and related trades)",manufacturing,6385,4599,3190,5800,3854,2720
2024,supervisor/general foreman of assemblers and quality checkers,manufacturing,6036,4625,3503,5396,3922,3058
2024,supervisor/general foreman of assemblers and quality checkers,wholesale & retail trade,7750,6763,5775,7600,6674,5775
2024,supply and distribution/logistics/warehousing manager,manufacturing,11655,7427,5500,11003,7263,5350
2024,supply and distribution/logistics/warehousing manager,construction,6750,4176,2771,6400,4006,2650
2024,supply and distribution/logistics/warehousing manager,wholesale & retail trade,10414,7222,5250,10114,7065,5200
2024,supply and distribution/logistics/warehousing manager,transport & storage,7510,5844,4943,7365,5680,4694
2024,supply and distribution/logistics/warehousing manager,accommodation & food svcs,4720,4239,3744,4720,4239,3729
2024,supply and distribution/logistics/warehousing manager,information & communications,9851,8000,5785,9851,8000,5720
2024,supply and distribution/logistics/warehousing manager,financial & insurance svcs,15447,8720,6292,15358,8692,6292
2024,supply and distribution/logistics/warehousing manager,professional svcs,14168,9448,6380,14024,9115,6336
2024,supply and distribution/logistics/warehousing manager,administrative & support svcs,6997,4749,3900,5675,4370,3800
2024,supply and distribution/logistics/warehousing manager,public administration & education,7052,6212,5284,7052,6212,5284
2024,supply and distribution/logistics/warehousing manager,health & social svcs,6690,6246,5457,6690,6246,5457
2024,supply and distribution/logistics/warehousing manager,"arts, entertainment & recreation",5440,5035,4940,5300,5010,4940
2024,systems designer/analyst,manufacturing,8717,6697,5666,7974,6667,5656
2024,systems designer/analyst,wholesale & retail trade,9914,7745,5598,9745,7745,5598
2024,systems designer/analyst,transport & storage,6459,5730,5228,6459,5700,5228
2024,systems designer/analyst,information & communications,9504,7210,5583,9504,7210,5533
2024,systems designer/analyst,financial & insurance svcs,13062,8500,6457,13047,8496,6450
2024,systems designer/analyst,professional svcs,9458,8222,6508,9458,8222,6293
2024,systems designer/analyst,health & social svcs,7098,6265,5171,7073,6257,5171
2024,table-top cleaner,manufacturing,1819,1665,1550,1819,1665,1550
2024,table-top cleaner,accommodation & food svcs,1800,1600,1400,1656,1472,1288
2024,table-top cleaner,real estate svcs,1670,1600,1400,1670,1600,1400
2024,table-top cleaner,administrative & support svcs,1840,1700,1570,1840,1648,1492
2024,tailor/dressmaker,manufacturing,2553,1660,1400,2553,1650,1400
2024,tailor/dressmaker,wholesale & retail trade,4551,3760,2512,4529,3760,2512
2024,tax accountant,wholesale & retail trade,15484,10842,8140,14886,10842,7462
2024,tax accountant,information & communications,14000,10550,8000,14000,10500,8000
2024,tax accountant,financial & insurance svcs,19899,13500,9750,19899,13413,9750
2024,tax accountant,professional svcs,11800,7800,5800,11800,7800,5800
2024,tax associate professional,financial & insurance svcs,9948,7471,5891,9948,7471,5723
2024,tax associate professional,professional svcs,5000,4075,3600,5000,4000,3600
2024,tax associate professional,health & social svcs,4577,4016,3140,4577,4016,3140
2024,"tea server/steward (excluding bartender, barista and food/drink stall assistant)",construction,1705,1600,1500,1705,1600,1500
2024,"tea server/steward (excluding bartender, barista and food/drink stall assistant)",transport & storage,4156,3376,2000,4156,3376,2000
2024,"tea server/steward (excluding bartender, barista and food/drink stall assistant)",accommodation & food svcs,2084,2050,1800,2050,2015,1764
2024,"tea server/steward (excluding bartender, barista and food/drink stall assistant)",real estate svcs,2098,1864,1670,1977,1789,1570
2024,"tea server/steward (excluding bartender, barista and food/drink stall assistant)",professional svcs,2305,1946,1765,2305,1946,1765
2024,"tea server/steward (excluding bartender, barista and food/drink stall assistant)",administrative & support svcs,1900,1620,1600,1764,1518,1472
2024,"tea server/steward (excluding bartender, barista and food/drink stall assistant)","other community, social & personal svcs",1650,1500,1400,1650,1500,1400
2024,teacher aide,public administration & education,4410,3455,2761,4196,3266,2706
2024,teacher aide,health & social svcs,2598,2345,2170,2483,2200,1930
2024,teaching assistant/tutor in university,public administration & education,6000,5800,4500,6000,5800,4500
2024,technical sales professional,manufacturing,8408,6448,5201,8034,6013,4833
2024,technical sales professional,construction,7090,4877,3933,5295,4600,3530
2024,technical sales professional,wholesale & retail trade,12347,7800,5015,10365,6600,4573
2024,technical sales professional,information & communications,12692,9344,5968,11644,8662,5546
2024,technical sales professional,professional svcs,17845,11137,6400,17845,11137,5800
2024,technical writer,manufacturing,6434,5559,4500,6125,5332,4075
2024,technical writer,wholesale & retail trade,12161,4487,4308,12091,4487,4308
2024,technical writer,information & communications,11359,7941,7184,11359,7941,7184
2024,technical writer,financial & insurance svcs,11917,9778,7642,11917,9740,7642
2024,technical/engineering services manager (excluding transport),manufacturing,12684,10168,7418,12470,9856,7100
2024,technical/engineering services manager (excluding transport),construction,10200,8000,5856,9750,7700,5800
2024,technical/engineering services manager (excluding transport),wholesale & retail trade,13975,11492,8448,13601,11487,8398
2024,technical/engineering services manager (excluding transport),transport & storage,6577,5566,4629,6461,5414,4525
2024,technical/engineering services manager (excluding transport),information & communications,15600,11526,7964,15598,11526,7964
2024,technical/engineering services manager (excluding transport),financial & insurance svcs,20000,16000,10500,20000,16000,10227
2024,technical/engineering services manager (excluding transport),professional svcs,14909,10139,7550,14770,9615,7286
2024,technical/vocational/commercial education institute teacher and trainer,public administration & education,4583,3800,3433,4583,3800,3433
2024,telecommunications engineer,manufacturing,8008,5879,4753,8000,5536,4387
2024,telecommunications engineer,wholesale & retail trade,9621,5635,4920,9621,5635,4906
2024,telecommunications engineer,information & communications,12555,7200,4840,12380,7200,4368
2024,telecommunications engineer,professional svcs,10110,8000,6867,10110,7602,6849
2024,telecommunications technician,information & communications,3526,3421,3159,3526,3421,3159
2024,telemarketer,transport & storage,4815,4232,3859,4665,4098,3789
2024,telephone operator,accommodation & food svcs,3000,2334,1725,2820,2193,1621
2024,tool and die maker,manufacturing,4423,3927,3287,3800,3287,2943
2024,trade broker,wholesale & retail trade,20000,14070,3451,20000,14070,1350
2024,trade broker,financial & insurance svcs,16000,8831,5604,16000,8831,5604
2024,traditional chinese medicine practitioner,health & social svcs,8699,5316,3700,5000,3913,3398
2024,trailer-truck driver (including prime mover driver),manufacturing,4275,3275,2085,2580,1500,1250
2024,trailer-truck driver (including prime mover driver),construction,3675,1672,1600,3099,1187,1136
2024,trailer-truck driver (including prime mover driver),wholesale & retail trade,4794,4037,3450,3235,2584,1500
2024,trailer-truck driver (including prime mover driver),transport & storage,3779,2801,2068,2976,2381,1635
2024,trailer-truck driver (including prime mover driver),administrative & support svcs,3347,2462,1660,2450,1748,1179
2024,training and staff development professional,manufacturing,7929,5655,4088,7528,5641,4000
2024,training and staff development professional,wholesale & retail trade,9092,5700,4050,8792,5700,3909
2024,training and staff development professional,transport & storage,5000,3940,3249,4828,3906,3249
2024,training and staff development professional,accommodation & food svcs,4710,4093,3400,4545,3890,3000
2024,training and staff development professional,information & communications,7875,4470,3290,7848,4470,3290
2024,training and staff development professional,financial & insurance svcs,5762,4626,4074,5732,4621,4070
2024,training and staff development professional,professional svcs,5800,4276,3500,5800,4276,3200
2024,training and staff development professional,administrative & support svcs,5652,4126,3468,5652,4126,3468
2024,training and staff development professional,public administration & education,4615,4027,2742,4615,4027,2742
2024,training and staff development professional,health & social svcs,5887,4180,3480,5887,4180,3465
2024,training and staff development professional,"other community, social & personal svcs",7991,6238,4334,7015,5640,4179
2024,training manager,manufacturing,10826,7471,5458,10785,7195,5155
2024,training manager,construction,8500,6974,5275,6800,5960,5250
2024,training manager,wholesale & retail trade,10456,6787,5175,10306,6555,5075
2024,training manager,transport & storage,7720,6073,5300,7720,6065,5290
2024,training manager,accommodation & food svcs,6080,4515,3195,5900,4515,2784
2024,training manager,information & communications,10967,7807,5600,10967,7807,5600
2024,training manager,financial & insurance svcs,16000,10185,5822,16000,10185,5700
2024,training manager,professional svcs,6500,5962,5400,6500,5962,5400
2024,training manager,administrative & support svcs,6250,4807,4060,6250,4762,3870
2024,training manager,public administration & education,6866,5777,5150,6866,5777,5150
2024,training manager,health & social svcs,7455,5995,4081,7455,5995,4081
2024,training manager,"arts, entertainment & recreation",5970,5560,5150,5940,5497,5090
2024,translator,information & communications,7046,5136,3970,7046,5136,3970
2024,transport/technical operations manager (except port/shipping operations),transport & storage,12865,7862,6030,12153,7862,6000
2024,travel agency manager,administrative & support svcs,7810,5660,4740,7727,5660,4740
2024,travel consultant/reservation executive,transport & storage,5376,3700,2987,5376,3626,2931
2024,travel consultant/reservation executive,accommodation & food svcs,3100,2589,2100,3007,2511,2037
2024,travel consultant/reservation executive,information & communications,5850,4821,3903,5204,4197,3444
2024,travel consultant/reservation executive,professional svcs,4190,3208,2750,4169,3208,2750
2024,travel consultant/reservation executive,administrative & support svcs,4996,3866,2400,4996,3866,2400
2024,treasury manager,manufacturing,19580,14000,11045,19580,14000,11045
2024,treasury manager,wholesale & retail trade,14023,8541,6137,13810,8541,6137
2024,treasury manager,transport & storage,12630,10273,6453,12630,10247,6453
2024,treasury manager,information & communications,18600,15600,8748,18600,15600,8548
2024,treasury manager,financial & insurance svcs,11400,9300,7780,11380,9300,7774
2024,treasury manager,professional svcs,15511,9698,6235,15511,9185,6085
2024,tree worker/technician,construction,2039,1921,1878,1869,1850,1850
2024,university lecturer,public administration & education,17875,13082,9454,17833,12933,9327
2024,urban planner,manufacturing,6780,5162,4100,6510,5135,4080
2024,urban planner,professional svcs,10325,7112,5924,10225,7069,5582
2024,van driver,manufacturing,2856,2040,1400,2292,1550,1008
2024,van driver,construction,2933,1864,1500,2211,1494,1200
2024,van driver,wholesale & retail trade,3000,2450,1800,2520,2076,1512
2024,van driver,transport & storage,2900,2177,1600,2376,1800,1405
2024,van driver,accommodation & food svcs,1834,1500,1400,1632,1335,1246
2024,van driver,financial & insurance svcs,5253,3600,2380,5253,3504,2300
2024,van driver,real estate svcs,2500,1600,1400,2075,1328,1162
2024,van driver,professional svcs,3222,2565,1750,2756,2158,1494
2024,van driver,administrative & support svcs,2415,1694,1450,2255,1568,1328
2024,van driver,health & social svcs,3000,2560,2231,2400,1856,1494
2024,van driver,"other community, social & personal svcs",2070,1419,1400,1878,1328,1162
2024,vehicle attendant,manufacturing,3168,1958,1600,3168,1900,1600
2024,vehicle attendant,wholesale & retail trade,2782,2376,2029,2500,2020,1800
2024,vehicle attendant,transport & storage,3238,2697,2000,3109,2547,2000
2024,veterinarian,professional svcs,11950,9305,5874,11950,9164,5670
2024,veterinary technician/assistant,professional svcs,4990,3823,3200,4943,3562,2938
2024,video camera operator,information & communications,7176,6145,4642,7176,6145,4642
2024,visual merchandiser,wholesale & retail trade,5618,4497,3156,5430,4200,2850
2024,volunteer executive,health & social svcs,3916,3275,2558,3916,3250,2520
2024,waiter,manufacturing,2518,1800,1450,2408,1776,1392
2024,waiter,wholesale & retail trade,2474,1800,1400,2177,1575,1302
2024,waiter,transport & storage,3076,2500,1612,3031,2336,1597
2024,waiter,accommodation & food svcs,2015,1512,1400,1717,1360,1190
2024,waiter,information & communications,5341,2475,1509,4924,2128,1298
2024,waiter,financial & insurance svcs,2586,2054,1500,2000,2000,1275
2024,waiter,real estate svcs,2733,2113,1418,2723,2113,1418
2024,waiter,professional svcs,2700,1825,1500,2700,1825,1500
2024,waiter,administrative & support svcs,2050,1400,1260,1801,1386,1084
2024,waiter,health & social svcs,2942,2395,1400,2230,2015,1078
2024,waiter,"arts, entertainment & recreation",1638,1400,1400,1518,1288,1288
2024,waiter,"other community, social & personal svcs",2168,1600,1400,1886,1376,1204
2024,warehouse worker,manufacturing,3635,2800,2242,2990,2310,1905
2024,warehouse worker,wholesale & retail trade,2800,2346,2050,2600,2200,1900
2024,warehouse worker,transport & storage,2936,2434,2008,2500,2091,1870
2024,warehouse worker,professional svcs,3080,1660,1620,3056,1660,1620
2024,warehouse worker,"other community, social & personal svcs",2678,2239,2016,2150,2040,1900
2024,watch and clock assembler/repairer,wholesale & retail trade,6035,4825,3175,5885,4575,3100
2024,web and mobile applications developer,information & communications,9050,6650,4475,9050,6650,4475
2024,web and mobile applications developer,financial & insurance svcs,9719,7106,6050,9719,7106,6050
2024,website administrator/webmaster,information & communications,9048,6150,4417,9048,6150,4417
2024,website administrator/webmaster,financial & insurance svcs,8166,5150,3712,7967,5150,3712
2024,website administrator/webmaster,professional svcs,8263,4140,1620,8263,4140,1620
2024,welder and flame cutter,manufacturing,4870,3700,2500,3603,3049,2500
2024,wellness centre manager (e.g. hair/beauty/slimming/spa/manicure/massage),"other community, social & personal svcs",9138,6279,3866,9138,5250,3000
2024,wholesale trade manager,wholesale & retail trade,11861,7892,5500,11658,7210,4620
2024,wholesale trade manager,financial & insurance svcs,20750,16071,10560,20750,16071,10560
2024,youth work associate,health & social svcs,2720,2495,2400,2720,2495,2400
