FREQ,EER_TYPE,EER_BASKET,REF_AREA,UNIT_MEASURE,TIME_FORMAT,COLLECTION,TITLE_TS,TIME_PERIOD,OBS_VALUE,OBS_STATUS,OBS_CONF,OBS_PRE_BREAK
M,N,B,HK,882,,A,Hong Kong SAR - Nominal - Broad (64 economies),1994-01,92.66,A,F,
M,N,B,HK,882,,A,Hong Kong SAR - Nominal - Broad (64 economies),1994-02,92.02,A,F,
M,N,B,HK,882,,A,Hong Kong SAR - Nominal - Broad (64 economies),1994-03,91.79,A,F,
M,N,B,HK,882,,A,Hong Kong SAR - Nominal - Broad (64 economies),1994-04,91.86,A,F,
M,N,B,HK,882,,A,Hong Kong SAR - Nominal - Broad (64 economies),1994-05,91.58,A,F,
M,N,B,HK,882,,A,Hong Kong SAR - Nominal - Broad (64 economies),1994-06,91.2,A,F,
M,N,B,HK,882,,A,Hong Kong SAR - Nominal - Broad (64 economies),1994-07,89.95,A,F,
M,N,B,HK,882,,A,Hong Kong SAR - Nominal - Broad (64 economies),1994-08,89.9,A,F,
M,N,B,HK,882,,A,Hong Kong SAR - Nominal - Broad (64 economies),1994-09,89.31,A,F,
M,N,B,HK,882,,A,Hong Kong SAR - Nominal - Broad (64 economies),1994-10,88.84,A,F,
M,N,B,HK,882,,A,Hong Kong SAR - Nominal - Broad (64 economies),1994-11,88.94,A,F,
M,N,B,HK,882,,A,Hong Kong SAR - Nominal - Broad (64 economies),1994-12,89.66,A,F,
M,N,B,HK,882,,A,Hong Kong SAR - Nominal - Broad (64 economies),1995-01,89.26,A,F,
M,N,B,HK,882,,A,Hong Kong SAR - Nominal - Broad (64 economies),1995-02,89.05,A,F,
M,N,B,HK,882,,A,Hong Kong SAR - Nominal - Broad (64 economies),1995-03,87,A,F,
M,N,B,HK,882,,A,Hong Kong SAR - Nominal - Broad (64 economies),1995-04,85.21,A,F,
M,N,B,HK,882,,A,Hong Kong SAR - Nominal - Broad (64 economies),1995-05,85.45,A,F,
M,N,B,HK,882,,A,Hong Kong SAR - Nominal - Broad (64 economies),1995-06,85.27,A,F,
M,N,B,HK,882,,A,Hong Kong SAR - Nominal - Broad (64 economies),1995-07,85.6,A,F,
M,N,B,HK,882,,A,Hong Kong SAR - Nominal - Broad (64 economies),1995-08,87.6,A,F,
M,N,B,HK,882,,A,Hong Kong SAR - Nominal - Broad (64 economies),1995-09,88.97,A,F,
M,N,B,HK,882,,A,Hong Kong SAR - Nominal - Broad (64 economies),1995-10,88.5,A,F,
M,N,B,HK,882,,A,Hong Kong SAR - Nominal - Broad (64 economies),1995-11,88.81,A,F,
M,N,B,HK,882,,A,Hong Kong SAR - Nominal - Broad (64 economies),1995-12,89.2,A,F,
M,N,B,HK,882,,A,Hong Kong SAR - Nominal - Broad (64 economies),1996-01,90.11,A,F,
M,N,B,HK,882,,A,Hong Kong SAR - Nominal - Broad (64 economies),1996-02,90.17,A,F,
M,N,B,HK,882,,A,Hong Kong SAR - Nominal - Broad (64 economies),1996-03,90.2,A,F,
M,N,B,HK,882,,A,Hong Kong SAR - Nominal - Broad (64 economies),1996-04,90.54,A,F,
M,N,B,HK,882,,A,Hong Kong SAR - Nominal - Broad (64 economies),1996-05,90.77,A,F,
M,N,B,HK,882,,A,Hong Kong SAR - Nominal - Broad (64 economies),1996-06,91.1,A,F,
M,N,B,HK,882,,A,Hong Kong SAR - Nominal - Broad (64 economies),1996-07,91.05,A,F,
M,N,B,HK,882,,A,Hong Kong SAR - Nominal - Broad (64 economies),1996-08,90.79,A,F,
M,N,B,HK,882,,A,Hong Kong SAR - Nominal - Broad (64 economies),1996-09,91.26,A,F,
M,N,B,HK,882,,A,Hong Kong SAR - Nominal - Broad (64 economies),1996-10,91.74,A,F,
M,N,B,HK,882,,A,Hong Kong SAR - Nominal - Broad (64 economies),1996-11,91.4,A,F,
M,N,B,HK,882,,A,Hong Kong SAR - Nominal - Broad (64 economies),1996-12,92.08,A,F,
M,N,B,HK,882,,A,Hong Kong SAR - Nominal - Broad (64 economies),1997-01,93.11,A,F,
M,N,B,HK,882,,A,Hong Kong SAR - Nominal - Broad (64 economies),1997-02,94.61,A,F,
M,N,B,HK,882,,A,Hong Kong SAR - Nominal - Broad (64 economies),1997-03,95.07,A,F,
M,N,B,HK,882,,A,Hong Kong SAR - Nominal - Broad (64 economies),1997-04,95.58,A,F,
M,N,B,HK,882,,A,Hong Kong SAR - Nominal - Broad (64 economies),1997-05,94.8,A,F,
M,N,B,HK,882,,A,Hong Kong SAR - Nominal - Broad (64 economies),1997-06,94.42,A,F,
M,N,B,HK,882,,A,Hong Kong SAR - Nominal - Broad (64 economies),1997-07,95.68,A,F,
M,N,B,HK,882,,A,Hong Kong SAR - Nominal - Broad (64 economies),1997-08,97.62,A,F,
M,N,B,HK,882,,A,Hong Kong SAR - Nominal - Broad (64 economies),1997-09,98.36,A,F,
M,N,B,HK,882,,A,Hong Kong SAR - Nominal - Broad (64 economies),1997-10,99.26,A,F,
M,N,B,HK,882,,A,Hong Kong SAR - Nominal - Broad (64 economies),1997-11,100.76,A,F,
M,N,B,HK,882,,A,Hong Kong SAR - Nominal - Broad (64 economies),1997-12,105.65,A,F,
M,N,B,HK,882,,A,Hong Kong SAR - Nominal - Broad (64 economies),1998-01,109.82,A,F,
M,N,B,HK,882,,A,Hong Kong SAR - Nominal - Broad (64 economies),1998-02,107.58,A,F,
M,N,B,HK,882,,A,Hong Kong SAR - Nominal - Broad (64 economies),1998-03,106.98,A,F,
M,N,B,HK,882,,A,Hong Kong SAR - Nominal - Broad (64 economies),1998-04,106.5,A,F,
M,N,B,HK,882,,A,Hong Kong SAR - Nominal - Broad (64 economies),1998-05,107.36,A,F,
M,N,B,HK,882,,A,Hong Kong SAR - Nominal - Broad (64 economies),1998-06,109.66,A,F,
M,N,B,HK,882,,A,Hong Kong SAR - Nominal - Broad (64 economies),1998-07,109.63,A,F,
M,N,B,HK,882,,A,Hong Kong SAR - Nominal - Broad (64 economies),1998-08,110.48,A,F,
M,N,B,HK,882,,A,Hong Kong SAR - Nominal - Broad (64 economies),1998-09,108.53,A,F,
M,N,B,HK,882,,A,Hong Kong SAR - Nominal - Broad (64 economies),1998-10,104.87,A,F,
M,N,B,HK,882,,A,Hong Kong SAR - Nominal - Broad (64 economies),1998-11,104.76,A,F,
M,N,B,HK,882,,A,Hong Kong SAR - Nominal - Broad (64 economies),1998-12,103.95,A,F,
M,N,B,HK,882,,A,Hong Kong SAR - Nominal - Broad (64 economies),1999-01,103.89,A,F,
M,N,B,HK,882,,A,Hong Kong SAR - Nominal - Broad (64 economies),1999-02,105.25,A,F,
M,N,B,HK,882,,A,Hong Kong SAR - Nominal - Broad (64 economies),1999-03,106.64,A,F,
M,N,B,HK,882,,A,Hong Kong SAR - Nominal - Broad (64 economies),1999-04,106.61,A,F,
M,N,B,HK,882,,A,Hong Kong SAR - Nominal - Broad (64 economies),1999-05,106.62,A,F,
M,N,B,HK,882,,A,Hong Kong SAR - Nominal - Broad (64 economies),1999-06,106.57,A,F,
M,N,B,HK,882,,A,Hong Kong SAR - Nominal - Broad (64 economies),1999-07,106.45,A,F,
M,N,B,HK,882,,A,Hong Kong SAR - Nominal - Broad (64 economies),1999-08,105.54,A,F,
M,N,B,HK,882,,A,Hong Kong SAR - Nominal - Broad (64 economies),1999-09,105.28,A,F,
M,N,B,HK,882,,A,Hong Kong SAR - Nominal - Broad (64 economies),1999-10,104.51,A,F,
M,N,B,HK,882,,A,Hong Kong SAR - Nominal - Broad (64 economies),1999-11,104.67,A,F,
M,N,B,HK,882,,A,Hong Kong SAR - Nominal - Broad (64 economies),1999-12,104.6,A,F,
M,N,B,HK,882,,A,Hong Kong SAR - Nominal - Broad (64 economies),2000-01,104.45,A,F,
M,N,B,HK,882,,A,Hong Kong SAR - Nominal - Broad (64 economies),2000-02,105.75,A,F,
M,N,B,HK,882,,A,Hong Kong SAR - Nominal - Broad (64 economies),2000-03,105.79,A,F,
M,N,B,HK,882,,A,Hong Kong SAR - Nominal - Broad (64 economies),2000-04,105.93,A,F,
M,N,B,HK,882,,A,Hong Kong SAR - Nominal - Broad (64 economies),2000-05,107.72,A,F,
M,N,B,HK,882,,A,Hong Kong SAR - Nominal - Broad (64 economies),2000-06,106.69,A,F,
M,N,B,HK,882,,A,Hong Kong SAR - Nominal - Broad (64 economies),2000-07,107.31,A,F,
M,N,B,HK,882,,A,Hong Kong SAR - Nominal - Broad (64 economies),2000-08,107.98,A,F,
M,N,B,HK,882,,A,Hong Kong SAR - Nominal - Broad (64 economies),2000-09,108.97,A,F,
M,N,B,HK,882,,A,Hong Kong SAR - Nominal - Broad (64 economies),2000-10,110.13,A,F,
M,N,B,HK,882,,A,Hong Kong SAR - Nominal - Broad (64 economies),2000-11,110.74,A,F,
M,N,B,HK,882,,A,Hong Kong SAR - Nominal - Broad (64 economies),2000-12,110.45,A,F,
M,N,B,HK,882,,A,Hong Kong SAR - Nominal - Broad (64 economies),2001-01,110.38,A,F,
M,N,B,HK,882,,A,Hong Kong SAR - Nominal - Broad (64 economies),2001-02,110.56,A,F,
M,N,B,HK,882,,A,Hong Kong SAR - Nominal - Broad (64 economies),2001-03,112.15,A,F,
M,N,B,HK,882,,A,Hong Kong SAR - Nominal - Broad (64 economies),2001-04,113.58,A,F,
M,N,B,HK,882,,A,Hong Kong SAR - Nominal - Broad (64 economies),2001-05,113.66,A,F,
M,N,B,HK,882,,A,Hong Kong SAR - Nominal - Broad (64 economies),2001-06,114.51,A,F,
M,N,B,HK,882,,A,Hong Kong SAR - Nominal - Broad (64 economies),2001-07,114.82,A,F,
M,N,B,HK,882,,A,Hong Kong SAR - Nominal - Broad (64 economies),2001-08,112.78,A,F,
M,N,B,HK,882,,A,Hong Kong SAR - Nominal - Broad (64 economies),2001-09,112.38,A,F,
M,N,B,HK,882,,A,Hong Kong SAR - Nominal - Broad (64 economies),2001-10,113.32,A,F,
M,N,B,HK,882,,A,Hong Kong SAR - Nominal - Broad (64 economies),2001-11,113.8,A,F,
M,N,B,HK,882,,A,Hong Kong SAR - Nominal - Broad (64 economies),2001-12,114.27,A,F,
M,N,B,HK,882,,A,Hong Kong SAR - Nominal - Broad (64 economies),2002-01,115.48,A,F,
M,N,B,HK,882,,A,Hong Kong SAR - Nominal - Broad (64 economies),2002-02,116.02,A,F,
M,N,B,HK,882,,A,Hong Kong SAR - Nominal - Broad (64 economies),2002-03,115.45,A,F,
M,N,B,HK,882,,A,Hong Kong SAR - Nominal - Broad (64 economies),2002-04,115.01,A,F,
M,N,B,HK,882,,A,Hong Kong SAR - Nominal - Broad (64 economies),2002-05,112.97,A,F,
M,N,B,HK,882,,A,Hong Kong SAR - Nominal - Broad (64 economies),2002-06,111.31,A,F,
M,N,B,HK,882,,A,Hong Kong SAR - Nominal - Broad (64 economies),2002-07,109.27,A,F,
M,N,B,HK,882,,A,Hong Kong SAR - Nominal - Broad (64 economies),2002-08,110.12,A,F,
M,N,B,HK,882,,A,Hong Kong SAR - Nominal - Broad (64 economies),2002-09,110.58,A,F,
M,N,B,HK,882,,A,Hong Kong SAR - Nominal - Broad (64 economies),2002-10,111.47,A,F,
M,N,B,HK,882,,A,Hong Kong SAR - Nominal - Broad (64 economies),2002-11,110.26,A,F,
M,N,B,HK,882,,A,Hong Kong SAR - Nominal - Broad (64 economies),2002-12,109.86,A,F,
M,N,B,HK,882,,A,Hong Kong SAR - Nominal - Broad (64 economies),2003-01,108.15,A,F,
M,N,B,HK,882,,A,Hong Kong SAR - Nominal - Broad (64 economies),2003-02,108.14,A,F,
M,N,B,HK,882,,A,Hong Kong SAR - Nominal - Broad (64 economies),2003-03,108.29,A,F,
M,N,B,HK,882,,A,Hong Kong SAR - Nominal - Broad (64 economies),2003-04,108.3,A,F,
M,N,B,HK,882,,A,Hong Kong SAR - Nominal - Broad (64 economies),2003-05,105.83,A,F,
M,N,B,HK,882,,A,Hong Kong SAR - Nominal - Broad (64 economies),2003-06,105.66,A,F,
M,N,B,HK,882,,A,Hong Kong SAR - Nominal - Broad (64 economies),2003-07,106.28,A,F,
M,N,B,HK,882,,A,Hong Kong SAR - Nominal - Broad (64 economies),2003-08,106.84,A,F,
M,N,B,HK,882,,A,Hong Kong SAR - Nominal - Broad (64 economies),2003-09,106.06,A,F,
M,N,B,HK,882,,A,Hong Kong SAR - Nominal - Broad (64 economies),2003-10,104.81,A,F,
M,N,B,HK,882,,A,Hong Kong SAR - Nominal - Broad (64 economies),2003-11,104.61,A,F,
M,N,B,HK,882,,A,Hong Kong SAR - Nominal - Broad (64 economies),2003-12,103.21,A,F,
M,N,B,HK,882,,A,Hong Kong SAR - Nominal - Broad (64 economies),2004-01,102.12,A,F,
M,N,B,HK,882,,A,Hong Kong SAR - Nominal - Broad (64 economies),2004-02,101.76,A,F,
M,N,B,HK,882,,A,Hong Kong SAR - Nominal - Broad (64 economies),2004-03,102.53,A,F,
M,N,B,HK,882,,A,Hong Kong SAR - Nominal - Broad (64 economies),2004-04,102.52,A,F,
M,N,B,HK,882,,A,Hong Kong SAR - Nominal - Broad (64 economies),2004-05,103.74,A,F,
M,N,B,HK,882,,A,Hong Kong SAR - Nominal - Broad (64 economies),2004-06,103.13,A,F,
M,N,B,HK,882,,A,Hong Kong SAR - Nominal - Broad (64 economies),2004-07,102.82,A,F,
M,N,B,HK,882,,A,Hong Kong SAR - Nominal - Broad (64 economies),2004-08,103.32,A,F,
M,N,B,HK,882,,A,Hong Kong SAR - Nominal - Broad (64 economies),2004-09,103,A,F,
M,N,B,HK,882,,A,Hong Kong SAR - Nominal - Broad (64 economies),2004-10,102.24,A,F,
M,N,B,HK,882,,A,Hong Kong SAR - Nominal - Broad (64 economies),2004-11,100.07,A,F,
M,N,B,HK,882,,A,Hong Kong SAR - Nominal - Broad (64 economies),2004-12,98.73,A,F,
M,N,B,HK,882,,A,Hong Kong SAR - Nominal - Broad (64 economies),2005-01,98.73,A,F,
M,N,B,HK,882,,A,Hong Kong SAR - Nominal - Broad (64 economies),2005-02,98.75,A,F,
M,N,B,HK,882,,A,Hong Kong SAR - Nominal - Broad (64 economies),2005-03,98.27,A,F,
M,N,B,HK,882,,A,Hong Kong SAR - Nominal - Broad (64 economies),2005-04,99.31,A,F,
M,N,B,HK,882,,A,Hong Kong SAR - Nominal - Broad (64 economies),2005-05,99.65,A,F,
M,N,B,HK,882,,A,Hong Kong SAR - Nominal - Broad (64 economies),2005-06,101.3,A,F,
M,N,B,HK,882,,A,Hong Kong SAR - Nominal - Broad (64 economies),2005-07,102.4,A,F,
M,N,B,HK,882,,A,Hong Kong SAR - Nominal - Broad (64 economies),2005-08,101.33,A,F,
M,N,B,HK,882,,A,Hong Kong SAR - Nominal - Broad (64 economies),2005-09,101.85,A,F,
M,N,B,HK,882,,A,Hong Kong SAR - Nominal - Broad (64 economies),2005-10,103.15,A,F,
M,N,B,HK,882,,A,Hong Kong SAR - Nominal - Broad (64 economies),2005-11,104.11,A,F,
M,N,B,HK,882,,A,Hong Kong SAR - Nominal - Broad (64 economies),2005-12,103.52,A,F,
M,N,B,HK,882,,A,Hong Kong SAR - Nominal - Broad (64 economies),2006-01,101.62,A,F,
M,N,B,HK,882,,A,Hong Kong SAR - Nominal - Broad (64 economies),2006-02,101.92,A,F,
M,N,B,HK,882,,A,Hong Kong SAR - Nominal - Broad (64 economies),2006-03,101.68,A,F,
M,N,B,HK,882,,A,Hong Kong SAR - Nominal - Broad (64 economies),2006-04,100.82,A,F,
M,N,B,HK,882,,A,Hong Kong SAR - Nominal - Broad (64 economies),2006-05,99.02,A,F,
M,N,B,HK,882,,A,Hong Kong SAR - Nominal - Broad (64 economies),2006-06,100.04,A,F,
M,N,B,HK,882,,A,Hong Kong SAR - Nominal - Broad (64 economies),2006-07,99.8,A,F,
M,N,B,HK,882,,A,Hong Kong SAR - Nominal - Broad (64 economies),2006-08,99.4,A,F,
M,N,B,HK,882,,A,Hong Kong SAR - Nominal - Broad (64 economies),2006-09,99.44,A,F,
M,N,B,HK,882,,A,Hong Kong SAR - Nominal - Broad (64 economies),2006-10,99.64,A,F,
M,N,B,HK,882,,A,Hong Kong SAR - Nominal - Broad (64 economies),2006-11,98.52,A,F,
M,N,B,HK,882,,A,Hong Kong SAR - Nominal - Broad (64 economies),2006-12,97.58,A,F,
M,N,B,HK,882,,A,Hong Kong SAR - Nominal - Broad (64 economies),2007-01,97.85,A,F,
M,N,B,HK,882,,A,Hong Kong SAR - Nominal - Broad (64 economies),2007-02,97.36,A,F,
M,N,B,HK,882,,A,Hong Kong SAR - Nominal - Broad (64 economies),2007-03,96.54,A,F,
M,N,B,HK,882,,A,Hong Kong SAR - Nominal - Broad (64 economies),2007-04,95.76,A,F,
M,N,B,HK,882,,A,Hong Kong SAR - Nominal - Broad (64 economies),2007-05,95.7,A,F,
M,N,B,HK,882,,A,Hong Kong SAR - Nominal - Broad (64 economies),2007-06,96.04,A,F,
M,N,B,HK,882,,A,Hong Kong SAR - Nominal - Broad (64 economies),2007-07,94.77,A,F,
M,N,B,HK,882,,A,Hong Kong SAR - Nominal - Broad (64 economies),2007-08,94.95,A,F,
M,N,B,HK,882,,A,Hong Kong SAR - Nominal - Broad (64 economies),2007-09,94.49,A,F,
M,N,B,HK,882,,A,Hong Kong SAR - Nominal - Broad (64 economies),2007-10,93.46,A,F,
M,N,B,HK,882,,A,Hong Kong SAR - Nominal - Broad (64 economies),2007-11,91.63,A,F,
M,N,B,HK,882,,A,Hong Kong SAR - Nominal - Broad (64 economies),2007-12,91.59,A,F,
M,N,B,HK,882,,A,Hong Kong SAR - Nominal - Broad (64 economies),2008-01,90.41,A,F,
M,N,B,HK,882,,A,Hong Kong SAR - Nominal - Broad (64 economies),2008-02,89.99,A,F,
M,N,B,HK,882,,A,Hong Kong SAR - Nominal - Broad (64 economies),2008-03,88.23,A,F,
M,N,B,HK,882,,A,Hong Kong SAR - Nominal - Broad (64 economies),2008-04,87.84,A,F,
M,N,B,HK,882,,A,Hong Kong SAR - Nominal - Broad (64 economies),2008-05,88.78,A,F,
M,N,B,HK,882,,A,Hong Kong SAR - Nominal - Broad (64 economies),2008-06,89.05,A,F,
M,N,B,HK,882,,A,Hong Kong SAR - Nominal - Broad (64 economies),2008-07,88.64,A,F,
M,N,B,HK,882,,A,Hong Kong SAR - Nominal - Broad (64 economies),2008-08,90.73,A,F,
M,N,B,HK,882,,A,Hong Kong SAR - Nominal - Broad (64 economies),2008-09,92.82,A,F,
M,N,B,HK,882,,A,Hong Kong SAR - Nominal - Broad (64 economies),2008-10,96.02,A,F,
M,N,B,HK,882,,A,Hong Kong SAR - Nominal - Broad (64 economies),2008-11,97.91,A,F,
M,N,B,HK,882,,A,Hong Kong SAR - Nominal - Broad (64 economies),2008-12,96.09,A,F,
M,N,B,HK,882,,A,Hong Kong SAR - Nominal - Broad (64 economies),2009-01,96.21,A,F,
M,N,B,HK,882,,A,Hong Kong SAR - Nominal - Broad (64 economies),2009-02,98.18,A,F,
M,N,B,HK,882,,A,Hong Kong SAR - Nominal - Broad (64 economies),2009-03,99.12,A,F,
M,N,B,HK,882,,A,Hong Kong SAR - Nominal - Broad (64 economies),2009-04,97.72,A,F,
M,N,B,HK,882,,A,Hong Kong SAR - Nominal - Broad (64 economies),2009-05,95.27,A,F,
M,N,B,HK,882,,A,Hong Kong SAR - Nominal - Broad (64 economies),2009-06,94.36,A,F,
M,N,B,HK,882,,A,Hong Kong SAR - Nominal - Broad (64 economies),2009-07,94.1,A,F,
M,N,B,HK,882,,A,Hong Kong SAR - Nominal - Broad (64 economies),2009-08,93.6,A,F,
M,N,B,HK,882,,A,Hong Kong SAR - Nominal - Broad (64 economies),2009-09,92.42,A,F,
M,N,B,HK,882,,A,Hong Kong SAR - Nominal - Broad (64 economies),2009-10,91.12,A,F,
M,N,B,HK,882,,A,Hong Kong SAR - Nominal - Broad (64 economies),2009-11,90.63,A,F,
M,N,B,HK,882,,A,Hong Kong SAR - Nominal - Broad (64 economies),2009-12,91.13,A,F,
M,N,B,HK,882,,A,Hong Kong SAR - Nominal - Broad (64 economies),2010-01,91.16,A,F,
M,N,B,HK,882,,A,Hong Kong SAR - Nominal - Broad (64 economies),2010-02,92.13,A,F,
M,N,B,HK,882,,A,Hong Kong SAR - Nominal - Broad (64 economies),2010-03,91.85,A,F,
M,N,B,HK,882,,A,Hong Kong SAR - Nominal - Broad (64 economies),2010-04,91.6,A,F,
M,N,B,HK,882,,A,Hong Kong SAR - Nominal - Broad (64 economies),2010-05,93.15,A,F,
M,N,B,HK,882,,A,Hong Kong SAR - Nominal - Broad (64 economies),2010-06,93.78,A,F,
M,N,B,HK,882,,A,Hong Kong SAR - Nominal - Broad (64 economies),2010-07,92.15,A,F,
M,N,B,HK,882,,A,Hong Kong SAR - Nominal - Broad (64 economies),2010-08,91.15,A,F,
M,N,B,HK,882,,A,Hong Kong SAR - Nominal - Broad (64 economies),2010-09,90.09,A,F,
M,N,B,HK,882,,A,Hong Kong SAR - Nominal - Broad (64 economies),2010-10,87.74,A,F,
M,N,B,HK,882,,A,Hong Kong SAR - Nominal - Broad (64 economies),2010-11,88.13,A,F,
M,N,B,HK,882,,A,Hong Kong SAR - Nominal - Broad (64 economies),2010-12,88.47,A,F,
M,N,B,HK,882,,A,Hong Kong SAR - Nominal - Broad (64 economies),2011-01,87.7,A,F,
M,N,B,HK,882,,A,Hong Kong SAR - Nominal - Broad (64 economies),2011-02,87.14,A,F,
M,N,B,HK,882,,A,Hong Kong SAR - Nominal - Broad (64 economies),2011-03,86.31,A,F,
M,N,B,HK,882,,A,Hong Kong SAR - Nominal - Broad (64 economies),2011-04,85.54,A,F,
M,N,B,HK,882,,A,Hong Kong SAR - Nominal - Broad (64 economies),2011-05,85.13,A,F,
M,N,B,HK,882,,A,Hong Kong SAR - Nominal - Broad (64 economies),2011-06,84.65,A,F,
M,N,B,HK,882,,A,Hong Kong SAR - Nominal - Broad (64 economies),2011-07,84.12,A,F,
M,N,B,HK,882,,A,Hong Kong SAR - Nominal - Broad (64 economies),2011-08,83.44,A,F,
M,N,B,HK,882,,A,Hong Kong SAR - Nominal - Broad (64 economies),2011-09,85.59,A,F,
M,N,B,HK,882,,A,Hong Kong SAR - Nominal - Broad (64 economies),2011-10,86.53,A,F,
M,N,B,HK,882,,A,Hong Kong SAR - Nominal - Broad (64 economies),2011-11,86.99,A,F,
M,N,B,HK,882,,A,Hong Kong SAR - Nominal - Broad (64 economies),2011-12,87.83,A,F,
M,N,B,HK,882,,A,Hong Kong SAR - Nominal - Broad (64 economies),2012-01,87.74,A,F,
M,N,B,HK,882,,A,Hong Kong SAR - Nominal - Broad (64 economies),2012-02,86.71,A,F,
M,N,B,HK,882,,A,Hong Kong SAR - Nominal - Broad (64 economies),2012-03,87.29,A,F,
M,N,B,HK,882,,A,Hong Kong SAR - Nominal - Broad (64 economies),2012-04,87.25,A,F,
M,N,B,HK,882,,A,Hong Kong SAR - Nominal - Broad (64 economies),2012-05,88.24,A,F,
M,N,B,HK,882,,A,Hong Kong SAR - Nominal - Broad (64 economies),2012-06,89.24,A,F,
M,N,B,HK,882,,A,Hong Kong SAR - Nominal - Broad (64 economies),2012-07,89.26,A,F,
M,N,B,HK,882,,A,Hong Kong SAR - Nominal - Broad (64 economies),2012-08,88.82,A,F,
M,N,B,HK,882,,A,Hong Kong SAR - Nominal - Broad (64 economies),2012-09,87.67,A,F,
M,N,B,HK,882,,A,Hong Kong SAR - Nominal - Broad (64 economies),2012-10,87.15,A,F,
M,N,B,HK,882,,A,Hong Kong SAR - Nominal - Broad (64 economies),2012-11,87.55,A,F,
M,N,B,HK,882,,A,Hong Kong SAR - Nominal - Broad (64 economies),2012-12,87.26,A,F,
M,N,B,HK,882,,A,Hong Kong SAR - Nominal - Broad (64 economies),2013-01,87.53,A,F,
M,N,B,HK,882,,A,Hong Kong SAR - Nominal - Broad (64 economies),2013-02,88.04,A,F,
M,N,B,HK,882,,A,Hong Kong SAR - Nominal - Broad (64 economies),2013-03,88.81,A,F,
M,N,B,HK,882,,A,Hong Kong SAR - Nominal - Broad (64 economies),2013-04,88.64,A,F,
M,N,B,HK,882,,A,Hong Kong SAR - Nominal - Broad (64 economies),2013-05,89.19,A,F,
M,N,B,HK,882,,A,Hong Kong SAR - Nominal - Broad (64 economies),2013-06,89.34,A,F,
M,N,B,HK,882,,A,Hong Kong SAR - Nominal - Broad (64 economies),2013-07,90.05,A,F,
M,N,B,HK,882,,A,Hong Kong SAR - Nominal - Broad (64 economies),2013-08,89.97,A,F,
M,N,B,HK,882,,A,Hong Kong SAR - Nominal - Broad (64 economies),2013-09,89.83,A,F,
M,N,B,HK,882,,A,Hong Kong SAR - Nominal - Broad (64 economies),2013-10,88.67,A,F,
M,N,B,HK,882,,A,Hong Kong SAR - Nominal - Broad (64 economies),2013-11,89.26,A,F,
M,N,B,HK,882,,A,Hong Kong SAR - Nominal - Broad (64 economies),2013-12,89.33,A,F,
M,N,B,HK,882,,A,Hong Kong SAR - Nominal - Broad (64 economies),2014-01,89.7,A,F,
M,N,B,HK,882,,A,Hong Kong SAR - Nominal - Broad (64 economies),2014-02,89.5,A,F,
M,N,B,HK,882,,A,Hong Kong SAR - Nominal - Broad (64 economies),2014-03,89.53,A,F,
M,N,B,HK,882,,A,Hong Kong SAR - Nominal - Broad (64 economies),2014-04,89.52,A,F,
M,N,B,HK,882,,A,Hong Kong SAR - Nominal - Broad (64 economies),2014-05,89.4,A,F,
M,N,B,HK,882,,A,Hong Kong SAR - Nominal - Broad (64 economies),2014-06,89.55,A,F,
M,N,B,HK,882,,A,Hong Kong SAR - Nominal - Broad (64 economies),2014-07,89.3,A,F,
M,N,B,HK,882,,A,Hong Kong SAR - Nominal - Broad (64 economies),2014-08,89.7,A,F,
M,N,B,HK,882,,A,Hong Kong SAR - Nominal - Broad (64 economies),2014-09,90.73,A,F,
M,N,B,HK,882,,A,Hong Kong SAR - Nominal - Broad (64 economies),2014-10,91.37,A,F,
M,N,B,HK,882,,A,Hong Kong SAR - Nominal - Broad (64 economies),2014-11,92.67,A,F,
M,N,B,HK,882,,A,Hong Kong SAR - Nominal - Broad (64 economies),2014-12,93.89,A,F,
M,N,B,HK,882,,A,Hong Kong SAR - Nominal - Broad (64 economies),2015-01,94.74,A,F,
M,N,B,HK,882,,A,Hong Kong SAR - Nominal - Broad (64 economies),2015-02,95.3,A,F,
M,N,B,HK,882,,A,Hong Kong SAR - Nominal - Broad (64 economies),2015-03,96.46,A,F,
M,N,B,HK,882,,A,Hong Kong SAR - Nominal - Broad (64 economies),2015-04,95.81,A,F,
M,N,B,HK,882,,A,Hong Kong SAR - Nominal - Broad (64 economies),2015-05,95.3,A,F,
M,N,B,HK,882,,A,Hong Kong SAR - Nominal - Broad (64 economies),2015-06,95.7,A,F,
M,N,B,HK,882,,A,Hong Kong SAR - Nominal - Broad (64 economies),2015-07,96.41,A,F,
M,N,B,HK,882,,A,Hong Kong SAR - Nominal - Broad (64 economies),2015-08,97.86,A,F,
M,N,B,HK,882,,A,Hong Kong SAR - Nominal - Broad (64 economies),2015-09,98.4,A,F,
M,N,B,HK,882,,A,Hong Kong SAR - Nominal - Broad (64 economies),2015-10,97.78,A,F,
M,N,B,HK,882,,A,Hong Kong SAR - Nominal - Broad (64 economies),2015-11,99.1,A,F,
M,N,B,HK,882,,A,Hong Kong SAR - Nominal - Broad (64 economies),2015-12,99.32,A,F,
M,N,B,HK,882,,A,Hong Kong SAR - Nominal - Broad (64 economies),2016-01,100.01,A,F,
M,N,B,HK,882,,A,Hong Kong SAR - Nominal - Broad (64 economies),2016-02,99.07,A,F,
M,N,B,HK,882,,A,Hong Kong SAR - Nominal - Broad (64 economies),2016-03,98.17,A,F,
M,N,B,HK,882,,A,Hong Kong SAR - Nominal - Broad (64 economies),2016-04,97,A,F,
M,N,B,HK,882,,A,Hong Kong SAR - Nominal - Broad (64 economies),2016-05,97.63,A,F,
M,N,B,HK,882,,A,Hong Kong SAR - Nominal - Broad (64 economies),2016-06,97.56,A,F,
M,N,B,HK,882,,A,Hong Kong SAR - Nominal - Broad (64 economies),2016-07,98.11,A,F,
M,N,B,HK,882,,A,Hong Kong SAR - Nominal - Broad (64 economies),2016-08,97.37,A,F,
M,N,B,HK,882,,A,Hong Kong SAR - Nominal - Broad (64 economies),2016-09,97.69,A,F,
M,N,B,HK,882,,A,Hong Kong SAR - Nominal - Broad (64 economies),2016-10,98.84,A,F,
M,N,B,HK,882,,A,Hong Kong SAR - Nominal - Broad (64 economies),2016-11,100.5,A,F,
M,N,B,HK,882,,A,Hong Kong SAR - Nominal - Broad (64 economies),2016-12,102.13,A,F,
M,N,B,HK,882,,A,Hong Kong SAR - Nominal - Broad (64 economies),2017-01,101.77,A,F,
M,N,B,HK,882,,A,Hong Kong SAR - Nominal - Broad (64 economies),2017-02,100.95,A,F,
M,N,B,HK,882,,A,Hong Kong SAR - Nominal - Broad (64 economies),2017-03,100.69,A,F,
M,N,B,HK,882,,A,Hong Kong SAR - Nominal - Broad (64 economies),2017-04,100.02,A,F,
M,N,B,HK,882,,A,Hong Kong SAR - Nominal - Broad (64 economies),2017-05,99.37,A,F,
M,N,B,HK,882,,A,Hong Kong SAR - Nominal - Broad (64 economies),2017-06,98.38,A,F,
M,N,B,HK,882,,A,Hong Kong SAR - Nominal - Broad (64 economies),2017-07,97.73,A,F,
M,N,B,HK,882,,A,Hong Kong SAR - Nominal - Broad (64 economies),2017-08,96.59,A,F,
M,N,B,HK,882,,A,Hong Kong SAR - Nominal - Broad (64 economies),2017-09,95.95,A,F,
M,N,B,HK,882,,A,Hong Kong SAR - Nominal - Broad (64 economies),2017-10,96.93,A,F,
M,N,B,HK,882,,A,Hong Kong SAR - Nominal - Broad (64 economies),2017-11,96.78,A,F,
M,N,B,HK,882,,A,Hong Kong SAR - Nominal - Broad (64 economies),2017-12,96.08,A,F,
M,N,B,HK,882,,A,Hong Kong SAR - Nominal - Broad (64 economies),2018-01,94.16,A,F,
M,N,B,HK,882,,A,Hong Kong SAR - Nominal - Broad (64 economies),2018-02,93.36,A,F,
M,N,B,HK,882,,A,Hong Kong SAR - Nominal - Broad (64 economies),2018-03,93.07,A,F,
M,N,B,HK,882,,A,Hong Kong SAR - Nominal - Broad (64 economies),2018-04,93.23,A,F,
M,N,B,HK,882,,A,Hong Kong SAR - Nominal - Broad (64 economies),2018-05,94.95,A,F,
M,N,B,HK,882,,A,Hong Kong SAR - Nominal - Broad (64 economies),2018-06,95.81,A,F,
M,N,B,HK,882,,A,Hong Kong SAR - Nominal - Broad (64 economies),2018-07,97.38,A,F,
M,N,B,HK,882,,A,Hong Kong SAR - Nominal - Broad (64 economies),2018-08,98.26,A,F,
M,N,B,HK,882,,A,Hong Kong SAR - Nominal - Broad (64 economies),2018-09,98.61,A,F,
M,N,B,HK,882,,A,Hong Kong SAR - Nominal - Broad (64 economies),2018-10,99.44,A,F,
M,N,B,HK,882,,A,Hong Kong SAR - Nominal - Broad (64 economies),2018-11,99.51,A,F,
M,N,B,HK,882,,A,Hong Kong SAR - Nominal - Broad (64 economies),2018-12,99.19,A,F,
M,N,B,HK,882,,A,Hong Kong SAR - Nominal - Broad (64 economies),2019-01,97.95,A,F,
M,N,B,HK,882,,A,Hong Kong SAR - Nominal - Broad (64 economies),2019-02,97.7,A,F,
M,N,B,HK,882,,A,Hong Kong SAR - Nominal - Broad (64 economies),2019-03,97.62,A,F,
M,N,B,HK,882,,A,Hong Kong SAR - Nominal - Broad (64 economies),2019-04,97.88,A,F,
M,N,B,HK,882,,A,Hong Kong SAR - Nominal - Broad (64 economies),2019-05,98.79,A,F,
M,N,B,HK,882,,A,Hong Kong SAR - Nominal - Broad (64 economies),2019-06,98.68,A,F,
M,N,B,HK,882,,A,Hong Kong SAR - Nominal - Broad (64 economies),2019-07,98.66,A,F,
M,N,B,HK,882,,A,Hong Kong SAR - Nominal - Broad (64 economies),2019-08,99.75,A,F,
M,N,B,HK,882,,A,Hong Kong SAR - Nominal - Broad (64 economies),2019-09,100.12,A,F,
M,N,B,HK,882,,A,Hong Kong SAR - Nominal - Broad (64 economies),2019-10,99.69,A,F,
M,N,B,HK,882,,A,Hong Kong SAR - Nominal - Broad (64 economies),2019-11,99.35,A,F,
M,N,B,HK,882,,A,Hong Kong SAR - Nominal - Broad (64 economies),2019-12,99.39,A,F,
M,N,B,HK,882,,A,Hong Kong SAR - Nominal - Broad (64 economies),2020-01,99.27,A,F,
M,N,B,HK,882,,A,Hong Kong SAR - Nominal - Broad (64 economies),2020-02,100.73,A,F,
M,N,B,HK,882,,A,Hong Kong SAR - Nominal - Broad (64 economies),2020-03,101.93,A,F,
M,N,B,HK,882,,A,Hong Kong SAR - Nominal - Broad (64 economies),2020-04,102.92,A,F,
M,N,B,HK,882,,A,Hong Kong SAR - Nominal - Broad (64 economies),2020-05,102.7,A,F,
M,N,B,HK,882,,A,Hong Kong SAR - Nominal - Broad (64 economies),2020-06,101.46,A,F,
M,N,B,HK,882,,A,Hong Kong SAR - Nominal - Broad (64 economies),2020-07,100.64,A,F,
M,N,B,HK,882,,A,Hong Kong SAR - Nominal - Broad (64 economies),2020-08,99.33,A,F,
M,N,B,HK,882,,A,Hong Kong SAR - Nominal - Broad (64 economies),2020-09,98.85,A,F,
M,N,B,HK,882,,A,Hong Kong SAR - Nominal - Broad (64 economies),2020-10,98.44,A,F,
M,N,B,HK,882,,A,Hong Kong SAR - Nominal - Broad (64 economies),2020-11,97.45,A,F,
M,N,B,HK,882,,A,Hong Kong SAR - Nominal - Broad (64 economies),2020-12,96.28,A,F,
M,N,B,HK,882,,A,Hong Kong SAR - Nominal - Broad (64 economies),2021-01,95.75,A,F,
M,N,B,HK,882,,A,Hong Kong SAR - Nominal - Broad (64 economies),2021-02,95.89,A,F,
M,N,B,HK,882,,A,Hong Kong SAR - Nominal - Broad (64 economies),2021-03,96.9,A,F,
M,N,B,HK,882,,A,Hong Kong SAR - Nominal - Broad (64 economies),2021-04,96.83,A,F,
M,N,B,HK,882,,A,Hong Kong SAR - Nominal - Broad (64 economies),2021-05,96.02,A,F,
M,N,B,HK,882,,A,Hong Kong SAR - Nominal - Broad (64 economies),2021-06,96.33,A,F,
M,N,B,HK,882,,A,Hong Kong SAR - Nominal - Broad (64 economies),2021-07,97.48,A,F,
M,N,B,HK,882,,A,Hong Kong SAR - Nominal - Broad (64 economies),2021-08,97.32,A,F,
M,N,B,HK,882,,A,Hong Kong SAR - Nominal - Broad (64 economies),2021-09,97.14,A,F,
M,N,B,HK,882,,A,Hong Kong SAR - Nominal - Broad (64 economies),2021-10,97.54,A,F,
M,N,B,HK,882,,A,Hong Kong SAR - Nominal - Broad (64 economies),2021-11,97.64,A,F,
M,N,B,HK,882,,A,Hong Kong SAR - Nominal - Broad (64 economies),2021-12,97.93,A,F,
M,N,B,HK,882,,A,Hong Kong SAR - Nominal - Broad (64 economies),2022-01,97.69,A,F,
M,N,B,HK,882,,A,Hong Kong SAR - Nominal - Broad (64 economies),2022-02,97.5,A,F,
M,N,B,HK,882,,A,Hong Kong SAR - Nominal - Broad (64 economies),2022-03,98.34,A,F,
M,N,B,HK,882,,A,Hong Kong SAR - Nominal - Broad (64 economies),2022-04,99.14,A,F,
M,N,B,HK,882,,A,Hong Kong SAR - Nominal - Broad (64 economies),2022-05,101.21,A,F,
M,N,B,HK,882,,A,Hong Kong SAR - Nominal - Broad (64 economies),2022-06,101.67,A,F,
M,N,B,HK,882,,A,Hong Kong SAR - Nominal - Broad (64 economies),2022-07,103.07,A,F,
M,N,B,HK,882,,A,Hong Kong SAR - Nominal - Broad (64 economies),2022-08,102.96,A,F,
M,N,B,HK,882,,A,Hong Kong SAR - Nominal - Broad (64 economies),2022-09,105.51,A,F,
M,N,B,HK,882,,A,Hong Kong SAR - Nominal - Broad (64 economies),2022-10,107.25,A,F,
M,N,B,HK,882,,A,Hong Kong SAR - Nominal - Broad (64 economies),2022-11,105.47,A,F,
M,N,B,HK,882,,A,Hong Kong SAR - Nominal - Broad (64 economies),2022-12,103.35,A,F,
M,N,B,HK,882,,A,Hong Kong SAR - Nominal - Broad (64 economies),2023-01,101.1,A,F,
M,N,B,HK,882,,A,Hong Kong SAR - Nominal - Broad (64 economies),2023-02,101.36,A,F,
M,N,B,HK,882,,A,Hong Kong SAR - Nominal - Broad (64 economies),2023-03,101.93,A,F,
M,N,B,HK,882,,A,Hong Kong SAR - Nominal - Broad (64 economies),2023-04,101.25,A,F,
M,N,B,HK,882,,A,Hong Kong SAR - Nominal - Broad (64 economies),2023-05,102.26,A,F,
M,N,B,HK,882,,A,Hong Kong SAR - Nominal - Broad (64 economies),2023-06,103.48,A,F,
M,N,B,HK,882,,A,Hong Kong SAR - Nominal - Broad (64 economies),2023-07,103.07,A,F,
M,N,B,HK,882,,A,Hong Kong SAR - Nominal - Broad (64 economies),2023-08,104.15,A,F,
M,N,B,HK,882,,A,Hong Kong SAR - Nominal - Broad (64 economies),2023-09,105.24,A,F,
M,N,B,HK,882,,A,Hong Kong SAR - Nominal - Broad (64 economies),2023-10,105.93,A,F,
M,N,B,HK,882,,A,Hong Kong SAR - Nominal - Broad (64 economies),2023-11,104.82,A,F,
M,N,B,HK,882,,A,Hong Kong SAR - Nominal - Broad (64 economies),2023-12,103.52,A,F,
M,N,B,HK,882,,A,Hong Kong SAR - Nominal - Broad (64 economies),2024-01,103.75,A,F,
M,N,B,HK,882,,A,Hong Kong SAR - Nominal - Broad (64 economies),2024-02,104.41,A,F,
M,N,B,HK,882,,A,Hong Kong SAR - Nominal - Broad (64 economies),2024-03,104.31,A,F,
M,N,B,HK,882,,A,Hong Kong SAR - Nominal - Broad (64 economies),2024-04,105.36,A,F,
M,N,B,HK,882,,A,Hong Kong SAR - Nominal - Broad (64 economies),2024-05,105.43,A,F,
M,N,B,HK,882,,A,Hong Kong SAR - Nominal - Broad (64 economies),2024-06,105.64,A,F,
M,N,B,HK,882,,A,Hong Kong SAR - Nominal - Broad (64 economies),2024-07,105.36,A,F,
M,N,B,HK,882,,A,Hong Kong SAR - Nominal - Broad (64 economies),2024-08,103.34,A,F,
M,N,B,HK,882,,A,Hong Kong SAR - Nominal - Broad (64 economies),2024-09,102.12,A,F,
M,N,B,HK,882,,A,Hong Kong SAR - Nominal - Broad (64 economies),2024-10,103.46,A,F,
M,N,B,HK,882,,A,Hong Kong SAR - Nominal - Broad (64 economies),2024-11,105.23,A,F,
M,N,B,HK,882,,A,Hong Kong SAR - Nominal - Broad (64 economies),2024-12,106.2,A,F,
M,N,B,HK,882,,A,Hong Kong SAR - Nominal - Broad (64 economies),2025-01,106.81,A,F,
M,N,B,HK,882,,A,Hong Kong SAR - Nominal - Broad (64 economies),2025-02,106.05,A,F,
M,N,B,HK,882,,A,Hong Kong SAR - Nominal - Broad (64 economies),2025-03,105.1,A,F,
M,N,B,HK,882,,A,Hong Kong SAR - Nominal - Broad (64 economies),2025-04,104.07,A,F,
M,N,B,HK,882,,A,Hong Kong SAR - Nominal - Broad (64 economies),2025-05,102.24,A,F,
M,N,B,HK,882,,A,Hong Kong SAR - Nominal - Broad (64 economies),2025-06,100.96,A,F,
M,N,B,HK,882,,A,Hong Kong SAR - Nominal - Broad (64 economies),2025-07,100.73,A,F,
M,N,B,HK,882,,A,Hong Kong SAR - Nominal - Broad (64 economies),2025-08,101.39,A,F,
M,N,B,HK,882,,A,Hong Kong SAR - Nominal - Broad (64 economies),2025-09,101.6,A,F,
M,N,B,HK,882,,A,Hong Kong SAR - Nominal - Broad (64 economies),2025-10,102.33,A,F,
M,N,B,HK,882,,A,Hong Kong SAR - Nominal - Broad (64 economies),2025-11,102.65,A,F,
M,N,B,HK,882,,A,Hong Kong SAR - Nominal - Broad (64 economies),2025-12,101.84,A,F,
M,N,B,HK,882,,A,Hong Kong SAR - Nominal - Broad (64 economies),2026-01,101.08,A,F,
M,N,B,HK,882,,A,Hong Kong SAR - Nominal - Broad (64 economies),2026-02,99.87,A,F,
M,N,B,HK,882,,A,Hong Kong SAR - Nominal - Broad (64 economies),2026-03,100.81,A,F,
M,N,B,HK,882,,A,Hong Kong SAR - Nominal - Broad (64 economies),2026-04,100.38,A,F,
M,N,B,HK,882,,A,Hong Kong SAR - Nominal - Broad (64 economies),2026-05,100.28,A,F,
M,N,B,HK,882,,A,Hong Kong SAR - Nominal - Broad (64 economies),2026-06,100.89,A,F,
M,N,B,HK,882,,A,Hong Kong SAR - Nominal - Broad (64 economies),2026-07,101.34,A,F,
M,N,B,HK,882,,A,Hong Kong SAR - Nominal - Broad (64 economies),2026-08,100.44,A,F,
M,N,B,ID,882,,A,Indonesia - Nominal - Broad (64 economies),1994-01,641.84,A,F,
M,N,B,ID,882,,A,Indonesia - Nominal - Broad (64 economies),1994-02,630.38,A,F,
M,N,B,ID,882,,A,Indonesia - Nominal - Broad (64 economies),1994-03,619.78,A,F,
M,N,B,ID,882,,A,Indonesia - Nominal - Broad (64 economies),1994-04,616.86,A,F,
M,N,B,ID,882,,A,Indonesia - Nominal - Broad (64 economies),1994-05,613.84,A,F,
M,N,B,ID,882,,A,Indonesia - Nominal - Broad (64 economies),1994-06,609.11,A,F,
M,N,B,ID,882,,A,Indonesia - Nominal - Broad (64 economies),1994-07,597.63,A,F,
M,N,B,ID,882,,A,Indonesia - Nominal - Broad (64 economies),1994-08,599.48,A,F,
M,N,B,ID,882,,A,Indonesia - Nominal - Broad (64 economies),1994-09,592.17,A,F,
M,N,B,ID,882,,A,Indonesia - Nominal - Broad (64 economies),1994-10,589.39,A,F,
M,N,B,ID,882,,A,Indonesia - Nominal - Broad (64 economies),1994-11,589.58,A,F,
M,N,B,ID,882,,A,Indonesia - Nominal - Broad (64 economies),1994-12,592.98,A,F,
M,N,B,ID,882,,A,Indonesia - Nominal - Broad (64 economies),1995-01,584.02,A,F,
M,N,B,ID,882,,A,Indonesia - Nominal - Broad (64 economies),1995-02,579.48,A,F,
M,N,B,ID,882,,A,Indonesia - Nominal - Broad (64 economies),1995-03,558.66,A,F,
M,N,B,ID,882,,A,Indonesia - Nominal - Broad (64 economies),1995-04,541.83,A,F,
M,N,B,ID,882,,A,Indonesia - Nominal - Broad (64 economies),1995-05,545.33,A,F,
M,N,B,ID,882,,A,Indonesia - Nominal - Broad (64 economies),1995-06,544.32,A,F,
M,N,B,ID,882,,A,Indonesia - Nominal - Broad (64 economies),1995-07,547.18,A,F,
M,N,B,ID,882,,A,Indonesia - Nominal - Broad (64 economies),1995-08,559.59,A,F,
M,N,B,ID,882,,A,Indonesia - Nominal - Broad (64 economies),1995-09,566.35,A,F,
M,N,B,ID,882,,A,Indonesia - Nominal - Broad (64 economies),1995-10,563.98,A,F,
M,N,B,ID,882,,A,Indonesia - Nominal - Broad (64 economies),1995-11,562.71,A,F,
M,N,B,ID,882,,A,Indonesia - Nominal - Broad (64 economies),1995-12,564.39,A,F,
M,N,B,ID,882,,A,Indonesia - Nominal - Broad (64 economies),1996-01,570.73,A,F,
M,N,B,ID,882,,A,Indonesia - Nominal - Broad (64 economies),1996-02,568.07,A,F,
M,N,B,ID,882,,A,Indonesia - Nominal - Broad (64 economies),1996-03,561.42,A,F,
M,N,B,ID,882,,A,Indonesia - Nominal - Broad (64 economies),1996-04,564.65,A,F,
M,N,B,ID,882,,A,Indonesia - Nominal - Broad (64 economies),1996-05,565.61,A,F,
M,N,B,ID,882,,A,Indonesia - Nominal - Broad (64 economies),1996-06,568.93,A,F,
M,N,B,ID,882,,A,Indonesia - Nominal - Broad (64 economies),1996-07,567.34,A,F,
M,N,B,ID,882,,A,Indonesia - Nominal - Broad (64 economies),1996-08,562.84,A,F,
M,N,B,ID,882,,A,Indonesia - Nominal - Broad (64 economies),1996-09,569.82,A,F,
M,N,B,ID,882,,A,Indonesia - Nominal - Broad (64 economies),1996-10,575.37,A,F,
M,N,B,ID,882,,A,Indonesia - Nominal - Broad (64 economies),1996-11,569.37,A,F,
M,N,B,ID,882,,A,Indonesia - Nominal - Broad (64 economies),1996-12,570.55,A,F,
M,N,B,ID,882,,A,Indonesia - Nominal - Broad (64 economies),1997-01,576.16,A,F,
M,N,B,ID,882,,A,Indonesia - Nominal - Broad (64 economies),1997-02,585.6,A,F,
M,N,B,ID,882,,A,Indonesia - Nominal - Broad (64 economies),1997-03,582.16,A,F,
M,N,B,ID,882,,A,Indonesia - Nominal - Broad (64 economies),1997-04,582.95,A,F,
M,N,B,ID,882,,A,Indonesia - Nominal - Broad (64 economies),1997-05,572.11,A,F,
M,N,B,ID,882,,A,Indonesia - Nominal - Broad (64 economies),1997-06,566.37,A,F,
M,N,B,ID,882,,A,Indonesia - Nominal - Broad (64 economies),1997-07,559.07,A,F,
M,N,B,ID,882,,A,Indonesia - Nominal - Broad (64 economies),1997-08,526.36,A,F,
M,N,B,ID,882,,A,Indonesia - Nominal - Broad (64 economies),1997-09,480.45,A,F,
M,N,B,ID,882,,A,Indonesia - Nominal - Broad (64 economies),1997-10,403.39,A,F,
M,N,B,ID,882,,A,Indonesia - Nominal - Broad (64 economies),1997-11,427.75,A,F,
M,N,B,ID,882,,A,Indonesia - Nominal - Broad (64 economies),1997-12,319.59,A,F,
M,N,B,ID,882,,A,Indonesia - Nominal - Broad (64 economies),1998-01,171.05,A,F,
M,N,B,ID,882,,A,Indonesia - Nominal - Broad (64 economies),1998-02,174.26,A,F,
M,N,B,ID,882,,A,Indonesia - Nominal - Broad (64 economies),1998-03,164.84,A,F,
M,N,B,ID,882,,A,Indonesia - Nominal - Broad (64 economies),1998-04,194.21,A,F,
M,N,B,ID,882,,A,Indonesia - Nominal - Broad (64 economies),1998-05,162.88,A,F,
M,N,B,ID,882,,A,Indonesia - Nominal - Broad (64 economies),1998-06,120.32,A,F,
M,N,B,ID,882,,A,Indonesia - Nominal - Broad (64 economies),1998-07,114.12,A,F,
M,N,B,ID,882,,A,Indonesia - Nominal - Broad (64 economies),1998-08,132.33,A,F,
M,N,B,ID,882,,A,Indonesia - Nominal - Broad (64 economies),1998-09,142.59,A,F,
M,N,B,ID,882,,A,Indonesia - Nominal - Broad (64 economies),1998-10,175.07,A,F,
M,N,B,ID,882,,A,Indonesia - Nominal - Broad (64 economies),1998-11,194.5,A,F,
M,N,B,ID,882,,A,Indonesia - Nominal - Broad (64 economies),1998-12,193.28,A,F,
M,N,B,ID,882,,A,Indonesia - Nominal - Broad (64 economies),1999-01,172.82,A,F,
M,N,B,ID,882,,A,Indonesia - Nominal - Broad (64 economies),1999-02,171.42,A,F,
M,N,B,ID,882,,A,Indonesia - Nominal - Broad (64 economies),1999-03,171.19,A,F,
M,N,B,ID,882,,A,Indonesia - Nominal - Broad (64 economies),1999-04,177,A,F,
M,N,B,ID,882,,A,Indonesia - Nominal - Broad (64 economies),1999-05,192.38,A,F,
M,N,B,ID,882,,A,Indonesia - Nominal - Broad (64 economies),1999-06,208.41,A,F,
M,N,B,ID,882,,A,Indonesia - Nominal - Broad (64 economies),1999-07,226.46,A,F,
M,N,B,ID,882,,A,Indonesia - Nominal - Broad (64 economies),1999-08,203.13,A,F,
M,N,B,ID,882,,A,Indonesia - Nominal - Broad (64 economies),1999-09,180.65,A,F,
M,N,B,ID,882,,A,Indonesia - Nominal - Broad (64 economies),1999-10,197.12,A,F,
M,N,B,ID,882,,A,Indonesia - Nominal - Broad (64 economies),1999-11,212.86,A,F,
M,N,B,ID,882,,A,Indonesia - Nominal - Broad (64 economies),1999-12,208.1,A,F,
M,N,B,ID,882,,A,Indonesia - Nominal - Broad (64 economies),2000-01,204.8,A,F,
M,N,B,ID,882,,A,Indonesia - Nominal - Broad (64 economies),2000-02,203.93,A,F,
M,N,B,ID,882,,A,Indonesia - Nominal - Broad (64 economies),2000-03,202.46,A,F,
M,N,B,ID,882,,A,Indonesia - Nominal - Broad (64 economies),2000-04,194.97,A,F,
M,N,B,ID,882,,A,Indonesia - Nominal - Broad (64 economies),2000-05,184.75,A,F,
M,N,B,ID,882,,A,Indonesia - Nominal - Broad (64 economies),2000-06,176.91,A,F,
M,N,B,ID,882,,A,Indonesia - Nominal - Broad (64 economies),2000-07,167.4,A,F,
M,N,B,ID,882,,A,Indonesia - Nominal - Broad (64 economies),2000-08,183.32,A,F,
M,N,B,ID,882,,A,Indonesia - Nominal - Broad (64 economies),2000-09,180.82,A,F,
M,N,B,ID,882,,A,Indonesia - Nominal - Broad (64 economies),2000-10,176.58,A,F,
M,N,B,ID,882,,A,Indonesia - Nominal - Broad (64 economies),2000-11,169.86,A,F,
M,N,B,ID,882,,A,Indonesia - Nominal - Broad (64 economies),2000-12,167.74,A,F,
M,N,B,ID,882,,A,Indonesia - Nominal - Broad (64 economies),2001-01,167.66,A,F,
M,N,B,ID,882,,A,Indonesia - Nominal - Broad (64 economies),2001-02,165.12,A,F,
M,N,B,ID,882,,A,Indonesia - Nominal - Broad (64 economies),2001-03,158.89,A,F,
M,N,B,ID,882,,A,Indonesia - Nominal - Broad (64 economies),2001-04,147.7,A,F,
M,N,B,ID,882,,A,Indonesia - Nominal - Broad (64 economies),2001-05,145.65,A,F,
M,N,B,ID,882,,A,Indonesia - Nominal - Broad (64 economies),2001-06,146.16,A,F,
M,N,B,ID,882,,A,Indonesia - Nominal - Broad (64 economies),2001-07,152.85,A,F,
M,N,B,ID,882,,A,Indonesia - Nominal - Broad (64 economies),2001-08,182.02,A,F,
M,N,B,ID,882,,A,Indonesia - Nominal - Broad (64 economies),2001-09,174.6,A,F,
M,N,B,ID,882,,A,Indonesia - Nominal - Broad (64 economies),2001-10,162.43,A,F,
M,N,B,ID,882,,A,Indonesia - Nominal - Broad (64 economies),2001-11,155.73,A,F,
M,N,B,ID,882,,A,Indonesia - Nominal - Broad (64 economies),2001-12,161.51,A,F,
M,N,B,ID,882,,A,Indonesia - Nominal - Broad (64 economies),2002-01,161.43,A,F,
M,N,B,ID,882,,A,Indonesia - Nominal - Broad (64 economies),2002-02,164.78,A,F,
M,N,B,ID,882,,A,Indonesia - Nominal - Broad (64 economies),2002-03,169.01,A,F,
M,N,B,ID,882,,A,Indonesia - Nominal - Broad (64 economies),2002-04,175.95,A,F,
M,N,B,ID,882,,A,Indonesia - Nominal - Broad (64 economies),2002-05,179.91,A,F,
M,N,B,ID,882,,A,Indonesia - Nominal - Broad (64 economies),2002-06,185.04,A,F,
M,N,B,ID,882,,A,Indonesia - Nominal - Broad (64 economies),2002-07,176.04,A,F,
M,N,B,ID,882,,A,Indonesia - Nominal - Broad (64 economies),2002-08,178.53,A,F,
M,N,B,ID,882,,A,Indonesia - Nominal - Broad (64 economies),2002-09,178.77,A,F,
M,N,B,ID,882,,A,Indonesia - Nominal - Broad (64 economies),2002-10,176.69,A,F,
M,N,B,ID,882,,A,Indonesia - Nominal - Broad (64 economies),2002-11,176.09,A,F,
M,N,B,ID,882,,A,Indonesia - Nominal - Broad (64 economies),2002-12,178.27,A,F,
M,N,B,ID,882,,A,Indonesia - Nominal - Broad (64 economies),2003-01,175.99,A,F,
M,N,B,ID,882,,A,Indonesia - Nominal - Broad (64 economies),2003-02,175.89,A,F,
M,N,B,ID,882,,A,Indonesia - Nominal - Broad (64 economies),2003-03,175.45,A,F,
M,N,B,ID,882,,A,Indonesia - Nominal - Broad (64 economies),2003-04,177.99,A,F,
M,N,B,ID,882,,A,Indonesia - Nominal - Broad (64 economies),2003-05,181.9,A,F,
M,N,B,ID,882,,A,Indonesia - Nominal - Broad (64 economies),2003-06,185.81,A,F,
M,N,B,ID,882,,A,Indonesia - Nominal - Broad (64 economies),2003-07,184.45,A,F,
M,N,B,ID,882,,A,Indonesia - Nominal - Broad (64 economies),2003-08,181.55,A,F,
M,N,B,ID,882,,A,Indonesia - Nominal - Broad (64 economies),2003-09,180.72,A,F,
M,N,B,ID,882,,A,Indonesia - Nominal - Broad (64 economies),2003-10,177.4,A,F,
M,N,B,ID,882,,A,Indonesia - Nominal - Broad (64 economies),2003-11,175.98,A,F,
M,N,B,ID,882,,A,Indonesia - Nominal - Broad (64 economies),2003-12,173.89,A,F,
M,N,B,ID,882,,A,Indonesia - Nominal - Broad (64 economies),2004-01,173.97,A,F,
M,N,B,ID,882,,A,Indonesia - Nominal - Broad (64 economies),2004-02,172.45,A,F,
M,N,B,ID,882,,A,Indonesia - Nominal - Broad (64 economies),2004-03,171.46,A,F,
M,N,B,ID,882,,A,Indonesia - Nominal - Broad (64 economies),2004-04,170.72,A,F,
M,N,B,ID,882,,A,Indonesia - Nominal - Broad (64 economies),2004-05,165.84,A,F,
M,N,B,ID,882,,A,Indonesia - Nominal - Broad (64 economies),2004-06,157.9,A,F,
M,N,B,ID,882,,A,Indonesia - Nominal - Broad (64 economies),2004-07,163.57,A,F,
M,N,B,ID,882,,A,Indonesia - Nominal - Broad (64 economies),2004-08,160.56,A,F,
M,N,B,ID,882,,A,Indonesia - Nominal - Broad (64 economies),2004-09,161.24,A,F,
M,N,B,ID,882,,A,Indonesia - Nominal - Broad (64 economies),2004-10,161.09,A,F,
M,N,B,ID,882,,A,Indonesia - Nominal - Broad (64 economies),2004-11,158.59,A,F,
M,N,B,ID,882,,A,Indonesia - Nominal - Broad (64 economies),2004-12,152.89,A,F,
M,N,B,ID,882,,A,Indonesia - Nominal - Broad (64 economies),2005-01,153.73,A,F,
M,N,B,ID,882,,A,Indonesia - Nominal - Broad (64 economies),2005-02,153.05,A,F,
M,N,B,ID,882,,A,Indonesia - Nominal - Broad (64 economies),2005-03,150.39,A,F,
M,N,B,ID,882,,A,Indonesia - Nominal - Broad (64 economies),2005-04,149.18,A,F,
M,N,B,ID,882,,A,Indonesia - Nominal - Broad (64 economies),2005-05,150.72,A,F,
M,N,B,ID,882,,A,Indonesia - Nominal - Broad (64 economies),2005-06,150.43,A,F,
M,N,B,ID,882,,A,Indonesia - Nominal - Broad (64 economies),2005-07,149.27,A,F,
M,N,B,ID,882,,A,Indonesia - Nominal - Broad (64 economies),2005-08,144.79,A,F,
M,N,B,ID,882,,A,Indonesia - Nominal - Broad (64 economies),2005-09,141.81,A,F,
M,N,B,ID,882,,A,Indonesia - Nominal - Broad (64 economies),2005-10,145.64,A,F,
M,N,B,ID,882,,A,Indonesia - Nominal - Broad (64 economies),2005-11,147.7,A,F,
M,N,B,ID,882,,A,Indonesia - Nominal - Broad (64 economies),2005-12,149.83,A,F,
M,N,B,ID,882,,A,Indonesia - Nominal - Broad (64 economies),2006-01,152.87,A,F,
M,N,B,ID,882,,A,Indonesia - Nominal - Broad (64 economies),2006-02,157.16,A,F,
M,N,B,ID,882,,A,Indonesia - Nominal - Broad (64 economies),2006-03,158.46,A,F,
M,N,B,ID,882,,A,Indonesia - Nominal - Broad (64 economies),2006-04,161.04,A,F,
M,N,B,ID,882,,A,Indonesia - Nominal - Broad (64 economies),2006-05,156.17,A,F,
M,N,B,ID,882,,A,Indonesia - Nominal - Broad (64 economies),2006-06,152.45,A,F,
M,N,B,ID,882,,A,Indonesia - Nominal - Broad (64 economies),2006-07,156.2,A,F,
M,N,B,ID,882,,A,Indonesia - Nominal - Broad (64 economies),2006-08,156.27,A,F,
M,N,B,ID,882,,A,Indonesia - Nominal - Broad (64 economies),2006-09,155.63,A,F,
M,N,B,ID,882,,A,Indonesia - Nominal - Broad (64 economies),2006-10,155.73,A,F,
M,N,B,ID,882,,A,Indonesia - Nominal - Broad (64 economies),2006-11,154.42,A,F,
M,N,B,ID,882,,A,Indonesia - Nominal - Broad (64 economies),2006-12,153.67,A,F,
M,N,B,ID,882,,A,Indonesia - Nominal - Broad (64 economies),2007-01,154.82,A,F,
M,N,B,ID,882,,A,Indonesia - Nominal - Broad (64 economies),2007-02,154.37,A,F,
M,N,B,ID,882,,A,Indonesia - Nominal - Broad (64 economies),2007-03,151.24,A,F,
M,N,B,ID,882,,A,Indonesia - Nominal - Broad (64 economies),2007-04,151.45,A,F,
M,N,B,ID,882,,A,Indonesia - Nominal - Broad (64 economies),2007-05,156.2,A,F,
M,N,B,ID,882,,A,Indonesia - Nominal - Broad (64 economies),2007-06,153.89,A,F,
M,N,B,ID,882,,A,Indonesia - Nominal - Broad (64 economies),2007-07,150.36,A,F,
M,N,B,ID,882,,A,Indonesia - Nominal - Broad (64 economies),2007-08,145.77,A,F,
M,N,B,ID,882,,A,Indonesia - Nominal - Broad (64 economies),2007-09,145.5,A,F,
M,N,B,ID,882,,A,Indonesia - Nominal - Broad (64 economies),2007-10,146.58,A,F,
M,N,B,ID,882,,A,Indonesia - Nominal - Broad (64 economies),2007-11,141.57,A,F,
M,N,B,ID,882,,A,Indonesia - Nominal - Broad (64 economies),2007-12,140.73,A,F,
M,N,B,ID,882,,A,Indonesia - Nominal - Broad (64 economies),2008-01,138.18,A,F,
M,N,B,ID,882,,A,Indonesia - Nominal - Broad (64 economies),2008-02,140.74,A,F,
M,N,B,ID,882,,A,Indonesia - Nominal - Broad (64 economies),2008-03,138,A,F,
M,N,B,ID,882,,A,Indonesia - Nominal - Broad (64 economies),2008-04,137.12,A,F,
M,N,B,ID,882,,A,Indonesia - Nominal - Broad (64 economies),2008-05,137.23,A,F,
M,N,B,ID,882,,A,Indonesia - Nominal - Broad (64 economies),2008-06,137.73,A,F,
M,N,B,ID,882,,A,Indonesia - Nominal - Broad (64 economies),2008-07,138.89,A,F,
M,N,B,ID,882,,A,Indonesia - Nominal - Broad (64 economies),2008-08,142.23,A,F,
M,N,B,ID,882,,A,Indonesia - Nominal - Broad (64 economies),2008-09,141.64,A,F,
M,N,B,ID,882,,A,Indonesia - Nominal - Broad (64 economies),2008-10,136.29,A,F,
M,N,B,ID,882,,A,Indonesia - Nominal - Broad (64 economies),2008-11,117.24,A,F,
M,N,B,ID,882,,A,Indonesia - Nominal - Broad (64 economies),2008-12,119.16,A,F,
M,N,B,ID,882,,A,Indonesia - Nominal - Broad (64 economies),2009-01,121.45,A,F,
M,N,B,ID,882,,A,Indonesia - Nominal - Broad (64 economies),2009-02,116.2,A,F,
M,N,B,ID,882,,A,Indonesia - Nominal - Broad (64 economies),2009-03,117.82,A,F,
M,N,B,ID,882,,A,Indonesia - Nominal - Broad (64 economies),2009-04,124.97,A,F,
M,N,B,ID,882,,A,Indonesia - Nominal - Broad (64 economies),2009-05,129.93,A,F,
M,N,B,ID,882,,A,Indonesia - Nominal - Broad (64 economies),2009-06,130.75,A,F,
M,N,B,ID,882,,A,Indonesia - Nominal - Broad (64 economies),2009-07,131.53,A,F,
M,N,B,ID,882,,A,Indonesia - Nominal - Broad (64 economies),2009-08,132.18,A,F,
M,N,B,ID,882,,A,Indonesia - Nominal - Broad (64 economies),2009-09,132.39,A,F,
M,N,B,ID,882,,A,Indonesia - Nominal - Broad (64 economies),2009-10,135.68,A,F,
M,N,B,ID,882,,A,Indonesia - Nominal - Broad (64 economies),2009-11,135.26,A,F,
M,N,B,ID,882,,A,Indonesia - Nominal - Broad (64 economies),2009-12,136.03,A,F,
M,N,B,ID,882,,A,Indonesia - Nominal - Broad (64 economies),2010-01,138.87,A,F,
M,N,B,ID,882,,A,Indonesia - Nominal - Broad (64 economies),2010-02,139.43,A,F,
M,N,B,ID,882,,A,Indonesia - Nominal - Broad (64 economies),2010-03,141.52,A,F,
M,N,B,ID,882,,A,Indonesia - Nominal - Broad (64 economies),2010-04,143.51,A,F,
M,N,B,ID,882,,A,Indonesia - Nominal - Broad (64 economies),2010-05,143.67,A,F,
M,N,B,ID,882,,A,Indonesia - Nominal - Broad (64 economies),2010-06,144.77,A,F,
M,N,B,ID,882,,A,Indonesia - Nominal - Broad (64 economies),2010-07,143.79,A,F,
M,N,B,ID,882,,A,Indonesia - Nominal - Broad (64 economies),2010-08,143.13,A,F,
M,N,B,ID,882,,A,Indonesia - Nominal - Broad (64 economies),2010-09,141.59,A,F,
M,N,B,ID,882,,A,Indonesia - Nominal - Broad (64 economies),2010-10,138.61,A,F,
M,N,B,ID,882,,A,Indonesia - Nominal - Broad (64 economies),2010-11,138.74,A,F,
M,N,B,ID,882,,A,Indonesia - Nominal - Broad (64 economies),2010-12,138.65,A,F,
M,N,B,ID,882,,A,Indonesia - Nominal - Broad (64 economies),2011-01,137.2,A,F,
M,N,B,ID,882,,A,Indonesia - Nominal - Broad (64 economies),2011-02,138.47,A,F,
M,N,B,ID,882,,A,Indonesia - Nominal - Broad (64 economies),2011-03,139.85,A,F,
M,N,B,ID,882,,A,Indonesia - Nominal - Broad (64 economies),2011-04,140.24,A,F,
M,N,B,ID,882,,A,Indonesia - Nominal - Broad (64 economies),2011-05,140.97,A,F,
M,N,B,ID,882,,A,Indonesia - Nominal - Broad (64 economies),2011-06,140.69,A,F,
M,N,B,ID,882,,A,Indonesia - Nominal - Broad (64 economies),2011-07,140.34,A,F,
M,N,B,ID,882,,A,Indonesia - Nominal - Broad (64 economies),2011-08,139.47,A,F,
M,N,B,ID,882,,A,Indonesia - Nominal - Broad (64 economies),2011-09,137.98,A,F,
M,N,B,ID,882,,A,Indonesia - Nominal - Broad (64 economies),2011-10,138.13,A,F,
M,N,B,ID,882,,A,Indonesia - Nominal - Broad (64 economies),2011-11,136.48,A,F,
M,N,B,ID,882,,A,Indonesia - Nominal - Broad (64 economies),2011-12,136.42,A,F,
M,N,B,ID,882,,A,Indonesia - Nominal - Broad (64 economies),2012-01,136.01,A,F,
M,N,B,ID,882,,A,Indonesia - Nominal - Broad (64 economies),2012-02,135.44,A,F,
M,N,B,ID,882,,A,Indonesia - Nominal - Broad (64 economies),2012-03,134.68,A,F,
M,N,B,ID,882,,A,Indonesia - Nominal - Broad (64 economies),2012-04,134.32,A,F,
M,N,B,ID,882,,A,Indonesia - Nominal - Broad (64 economies),2012-05,133.42,A,F,
M,N,B,ID,882,,A,Indonesia - Nominal - Broad (64 economies),2012-06,132.81,A,F,
M,N,B,ID,882,,A,Indonesia - Nominal - Broad (64 economies),2012-07,132.46,A,F,
M,N,B,ID,882,,A,Indonesia - Nominal - Broad (64 economies),2012-08,130.92,A,F,
M,N,B,ID,882,,A,Indonesia - Nominal - Broad (64 economies),2012-09,128.6,A,F,
M,N,B,ID,882,,A,Indonesia - Nominal - Broad (64 economies),2012-10,127.46,A,F,
M,N,B,ID,882,,A,Indonesia - Nominal - Broad (64 economies),2012-11,127.72,A,F,
M,N,B,ID,882,,A,Indonesia - Nominal - Broad (64 economies),2012-12,127.49,A,F,
M,N,B,ID,882,,A,Indonesia - Nominal - Broad (64 economies),2013-01,127.95,A,F,
M,N,B,ID,882,,A,Indonesia - Nominal - Broad (64 economies),2013-02,128.93,A,F,
M,N,B,ID,882,,A,Indonesia - Nominal - Broad (64 economies),2013-03,129.6,A,F,
M,N,B,ID,882,,A,Indonesia - Nominal - Broad (64 economies),2013-04,129.6,A,F,
M,N,B,ID,882,,A,Indonesia - Nominal - Broad (64 economies),2013-05,130.04,A,F,
M,N,B,ID,882,,A,Indonesia - Nominal - Broad (64 economies),2013-06,128.83,A,F,
M,N,B,ID,882,,A,Indonesia - Nominal - Broad (64 economies),2013-07,127.3,A,F,
M,N,B,ID,882,,A,Indonesia - Nominal - Broad (64 economies),2013-08,120.4,A,F,
M,N,B,ID,882,,A,Indonesia - Nominal - Broad (64 economies),2013-09,113.23,A,F,
M,N,B,ID,882,,A,Indonesia - Nominal - Broad (64 economies),2013-10,113.94,A,F,
M,N,B,ID,882,,A,Indonesia - Nominal - Broad (64 economies),2013-11,110.27,A,F,
M,N,B,ID,882,,A,Indonesia - Nominal - Broad (64 economies),2013-12,106.69,A,F,
M,N,B,ID,882,,A,Indonesia - Nominal - Broad (64 economies),2014-01,106.5,A,F,
M,N,B,ID,882,,A,Indonesia - Nominal - Broad (64 economies),2014-02,107.98,A,F,
M,N,B,ID,882,,A,Indonesia - Nominal - Broad (64 economies),2014-03,112.72,A,F,
M,N,B,ID,882,,A,Indonesia - Nominal - Broad (64 economies),2014-04,112.27,A,F,
M,N,B,ID,882,,A,Indonesia - Nominal - Broad (64 economies),2014-05,111.16,A,F,
M,N,B,ID,882,,A,Indonesia - Nominal - Broad (64 economies),2014-06,107.83,A,F,
M,N,B,ID,882,,A,Indonesia - Nominal - Broad (64 economies),2014-07,109.66,A,F,
M,N,B,ID,882,,A,Indonesia - Nominal - Broad (64 economies),2014-08,109.63,A,F,
M,N,B,ID,882,,A,Indonesia - Nominal - Broad (64 economies),2014-09,109.33,A,F,
M,N,B,ID,882,,A,Indonesia - Nominal - Broad (64 economies),2014-10,108.18,A,F,
M,N,B,ID,882,,A,Indonesia - Nominal - Broad (64 economies),2014-11,110.01,A,F,
M,N,B,ID,882,,A,Indonesia - Nominal - Broad (64 economies),2014-12,109.24,A,F,
M,N,B,ID,882,,A,Indonesia - Nominal - Broad (64 economies),2015-01,109.32,A,F,
M,N,B,ID,882,,A,Indonesia - Nominal - Broad (64 economies),2015-02,108.44,A,F,
M,N,B,ID,882,,A,Indonesia - Nominal - Broad (64 economies),2015-03,107.41,A,F,
M,N,B,ID,882,,A,Indonesia - Nominal - Broad (64 economies),2015-04,107.56,A,F,
M,N,B,ID,882,,A,Indonesia - Nominal - Broad (64 economies),2015-05,105.6,A,F,
M,N,B,ID,882,,A,Indonesia - Nominal - Broad (64 economies),2015-06,105.14,A,F,
M,N,B,ID,882,,A,Indonesia - Nominal - Broad (64 economies),2015-07,105.47,A,F,
M,N,B,ID,882,,A,Indonesia - Nominal - Broad (64 economies),2015-08,104.05,A,F,
M,N,B,ID,882,,A,Indonesia - Nominal - Broad (64 economies),2015-09,100.11,A,F,
M,N,B,ID,882,,A,Indonesia - Nominal - Broad (64 economies),2015-10,103.99,A,F,
M,N,B,ID,882,,A,Indonesia - Nominal - Broad (64 economies),2015-11,106.13,A,F,
M,N,B,ID,882,,A,Indonesia - Nominal - Broad (64 economies),2015-12,104.98,A,F,
M,N,B,ID,882,,A,Indonesia - Nominal - Broad (64 economies),2016-01,105.92,A,F,
M,N,B,ID,882,,A,Indonesia - Nominal - Broad (64 economies),2016-02,107.61,A,F,
M,N,B,ID,882,,A,Indonesia - Nominal - Broad (64 economies),2016-03,108.79,A,F,
M,N,B,ID,882,,A,Indonesia - Nominal - Broad (64 economies),2016-04,107.21,A,F,
M,N,B,ID,882,,A,Indonesia - Nominal - Broad (64 economies),2016-05,105.98,A,F,
M,N,B,ID,882,,A,Indonesia - Nominal - Broad (64 economies),2016-06,106.49,A,F,
M,N,B,ID,882,,A,Indonesia - Nominal - Broad (64 economies),2016-07,108.35,A,F,
M,N,B,ID,882,,A,Indonesia - Nominal - Broad (64 economies),2016-08,106.94,A,F,
M,N,B,ID,882,,A,Indonesia - Nominal - Broad (64 economies),2016-09,107.81,A,F,
M,N,B,ID,882,,A,Indonesia - Nominal - Broad (64 economies),2016-10,109.75,A,F,
M,N,B,ID,882,,A,Indonesia - Nominal - Broad (64 economies),2016-11,109.37,A,F,
M,N,B,ID,882,,A,Indonesia - Nominal - Broad (64 economies),2016-12,111.02,A,F,
M,N,B,ID,882,,A,Indonesia - Nominal - Broad (64 economies),2017-01,110.88,A,F,
M,N,B,ID,882,,A,Indonesia - Nominal - Broad (64 economies),2017-02,110.01,A,F,
M,N,B,ID,882,,A,Indonesia - Nominal - Broad (64 economies),2017-03,109.77,A,F,
M,N,B,ID,882,,A,Indonesia - Nominal - Broad (64 economies),2017-04,109.36,A,F,
M,N,B,ID,882,,A,Indonesia - Nominal - Broad (64 economies),2017-05,108.89,A,F,
M,N,B,ID,882,,A,Indonesia - Nominal - Broad (64 economies),2017-06,108.13,A,F,
M,N,B,ID,882,,A,Indonesia - Nominal - Broad (64 economies),2017-07,107.34,A,F,
M,N,B,ID,882,,A,Indonesia - Nominal - Broad (64 economies),2017-08,106.06,A,F,
M,N,B,ID,882,,A,Indonesia - Nominal - Broad (64 economies),2017-09,105.64,A,F,
M,N,B,ID,882,,A,Indonesia - Nominal - Broad (64 economies),2017-10,104.91,A,F,
M,N,B,ID,882,,A,Indonesia - Nominal - Broad (64 economies),2017-11,104.71,A,F,
M,N,B,ID,882,,A,Indonesia - Nominal - Broad (64 economies),2017-12,103.84,A,F,
M,N,B,ID,882,,A,Indonesia - Nominal - Broad (64 economies),2018-01,103.17,A,F,
M,N,B,ID,882,,A,Indonesia - Nominal - Broad (64 economies),2018-02,100.47,A,F,
M,N,B,ID,882,,A,Indonesia - Nominal - Broad (64 economies),2018-03,99.11,A,F,
M,N,B,ID,882,,A,Indonesia - Nominal - Broad (64 economies),2018-04,98.98,A,F,
M,N,B,ID,882,,A,Indonesia - Nominal - Broad (64 economies),2018-05,99.13,A,F,
M,N,B,ID,882,,A,Indonesia - Nominal - Broad (64 economies),2018-06,100.25,A,F,
M,N,B,ID,882,,A,Indonesia - Nominal - Broad (64 economies),2018-07,99.4,A,F,
M,N,B,ID,882,,A,Indonesia - Nominal - Broad (64 economies),2018-08,99.22,A,F,
M,N,B,ID,882,,A,Indonesia - Nominal - Broad (64 economies),2018-09,97.44,A,F,
M,N,B,ID,882,,A,Indonesia - Nominal - Broad (64 economies),2018-10,96.14,A,F,
M,N,B,ID,882,,A,Indonesia - Nominal - Broad (64 economies),2018-11,99.71,A,F,
M,N,B,ID,882,,A,Indonesia - Nominal - Broad (64 economies),2018-12,100.27,A,F,
M,N,B,ID,882,,A,Indonesia - Nominal - Broad (64 economies),2019-01,101.53,A,F,
M,N,B,ID,882,,A,Indonesia - Nominal - Broad (64 economies),2019-02,102.24,A,F,
M,N,B,ID,882,,A,Indonesia - Nominal - Broad (64 economies),2019-03,101.17,A,F,
M,N,B,ID,882,,A,Indonesia - Nominal - Broad (64 economies),2019-04,101.87,A,F,
M,N,B,ID,882,,A,Indonesia - Nominal - Broad (64 economies),2019-05,101.12,A,F,
M,N,B,ID,882,,A,Indonesia - Nominal - Broad (64 economies),2019-06,101.86,A,F,
M,N,B,ID,882,,A,Indonesia - Nominal - Broad (64 economies),2019-07,102.97,A,F,
M,N,B,ID,882,,A,Indonesia - Nominal - Broad (64 economies),2019-08,102.93,A,F,
M,N,B,ID,882,,A,Indonesia - Nominal - Broad (64 economies),2019-09,104.27,A,F,
M,N,B,ID,882,,A,Indonesia - Nominal - Broad (64 economies),2019-10,103.8,A,F,
M,N,B,ID,882,,A,Indonesia - Nominal - Broad (64 economies),2019-11,103.7,A,F,
M,N,B,ID,882,,A,Indonesia - Nominal - Broad (64 economies),2019-12,103.93,A,F,
M,N,B,ID,882,,A,Indonesia - Nominal - Broad (64 economies),2020-01,105.45,A,F,
M,N,B,ID,882,,A,Indonesia - Nominal - Broad (64 economies),2020-02,106.55,A,F,
M,N,B,ID,882,,A,Indonesia - Nominal - Broad (64 economies),2020-03,97.37,A,F,
M,N,B,ID,882,,A,Indonesia - Nominal - Broad (64 economies),2020-04,94.74,A,F,
M,N,B,ID,882,,A,Indonesia - Nominal - Broad (64 economies),2020-05,100.69,A,F,
M,N,B,ID,882,,A,Indonesia - Nominal - Broad (64 economies),2020-06,104.07,A,F,
M,N,B,ID,882,,A,Indonesia - Nominal - Broad (64 economies),2020-07,100.94,A,F,
M,N,B,ID,882,,A,Indonesia - Nominal - Broad (64 economies),2020-08,98.53,A,F,
M,N,B,ID,882,,A,Indonesia - Nominal - Broad (64 economies),2020-09,97.06,A,F,
M,N,B,ID,882,,A,Indonesia - Nominal - Broad (64 economies),2020-10,97.05,A,F,
M,N,B,ID,882,,A,Indonesia - Nominal - Broad (64 economies),2020-11,99.2,A,F,
M,N,B,ID,882,,A,Indonesia - Nominal - Broad (64 economies),2020-12,98.35,A,F,
M,N,B,ID,882,,A,Indonesia - Nominal - Broad (64 economies),2021-01,98.46,A,F,
M,N,B,ID,882,,A,Indonesia - Nominal - Broad (64 economies),2021-02,98.66,A,F,
M,N,B,ID,882,,A,Indonesia - Nominal - Broad (64 economies),2021-03,97.61,A,F,
M,N,B,ID,882,,A,Indonesia - Nominal - Broad (64 economies),2021-04,96.75,A,F,
M,N,B,ID,882,,A,Indonesia - Nominal - Broad (64 economies),2021-05,97.36,A,F,
M,N,B,ID,882,,A,Indonesia - Nominal - Broad (64 economies),2021-06,97.28,A,F,
M,N,B,ID,882,,A,Indonesia - Nominal - Broad (64 economies),2021-07,97.54,A,F,
M,N,B,ID,882,,A,Indonesia - Nominal - Broad (64 economies),2021-08,98.55,A,F,
M,N,B,ID,882,,A,Indonesia - Nominal - Broad (64 economies),2021-09,99.24,A,F,
M,N,B,ID,882,,A,Indonesia - Nominal - Broad (64 economies),2021-10,100.23,A,F,
M,N,B,ID,882,,A,Indonesia - Nominal - Broad (64 economies),2021-11,99.74,A,F,
M,N,B,ID,882,,A,Indonesia - Nominal - Broad (64 economies),2021-12,99.84,A,F,
M,N,B,ID,882,,A,Indonesia - Nominal - Broad (64 economies),2022-01,99.45,A,F,
M,N,B,ID,882,,A,Indonesia - Nominal - Broad (64 economies),2022-02,99.28,A,F,
M,N,B,ID,882,,A,Indonesia - Nominal - Broad (64 economies),2022-03,100.67,A,F,
M,N,B,ID,882,,A,Indonesia - Nominal - Broad (64 economies),2022-04,101.7,A,F,
M,N,B,ID,882,,A,Indonesia - Nominal - Broad (64 economies),2022-05,102.98,A,F,
M,N,B,ID,882,,A,Indonesia - Nominal - Broad (64 economies),2022-06,102.75,A,F,
M,N,B,ID,882,,A,Indonesia - Nominal - Broad (64 economies),2022-07,102.35,A,F,
M,N,B,ID,882,,A,Indonesia - Nominal - Broad (64 economies),2022-08,103.62,A,F,
M,N,B,ID,882,,A,Indonesia - Nominal - Broad (64 economies),2022-09,105.75,A,F,
M,N,B,ID,882,,A,Indonesia - Nominal - Broad (64 economies),2022-10,104.86,A,F,
M,N,B,ID,882,,A,Indonesia - Nominal - Broad (64 economies),2022-11,101.36,A,F,
M,N,B,ID,882,,A,Indonesia - Nominal - Broad (64 economies),2022-12,98.83,A,F,
M,N,B,ID,882,,A,Indonesia - Nominal - Broad (64 economies),2023-01,98.72,A,F,
M,N,B,ID,882,,A,Indonesia - Nominal - Broad (64 economies),2023-02,100.3,A,F,
M,N,B,ID,882,,A,Indonesia - Nominal - Broad (64 economies),2023-03,100.25,A,F,
M,N,B,ID,882,,A,Indonesia - Nominal - Broad (64 economies),2023-04,102.65,A,F,
M,N,B,ID,882,,A,Indonesia - Nominal - Broad (64 economies),2023-05,104.04,A,F,
M,N,B,ID,882,,A,Indonesia - Nominal - Broad (64 economies),2023-06,104.8,A,F,
M,N,B,ID,882,,A,Indonesia - Nominal - Broad (64 economies),2023-07,103.77,A,F,
M,N,B,ID,882,,A,Indonesia - Nominal - Broad (64 economies),2023-08,103.81,A,F,
M,N,B,ID,882,,A,Indonesia - Nominal - Broad (64 economies),2023-09,104.17,A,F,
M,N,B,ID,882,,A,Indonesia - Nominal - Broad (64 economies),2023-10,102.31,A,F,
M,N,B,ID,882,,A,Indonesia - Nominal - Broad (64 economies),2023-11,101.94,A,F,
M,N,B,ID,882,,A,Indonesia - Nominal - Broad (64 economies),2023-12,101.16,A,F,
M,N,B,ID,882,,A,Indonesia - Nominal - Broad (64 economies),2024-01,100.87,A,F,
M,N,B,ID,882,,A,Indonesia - Nominal - Broad (64 economies),2024-02,101.57,A,F,
M,N,B,ID,882,,A,Indonesia - Nominal - Broad (64 economies),2024-03,101.32,A,F,
M,N,B,ID,882,,A,Indonesia - Nominal - Broad (64 economies),2024-04,100.02,A,F,
M,N,B,ID,882,,A,Indonesia - Nominal - Broad (64 economies),2024-05,99.98,A,F,
M,N,B,ID,882,,A,Indonesia - Nominal - Broad (64 economies),2024-06,98.57,A,F,
M,N,B,ID,882,,A,Indonesia - Nominal - Broad (64 economies),2024-07,99.07,A,F,
M,N,B,ID,882,,A,Indonesia - Nominal - Broad (64 economies),2024-08,99.79,A,F,
M,N,B,ID,882,,A,Indonesia - Nominal - Broad (64 economies),2024-09,101.18,A,F,
M,N,B,ID,882,,A,Indonesia - Nominal - Broad (64 economies),2024-10,100.63,A,F,
M,N,B,ID,882,,A,Indonesia - Nominal - Broad (64 economies),2024-11,101.09,A,F,
M,N,B,ID,882,,A,Indonesia - Nominal - Broad (64 economies),2024-12,100.64,A,F,
M,N,B,ID,882,,A,Indonesia - Nominal - Broad (64 economies),2025-01,99.94,A,F,
M,N,B,ID,882,,A,Indonesia - Nominal - Broad (64 economies),2025-02,98.57,A,F,
M,N,B,ID,882,,A,Indonesia - Nominal - Broad (64 economies),2025-03,97.02,A,F,
M,N,B,ID,882,,A,Indonesia - Nominal - Broad (64 economies),2025-04,94.21,A,F,
M,N,B,ID,882,,A,Indonesia - Nominal - Broad (64 economies),2025-05,95.04,A,F,
M,N,B,ID,882,,A,Indonesia - Nominal - Broad (64 economies),2025-06,95.05,A,F,
M,N,B,ID,882,,A,Indonesia - Nominal - Broad (64 economies),2025-07,95.05,A,F,
M,N,B,ID,882,,A,Indonesia - Nominal - Broad (64 economies),2025-08,95.33,A,F,
M,N,B,ID,882,,A,Indonesia - Nominal - Broad (64 economies),2025-09,93.65,A,F,
M,N,B,ID,882,,A,Indonesia - Nominal - Broad (64 economies),2025-10,93.88,A,F,
M,N,B,ID,882,,A,Indonesia - Nominal - Broad (64 economies),2025-11,93.74,A,F,
M,N,B,ID,882,,A,Indonesia - Nominal - Broad (64 economies),2025-12,93.08,A,F,
M,N,B,ID,882,,A,Indonesia - Nominal - Broad (64 economies),2026-01,91.76,A,F,
M,N,B,ID,882,,A,Indonesia - Nominal - Broad (64 economies),2026-02,90.97,A,F,
M,N,B,ID,882,,A,Indonesia - Nominal - Broad (64 economies),2026-03,91.51,A,F,
M,N,B,ID,882,,A,Indonesia - Nominal - Broad (64 economies),2026-04,89.83,A,F,
M,N,B,ID,882,,A,Indonesia - Nominal - Broad (64 economies),2026-05,87.36,A,F,
M,N,B,ID,882,,A,Indonesia - Nominal - Broad (64 economies),2026-06,86.48,A,F,
M,N,B,ID,882,,A,Indonesia - Nominal - Broad (64 economies),2026-07,86.28,A,F,
M,N,B,ID,882,,A,Indonesia - Nominal - Broad (64 economies),2026-08,86.23,A,F,
M,N,B,AU,882,,A,Australia - Nominal - Broad (64 economies),1994-01,94.81,A,F,
M,N,B,AU,882,,A,Australia - Nominal - Broad (64 economies),1994-02,96.73,A,F,
M,N,B,AU,882,,A,Australia - Nominal - Broad (64 economies),1994-03,95.63,A,F,
M,N,B,AU,882,,A,Australia - Nominal - Broad (64 economies),1994-04,96.24,A,F,
M,N,B,AU,882,,A,Australia - Nominal - Broad (64 economies),1994-05,96.93,A,F,
M,N,B,AU,882,,A,Australia - Nominal - Broad (64 economies),1994-06,97.67,A,F,
M,N,B,AU,882,,A,Australia - Nominal - Broad (64 economies),1994-07,96.18,A,F,
M,N,B,AU,882,,A,Australia - Nominal - Broad (64 economies),1994-08,97.03,A,F,
M,N,B,AU,882,,A,Australia - Nominal - Broad (64 economies),1994-09,96.52,A,F,
M,N,B,AU,882,,A,Australia - Nominal - Broad (64 economies),1994-10,95.33,A,F,
M,N,B,AU,882,,A,Australia - Nominal - Broad (64 economies),1994-11,97.56,A,F,
M,N,B,AU,882,,A,Australia - Nominal - Broad (64 economies),1994-12,101.08,A,F,
M,N,B,AU,882,,A,Australia - Nominal - Broad (64 economies),1995-01,99.37,A,F,
M,N,B,AU,882,,A,Australia - Nominal - Broad (64 economies),1995-02,96.16,A,F,
M,N,B,AU,882,,A,Australia - Nominal - Broad (64 economies),1995-03,92.29,A,F,
M,N,B,AU,882,,A,Australia - Nominal - Broad (64 economies),1995-04,90.25,A,F,
M,N,B,AU,882,,A,Australia - Nominal - Broad (64 economies),1995-05,89.74,A,F,
M,N,B,AU,882,,A,Australia - Nominal - Broad (64 economies),1995-06,88.51,A,F,
M,N,B,AU,882,,A,Australia - Nominal - Broad (64 economies),1995-07,89.71,A,F,
M,N,B,AU,882,,A,Australia - Nominal - Broad (64 economies),1995-08,94.13,A,F,
M,N,B,AU,882,,A,Australia - Nominal - Broad (64 economies),1995-09,97.32,A,F,
M,N,B,AU,882,,A,Australia - Nominal - Broad (64 economies),1995-10,97.09,A,F,
M,N,B,AU,882,,A,Australia - Nominal - Broad (64 economies),1995-11,95.86,A,F,
M,N,B,AU,882,,A,Australia - Nominal - Broad (64 economies),1995-12,95.76,A,F,
M,N,B,AU,882,,A,Australia - Nominal - Broad (64 economies),1996-01,96.69,A,F,
M,N,B,AU,882,,A,Australia - Nominal - Broad (64 economies),1996-02,98.49,A,F,
M,N,B,AU,882,,A,Australia - Nominal - Broad (64 economies),1996-03,100.64,A,F,
M,N,B,AU,882,,A,Australia - Nominal - Broad (64 economies),1996-04,103.14,A,F,
M,N,B,AU,882,,A,Australia - Nominal - Broad (64 economies),1996-05,104.81,A,F,
M,N,B,AU,882,,A,Australia - Nominal - Broad (64 economies),1996-06,104.43,A,F,
M,N,B,AU,882,,A,Australia - Nominal - Broad (64 economies),1996-07,103.85,A,F,
M,N,B,AU,882,,A,Australia - Nominal - Broad (64 economies),1996-08,102.68,A,F,
M,N,B,AU,882,,A,Australia - Nominal - Broad (64 economies),1996-09,104.45,A,F,
M,N,B,AU,882,,A,Australia - Nominal - Broad (64 economies),1996-10,104.76,A,F,
M,N,B,AU,882,,A,Australia - Nominal - Broad (64 economies),1996-11,104.76,A,F,
M,N,B,AU,882,,A,Australia - Nominal - Broad (64 economies),1996-12,105.76,A,F,
M,N,B,AU,882,,A,Australia - Nominal - Broad (64 economies),1997-01,104.42,A,F,
M,N,B,AU,882,,A,Australia - Nominal - Broad (64 economies),1997-02,105.08,A,F,
M,N,B,AU,882,,A,Australia - Nominal - Broad (64 economies),1997-03,108.4,A,F,
M,N,B,AU,882,,A,Australia - Nominal - Broad (64 economies),1997-04,107.74,A,F,
M,N,B,AU,882,,A,Australia - Nominal - Broad (64 economies),1997-05,105.92,A,F,
M,N,B,AU,882,,A,Australia - Nominal - Broad (64 economies),1997-06,102.77,A,F,
M,N,B,AU,882,,A,Australia - Nominal - Broad (64 economies),1997-07,102.53,A,F,
M,N,B,AU,882,,A,Australia - Nominal - Broad (64 economies),1997-08,104.62,A,F,
M,N,B,AU,882,,A,Australia - Nominal - Broad (64 economies),1997-09,102.83,A,F,
M,N,B,AU,882,,A,Australia - Nominal - Broad (64 economies),1997-10,102.94,A,F,
M,N,B,AU,882,,A,Australia - Nominal - Broad (64 economies),1997-11,100.16,A,F,
M,N,B,AU,882,,A,Australia - Nominal - Broad (64 economies),1997-12,99.96,A,F,
M,N,B,AU,882,,A,Australia - Nominal - Broad (64 economies),1998-01,102.63,A,F,
M,N,B,AU,882,,A,Australia - Nominal - Broad (64 economies),1998-02,103.54,A,F,
M,N,B,AU,882,,A,Australia - Nominal - Broad (64 economies),1998-03,102.74,A,F,
M,N,B,AU,882,,A,Australia - Nominal - Broad (64 economies),1998-04,99.85,A,F,
M,N,B,AU,882,,A,Australia - Nominal - Broad (64 economies),1998-05,97.21,A,F,
M,N,B,AU,882,,A,Australia - Nominal - Broad (64 economies),1998-06,95.31,A,F,
M,N,B,AU,882,,A,Australia - Nominal - Broad (64 economies),1998-07,97.7,A,F,
M,N,B,AU,882,,A,Australia - Nominal - Broad (64 economies),1998-08,93.89,A,F,
M,N,B,AU,882,,A,Australia - Nominal - Broad (64 economies),1998-09,91.26,A,F,
M,N,B,AU,882,,A,Australia - Nominal - Broad (64 economies),1998-10,92.44,A,F,
M,N,B,AU,882,,A,Australia - Nominal - Broad (64 economies),1998-11,94.91,A,F,
M,N,B,AU,882,,A,Australia - Nominal - Broad (64 economies),1998-12,91.9,A,F,
M,N,B,AU,882,,A,Australia - Nominal - Broad (64 economies),1999-01,93.47,A,F,
M,N,B,AU,882,,A,Australia - Nominal - Broad (64 economies),1999-02,96.13,A,F,
M,N,B,AU,882,,A,Australia - Nominal - Broad (64 economies),1999-03,96.11,A,F,
M,N,B,AU,882,,A,Australia - Nominal - Broad (64 economies),1999-04,97.84,A,F,
M,N,B,AU,882,,A,Australia - Nominal - Broad (64 economies),1999-05,101.09,A,F,
M,N,B,AU,882,,A,Australia - Nominal - Broad (64 economies),1999-06,100.47,A,F,
M,N,B,AU,882,,A,Australia - Nominal - Broad (64 economies),1999-07,100.48,A,F,
M,N,B,AU,882,,A,Australia - Nominal - Broad (64 economies),1999-08,97.36,A,F,
M,N,B,AU,882,,A,Australia - Nominal - Broad (64 economies),1999-09,97.61,A,F,
M,N,B,AU,882,,A,Australia - Nominal - Broad (64 economies),1999-10,97.39,A,F,
M,N,B,AU,882,,A,Australia - Nominal - Broad (64 economies),1999-11,95.72,A,F,
M,N,B,AU,882,,A,Australia - Nominal - Broad (64 economies),1999-12,95.9,A,F,
M,N,B,AU,882,,A,Australia - Nominal - Broad (64 economies),2000-01,98.53,A,F,
M,N,B,AU,882,,A,Australia - Nominal - Broad (64 economies),2000-02,95.87,A,F,
M,N,B,AU,882,,A,Australia - Nominal - Broad (64 economies),2000-03,92.9,A,F,
M,N,B,AU,882,,A,Australia - Nominal - Broad (64 economies),2000-04,91.11,A,F,
M,N,B,AU,882,,A,Australia - Nominal - Broad (64 economies),2000-05,90.14,A,F,
M,N,B,AU,882,,A,Australia - Nominal - Broad (64 economies),2000-06,91.77,A,F,
M,N,B,AU,882,,A,Australia - Nominal - Broad (64 economies),2000-07,91.49,A,F,
M,N,B,AU,882,,A,Australia - Nominal - Broad (64 economies),2000-08,91.13,A,F,
M,N,B,AU,882,,A,Australia - Nominal - Broad (64 economies),2000-09,87.98,A,F,
M,N,B,AU,882,,A,Australia - Nominal - Broad (64 economies),2000-10,84.99,A,F,
M,N,B,AU,882,,A,Australia - Nominal - Broad (64 economies),2000-11,84.46,A,F,
M,N,B,AU,882,,A,Australia - Nominal - Broad (64 economies),2000-12,87.68,A,F,
M,N,B,AU,882,,A,Australia - Nominal - Broad (64 economies),2001-01,88.95,A,F,
M,N,B,AU,882,,A,Australia - Nominal - Broad (64 economies),2001-02,85.96,A,F,
M,N,B,AU,882,,A,Australia - Nominal - Broad (64 economies),2001-03,82.26,A,F,
M,N,B,AU,882,,A,Australia - Nominal - Broad (64 economies),2001-04,82.87,A,F,
M,N,B,AU,882,,A,Australia - Nominal - Broad (64 economies),2001-05,86.16,A,F,
M,N,B,AU,882,,A,Australia - Nominal - Broad (64 economies),2001-06,86.58,A,F,
M,N,B,AU,882,,A,Australia - Nominal - Broad (64 economies),2001-07,85.39,A,F,
M,N,B,AU,882,,A,Australia - Nominal - Broad (64 economies),2001-08,85.97,A,F,
M,N,B,AU,882,,A,Australia - Nominal - Broad (64 economies),2001-09,82.55,A,F,
M,N,B,AU,882,,A,Australia - Nominal - Broad (64 economies),2001-10,83.18,A,F,
M,N,B,AU,882,,A,Australia - Nominal - Broad (64 economies),2001-11,85.77,A,F,
M,N,B,AU,882,,A,Australia - Nominal - Broad (64 economies),2001-12,85.77,A,F,
M,N,B,AU,882,,A,Australia - Nominal - Broad (64 economies),2002-01,86.97,A,F,
M,N,B,AU,882,,A,Australia - Nominal - Broad (64 economies),2002-02,86.81,A,F,
M,N,B,AU,882,,A,Australia - Nominal - Broad (64 economies),2002-03,88.19,A,F,
M,N,B,AU,882,,A,Australia - Nominal - Broad (64 economies),2002-04,89.52,A,F,
M,N,B,AU,882,,A,Australia - Nominal - Broad (64 economies),2002-05,90.21,A,F,
M,N,B,AU,882,,A,Australia - Nominal - Broad (64 economies),2002-06,91.58,A,F,
M,N,B,AU,882,,A,Australia - Nominal - Broad (64 economies),2002-07,87.52,A,F,
M,N,B,AU,882,,A,Australia - Nominal - Broad (64 economies),2002-08,86.44,A,F,
M,N,B,AU,882,,A,Australia - Nominal - Broad (64 economies),2002-09,87.47,A,F,
M,N,B,AU,882,,A,Australia - Nominal - Broad (64 economies),2002-10,88.44,A,F,
M,N,B,AU,882,,A,Australia - Nominal - Broad (64 economies),2002-11,89.08,A,F,
M,N,B,AU,882,,A,Australia - Nominal - Broad (64 economies),2002-12,88.91,A,F,
M,N,B,AU,882,,A,Australia - Nominal - Broad (64 economies),2003-01,90.28,A,F,
M,N,B,AU,882,,A,Australia - Nominal - Broad (64 economies),2003-02,91.87,A,F,
M,N,B,AU,882,,A,Australia - Nominal - Broad (64 economies),2003-03,93,A,F,
M,N,B,AU,882,,A,Australia - Nominal - Broad (64 economies),2003-04,94.08,A,F,
M,N,B,AU,882,,A,Australia - Nominal - Broad (64 economies),2003-05,97.59,A,F,
M,N,B,AU,882,,A,Australia - Nominal - Broad (64 economies),2003-06,99.8,A,F,
M,N,B,AU,882,,A,Australia - Nominal - Broad (64 economies),2003-07,100.03,A,F,
M,N,B,AU,882,,A,Australia - Nominal - Broad (64 economies),2003-08,99.04,A,F,
M,N,B,AU,882,,A,Australia - Nominal - Broad (64 economies),2003-09,99.64,A,F,
M,N,B,AU,882,,A,Australia - Nominal - Broad (64 economies),2003-10,102.3,A,F,
M,N,B,AU,882,,A,Australia - Nominal - Broad (64 economies),2003-11,105.45,A,F,
M,N,B,AU,882,,A,Australia - Nominal - Broad (64 economies),2003-12,107.02,A,F,
M,N,B,AU,882,,A,Australia - Nominal - Broad (64 economies),2004-01,110.18,A,F,
M,N,B,AU,882,,A,Australia - Nominal - Broad (64 economies),2004-02,110.86,A,F,
M,N,B,AU,882,,A,Australia - Nominal - Broad (64 economies),2004-03,108.19,A,F,
M,N,B,AU,882,,A,Australia - Nominal - Broad (64 economies),2004-04,107.75,A,F,
M,N,B,AU,882,,A,Australia - Nominal - Broad (64 economies),2004-05,103.51,A,F,
M,N,B,AU,882,,A,Australia - Nominal - Broad (64 economies),2004-06,101.13,A,F,
M,N,B,AU,882,,A,Australia - Nominal - Broad (64 economies),2004-07,103.71,A,F,
M,N,B,AU,882,,A,Australia - Nominal - Broad (64 economies),2004-08,103.37,A,F,
M,N,B,AU,882,,A,Australia - Nominal - Broad (64 economies),2004-09,101.99,A,F,
M,N,B,AU,882,,A,Australia - Nominal - Broad (64 economies),2004-10,105.29,A,F,
M,N,B,AU,882,,A,Australia - Nominal - Broad (64 economies),2004-11,108.17,A,F,
M,N,B,AU,882,,A,Australia - Nominal - Broad (64 economies),2004-12,106.3,A,F,
M,N,B,AU,882,,A,Australia - Nominal - Broad (64 economies),2005-01,106.5,A,F,
M,N,B,AU,882,,A,Australia - Nominal - Broad (64 economies),2005-02,108.82,A,F,
M,N,B,AU,882,,A,Australia - Nominal - Broad (64 economies),2005-03,108.93,A,F,
M,N,B,AU,882,,A,Australia - Nominal - Broad (64 economies),2005-04,108.32,A,F,
M,N,B,AU,882,,A,Australia - Nominal - Broad (64 economies),2005-05,107.78,A,F,
M,N,B,AU,882,,A,Australia - Nominal - Broad (64 economies),2005-06,109.54,A,F,
M,N,B,AU,882,,A,Australia - Nominal - Broad (64 economies),2005-07,108.68,A,F,
M,N,B,AU,882,,A,Australia - Nominal - Broad (64 economies),2005-08,108.63,A,F,
M,N,B,AU,882,,A,Australia - Nominal - Broad (64 economies),2005-09,109.39,A,F,
M,N,B,AU,882,,A,Australia - Nominal - Broad (64 economies),2005-10,108.96,A,F,
M,N,B,AU,882,,A,Australia - Nominal - Broad (64 economies),2005-11,107.29,A,F,
M,N,B,AU,882,,A,Australia - Nominal - Broad (64 economies),2005-12,107.76,A,F,
M,N,B,AU,882,,A,Australia - Nominal - Broad (64 economies),2006-01,107.24,A,F,
M,N,B,AU,882,,A,Australia - Nominal - Broad (64 economies),2006-02,106.63,A,F,
M,N,B,AU,882,,A,Australia - Nominal - Broad (64 economies),2006-03,104.55,A,F,
M,N,B,AU,882,,A,Australia - Nominal - Broad (64 economies),2006-04,105.05,A,F,
M,N,B,AU,882,,A,Australia - Nominal - Broad (64 economies),2006-05,106.96,A,F,
M,N,B,AU,882,,A,Australia - Nominal - Broad (64 economies),2006-06,104.74,A,F,
M,N,B,AU,882,,A,Australia - Nominal - Broad (64 economies),2006-07,106.39,A,F,
M,N,B,AU,882,,A,Australia - Nominal - Broad (64 economies),2006-08,107.44,A,F,
M,N,B,AU,882,,A,Australia - Nominal - Broad (64 economies),2006-09,106.54,A,F,
M,N,B,AU,882,,A,Australia - Nominal - Broad (64 economies),2006-10,106.58,A,F,
M,N,B,AU,882,,A,Australia - Nominal - Broad (64 economies),2006-11,107.89,A,F,
M,N,B,AU,882,,A,Australia - Nominal - Broad (64 economies),2006-12,108.48,A,F,
M,N,B,AU,882,,A,Australia - Nominal - Broad (64 economies),2007-01,108.82,A,F,
M,N,B,AU,882,,A,Australia - Nominal - Broad (64 economies),2007-02,108.4,A,F,
M,N,B,AU,882,,A,Australia - Nominal - Broad (64 economies),2007-03,109.01,A,F,
M,N,B,AU,882,,A,Australia - Nominal - Broad (64 economies),2007-04,112.76,A,F,
M,N,B,AU,882,,A,Australia - Nominal - Broad (64 economies),2007-05,112.41,A,F,
M,N,B,AU,882,,A,Australia - Nominal - Broad (64 economies),2007-06,114.93,A,F,
M,N,B,AU,882,,A,Australia - Nominal - Broad (64 economies),2007-07,116.75,A,F,
M,N,B,AU,882,,A,Australia - Nominal - Broad (64 economies),2007-08,112.01,A,F,
M,N,B,AU,882,,A,Australia - Nominal - Broad (64 economies),2007-09,113.27,A,F,
M,N,B,AU,882,,A,Australia - Nominal - Broad (64 economies),2007-10,118.82,A,F,
M,N,B,AU,882,,A,Australia - Nominal - Broad (64 economies),2007-11,116.78,A,F,
M,N,B,AU,882,,A,Australia - Nominal - Broad (64 economies),2007-12,113.9,A,F,
M,N,B,AU,882,,A,Australia - Nominal - Broad (64 economies),2008-01,113.94,A,F,
M,N,B,AU,882,,A,Australia - Nominal - Broad (64 economies),2008-02,117.44,A,F,
M,N,B,AU,882,,A,Australia - Nominal - Broad (64 economies),2008-03,116.66,A,F,
M,N,B,AU,882,,A,Australia - Nominal - Broad (64 economies),2008-04,116.81,A,F,
M,N,B,AU,882,,A,Australia - Nominal - Broad (64 economies),2008-05,120.25,A,F,
M,N,B,AU,882,,A,Australia - Nominal - Broad (64 economies),2008-06,120.92,A,F,
M,N,B,AU,882,,A,Australia - Nominal - Broad (64 economies),2008-07,121.53,A,F,
M,N,B,AU,882,,A,Australia - Nominal - Broad (64 economies),2008-08,114,A,F,
M,N,B,AU,882,,A,Australia - Nominal - Broad (64 economies),2008-09,107.7,A,F,
M,N,B,AU,882,,A,Australia - Nominal - Broad (64 economies),2008-10,93.27,A,F,
M,N,B,AU,882,,A,Australia - Nominal - Broad (64 economies),2008-11,91.05,A,F,
M,N,B,AU,882,,A,Australia - Nominal - Broad (64 economies),2008-12,91.15,A,F,
M,N,B,AU,882,,A,Australia - Nominal - Broad (64 economies),2009-01,92.18,A,F,
M,N,B,AU,882,,A,Australia - Nominal - Broad (64 economies),2009-02,90.38,A,F,
M,N,B,AU,882,,A,Australia - Nominal - Broad (64 economies),2009-03,93.15,A,F,
M,N,B,AU,882,,A,Australia - Nominal - Broad (64 economies),2009-04,98.36,A,F,
M,N,B,AU,882,,A,Australia - Nominal - Broad (64 economies),2009-05,103.18,A,F,
M,N,B,AU,882,,A,Australia - Nominal - Broad (64 economies),2009-06,107.01,A,F,
M,N,B,AU,882,,A,Australia - Nominal - Broad (64 economies),2009-07,106.85,A,F,
M,N,B,AU,882,,A,Australia - Nominal - Broad (64 economies),2009-08,110.09,A,F,
M,N,B,AU,882,,A,Australia - Nominal - Broad (64 economies),2009-09,112.16,A,F,
M,N,B,AU,882,,A,Australia - Nominal - Broad (64 economies),2009-10,116.7,A,F,
M,N,B,AU,882,,A,Australia - Nominal - Broad (64 economies),2009-11,117.81,A,F,
M,N,B,AU,882,,A,Australia - Nominal - Broad (64 economies),2009-12,116.45,A,F,
M,N,B,AU,882,,A,Australia - Nominal - Broad (64 economies),2010-01,118.24,A,F,
M,N,B,AU,882,,A,Australia - Nominal - Broad (64 economies),2010-02,116.25,A,F,
M,N,B,AU,882,,A,Australia - Nominal - Broad (64 economies),2010-03,119.32,A,F,
M,N,B,AU,882,,A,Australia - Nominal - Broad (64 economies),2010-04,121.36,A,F,
M,N,B,AU,882,,A,Australia - Nominal - Broad (64 economies),2010-05,116.17,A,F,
M,N,B,AU,882,,A,Australia - Nominal - Broad (64 economies),2010-06,114.61,A,F,
M,N,B,AU,882,,A,Australia - Nominal - Broad (64 economies),2010-07,115.36,A,F,
M,N,B,AU,882,,A,Australia - Nominal - Broad (64 economies),2010-08,117.4,A,F,
M,N,B,AU,882,,A,Australia - Nominal - Broad (64 economies),2010-09,121.06,A,F,
M,N,B,AU,882,,A,Australia - Nominal - Broad (64 economies),2010-10,123.53,A,F,
M,N,B,AU,882,,A,Australia - Nominal - Broad (64 economies),2010-11,124.89,A,F,
M,N,B,AU,882,,A,Australia - Nominal - Broad (64 economies),2010-12,126.69,A,F,
M,N,B,AU,882,,A,Australia - Nominal - Broad (64 economies),2011-01,125.97,A,F,
M,N,B,AU,882,,A,Australia - Nominal - Broad (64 economies),2011-02,126.73,A,F,
M,N,B,AU,882,,A,Australia - Nominal - Broad (64 economies),2011-03,126.1,A,F,
M,N,B,AU,882,,A,Australia - Nominal - Broad (64 economies),2011-04,130.32,A,F,
M,N,B,AU,882,,A,Australia - Nominal - Broad (64 economies),2011-05,131.25,A,F,
M,N,B,AU,882,,A,Australia - Nominal - Broad (64 economies),2011-06,130.07,A,F,
M,N,B,AU,882,,A,Australia - Nominal - Broad (64 economies),2011-07,131.49,A,F,
M,N,B,AU,882,,A,Australia - Nominal - Broad (64 economies),2011-08,127.65,A,F,
M,N,B,AU,882,,A,Australia - Nominal - Broad (64 economies),2011-09,126.66,A,F,
M,N,B,AU,882,,A,Australia - Nominal - Broad (64 economies),2011-10,126.22,A,F,
M,N,B,AU,882,,A,Australia - Nominal - Broad (64 economies),2011-11,126.48,A,F,
M,N,B,AU,882,,A,Australia - Nominal - Broad (64 economies),2011-12,127.87,A,F,
M,N,B,AU,882,,A,Australia - Nominal - Broad (64 economies),2012-01,131.16,A,F,
M,N,B,AU,882,,A,Australia - Nominal - Broad (64 economies),2012-02,133.69,A,F,
M,N,B,AU,882,,A,Australia - Nominal - Broad (64 economies),2012-03,132.17,A,F,
M,N,B,AU,882,,A,Australia - Nominal - Broad (64 economies),2012-04,129.87,A,F,
M,N,B,AU,882,,A,Australia - Nominal - Broad (64 economies),2012-05,126.54,A,F,
M,N,B,AU,882,,A,Australia - Nominal - Broad (64 economies),2012-06,127.83,A,F,
M,N,B,AU,882,,A,Australia - Nominal - Broad (64 economies),2012-07,132,A,F,
M,N,B,AU,882,,A,Australia - Nominal - Broad (64 economies),2012-08,133.46,A,F,
M,N,B,AU,882,,A,Australia - Nominal - Broad (64 economies),2012-09,130.74,A,F,
M,N,B,AU,882,,A,Australia - Nominal - Broad (64 economies),2012-10,129.04,A,F,
M,N,B,AU,882,,A,Australia - Nominal - Broad (64 economies),2012-11,130.83,A,F,
M,N,B,AU,882,,A,Australia - Nominal - Broad (64 economies),2012-12,131.25,A,F,
M,N,B,AU,882,,A,Australia - Nominal - Broad (64 economies),2013-01,131.84,A,F,
M,N,B,AU,882,,A,Australia - Nominal - Broad (64 economies),2013-02,130.33,A,F,
M,N,B,AU,882,,A,Australia - Nominal - Broad (64 economies),2013-03,131.89,A,F,
M,N,B,AU,882,,A,Australia - Nominal - Broad (64 economies),2013-04,132.31,A,F,
M,N,B,AU,882,,A,Australia - Nominal - Broad (64 economies),2013-05,126.5,A,F,
M,N,B,AU,882,,A,Australia - Nominal - Broad (64 economies),2013-06,120.8,A,F,
M,N,B,AU,882,,A,Australia - Nominal - Broad (64 economies),2013-07,118.04,A,F,
M,N,B,AU,882,,A,Australia - Nominal - Broad (64 economies),2013-08,115.97,A,F,
M,N,B,AU,882,,A,Australia - Nominal - Broad (64 economies),2013-09,119.03,A,F,
M,N,B,AU,882,,A,Australia - Nominal - Broad (64 economies),2013-10,120.64,A,F,
M,N,B,AU,882,,A,Australia - Nominal - Broad (64 economies),2013-11,119.05,A,F,
M,N,B,AU,882,,A,Australia - Nominal - Broad (64 economies),2013-12,114.9,A,F,
M,N,B,AU,882,,A,Australia - Nominal - Broad (64 economies),2014-01,113.7,A,F,
M,N,B,AU,882,,A,Australia - Nominal - Broad (64 economies),2014-02,115.09,A,F,
M,N,B,AU,882,,A,Australia - Nominal - Broad (64 economies),2014-03,116.42,A,F,
M,N,B,AU,882,,A,Australia - Nominal - Broad (64 economies),2014-04,119.36,A,F,
M,N,B,AU,882,,A,Australia - Nominal - Broad (64 economies),2014-05,119.17,A,F,
M,N,B,AU,882,,A,Australia - Nominal - Broad (64 economies),2014-06,120.19,A,F,
M,N,B,AU,882,,A,Australia - Nominal - Broad (64 economies),2014-07,120.18,A,F,
M,N,B,AU,882,,A,Australia - Nominal - Broad (64 economies),2014-08,119.74,A,F,
M,N,B,AU,882,,A,Australia - Nominal - Broad (64 economies),2014-09,117.99,A,F,
M,N,B,AU,882,,A,Australia - Nominal - Broad (64 economies),2014-10,115.37,A,F,
M,N,B,AU,882,,A,Australia - Nominal - Broad (64 economies),2014-11,115.14,A,F,
M,N,B,AU,882,,A,Australia - Nominal - Broad (64 economies),2014-12,111.26,A,F,
M,N,B,AU,882,,A,Australia - Nominal - Broad (64 economies),2015-01,110.46,A,F,
M,N,B,AU,882,,A,Australia - Nominal - Broad (64 economies),2015-02,107.38,A,F,
M,N,B,AU,882,,A,Australia - Nominal - Broad (64 economies),2015-03,108.01,A,F,
M,N,B,AU,882,,A,Australia - Nominal - Broad (64 economies),2015-04,107.28,A,F,
M,N,B,AU,882,,A,Australia - Nominal - Broad (64 economies),2015-05,109.14,A,F,
M,N,B,AU,882,,A,Australia - Nominal - Broad (64 economies),2015-06,107.37,A,F,
M,N,B,AU,882,,A,Australia - Nominal - Broad (64 economies),2015-07,104.02,A,F,
M,N,B,AU,882,,A,Australia - Nominal - Broad (64 economies),2015-08,103.73,A,F,
M,N,B,AU,882,,A,Australia - Nominal - Broad (64 economies),2015-09,100.83,A,F,
M,N,B,AU,882,,A,Australia - Nominal - Broad (64 economies),2015-10,102.27,A,F,
M,N,B,AU,882,,A,Australia - Nominal - Broad (64 economies),2015-11,102.91,A,F,
M,N,B,AU,882,,A,Australia - Nominal - Broad (64 economies),2015-12,104.53,A,F,
M,N,B,AU,882,,A,Australia - Nominal - Broad (64 economies),2016-01,102.19,A,F,
M,N,B,AU,882,,A,Australia - Nominal - Broad (64 economies),2016-02,102.87,A,F,
M,N,B,AU,882,,A,Australia - Nominal - Broad (64 economies),2016-03,107.02,A,F,
M,N,B,AU,882,,A,Australia - Nominal - Broad (64 economies),2016-04,108.03,A,F,
M,N,B,AU,882,,A,Australia - Nominal - Broad (64 economies),2016-05,103.84,A,F,
M,N,B,AU,882,,A,Australia - Nominal - Broad (64 economies),2016-06,105.09,A,F,
M,N,B,AU,882,,A,Australia - Nominal - Broad (64 economies),2016-07,107.52,A,F,
M,N,B,AU,882,,A,Australia - Nominal - Broad (64 economies),2016-08,107.99,A,F,
M,N,B,AU,882,,A,Australia - Nominal - Broad (64 economies),2016-09,107.7,A,F,
M,N,B,AU,882,,A,Australia - Nominal - Broad (64 economies),2016-10,109.4,A,F,
M,N,B,AU,882,,A,Australia - Nominal - Broad (64 economies),2016-11,110,A,F,
M,N,B,AU,882,,A,Australia - Nominal - Broad (64 economies),2016-12,108.94,A,F,
M,N,B,AU,882,,A,Australia - Nominal - Broad (64 economies),2017-01,110.12,A,F,
M,N,B,AU,882,,A,Australia - Nominal - Broad (64 economies),2017-02,112.39,A,F,
M,N,B,AU,882,,A,Australia - Nominal - Broad (64 economies),2017-03,111.78,A,F,
M,N,B,AU,882,,A,Australia - Nominal - Broad (64 economies),2017-04,109.97,A,F,
M,N,B,AU,882,,A,Australia - Nominal - Broad (64 economies),2017-05,107.86,A,F,
M,N,B,AU,882,,A,Australia - Nominal - Broad (64 economies),2017-06,108.58,A,F,
M,N,B,AU,882,,A,Australia - Nominal - Broad (64 economies),2017-07,111.18,A,F,
M,N,B,AU,882,,A,Australia - Nominal - Broad (64 economies),2017-08,111.58,A,F,
M,N,B,AU,882,,A,Australia - Nominal - Broad (64 economies),2017-09,111.56,A,F,
M,N,B,AU,882,,A,Australia - Nominal - Broad (64 economies),2017-10,110.04,A,F,
M,N,B,AU,882,,A,Australia - Nominal - Broad (64 economies),2017-11,107.66,A,F,
M,N,B,AU,882,,A,Australia - Nominal - Broad (64 economies),2017-12,107.39,A,F,
M,N,B,AU,882,,A,Australia - Nominal - Broad (64 economies),2018-01,109.23,A,F,
M,N,B,AU,882,,A,Australia - Nominal - Broad (64 economies),2018-02,107.11,A,F,
M,N,B,AU,882,,A,Australia - Nominal - Broad (64 economies),2018-03,105.5,A,F,
M,N,B,AU,882,,A,Australia - Nominal - Broad (64 economies),2018-04,104.66,A,F,
M,N,B,AU,882,,A,Australia - Nominal - Broad (64 economies),2018-05,104.51,A,F,
M,N,B,AU,882,,A,Australia - Nominal - Broad (64 economies),2018-06,105.19,A,F,
M,N,B,AU,882,,A,Australia - Nominal - Broad (64 economies),2018-07,105.59,A,F,
M,N,B,AU,882,,A,Australia - Nominal - Broad (64 economies),2018-08,105.6,A,F,
M,N,B,AU,882,,A,Australia - Nominal - Broad (64 economies),2018-09,103.81,A,F,
M,N,B,AU,882,,A,Australia - Nominal - Broad (64 economies),2018-10,103.26,A,F,
M,N,B,AU,882,,A,Australia - Nominal - Broad (64 economies),2018-11,105.51,A,F,
M,N,B,AU,882,,A,Australia - Nominal - Broad (64 economies),2018-12,103.95,A,F,
M,N,B,AU,882,,A,Australia - Nominal - Broad (64 economies),2019-01,102.49,A,F,
M,N,B,AU,882,,A,Australia - Nominal - Broad (64 economies),2019-02,102.29,A,F,
M,N,B,AU,882,,A,Australia - Nominal - Broad (64 economies),2019-03,101.58,A,F,
M,N,B,AU,882,,A,Australia - Nominal - Broad (64 economies),2019-04,102.36,A,F,
M,N,B,AU,882,,A,Australia - Nominal - Broad (64 economies),2019-05,100.95,A,F,
M,N,B,AU,882,,A,Australia - Nominal - Broad (64 economies),2019-06,100.57,A,F,
M,N,B,AU,882,,A,Australia - Nominal - Broad (64 economies),2019-07,101.02,A,F,
M,N,B,AU,882,,A,Australia - Nominal - Broad (64 economies),2019-08,99.33,A,F,
M,N,B,AU,882,,A,Australia - Nominal - Broad (64 economies),2019-09,100.26,A,F,
M,N,B,AU,882,,A,Australia - Nominal - Broad (64 economies),2019-10,99.72,A,F,
M,N,B,AU,882,,A,Australia - Nominal - Broad (64 economies),2019-11,99.76,A,F,
M,N,B,AU,882,,A,Australia - Nominal - Broad (64 economies),2019-12,100.24,A,F,
M,N,B,AU,882,,A,Australia - Nominal - Broad (64 economies),2020-01,99.44,A,F,
M,N,B,AU,882,,A,Australia - Nominal - Broad (64 economies),2020-02,97.81,A,F,
M,N,B,AU,882,,A,Australia - Nominal - Broad (64 economies),2020-03,91.9,A,F,
M,N,B,AU,882,,A,Australia - Nominal - Broad (64 economies),2020-04,94.08,A,F,
M,N,B,AU,882,,A,Australia - Nominal - Broad (64 economies),2020-05,97.14,A,F,
M,N,B,AU,882,,A,Australia - Nominal - Broad (64 economies),2020-06,101.45,A,F,
M,N,B,AU,882,,A,Australia - Nominal - Broad (64 economies),2020-07,102.56,A,F,
M,N,B,AU,882,,A,Australia - Nominal - Broad (64 economies),2020-08,103.64,A,F,
M,N,B,AU,882,,A,Australia - Nominal - Broad (64 economies),2020-09,103.58,A,F,
M,N,B,AU,882,,A,Australia - Nominal - Broad (64 economies),2020-10,101.55,A,F,
M,N,B,AU,882,,A,Australia - Nominal - Broad (64 economies),2020-11,102.35,A,F,
M,N,B,AU,882,,A,Australia - Nominal - Broad (64 economies),2020-12,104.51,A,F,
M,N,B,AU,882,,A,Australia - Nominal - Broad (64 economies),2021-01,106.59,A,F,
M,N,B,AU,882,,A,Australia - Nominal - Broad (64 economies),2021-02,107.21,A,F,
M,N,B,AU,882,,A,Australia - Nominal - Broad (64 economies),2021-03,107.94,A,F,
M,N,B,AU,882,,A,Australia - Nominal - Broad (64 economies),2021-04,107.88,A,F,
M,N,B,AU,882,,A,Australia - Nominal - Broad (64 economies),2021-05,107.68,A,F,
M,N,B,AU,882,,A,Australia - Nominal - Broad (64 economies),2021-06,106.34,A,F,
M,N,B,AU,882,,A,Australia - Nominal - Broad (64 economies),2021-07,104.5,A,F,
M,N,B,AU,882,,A,Australia - Nominal - Broad (64 economies),2021-08,102.99,A,F,
M,N,B,AU,882,,A,Australia - Nominal - Broad (64 economies),2021-09,103.06,A,F,
M,N,B,AU,882,,A,Australia - Nominal - Broad (64 economies),2021-10,104.8,A,F,
M,N,B,AU,882,,A,Australia - Nominal - Broad (64 economies),2021-11,103.79,A,F,
M,N,B,AU,882,,A,Australia - Nominal - Broad (64 economies),2021-12,102.16,A,F,
M,N,B,AU,882,,A,Australia - Nominal - Broad (64 economies),2022-01,102.12,A,F,
M,N,B,AU,882,,A,Australia - Nominal - Broad (64 economies),2022-02,101.87,A,F,
M,N,B,AU,882,,A,Australia - Nominal - Broad (64 economies),2022-03,106.06,A,F,
M,N,B,AU,882,,A,Australia - Nominal - Broad (64 economies),2022-04,107.64,A,F,
M,N,B,AU,882,,A,Australia - Nominal - Broad (64 economies),2022-05,105.61,A,F,
M,N,B,AU,882,,A,Australia - Nominal - Broad (64 economies),2022-06,105.72,A,F,
M,N,B,AU,882,,A,Australia - Nominal - Broad (64 economies),2022-07,104.9,A,F,
M,N,B,AU,882,,A,Australia - Nominal - Broad (64 economies),2022-08,106.79,A,F,
M,N,B,AU,882,,A,Australia - Nominal - Broad (64 economies),2022-09,105.39,A,F,
M,N,B,AU,882,,A,Australia - Nominal - Broad (64 economies),2022-10,101.97,A,F,
M,N,B,AU,882,,A,Australia - Nominal - Broad (64 economies),2022-11,103.98,A,F,
M,N,B,AU,882,,A,Australia - Nominal - Broad (64 economies),2022-12,103.41,A,F,
M,N,B,AU,882,,A,Australia - Nominal - Broad (64 economies),2023-01,104.21,A,F,
M,N,B,AU,882,,A,Australia - Nominal - Broad (64 economies),2023-02,104.48,A,F,
M,N,B,AU,882,,A,Australia - Nominal - Broad (64 economies),2023-03,101.64,A,F,
M,N,B,AU,882,,A,Australia - Nominal - Broad (64 economies),2023-04,101.11,A,F,
M,N,B,AU,882,,A,Australia - Nominal - Broad (64 economies),2023-05,101.4,A,F,
M,N,B,AU,882,,A,Australia - Nominal - Broad (64 economies),2023-06,103.62,A,F,
M,N,B,AU,882,,A,Australia - Nominal - Broad (64 economies),2023-07,103.51,A,F,
M,N,B,AU,882,,A,Australia - Nominal - Broad (64 economies),2023-08,100.93,A,F,
M,N,B,AU,882,,A,Australia - Nominal - Broad (64 economies),2023-09,101.2,A,F,
M,N,B,AU,882,,A,Australia - Nominal - Broad (64 economies),2023-10,100.69,A,F,
M,N,B,AU,882,,A,Australia - Nominal - Broad (64 economies),2023-11,101.64,A,F,
M,N,B,AU,882,,A,Australia - Nominal - Broad (64 economies),2023-12,103.44,A,F,
M,N,B,AU,882,,A,Australia - Nominal - Broad (64 economies),2024-01,103.07,A,F,
M,N,B,AU,882,,A,Australia - Nominal - Broad (64 economies),2024-02,102.07,A,F,
M,N,B,AU,882,,A,Australia - Nominal - Broad (64 economies),2024-03,102.42,A,F,
M,N,B,AU,882,,A,Australia - Nominal - Broad (64 economies),2024-04,102.88,A,F,
M,N,B,AU,882,,A,Australia - Nominal - Broad (64 economies),2024-05,104.38,A,F,
M,N,B,AU,882,,A,Australia - Nominal - Broad (64 economies),2024-06,105.06,A,F,
M,N,B,AU,882,,A,Australia - Nominal - Broad (64 economies),2024-07,105.36,A,F,
M,N,B,AU,882,,A,Australia - Nominal - Broad (64 economies),2024-08,103.02,A,F,
M,N,B,AU,882,,A,Australia - Nominal - Broad (64 economies),2024-09,103.67,A,F,
M,N,B,AU,882,,A,Australia - Nominal - Broad (64 economies),2024-10,103.75,A,F,
M,N,B,AU,882,,A,Australia - Nominal - Broad (64 economies),2024-11,102.94,A,F,
M,N,B,AU,882,,A,Australia - Nominal - Broad (64 economies),2024-12,100.6,A,F,
M,N,B,AU,882,,A,Australia - Nominal - Broad (64 economies),2025-01,99.6,A,F,
M,N,B,AU,882,,A,Australia - Nominal - Broad (64 economies),2025-02,100.12,A,F,
M,N,B,AU,882,,A,Australia - Nominal - Broad (64 economies),2025-03,99.01,A,F,
M,N,B,AU,882,,A,Australia - Nominal - Broad (64 economies),2025-04,97.95,A,F,
M,N,B,AU,882,,A,Australia - Nominal - Broad (64 economies),2025-05,99.01,A,F,
M,N,B,AU,882,,A,Australia - Nominal - Broad (64 economies),2025-06,99.16,A,F,
M,N,B,AU,882,,A,Australia - Nominal - Broad (64 economies),2025-07,99.53,A,F,
M,N,B,AU,882,,A,Australia - Nominal - Broad (64 economies),2025-08,99.12,A,F,
M,N,B,AU,882,,A,Australia - Nominal - Broad (64 economies),2025-09,100.21,A,F,
M,N,B,AU,882,,A,Australia - Nominal - Broad (64 economies),2025-10,100,A,F,
M,N,B,AU,882,,A,Australia - Nominal - Broad (64 economies),2025-11,99.82,A,F,
M,N,B,AU,882,,A,Australia - Nominal - Broad (64 economies),2025-12,101.18,A,F,
M,N,B,AU,882,,A,Australia - Nominal - Broad (64 economies),2026-01,102.63,A,F,
M,N,B,AU,882,,A,Australia - Nominal - Broad (64 economies),2026-02,106,A,F,
M,N,B,AU,882,,A,Australia - Nominal - Broad (64 economies),2026-03,106.65,A,F,
M,N,B,AU,882,,A,Australia - Nominal - Broad (64 economies),2026-04,107.04,A,F,
M,N,B,AU,882,,A,Australia - Nominal - Broad (64 economies),2026-05,108.37,A,F,
M,N,B,AU,882,,A,Australia - Nominal - Broad (64 economies),2026-06,106.73,A,F,
M,N,B,AU,882,,A,Australia - Nominal - Broad (64 economies),2026-07,106.23,A,F,
M,N,B,AU,882,,A,Australia - Nominal - Broad (64 economies),2026-08,107.14,A,F,
M,N,B,CN,882,,A,China - Nominal - Broad (64 economies),1994-01,63.43,A,F,
M,N,B,CN,882,,A,China - Nominal - Broad (64 economies),1994-02,62.88,A,F,
M,N,B,CN,882,,A,China - Nominal - Broad (64 economies),1994-03,62.67,A,F,
M,N,B,CN,882,,A,China - Nominal - Broad (64 economies),1994-04,62.71,A,F,
M,N,B,CN,882,,A,China - Nominal - Broad (64 economies),1994-05,62.88,A,F,
M,N,B,CN,882,,A,China - Nominal - Broad (64 economies),1994-06,62.66,A,F,
M,N,B,CN,882,,A,China - Nominal - Broad (64 economies),1994-07,61.74,A,F,
M,N,B,CN,882,,A,China - Nominal - Broad (64 economies),1994-08,62.31,A,F,
M,N,B,CN,882,,A,China - Nominal - Broad (64 economies),1994-09,62.38,A,F,
M,N,B,CN,882,,A,China - Nominal - Broad (64 economies),1994-10,62.35,A,F,
M,N,B,CN,882,,A,China - Nominal - Broad (64 economies),1994-11,62.6,A,F,
M,N,B,CN,882,,A,China - Nominal - Broad (64 economies),1994-12,63.69,A,F,
M,N,B,CN,882,,A,China - Nominal - Broad (64 economies),1995-01,63.95,A,F,
M,N,B,CN,882,,A,China - Nominal - Broad (64 economies),1995-02,63.71,A,F,
M,N,B,CN,882,,A,China - Nominal - Broad (64 economies),1995-03,61.93,A,F,
M,N,B,CN,882,,A,China - Nominal - Broad (64 economies),1995-04,60.36,A,F,
M,N,B,CN,882,,A,China - Nominal - Broad (64 economies),1995-05,61.51,A,F,
M,N,B,CN,882,,A,China - Nominal - Broad (64 economies),1995-06,61.43,A,F,
M,N,B,CN,882,,A,China - Nominal - Broad (64 economies),1995-07,61.78,A,F,
M,N,B,CN,882,,A,China - Nominal - Broad (64 economies),1995-08,63.66,A,F,
M,N,B,CN,882,,A,China - Nominal - Broad (64 economies),1995-09,64.82,A,F,
M,N,B,CN,882,,A,China - Nominal - Broad (64 economies),1995-10,64.46,A,F,
M,N,B,CN,882,,A,China - Nominal - Broad (64 economies),1995-11,64.79,A,F,
M,N,B,CN,882,,A,China - Nominal - Broad (64 economies),1995-12,65.09,A,F,
M,N,B,CN,882,,A,China - Nominal - Broad (64 economies),1996-01,65.91,A,F,
M,N,B,CN,882,,A,China - Nominal - Broad (64 economies),1996-02,65.99,A,F,
M,N,B,CN,882,,A,China - Nominal - Broad (64 economies),1996-03,65.96,A,F,
M,N,B,CN,882,,A,China - Nominal - Broad (64 economies),1996-04,66.3,A,F,
M,N,B,CN,882,,A,China - Nominal - Broad (64 economies),1996-05,66.46,A,F,
M,N,B,CN,882,,A,China - Nominal - Broad (64 economies),1996-06,66.95,A,F,
M,N,B,CN,882,,A,China - Nominal - Broad (64 economies),1996-07,66.94,A,F,
M,N,B,CN,882,,A,China - Nominal - Broad (64 economies),1996-08,66.69,A,F,
M,N,B,CN,882,,A,China - Nominal - Broad (64 economies),1996-09,67.2,A,F,
M,N,B,CN,882,,A,China - Nominal - Broad (64 economies),1996-10,67.74,A,F,
M,N,B,CN,882,,A,China - Nominal - Broad (64 economies),1996-11,67.51,A,F,
M,N,B,CN,882,,A,China - Nominal - Broad (64 economies),1996-12,68.18,A,F,
M,N,B,CN,882,,A,China - Nominal - Broad (64 economies),1997-01,69.27,A,F,
M,N,B,CN,882,,A,China - Nominal - Broad (64 economies),1997-02,70.8,A,F,
M,N,B,CN,882,,A,China - Nominal - Broad (64 economies),1997-03,71.11,A,F,
M,N,B,CN,882,,A,China - Nominal - Broad (64 economies),1997-04,71.7,A,F,
M,N,B,CN,882,,A,China - Nominal - Broad (64 economies),1997-05,70.73,A,F,
M,N,B,CN,882,,A,China - Nominal - Broad (64 economies),1997-06,70.28,A,F,
M,N,B,CN,882,,A,China - Nominal - Broad (64 economies),1997-07,71.14,A,F,
M,N,B,CN,882,,A,China - Nominal - Broad (64 economies),1997-08,72.4,A,F,
M,N,B,CN,882,,A,China - Nominal - Broad (64 economies),1997-09,72.8,A,F,
M,N,B,CN,882,,A,China - Nominal - Broad (64 economies),1997-10,73.07,A,F,
M,N,B,CN,882,,A,China - Nominal - Broad (64 economies),1997-11,74.35,A,F,
M,N,B,CN,882,,A,China - Nominal - Broad (64 economies),1997-12,78.14,A,F,
M,N,B,CN,882,,A,China - Nominal - Broad (64 economies),1998-01,80.31,A,F,
M,N,B,CN,882,,A,China - Nominal - Broad (64 economies),1998-02,78.98,A,F,
M,N,B,CN,882,,A,China - Nominal - Broad (64 economies),1998-03,78.81,A,F,
M,N,B,CN,882,,A,China - Nominal - Broad (64 economies),1998-04,78.72,A,F,
M,N,B,CN,882,,A,China - Nominal - Broad (64 economies),1998-05,79.2,A,F,
M,N,B,CN,882,,A,China - Nominal - Broad (64 economies),1998-06,80.64,A,F,
M,N,B,CN,882,,A,China - Nominal - Broad (64 economies),1998-07,80.43,A,F,
M,N,B,CN,882,,A,China - Nominal - Broad (64 economies),1998-08,81.37,A,F,
M,N,B,CN,882,,A,China - Nominal - Broad (64 economies),1998-09,80.25,A,F,
M,N,B,CN,882,,A,China - Nominal - Broad (64 economies),1998-10,77.46,A,F,
M,N,B,CN,882,,A,China - Nominal - Broad (64 economies),1998-11,77.44,A,F,
M,N,B,CN,882,,A,China - Nominal - Broad (64 economies),1998-12,76.77,A,F,
M,N,B,CN,882,,A,China - Nominal - Broad (64 economies),1999-01,76.43,A,F,
M,N,B,CN,882,,A,China - Nominal - Broad (64 economies),1999-02,77.74,A,F,
M,N,B,CN,882,,A,China - Nominal - Broad (64 economies),1999-03,79,A,F,
M,N,B,CN,882,,A,China - Nominal - Broad (64 economies),1999-04,79.06,A,F,
M,N,B,CN,882,,A,China - Nominal - Broad (64 economies),1999-05,79.28,A,F,
M,N,B,CN,882,,A,China - Nominal - Broad (64 economies),1999-06,79.35,A,F,
M,N,B,CN,882,,A,China - Nominal - Broad (64 economies),1999-07,79.3,A,F,
M,N,B,CN,882,,A,China - Nominal - Broad (64 economies),1999-08,78.11,A,F,
M,N,B,CN,882,,A,China - Nominal - Broad (64 economies),1999-09,77.43,A,F,
M,N,B,CN,882,,A,China - Nominal - Broad (64 economies),1999-10,76.93,A,F,
M,N,B,CN,882,,A,China - Nominal - Broad (64 economies),1999-11,77.13,A,F,
M,N,B,CN,882,,A,China - Nominal - Broad (64 economies),1999-12,76.95,A,F,
M,N,B,CN,882,,A,China - Nominal - Broad (64 economies),2000-01,77.13,A,F,
M,N,B,CN,882,,A,China - Nominal - Broad (64 economies),2000-02,78.45,A,F,
M,N,B,CN,882,,A,China - Nominal - Broad (64 economies),2000-03,78.26,A,F,
M,N,B,CN,882,,A,China - Nominal - Broad (64 economies),2000-04,78.43,A,F,
M,N,B,CN,882,,A,China - Nominal - Broad (64 economies),2000-05,80.02,A,F,
M,N,B,CN,882,,A,China - Nominal - Broad (64 economies),2000-06,78.95,A,F,
M,N,B,CN,882,,A,China - Nominal - Broad (64 economies),2000-07,79.46,A,F,
M,N,B,CN,882,,A,China - Nominal - Broad (64 economies),2000-08,80.13,A,F,
M,N,B,CN,882,,A,China - Nominal - Broad (64 economies),2000-09,80.76,A,F,
M,N,B,CN,882,,A,China - Nominal - Broad (64 economies),2000-10,81.72,A,F,
M,N,B,CN,882,,A,China - Nominal - Broad (64 economies),2000-11,82.15,A,F,
M,N,B,CN,882,,A,China - Nominal - Broad (64 economies),2000-12,82.11,A,F,
M,N,B,CN,882,,A,China - Nominal - Broad (64 economies),2001-01,82.34,A,F,
M,N,B,CN,882,,A,China - Nominal - Broad (64 economies),2001-02,82.54,A,F,
M,N,B,CN,882,,A,China - Nominal - Broad (64 economies),2001-03,84.08,A,F,
M,N,B,CN,882,,A,China - Nominal - Broad (64 economies),2001-04,85.2,A,F,
M,N,B,CN,882,,A,China - Nominal - Broad (64 economies),2001-05,85.09,A,F,
M,N,B,CN,882,,A,China - Nominal - Broad (64 economies),2001-06,85.74,A,F,
M,N,B,CN,882,,A,China - Nominal - Broad (64 economies),2001-07,86.12,A,F,
M,N,B,CN,882,,A,China - Nominal - Broad (64 economies),2001-08,84.54,A,F,
M,N,B,CN,882,,A,China - Nominal - Broad (64 economies),2001-09,84.12,A,F,
M,N,B,CN,882,,A,China - Nominal - Broad (64 economies),2001-10,84.83,A,F,
M,N,B,CN,882,,A,China - Nominal - Broad (64 economies),2001-11,85.22,A,F,
M,N,B,CN,882,,A,China - Nominal - Broad (64 economies),2001-12,85.83,A,F,
M,N,B,CN,882,,A,China - Nominal - Broad (64 economies),2002-01,86.99,A,F,
M,N,B,CN,882,,A,China - Nominal - Broad (64 economies),2002-02,87.55,A,F,
M,N,B,CN,882,,A,China - Nominal - Broad (64 economies),2002-03,87,A,F,
M,N,B,CN,882,,A,China - Nominal - Broad (64 economies),2002-04,86.59,A,F,
M,N,B,CN,882,,A,China - Nominal - Broad (64 economies),2002-05,84.91,A,F,
M,N,B,CN,882,,A,China - Nominal - Broad (64 economies),2002-06,83.47,A,F,
M,N,B,CN,882,,A,China - Nominal - Broad (64 economies),2002-07,81.75,A,F,
M,N,B,CN,882,,A,China - Nominal - Broad (64 economies),2002-08,82.5,A,F,
M,N,B,CN,882,,A,China - Nominal - Broad (64 economies),2002-09,82.91,A,F,
M,N,B,CN,882,,A,China - Nominal - Broad (64 economies),2002-10,83.68,A,F,
M,N,B,CN,882,,A,China - Nominal - Broad (64 economies),2002-11,82.62,A,F,
M,N,B,CN,882,,A,China - Nominal - Broad (64 economies),2002-12,82.32,A,F,
M,N,B,CN,882,,A,China - Nominal - Broad (64 economies),2003-01,80.84,A,F,
M,N,B,CN,882,,A,China - Nominal - Broad (64 economies),2003-02,80.81,A,F,
M,N,B,CN,882,,A,China - Nominal - Broad (64 economies),2003-03,80.88,A,F,
M,N,B,CN,882,,A,China - Nominal - Broad (64 economies),2003-04,80.83,A,F,
M,N,B,CN,882,,A,China - Nominal - Broad (64 economies),2003-05,78.67,A,F,
M,N,B,CN,882,,A,China - Nominal - Broad (64 economies),2003-06,78.55,A,F,
M,N,B,CN,882,,A,China - Nominal - Broad (64 economies),2003-07,79.04,A,F,
M,N,B,CN,882,,A,China - Nominal - Broad (64 economies),2003-08,79.57,A,F,
M,N,B,CN,882,,A,China - Nominal - Broad (64 economies),2003-09,78.65,A,F,
M,N,B,CN,882,,A,China - Nominal - Broad (64 economies),2003-10,76.95,A,F,
M,N,B,CN,882,,A,China - Nominal - Broad (64 economies),2003-11,76.96,A,F,
M,N,B,CN,882,,A,China - Nominal - Broad (64 economies),2003-12,75.8,A,F,
M,N,B,CN,882,,A,China - Nominal - Broad (64 economies),2004-01,74.82,A,F,
M,N,B,CN,882,,A,China - Nominal - Broad (64 economies),2004-02,74.67,A,F,
M,N,B,CN,882,,A,China - Nominal - Broad (64 economies),2004-03,75.57,A,F,
M,N,B,CN,882,,A,China - Nominal - Broad (64 economies),2004-04,75.8,A,F,
M,N,B,CN,882,,A,China - Nominal - Broad (64 economies),2004-05,76.94,A,F,
M,N,B,CN,882,,A,China - Nominal - Broad (64 economies),2004-06,76.13,A,F,
M,N,B,CN,882,,A,China - Nominal - Broad (64 economies),2004-07,75.79,A,F,
M,N,B,CN,882,,A,China - Nominal - Broad (64 economies),2004-08,76.21,A,F,
M,N,B,CN,882,,A,China - Nominal - Broad (64 economies),2004-09,76.02,A,F,
M,N,B,CN,882,,A,China - Nominal - Broad (64 economies),2004-10,75.21,A,F,
M,N,B,CN,882,,A,China - Nominal - Broad (64 economies),2004-11,73.24,A,F,
M,N,B,CN,882,,A,China - Nominal - Broad (64 economies),2004-12,72.14,A,F,
M,N,B,CN,882,,A,China - Nominal - Broad (64 economies),2005-01,72.4,A,F,
M,N,B,CN,882,,A,China - Nominal - Broad (64 economies),2005-02,72.46,A,F,
M,N,B,CN,882,,A,China - Nominal - Broad (64 economies),2005-03,72.05,A,F,
M,N,B,CN,882,,A,China - Nominal - Broad (64 economies),2005-04,72.86,A,F,
M,N,B,CN,882,,A,China - Nominal - Broad (64 economies),2005-05,73.09,A,F,
M,N,B,CN,882,,A,China - Nominal - Broad (64 economies),2005-06,74.22,A,F,
M,N,B,CN,882,,A,China - Nominal - Broad (64 economies),2005-07,75.64,A,F,
M,N,B,CN,882,,A,China - Nominal - Broad (64 economies),2005-08,75.93,A,F,
M,N,B,CN,882,,A,China - Nominal - Broad (64 economies),2005-09,76.23,A,F,
M,N,B,CN,882,,A,China - Nominal - Broad (64 economies),2005-10,77.38,A,F,
M,N,B,CN,882,,A,China - Nominal - Broad (64 economies),2005-11,78.24,A,F,
M,N,B,CN,882,,A,China - Nominal - Broad (64 economies),2005-12,77.91,A,F,
M,N,B,CN,882,,A,China - Nominal - Broad (64 economies),2006-01,76.59,A,F,
M,N,B,CN,882,,A,China - Nominal - Broad (64 economies),2006-02,77.1,A,F,
M,N,B,CN,882,,A,China - Nominal - Broad (64 economies),2006-03,77.2,A,F,
M,N,B,CN,882,,A,China - Nominal - Broad (64 economies),2006-04,76.67,A,F,
M,N,B,CN,882,,A,China - Nominal - Broad (64 economies),2006-05,75.01,A,F,
M,N,B,CN,882,,A,China - Nominal - Broad (64 economies),2006-06,76.15,A,F,
M,N,B,CN,882,,A,China - Nominal - Broad (64 economies),2006-07,76.25,A,F,
M,N,B,CN,882,,A,China - Nominal - Broad (64 economies),2006-08,76.14,A,F,
M,N,B,CN,882,,A,China - Nominal - Broad (64 economies),2006-09,76.78,A,F,
M,N,B,CN,882,,A,China - Nominal - Broad (64 economies),2006-10,77.47,A,F,
M,N,B,CN,882,,A,China - Nominal - Broad (64 economies),2006-11,76.91,A,F,
M,N,B,CN,882,,A,China - Nominal - Broad (64 economies),2006-12,76.49,A,F,
M,N,B,CN,882,,A,China - Nominal - Broad (64 economies),2007-01,77.64,A,F,
M,N,B,CN,882,,A,China - Nominal - Broad (64 economies),2007-02,77.87,A,F,
M,N,B,CN,882,,A,China - Nominal - Broad (64 economies),2007-03,77.4,A,F,
M,N,B,CN,882,,A,China - Nominal - Broad (64 economies),2007-04,76.92,A,F,
M,N,B,CN,882,,A,China - Nominal - Broad (64 economies),2007-05,77.45,A,F,
M,N,B,CN,882,,A,China - Nominal - Broad (64 economies),2007-06,78.1,A,F,
M,N,B,CN,882,,A,China - Nominal - Broad (64 economies),2007-07,77.75,A,F,
M,N,B,CN,882,,A,China - Nominal - Broad (64 economies),2007-08,77.85,A,F,
M,N,B,CN,882,,A,China - Nominal - Broad (64 economies),2007-09,77.6,A,F,
M,N,B,CN,882,,A,China - Nominal - Broad (64 economies),2007-10,76.75,A,F,
M,N,B,CN,882,,A,China - Nominal - Broad (64 economies),2007-11,76.33,A,F,
M,N,B,CN,882,,A,China - Nominal - Broad (64 economies),2007-12,77.33,A,F,
M,N,B,CN,882,,A,China - Nominal - Broad (64 economies),2008-01,78.06,A,F,
M,N,B,CN,882,,A,China - Nominal - Broad (64 economies),2008-02,78.53,A,F,
M,N,B,CN,882,,A,China - Nominal - Broad (64 economies),2008-03,77.7,A,F,
M,N,B,CN,882,,A,China - Nominal - Broad (64 economies),2008-04,78.42,A,F,
M,N,B,CN,882,,A,China - Nominal - Broad (64 economies),2008-05,79.62,A,F,
M,N,B,CN,882,,A,China - Nominal - Broad (64 economies),2008-06,80.81,A,F,
M,N,B,CN,882,,A,China - Nominal - Broad (64 economies),2008-07,80.98,A,F,
M,N,B,CN,882,,A,China - Nominal - Broad (64 economies),2008-08,83,A,F,
M,N,B,CN,882,,A,China - Nominal - Broad (64 economies),2008-09,85.26,A,F,
M,N,B,CN,882,,A,China - Nominal - Broad (64 economies),2008-10,89.24,A,F,
M,N,B,CN,882,,A,China - Nominal - Broad (64 economies),2008-11,91.44,A,F,
M,N,B,CN,882,,A,China - Nominal - Broad (64 economies),2008-12,89.19,A,F,
M,N,B,CN,882,,A,China - Nominal - Broad (64 economies),2009-01,89.95,A,F,
M,N,B,CN,882,,A,China - Nominal - Broad (64 economies),2009-02,92.35,A,F,
M,N,B,CN,882,,A,China - Nominal - Broad (64 economies),2009-03,92.92,A,F,
M,N,B,CN,882,,A,China - Nominal - Broad (64 economies),2009-04,91.19,A,F,
M,N,B,CN,882,,A,China - Nominal - Broad (64 economies),2009-05,88.65,A,F,
M,N,B,CN,882,,A,China - Nominal - Broad (64 economies),2009-06,87.55,A,F,
M,N,B,CN,882,,A,China - Nominal - Broad (64 economies),2009-07,87.1,A,F,
M,N,B,CN,882,,A,China - Nominal - Broad (64 economies),2009-08,86.36,A,F,
M,N,B,CN,882,,A,China - Nominal - Broad (64 economies),2009-09,85.16,A,F,
M,N,B,CN,882,,A,China - Nominal - Broad (64 economies),2009-10,83.95,A,F,
M,N,B,CN,882,,A,China - Nominal - Broad (64 economies),2009-11,83.39,A,F,
M,N,B,CN,882,,A,China - Nominal - Broad (64 economies),2009-12,84.03,A,F,
M,N,B,CN,882,,A,China - Nominal - Broad (64 economies),2010-01,84.35,A,F,
M,N,B,CN,882,,A,China - Nominal - Broad (64 economies),2010-02,85.53,A,F,
M,N,B,CN,882,,A,China - Nominal - Broad (64 economies),2010-03,85.3,A,F,
M,N,B,CN,882,,A,China - Nominal - Broad (64 economies),2010-04,85.37,A,F,
M,N,B,CN,882,,A,China - Nominal - Broad (64 economies),2010-05,87.64,A,F,
M,N,B,CN,882,,A,China - Nominal - Broad (64 economies),2010-06,88.65,A,F,
M,N,B,CN,882,,A,China - Nominal - Broad (64 economies),2010-07,87.29,A,F,
M,N,B,CN,882,,A,China - Nominal - Broad (64 economies),2010-08,86.05,A,F,
M,N,B,CN,882,,A,China - Nominal - Broad (64 economies),2010-09,85.75,A,F,
M,N,B,CN,882,,A,China - Nominal - Broad (64 economies),2010-10,84.15,A,F,
M,N,B,CN,882,,A,China - Nominal - Broad (64 economies),2010-11,84.82,A,F,
M,N,B,CN,882,,A,China - Nominal - Broad (64 economies),2010-12,85.79,A,F,
M,N,B,CN,882,,A,China - Nominal - Broad (64 economies),2011-01,85.61,A,F,
M,N,B,CN,882,,A,China - Nominal - Broad (64 economies),2011-02,85.24,A,F,
M,N,B,CN,882,,A,China - Nominal - Broad (64 economies),2011-03,84.69,A,F,
M,N,B,CN,882,,A,China - Nominal - Broad (64 economies),2011-04,84.03,A,F,
M,N,B,CN,882,,A,China - Nominal - Broad (64 economies),2011-05,84.22,A,F,
M,N,B,CN,882,,A,China - Nominal - Broad (64 economies),2011-06,84.36,A,F,
M,N,B,CN,882,,A,China - Nominal - Broad (64 economies),2011-07,84.23,A,F,
M,N,B,CN,882,,A,China - Nominal - Broad (64 economies),2011-08,84.85,A,F,
M,N,B,CN,882,,A,China - Nominal - Broad (64 economies),2011-09,87.35,A,F,
M,N,B,CN,882,,A,China - Nominal - Broad (64 economies),2011-10,88.49,A,F,
M,N,B,CN,882,,A,China - Nominal - Broad (64 economies),2011-11,89.14,A,F,
M,N,B,CN,882,,A,China - Nominal - Broad (64 economies),2011-12,90.36,A,F,
M,N,B,CN,882,,A,China - Nominal - Broad (64 economies),2012-01,90.68,A,F,
M,N,B,CN,882,,A,China - Nominal - Broad (64 economies),2012-02,89.56,A,F,
M,N,B,CN,882,,A,China - Nominal - Broad (64 economies),2012-03,90.24,A,F,
M,N,B,CN,882,,A,China - Nominal - Broad (64 economies),2012-04,90.5,A,F,
M,N,B,CN,882,,A,China - Nominal - Broad (64 economies),2012-05,91.46,A,F,
M,N,B,CN,882,,A,China - Nominal - Broad (64 economies),2012-06,91.83,A,F,
M,N,B,CN,882,,A,China - Nominal - Broad (64 economies),2012-07,91.56,A,F,
M,N,B,CN,882,,A,China - Nominal - Broad (64 economies),2012-08,91.12,A,F,
M,N,B,CN,882,,A,China - Nominal - Broad (64 economies),2012-09,90.41,A,F,
M,N,B,CN,882,,A,China - Nominal - Broad (64 economies),2012-10,90.8,A,F,
M,N,B,CN,882,,A,China - Nominal - Broad (64 economies),2012-11,91.97,A,F,
M,N,B,CN,882,,A,China - Nominal - Broad (64 economies),2012-12,91.62,A,F,
M,N,B,CN,882,,A,China - Nominal - Broad (64 economies),2013-01,92.23,A,F,
M,N,B,CN,882,,A,China - Nominal - Broad (64 economies),2013-02,92.93,A,F,
M,N,B,CN,882,,A,China - Nominal - Broad (64 economies),2013-03,94.43,A,F,
M,N,B,CN,882,,A,China - Nominal - Broad (64 economies),2013-04,95.2,A,F,
M,N,B,CN,882,,A,China - Nominal - Broad (64 economies),2013-05,96.65,A,F,
M,N,B,CN,882,,A,China - Nominal - Broad (64 economies),2013-06,96.89,A,F,
M,N,B,CN,882,,A,China - Nominal - Broad (64 economies),2013-07,97.68,A,F,
M,N,B,CN,882,,A,China - Nominal - Broad (64 economies),2013-08,97.54,A,F,
M,N,B,CN,882,,A,China - Nominal - Broad (64 economies),2013-09,97.31,A,F,
M,N,B,CN,882,,A,China - Nominal - Broad (64 economies),2013-10,96.25,A,F,
M,N,B,CN,882,,A,China - Nominal - Broad (64 economies),2013-11,97.4,A,F,
M,N,B,CN,882,,A,China - Nominal - Broad (64 economies),2013-12,98.09,A,F,
M,N,B,CN,882,,A,China - Nominal - Broad (64 economies),2014-01,99.27,A,F,
M,N,B,CN,882,,A,China - Nominal - Broad (64 economies),2014-02,98.64,A,F,
M,N,B,CN,882,,A,China - Nominal - Broad (64 economies),2014-03,96.77,A,F,
M,N,B,CN,882,,A,China - Nominal - Broad (64 economies),2014-04,95.43,A,F,
M,N,B,CN,882,,A,China - Nominal - Broad (64 economies),2014-05,94.93,A,F,
M,N,B,CN,882,,A,China - Nominal - Broad (64 economies),2014-06,95.28,A,F,
M,N,B,CN,882,,A,China - Nominal - Broad (64 economies),2014-07,95.71,A,F,
M,N,B,CN,882,,A,China - Nominal - Broad (64 economies),2014-08,97.32,A,F,
M,N,B,CN,882,,A,China - Nominal - Broad (64 economies),2014-09,99.35,A,F,
M,N,B,CN,882,,A,China - Nominal - Broad (64 economies),2014-10,100.87,A,F,
M,N,B,CN,882,,A,China - Nominal - Broad (64 economies),2014-11,103.05,A,F,
M,N,B,CN,882,,A,China - Nominal - Broad (64 economies),2014-12,103.75,A,F,
M,N,B,CN,882,,A,China - Nominal - Broad (64 economies),2015-01,105.05,A,F,
M,N,B,CN,882,,A,China - Nominal - Broad (64 economies),2015-02,105.47,A,F,
M,N,B,CN,882,,A,China - Nominal - Broad (64 economies),2015-03,107.54,A,F,
M,N,B,CN,882,,A,China - Nominal - Broad (64 economies),2015-04,107.52,A,F,
M,N,B,CN,882,,A,China - Nominal - Broad (64 economies),2015-05,106.59,A,F,
M,N,B,CN,882,,A,China - Nominal - Broad (64 economies),2015-06,107.44,A,F,
M,N,B,CN,882,,A,China - Nominal - Broad (64 economies),2015-07,108.75,A,F,
M,N,B,CN,882,,A,China - Nominal - Broad (64 economies),2015-08,107.78,A,F,
M,N,B,CN,882,,A,China - Nominal - Broad (64 economies),2015-09,107.71,A,F,
M,N,B,CN,882,,A,China - Nominal - Broad (64 economies),2015-10,107.14,A,F,
M,N,B,CN,882,,A,China - Nominal - Broad (64 economies),2015-11,108.61,A,F,
M,N,B,CN,882,,A,China - Nominal - Broad (64 economies),2015-12,107.47,A,F,
M,N,B,CN,882,,A,China - Nominal - Broad (64 economies),2016-01,106.57,A,F,
M,N,B,CN,882,,A,China - Nominal - Broad (64 economies),2016-02,105.86,A,F,
M,N,B,CN,882,,A,China - Nominal - Broad (64 economies),2016-03,105.06,A,F,
M,N,B,CN,882,,A,China - Nominal - Broad (64 economies),2016-04,103.69,A,F,
M,N,B,CN,882,,A,China - Nominal - Broad (64 economies),2016-05,103.55,A,F,
M,N,B,CN,882,,A,China - Nominal - Broad (64 economies),2016-06,102.27,A,F,
M,N,B,CN,882,,A,China - Nominal - Broad (64 economies),2016-07,100.98,A,F,
M,N,B,CN,882,,A,China - Nominal - Broad (64 economies),2016-08,100.29,A,F,
M,N,B,CN,882,,A,China - Nominal - Broad (64 economies),2016-09,100.19,A,F,
M,N,B,CN,882,,A,China - Nominal - Broad (64 economies),2016-10,100.39,A,F,
M,N,B,CN,882,,A,China - Nominal - Broad (64 economies),2016-11,100.66,A,F,
M,N,B,CN,882,,A,China - Nominal - Broad (64 economies),2016-12,101.34,A,F,
M,N,B,CN,882,,A,China - Nominal - Broad (64 economies),2017-01,101.31,A,F,
M,N,B,CN,882,,A,China - Nominal - Broad (64 economies),2017-02,100.36,A,F,
M,N,B,CN,882,,A,China - Nominal - Broad (64 economies),2017-03,99.71,A,F,
M,N,B,CN,882,,A,China - Nominal - Broad (64 economies),2017-04,99.13,A,F,
M,N,B,CN,882,,A,China - Nominal - Broad (64 economies),2017-05,98.55,A,F,
M,N,B,CN,882,,A,China - Nominal - Broad (64 economies),2017-06,99.03,A,F,
M,N,B,CN,882,,A,China - Nominal - Broad (64 economies),2017-07,98.99,A,F,
M,N,B,CN,882,,A,China - Nominal - Broad (64 economies),2017-08,99.46,A,F,
M,N,B,CN,882,,A,China - Nominal - Broad (64 economies),2017-09,100.58,A,F,
M,N,B,CN,882,,A,China - Nominal - Broad (64 economies),2017-10,100.75,A,F,
M,N,B,CN,882,,A,China - Nominal - Broad (64 economies),2017-11,100.7,A,F,
M,N,B,CN,882,,A,China - Nominal - Broad (64 economies),2017-12,100.63,A,F,
M,N,B,CN,882,,A,China - Nominal - Broad (64 economies),2018-01,101.32,A,F,
M,N,B,CN,882,,A,China - Nominal - Broad (64 economies),2018-02,102.46,A,F,
M,N,B,CN,882,,A,China - Nominal - Broad (64 economies),2018-03,102.45,A,F,
M,N,B,CN,882,,A,China - Nominal - Broad (64 economies),2018-04,103.28,A,F,
M,N,B,CN,882,,A,China - Nominal - Broad (64 economies),2018-05,104.39,A,F,
M,N,B,CN,882,,A,China - Nominal - Broad (64 economies),2018-06,103.85,A,F,
M,N,B,CN,882,,A,China - Nominal - Broad (64 economies),2018-07,100.62,A,F,
M,N,B,CN,882,,A,China - Nominal - Broad (64 economies),2018-08,99.39,A,F,
M,N,B,CN,882,,A,China - Nominal - Broad (64 economies),2018-09,99.57,A,F,
M,N,B,CN,882,,A,China - Nominal - Broad (64 economies),2018-10,99.16,A,F,
M,N,B,CN,882,,A,China - Nominal - Broad (64 economies),2018-11,99.1,A,F,
M,N,B,CN,882,,A,China - Nominal - Broad (64 economies),2018-12,99.73,A,F,
M,N,B,CN,882,,A,China - Nominal - Broad (64 economies),2019-01,100.27,A,F,
M,N,B,CN,882,,A,China - Nominal - Broad (64 economies),2019-02,101.22,A,F,
M,N,B,CN,882,,A,China - Nominal - Broad (64 economies),2019-03,101.97,A,F,
M,N,B,CN,882,,A,China - Nominal - Broad (64 economies),2019-04,102.24,A,F,
M,N,B,CN,882,,A,China - Nominal - Broad (64 economies),2019-05,100.89,A,F,
M,N,B,CN,882,,A,China - Nominal - Broad (64 economies),2019-06,99.49,A,F,
M,N,B,CN,882,,A,China - Nominal - Broad (64 economies),2019-07,99.72,A,F,
M,N,B,CN,882,,A,China - Nominal - Broad (64 economies),2019-08,98.15,A,F,
M,N,B,CN,882,,A,China - Nominal - Broad (64 economies),2019-09,97.56,A,F,
M,N,B,CN,882,,A,China - Nominal - Broad (64 economies),2019-10,97.51,A,F,
M,N,B,CN,882,,A,China - Nominal - Broad (64 economies),2019-11,98.44,A,F,
M,N,B,CN,882,,A,China - Nominal - Broad (64 economies),2019-12,98.2,A,F,
M,N,B,CN,882,,A,China - Nominal - Broad (64 economies),2020-01,99.24,A,F,
M,N,B,CN,882,,A,China - Nominal - Broad (64 economies),2020-02,99.58,A,F,
M,N,B,CN,882,,A,China - Nominal - Broad (64 economies),2020-03,100.42,A,F,
M,N,B,CN,882,,A,China - Nominal - Broad (64 economies),2020-04,100.92,A,F,
M,N,B,CN,882,,A,China - Nominal - Broad (64 economies),2020-05,100,A,F,
M,N,B,CN,882,,A,China - Nominal - Broad (64 economies),2020-06,98.41,A,F,
M,N,B,CN,882,,A,China - Nominal - Broad (64 economies),2020-07,98.62,A,F,
M,N,B,CN,882,,A,China - Nominal - Broad (64 economies),2020-08,98.36,A,F,
M,N,B,CN,882,,A,China - Nominal - Broad (64 economies),2020-09,100.22,A,F,
M,N,B,CN,882,,A,China - Nominal - Broad (64 economies),2020-10,101.15,A,F,
M,N,B,CN,882,,A,China - Nominal - Broad (64 economies),2020-11,101.94,A,F,
M,N,B,CN,882,,A,China - Nominal - Broad (64 economies),2020-12,101.14,A,F,
M,N,B,CN,882,,A,China - Nominal - Broad (64 economies),2021-01,102.05,A,F,
M,N,B,CN,882,,A,China - Nominal - Broad (64 economies),2021-02,102.54,A,F,
M,N,B,CN,882,,A,China - Nominal - Broad (64 economies),2021-03,103.56,A,F,
M,N,B,CN,882,,A,China - Nominal - Broad (64 economies),2021-04,103.19,A,F,
M,N,B,CN,882,,A,China - Nominal - Broad (64 economies),2021-05,103.74,A,F,
M,N,B,CN,882,,A,China - Nominal - Broad (64 economies),2021-06,104.18,A,F,
M,N,B,CN,882,,A,China - Nominal - Broad (64 economies),2021-07,104.87,A,F,
M,N,B,CN,882,,A,China - Nominal - Broad (64 economies),2021-08,105.02,A,F,
M,N,B,CN,882,,A,China - Nominal - Broad (64 economies),2021-09,105.4,A,F,
M,N,B,CN,882,,A,China - Nominal - Broad (64 economies),2021-10,107.18,A,F,
M,N,B,CN,882,,A,China - Nominal - Broad (64 economies),2021-11,108.74,A,F,
M,N,B,CN,882,,A,China - Nominal - Broad (64 economies),2021-12,110.03,A,F,
M,N,B,CN,882,,A,China - Nominal - Broad (64 economies),2022-01,110.04,A,F,
M,N,B,CN,882,,A,China - Nominal - Broad (64 economies),2022-02,110.3,A,F,
M,N,B,CN,882,,A,China - Nominal - Broad (64 economies),2022-03,113.06,A,F,
M,N,B,CN,882,,A,China - Nominal - Broad (64 economies),2022-04,113.04,A,F,
M,N,B,CN,882,,A,China - Nominal - Broad (64 economies),2022-05,110.62,A,F,
M,N,B,CN,882,,A,China - Nominal - Broad (64 economies),2022-06,111.57,A,F,
M,N,B,CN,882,,A,China - Nominal - Broad (64 economies),2022-07,113.52,A,F,
M,N,B,CN,882,,A,China - Nominal - Broad (64 economies),2022-08,112.33,A,F,
M,N,B,CN,882,,A,China - Nominal - Broad (64 economies),2022-09,112.2,A,F,
M,N,B,CN,882,,A,China - Nominal - Broad (64 economies),2022-10,111.37,A,F,
M,N,B,CN,882,,A,China - Nominal - Broad (64 economies),2022-11,108.41,A,F,
M,N,B,CN,882,,A,China - Nominal - Broad (64 economies),2022-12,108.17,A,F,
M,N,B,CN,882,,A,China - Nominal - Broad (64 economies),2023-01,109.11,A,F,
M,N,B,CN,882,,A,China - Nominal - Broad (64 economies),2023-02,109.28,A,F,
M,N,B,CN,882,,A,China - Nominal - Broad (64 economies),2023-03,109.07,A,F,
M,N,B,CN,882,,A,China - Nominal - Broad (64 economies),2023-04,108.28,A,F,
M,N,B,CN,882,,A,China - Nominal - Broad (64 economies),2023-05,107.4,A,F,
M,N,B,CN,882,,A,China - Nominal - Broad (64 economies),2023-06,105.42,A,F,
M,N,B,CN,882,,A,China - Nominal - Broad (64 economies),2023-07,104.42,A,F,
M,N,B,CN,882,,A,China - Nominal - Broad (64 economies),2023-08,105.33,A,F,
M,N,B,CN,882,,A,China - Nominal - Broad (64 economies),2023-09,106.27,A,F,
M,N,B,CN,882,,A,China - Nominal - Broad (64 economies),2023-10,107.21,A,F,
M,N,B,CN,882,,A,China - Nominal - Broad (64 economies),2023-11,106.58,A,F,
M,N,B,CN,882,,A,China - Nominal - Broad (64 economies),2023-12,106.4,A,F,
M,N,B,CN,882,,A,China - Nominal - Broad (64 economies),2024-01,106.55,A,F,
M,N,B,CN,882,,A,China - Nominal - Broad (64 economies),2024-02,107.32,A,F,
M,N,B,CN,882,,A,China - Nominal - Broad (64 economies),2024-03,107.19,A,F,
M,N,B,CN,882,,A,China - Nominal - Broad (64 economies),2024-04,108.35,A,F,
M,N,B,CN,882,,A,China - Nominal - Broad (64 economies),2024-05,108.08,A,F,
M,N,B,CN,882,,A,China - Nominal - Broad (64 economies),2024-06,108.22,A,F,
M,N,B,CN,882,,A,China - Nominal - Broad (64 economies),2024-07,107.93,A,F,
M,N,B,CN,882,,A,China - Nominal - Broad (64 economies),2024-08,107.25,A,F,
M,N,B,CN,882,,A,China - Nominal - Broad (64 economies),2024-09,107.06,A,F,
M,N,B,CN,882,,A,China - Nominal - Broad (64 economies),2024-10,108.81,A,F,
M,N,B,CN,882,,A,China - Nominal - Broad (64 economies),2024-11,109.18,A,F,
M,N,B,CN,882,,A,China - Nominal - Broad (64 economies),2024-12,109.21,A,F,
M,N,B,CN,882,,A,China - Nominal - Broad (64 economies),2025-01,110.01,A,F,
M,N,B,CN,882,,A,China - Nominal - Broad (64 economies),2025-02,109.24,A,F,
M,N,B,CN,882,,A,China - Nominal - Broad (64 economies),2025-03,108.05,A,F,
M,N,B,CN,882,,A,China - Nominal - Broad (64 economies),2025-04,105.33,A,F,
M,N,B,CN,882,,A,China - Nominal - Broad (64 economies),2025-05,104.8,A,F,
M,N,B,CN,882,,A,China - Nominal - Broad (64 economies),2025-06,104.01,A,F,
M,N,B,CN,882,,A,China - Nominal - Broad (64 economies),2025-07,103.89,A,F,
M,N,B,CN,882,,A,China - Nominal - Broad (64 economies),2025-08,104.55,A,F,
M,N,B,CN,882,,A,China - Nominal - Broad (64 economies),2025-09,105.01,A,F,
M,N,B,CN,882,,A,China - Nominal - Broad (64 economies),2025-10,106.08,A,F,
M,N,B,CN,882,,A,China - Nominal - Broad (64 economies),2025-11,107.26,A,F,
M,N,B,CN,882,,A,China - Nominal - Broad (64 economies),2025-12,107.69,A,F,
M,N,B,CN,882,,A,China - Nominal - Broad (64 economies),2026-01,108.51,A,F,
M,N,B,CN,882,,A,China - Nominal - Broad (64 economies),2026-02,108.62,A,F,
M,N,B,CN,882,,A,China - Nominal - Broad (64 economies),2026-03,110.99,A,F,
M,N,B,CN,882,,A,China - Nominal - Broad (64 economies),2026-04,111.34,A,F,
M,N,B,CN,882,,A,China - Nominal - Broad (64 economies),2026-05,111.83,A,F,
M,N,B,CN,882,,A,China - Nominal - Broad (64 economies),2026-06,113.63,A,F,
M,N,B,CN,882,,A,China - Nominal - Broad (64 economies),2026-07,114.29,A,F,
M,N,B,CN,882,,A,China - Nominal - Broad (64 economies),2026-08,113.15,A,F,
M,N,B,SG,882,,A,Singapore - Nominal - Broad (64 economies),1994-01,71.7,A,F,
M,N,B,SG,882,,A,Singapore - Nominal - Broad (64 economies),1994-02,72,A,F,
M,N,B,SG,882,,A,Singapore - Nominal - Broad (64 economies),1994-03,71.9,A,F,
M,N,B,SG,882,,A,Singapore - Nominal - Broad (64 economies),1994-04,72.71,A,F,
M,N,B,SG,882,,A,Singapore - Nominal - Broad (64 economies),1994-05,73.16,A,F,
M,N,B,SG,882,,A,Singapore - Nominal - Broad (64 economies),1994-06,73.59,A,F,
M,N,B,SG,882,,A,Singapore - Nominal - Broad (64 economies),1994-07,73.38,A,F,
M,N,B,SG,882,,A,Singapore - Nominal - Broad (64 economies),1994-08,73.86,A,F,
M,N,B,SG,882,,A,Singapore - Nominal - Broad (64 economies),1994-09,74.26,A,F,
M,N,B,SG,882,,A,Singapore - Nominal - Broad (64 economies),1994-10,74.58,A,F,
M,N,B,SG,882,,A,Singapore - Nominal - Broad (64 economies),1994-11,75.07,A,F,
M,N,B,SG,882,,A,Singapore - Nominal - Broad (64 economies),1994-12,75.95,A,F,
M,N,B,SG,882,,A,Singapore - Nominal - Broad (64 economies),1995-01,76.45,A,F,
M,N,B,SG,882,,A,Singapore - Nominal - Broad (64 economies),1995-02,76.06,A,F,
M,N,B,SG,882,,A,Singapore - Nominal - Broad (64 economies),1995-03,75.93,A,F,
M,N,B,SG,882,,A,Singapore - Nominal - Broad (64 economies),1995-04,75.32,A,F,
M,N,B,SG,882,,A,Singapore - Nominal - Broad (64 economies),1995-05,75.86,A,F,
M,N,B,SG,882,,A,Singapore - Nominal - Broad (64 economies),1995-06,75.59,A,F,
M,N,B,SG,882,,A,Singapore - Nominal - Broad (64 economies),1995-07,75.86,A,F,
M,N,B,SG,882,,A,Singapore - Nominal - Broad (64 economies),1995-08,77.15,A,F,
M,N,B,SG,882,,A,Singapore - Nominal - Broad (64 economies),1995-09,77.32,A,F,
M,N,B,SG,882,,A,Singapore - Nominal - Broad (64 economies),1995-10,77.58,A,F,
M,N,B,SG,882,,A,Singapore - Nominal - Broad (64 economies),1995-11,78.52,A,F,
M,N,B,SG,882,,A,Singapore - Nominal - Broad (64 economies),1995-12,78.69,A,F,
M,N,B,SG,882,,A,Singapore - Nominal - Broad (64 economies),1996-01,79.17,A,F,
M,N,B,SG,882,,A,Singapore - Nominal - Broad (64 economies),1996-02,79.74,A,F,
M,N,B,SG,882,,A,Singapore - Nominal - Broad (64 economies),1996-03,79.92,A,F,
M,N,B,SG,882,,A,Singapore - Nominal - Broad (64 economies),1996-04,80.22,A,F,
M,N,B,SG,882,,A,Singapore - Nominal - Broad (64 economies),1996-05,80.36,A,F,
M,N,B,SG,882,,A,Singapore - Nominal - Broad (64 economies),1996-06,80.64,A,F,
M,N,B,SG,882,,A,Singapore - Nominal - Broad (64 economies),1996-07,80.15,A,F,
M,N,B,SG,882,,A,Singapore - Nominal - Broad (64 economies),1996-08,80.08,A,F,
M,N,B,SG,882,,A,Singapore - Nominal - Broad (64 economies),1996-09,80.74,A,F,
M,N,B,SG,882,,A,Singapore - Nominal - Broad (64 economies),1996-10,80.99,A,F,
M,N,B,SG,882,,A,Singapore - Nominal - Broad (64 economies),1996-11,81.35,A,F,
M,N,B,SG,882,,A,Singapore - Nominal - Broad (64 economies),1996-12,82.13,A,F,
M,N,B,SG,882,,A,Singapore - Nominal - Broad (64 economies),1997-01,82.66,A,F,
M,N,B,SG,882,,A,Singapore - Nominal - Broad (64 economies),1997-02,83.28,A,F,
M,N,B,SG,882,,A,Singapore - Nominal - Broad (64 economies),1997-03,82.45,A,F,
M,N,B,SG,882,,A,Singapore - Nominal - Broad (64 economies),1997-04,82.81,A,F,
M,N,B,SG,882,,A,Singapore - Nominal - Broad (64 economies),1997-05,82.21,A,F,
M,N,B,SG,882,,A,Singapore - Nominal - Broad (64 economies),1997-06,82.3,A,F,
M,N,B,SG,882,,A,Singapore - Nominal - Broad (64 economies),1997-07,82.47,A,F,
M,N,B,SG,882,,A,Singapore - Nominal - Broad (64 economies),1997-08,82.03,A,F,
M,N,B,SG,882,,A,Singapore - Nominal - Broad (64 economies),1997-09,82.57,A,F,
M,N,B,SG,882,,A,Singapore - Nominal - Broad (64 economies),1997-10,81.65,A,F,
M,N,B,SG,882,,A,Singapore - Nominal - Broad (64 economies),1997-11,81.63,A,F,
M,N,B,SG,882,,A,Singapore - Nominal - Broad (64 economies),1997-12,82.69,A,F,
M,N,B,SG,882,,A,Singapore - Nominal - Broad (64 economies),1998-01,82.65,A,F,
M,N,B,SG,882,,A,Singapore - Nominal - Broad (64 economies),1998-02,84.71,A,F,
M,N,B,SG,882,,A,Singapore - Nominal - Broad (64 economies),1998-03,85.99,A,F,
M,N,B,SG,882,,A,Singapore - Nominal - Broad (64 economies),1998-04,86.53,A,F,
M,N,B,SG,882,,A,Singapore - Nominal - Broad (64 economies),1998-05,85.52,A,F,
M,N,B,SG,882,,A,Singapore - Nominal - Broad (64 economies),1998-06,85.05,A,F,
M,N,B,SG,882,,A,Singapore - Nominal - Broad (64 economies),1998-07,84.64,A,F,
M,N,B,SG,882,,A,Singapore - Nominal - Broad (64 economies),1998-08,82.81,A,F,
M,N,B,SG,882,,A,Singapore - Nominal - Broad (64 economies),1998-09,81.89,A,F,
M,N,B,SG,882,,A,Singapore - Nominal - Broad (64 economies),1998-10,82.94,A,F,
M,N,B,SG,882,,A,Singapore - Nominal - Broad (64 economies),1998-11,82.58,A,F,
M,N,B,SG,882,,A,Singapore - Nominal - Broad (64 economies),1998-12,81.24,A,F,
M,N,B,SG,882,,A,Singapore - Nominal - Broad (64 economies),1999-01,79.76,A,F,
M,N,B,SG,882,,A,Singapore - Nominal - Broad (64 economies),1999-02,79.91,A,F,
M,N,B,SG,882,,A,Singapore - Nominal - Broad (64 economies),1999-03,79.59,A,F,
M,N,B,SG,882,,A,Singapore - Nominal - Broad (64 economies),1999-04,80.28,A,F,
M,N,B,SG,882,,A,Singapore - Nominal - Broad (64 economies),1999-05,80.28,A,F,
M,N,B,SG,882,,A,Singapore - Nominal - Broad (64 economies),1999-06,80.25,A,F,
M,N,B,SG,882,,A,Singapore - Nominal - Broad (64 economies),1999-07,80.74,A,F,
M,N,B,SG,882,,A,Singapore - Nominal - Broad (64 economies),1999-08,80.97,A,F,
M,N,B,SG,882,,A,Singapore - Nominal - Broad (64 economies),1999-09,79.87,A,F,
M,N,B,SG,882,,A,Singapore - Nominal - Broad (64 economies),1999-10,80.22,A,F,
M,N,B,SG,882,,A,Singapore - Nominal - Broad (64 economies),1999-11,80.45,A,F,
M,N,B,SG,882,,A,Singapore - Nominal - Broad (64 economies),1999-12,80.11,A,F,
M,N,B,SG,882,,A,Singapore - Nominal - Broad (64 economies),2000-01,80.23,A,F,
M,N,B,SG,882,,A,Singapore - Nominal - Broad (64 economies),2000-02,80.04,A,F,
M,N,B,SG,882,,A,Singapore - Nominal - Broad (64 economies),2000-03,79.33,A,F,
M,N,B,SG,882,,A,Singapore - Nominal - Broad (64 economies),2000-04,79.78,A,F,
M,N,B,SG,882,,A,Singapore - Nominal - Broad (64 economies),2000-05,80.4,A,F,
M,N,B,SG,882,,A,Singapore - Nominal - Broad (64 economies),2000-06,79.69,A,F,
M,N,B,SG,882,,A,Singapore - Nominal - Broad (64 economies),2000-07,79.78,A,F,
M,N,B,SG,882,,A,Singapore - Nominal - Broad (64 economies),2000-08,81.13,A,F,
M,N,B,SG,882,,A,Singapore - Nominal - Broad (64 economies),2000-09,80.93,A,F,
M,N,B,SG,882,,A,Singapore - Nominal - Broad (64 economies),2000-10,81.32,A,F,
M,N,B,SG,882,,A,Singapore - Nominal - Broad (64 economies),2000-11,82,A,F,
M,N,B,SG,882,,A,Singapore - Nominal - Broad (64 economies),2000-12,82.48,A,F,
M,N,B,SG,882,,A,Singapore - Nominal - Broad (64 economies),2001-01,82.57,A,F,
M,N,B,SG,882,,A,Singapore - Nominal - Broad (64 economies),2001-02,82.4,A,F,
M,N,B,SG,882,,A,Singapore - Nominal - Broad (64 economies),2001-03,82.38,A,F,
M,N,B,SG,882,,A,Singapore - Nominal - Broad (64 economies),2001-04,81.67,A,F,
M,N,B,SG,882,,A,Singapore - Nominal - Broad (64 economies),2001-05,81.58,A,F,
M,N,B,SG,882,,A,Singapore - Nominal - Broad (64 economies),2001-06,82.01,A,F,
M,N,B,SG,882,,A,Singapore - Nominal - Broad (64 economies),2001-07,81.95,A,F,
M,N,B,SG,882,,A,Singapore - Nominal - Broad (64 economies),2001-08,83.14,A,F,
M,N,B,SG,882,,A,Singapore - Nominal - Broad (64 economies),2001-09,83.43,A,F,
M,N,B,SG,882,,A,Singapore - Nominal - Broad (64 economies),2001-10,81.26,A,F,
M,N,B,SG,882,,A,Singapore - Nominal - Broad (64 economies),2001-11,80.76,A,F,
M,N,B,SG,882,,A,Singapore - Nominal - Broad (64 economies),2001-12,80.84,A,F,
M,N,B,SG,882,,A,Singapore - Nominal - Broad (64 economies),2002-01,81.53,A,F,
M,N,B,SG,882,,A,Singapore - Nominal - Broad (64 economies),2002-02,82.16,A,F,
M,N,B,SG,882,,A,Singapore - Nominal - Broad (64 economies),2002-03,81.77,A,F,
M,N,B,SG,882,,A,Singapore - Nominal - Broad (64 economies),2002-04,81.35,A,F,
M,N,B,SG,882,,A,Singapore - Nominal - Broad (64 economies),2002-05,81.24,A,F,
M,N,B,SG,882,,A,Singapore - Nominal - Broad (64 economies),2002-06,80.83,A,F,
M,N,B,SG,882,,A,Singapore - Nominal - Broad (64 economies),2002-07,80.98,A,F,
M,N,B,SG,882,,A,Singapore - Nominal - Broad (64 economies),2002-08,81.46,A,F,
M,N,B,SG,882,,A,Singapore - Nominal - Broad (64 economies),2002-09,81.26,A,F,
M,N,B,SG,882,,A,Singapore - Nominal - Broad (64 economies),2002-10,81.01,A,F,
M,N,B,SG,882,,A,Singapore - Nominal - Broad (64 economies),2002-11,81.2,A,F,
M,N,B,SG,882,,A,Singapore - Nominal - Broad (64 economies),2002-12,81.42,A,F,
M,N,B,SG,882,,A,Singapore - Nominal - Broad (64 economies),2003-01,81.15,A,F,
M,N,B,SG,882,,A,Singapore - Nominal - Broad (64 economies),2003-02,80.66,A,F,
M,N,B,SG,882,,A,Singapore - Nominal - Broad (64 economies),2003-03,80.31,A,F,
M,N,B,SG,882,,A,Singapore - Nominal - Broad (64 economies),2003-04,79.16,A,F,
M,N,B,SG,882,,A,Singapore - Nominal - Broad (64 economies),2003-05,79.45,A,F,
M,N,B,SG,882,,A,Singapore - Nominal - Broad (64 economies),2003-06,79.19,A,F,
M,N,B,SG,882,,A,Singapore - Nominal - Broad (64 economies),2003-07,78.71,A,F,
M,N,B,SG,882,,A,Singapore - Nominal - Broad (64 economies),2003-08,79.25,A,F,
M,N,B,SG,882,,A,Singapore - Nominal - Broad (64 economies),2003-09,78.85,A,F,
M,N,B,SG,882,,A,Singapore - Nominal - Broad (64 economies),2003-10,78.06,A,F,
M,N,B,SG,882,,A,Singapore - Nominal - Broad (64 economies),2003-11,78.36,A,F,
M,N,B,SG,882,,A,Singapore - Nominal - Broad (64 economies),2003-12,78.29,A,F,
M,N,B,SG,882,,A,Singapore - Nominal - Broad (64 economies),2004-01,78.07,A,F,
M,N,B,SG,882,,A,Singapore - Nominal - Broad (64 economies),2004-02,78.51,A,F,
M,N,B,SG,882,,A,Singapore - Nominal - Broad (64 economies),2004-03,78.67,A,F,
M,N,B,SG,882,,A,Singapore - Nominal - Broad (64 economies),2004-04,79.52,A,F,
M,N,B,SG,882,,A,Singapore - Nominal - Broad (64 economies),2004-05,79.25,A,F,
M,N,B,SG,882,,A,Singapore - Nominal - Broad (64 economies),2004-06,78.85,A,F,
M,N,B,SG,882,,A,Singapore - Nominal - Broad (64 economies),2004-07,78.57,A,F,
M,N,B,SG,882,,A,Singapore - Nominal - Broad (64 economies),2004-08,78.82,A,F,
M,N,B,SG,882,,A,Singapore - Nominal - Broad (64 economies),2004-09,79.58,A,F,
M,N,B,SG,882,,A,Singapore - Nominal - Broad (64 economies),2004-10,79.85,A,F,
M,N,B,SG,882,,A,Singapore - Nominal - Broad (64 economies),2004-11,79.51,A,F,
M,N,B,SG,882,,A,Singapore - Nominal - Broad (64 economies),2004-12,79.12,A,F,
M,N,B,SG,882,,A,Singapore - Nominal - Broad (64 economies),2005-01,79.39,A,F,
M,N,B,SG,882,,A,Singapore - Nominal - Broad (64 economies),2005-02,79.43,A,F,
M,N,B,SG,882,,A,Singapore - Nominal - Broad (64 economies),2005-03,79.58,A,F,
M,N,B,SG,882,,A,Singapore - Nominal - Broad (64 economies),2005-04,79.24,A,F,
M,N,B,SG,882,,A,Singapore - Nominal - Broad (64 economies),2005-05,79.42,A,F,
M,N,B,SG,882,,A,Singapore - Nominal - Broad (64 economies),2005-06,79.39,A,F,
M,N,B,SG,882,,A,Singapore - Nominal - Broad (64 economies),2005-07,79.62,A,F,
M,N,B,SG,882,,A,Singapore - Nominal - Broad (64 economies),2005-08,79.87,A,F,
M,N,B,SG,882,,A,Singapore - Nominal - Broad (64 economies),2005-09,79.25,A,F,
M,N,B,SG,882,,A,Singapore - Nominal - Broad (64 economies),2005-10,79.51,A,F,
M,N,B,SG,882,,A,Singapore - Nominal - Broad (64 economies),2005-11,79.77,A,F,
M,N,B,SG,882,,A,Singapore - Nominal - Broad (64 economies),2005-12,80.54,A,F,
M,N,B,SG,882,,A,Singapore - Nominal - Broad (64 economies),2006-01,81.29,A,F,
M,N,B,SG,882,,A,Singapore - Nominal - Broad (64 economies),2006-02,81.6,A,F,
M,N,B,SG,882,,A,Singapore - Nominal - Broad (64 economies),2006-03,81.82,A,F,
M,N,B,SG,882,,A,Singapore - Nominal - Broad (64 economies),2006-04,82.11,A,F,
M,N,B,SG,882,,A,Singapore - Nominal - Broad (64 economies),2006-05,82.08,A,F,
M,N,B,SG,882,,A,Singapore - Nominal - Broad (64 economies),2006-06,82.35,A,F,
M,N,B,SG,882,,A,Singapore - Nominal - Broad (64 economies),2006-07,82.6,A,F,
M,N,B,SG,882,,A,Singapore - Nominal - Broad (64 economies),2006-08,82.76,A,F,
M,N,B,SG,882,,A,Singapore - Nominal - Broad (64 economies),2006-09,82.66,A,F,
M,N,B,SG,882,,A,Singapore - Nominal - Broad (64 economies),2006-10,82.95,A,F,
M,N,B,SG,882,,A,Singapore - Nominal - Broad (64 economies),2006-11,83.24,A,F,
M,N,B,SG,882,,A,Singapore - Nominal - Broad (64 economies),2006-12,83.19,A,F,
M,N,B,SG,882,,A,Singapore - Nominal - Broad (64 economies),2007-01,83.79,A,F,
M,N,B,SG,882,,A,Singapore - Nominal - Broad (64 economies),2007-02,83.72,A,F,
M,N,B,SG,882,,A,Singapore - Nominal - Broad (64 economies),2007-03,83.72,A,F,
M,N,B,SG,882,,A,Singapore - Nominal - Broad (64 economies),2007-04,83.6,A,F,
M,N,B,SG,882,,A,Singapore - Nominal - Broad (64 economies),2007-05,82.93,A,F,
M,N,B,SG,882,,A,Singapore - Nominal - Broad (64 economies),2007-06,82.41,A,F,
M,N,B,SG,882,,A,Singapore - Nominal - Broad (64 economies),2007-07,82.68,A,F,
M,N,B,SG,882,,A,Singapore - Nominal - Broad (64 economies),2007-08,82.62,A,F,
M,N,B,SG,882,,A,Singapore - Nominal - Broad (64 economies),2007-09,82.56,A,F,
M,N,B,SG,882,,A,Singapore - Nominal - Broad (64 economies),2007-10,84.1,A,F,
M,N,B,SG,882,,A,Singapore - Nominal - Broad (64 economies),2007-11,84.12,A,F,
M,N,B,SG,882,,A,Singapore - Nominal - Broad (64 economies),2007-12,84.18,A,F,
M,N,B,SG,882,,A,Singapore - Nominal - Broad (64 economies),2008-01,84.38,A,F,
M,N,B,SG,882,,A,Singapore - Nominal - Broad (64 economies),2008-02,85.08,A,F,
M,N,B,SG,882,,A,Singapore - Nominal - Broad (64 economies),2008-03,85.23,A,F,
M,N,B,SG,882,,A,Singapore - Nominal - Broad (64 economies),2008-04,86.27,A,F,
M,N,B,SG,882,,A,Singapore - Nominal - Broad (64 economies),2008-05,87.06,A,F,
M,N,B,SG,882,,A,Singapore - Nominal - Broad (64 economies),2008-06,87.27,A,F,
M,N,B,SG,882,,A,Singapore - Nominal - Broad (64 economies),2008-07,87.29,A,F,
M,N,B,SG,882,,A,Singapore - Nominal - Broad (64 economies),2008-08,86.19,A,F,
M,N,B,SG,882,,A,Singapore - Nominal - Broad (64 economies),2008-09,86.33,A,F,
M,N,B,SG,882,,A,Singapore - Nominal - Broad (64 economies),2008-10,86.34,A,F,
M,N,B,SG,882,,A,Singapore - Nominal - Broad (64 economies),2008-11,86.74,A,F,
M,N,B,SG,882,,A,Singapore - Nominal - Broad (64 economies),2008-12,86.82,A,F,
M,N,B,SG,882,,A,Singapore - Nominal - Broad (64 economies),2009-01,86.22,A,F,
M,N,B,SG,882,,A,Singapore - Nominal - Broad (64 economies),2009-02,86.48,A,F,
M,N,B,SG,882,,A,Singapore - Nominal - Broad (64 economies),2009-03,86.41,A,F,
M,N,B,SG,882,,A,Singapore - Nominal - Broad (64 economies),2009-04,86.4,A,F,
M,N,B,SG,882,,A,Singapore - Nominal - Broad (64 economies),2009-05,86.72,A,F,
M,N,B,SG,882,,A,Singapore - Nominal - Broad (64 economies),2009-06,86.54,A,F,
M,N,B,SG,882,,A,Singapore - Nominal - Broad (64 economies),2009-07,86.44,A,F,
M,N,B,SG,882,,A,Singapore - Nominal - Broad (64 economies),2009-08,86.35,A,F,
M,N,B,SG,882,,A,Singapore - Nominal - Broad (64 economies),2009-09,86.54,A,F,
M,N,B,SG,882,,A,Singapore - Nominal - Broad (64 economies),2009-10,86.86,A,F,
M,N,B,SG,882,,A,Singapore - Nominal - Broad (64 economies),2009-11,87.06,A,F,
M,N,B,SG,882,,A,Singapore - Nominal - Broad (64 economies),2009-12,87.07,A,F,
M,N,B,SG,882,,A,Singapore - Nominal - Broad (64 economies),2010-01,87.03,A,F,
M,N,B,SG,882,,A,Singapore - Nominal - Broad (64 economies),2010-02,86.94,A,F,
M,N,B,SG,882,,A,Singapore - Nominal - Broad (64 economies),2010-03,87.29,A,F,
M,N,B,SG,882,,A,Singapore - Nominal - Broad (64 economies),2010-04,88.23,A,F,
M,N,B,SG,882,,A,Singapore - Nominal - Broad (64 economies),2010-05,89.12,A,F,
M,N,B,SG,882,,A,Singapore - Nominal - Broad (64 economies),2010-06,89.35,A,F,
M,N,B,SG,882,,A,Singapore - Nominal - Broad (64 economies),2010-07,89.23,A,F,
M,N,B,SG,882,,A,Singapore - Nominal - Broad (64 economies),2010-08,89.74,A,F,
M,N,B,SG,882,,A,Singapore - Nominal - Broad (64 economies),2010-09,90.25,A,F,
M,N,B,SG,882,,A,Singapore - Nominal - Broad (64 economies),2010-10,90.32,A,F,
M,N,B,SG,882,,A,Singapore - Nominal - Broad (64 economies),2010-11,90.99,A,F,
M,N,B,SG,882,,A,Singapore - Nominal - Broad (64 economies),2010-12,91.15,A,F,
M,N,B,SG,882,,A,Singapore - Nominal - Broad (64 economies),2011-01,91.73,A,F,
M,N,B,SG,882,,A,Singapore - Nominal - Broad (64 economies),2011-02,91.99,A,F,
M,N,B,SG,882,,A,Singapore - Nominal - Broad (64 economies),2011-03,91.9,A,F,
M,N,B,SG,882,,A,Singapore - Nominal - Broad (64 economies),2011-04,92.39,A,F,
M,N,B,SG,882,,A,Singapore - Nominal - Broad (64 economies),2011-05,92.84,A,F,
M,N,B,SG,882,,A,Singapore - Nominal - Broad (64 economies),2011-06,92.97,A,F,
M,N,B,SG,882,,A,Singapore - Nominal - Broad (64 economies),2011-07,93.9,A,F,
M,N,B,SG,882,,A,Singapore - Nominal - Broad (64 economies),2011-08,94.18,A,F,
M,N,B,SG,882,,A,Singapore - Nominal - Broad (64 economies),2011-09,92.83,A,F,
M,N,B,SG,882,,A,Singapore - Nominal - Broad (64 economies),2011-10,91.67,A,F,
M,N,B,SG,882,,A,Singapore - Nominal - Broad (64 economies),2011-11,91.13,A,F,
M,N,B,SG,882,,A,Singapore - Nominal - Broad (64 economies),2011-12,91.39,A,F,
M,N,B,SG,882,,A,Singapore - Nominal - Broad (64 economies),2012-01,92.33,A,F,
M,N,B,SG,882,,A,Singapore - Nominal - Broad (64 economies),2012-02,93.09,A,F,
M,N,B,SG,882,,A,Singapore - Nominal - Broad (64 economies),2012-03,93.46,A,F,
M,N,B,SG,882,,A,Singapore - Nominal - Broad (64 economies),2012-04,94.18,A,F,
M,N,B,SG,882,,A,Singapore - Nominal - Broad (64 economies),2012-05,94.22,A,F,
M,N,B,SG,882,,A,Singapore - Nominal - Broad (64 economies),2012-06,94,A,F,
M,N,B,SG,882,,A,Singapore - Nominal - Broad (64 economies),2012-07,95.29,A,F,
M,N,B,SG,882,,A,Singapore - Nominal - Broad (64 economies),2012-08,95.78,A,F,
M,N,B,SG,882,,A,Singapore - Nominal - Broad (64 economies),2012-09,96.01,A,F,
M,N,B,SG,882,,A,Singapore - Nominal - Broad (64 economies),2012-10,96.18,A,F,
M,N,B,SG,882,,A,Singapore - Nominal - Broad (64 economies),2012-11,96.5,A,F,
M,N,B,SG,882,,A,Singapore - Nominal - Broad (64 economies),2012-12,96.54,A,F,
M,N,B,SG,882,,A,Singapore - Nominal - Broad (64 economies),2013-01,96.11,A,F,
M,N,B,SG,882,,A,Singapore - Nominal - Broad (64 economies),2013-02,96.09,A,F,
M,N,B,SG,882,,A,Singapore - Nominal - Broad (64 economies),2013-03,96.23,A,F,
M,N,B,SG,882,,A,Singapore - Nominal - Broad (64 economies),2013-04,96.94,A,F,
M,N,B,SG,882,,A,Singapore - Nominal - Broad (64 economies),2013-05,96.37,A,F,
M,N,B,SG,882,,A,Singapore - Nominal - Broad (64 economies),2013-06,95.99,A,F,
M,N,B,SG,882,,A,Singapore - Nominal - Broad (64 economies),2013-07,96.01,A,F,
M,N,B,SG,882,,A,Singapore - Nominal - Broad (64 economies),2013-08,95.88,A,F,
M,N,B,SG,882,,A,Singapore - Nominal - Broad (64 economies),2013-09,96.63,A,F,
M,N,B,SG,882,,A,Singapore - Nominal - Broad (64 economies),2013-10,96.96,A,F,
M,N,B,SG,882,,A,Singapore - Nominal - Broad (64 economies),2013-11,97.46,A,F,
M,N,B,SG,882,,A,Singapore - Nominal - Broad (64 economies),2013-12,97.02,A,F,
M,N,B,SG,882,,A,Singapore - Nominal - Broad (64 economies),2014-01,96.51,A,F,
M,N,B,SG,882,,A,Singapore - Nominal - Broad (64 economies),2014-02,96.86,A,F,
M,N,B,SG,882,,A,Singapore - Nominal - Broad (64 economies),2014-03,96.65,A,F,
M,N,B,SG,882,,A,Singapore - Nominal - Broad (64 economies),2014-04,97.37,A,F,
M,N,B,SG,882,,A,Singapore - Nominal - Broad (64 economies),2014-05,97.49,A,F,
M,N,B,SG,882,,A,Singapore - Nominal - Broad (64 economies),2014-06,97.73,A,F,
M,N,B,SG,882,,A,Singapore - Nominal - Broad (64 economies),2014-07,98.1,A,F,
M,N,B,SG,882,,A,Singapore - Nominal - Broad (64 economies),2014-08,98.04,A,F,
M,N,B,SG,882,,A,Singapore - Nominal - Broad (64 economies),2014-09,98.05,A,F,
M,N,B,SG,882,,A,Singapore - Nominal - Broad (64 economies),2014-10,98.05,A,F,
M,N,B,SG,882,,A,Singapore - Nominal - Broad (64 economies),2014-11,97.81,A,F,
M,N,B,SG,882,,A,Singapore - Nominal - Broad (64 economies),2014-12,97.86,A,F,
M,N,B,SG,882,,A,Singapore - Nominal - Broad (64 economies),2015-01,97.36,A,F,
M,N,B,SG,882,,A,Singapore - Nominal - Broad (64 economies),2015-02,96.69,A,F,
M,N,B,SG,882,,A,Singapore - Nominal - Broad (64 economies),2015-03,96.39,A,F,
M,N,B,SG,882,,A,Singapore - Nominal - Broad (64 economies),2015-04,97.7,A,F,
M,N,B,SG,882,,A,Singapore - Nominal - Broad (64 economies),2015-05,98.39,A,F,
M,N,B,SG,882,,A,Singapore - Nominal - Broad (64 economies),2015-06,98.31,A,F,
M,N,B,SG,882,,A,Singapore - Nominal - Broad (64 economies),2015-07,98.01,A,F,
M,N,B,SG,882,,A,Singapore - Nominal - Broad (64 economies),2015-08,97.07,A,F,
M,N,B,SG,882,,A,Singapore - Nominal - Broad (64 economies),2015-09,96.72,A,F,
M,N,B,SG,882,,A,Singapore - Nominal - Broad (64 economies),2015-10,96.98,A,F,
M,N,B,SG,882,,A,Singapore - Nominal - Broad (64 economies),2015-11,97.18,A,F,
M,N,B,SG,882,,A,Singapore - Nominal - Broad (64 economies),2015-12,97.86,A,F,
M,N,B,SG,882,,A,Singapore - Nominal - Broad (64 economies),2016-01,97.2,A,F,
M,N,B,SG,882,,A,Singapore - Nominal - Broad (64 economies),2016-02,98,A,F,
M,N,B,SG,882,,A,Singapore - Nominal - Broad (64 economies),2016-03,99.07,A,F,
M,N,B,SG,882,,A,Singapore - Nominal - Broad (64 economies),2016-04,99.42,A,F,
M,N,B,SG,882,,A,Singapore - Nominal - Broad (64 economies),2016-05,98.83,A,F,
M,N,B,SG,882,,A,Singapore - Nominal - Broad (64 economies),2016-06,99.98,A,F,
M,N,B,SG,882,,A,Singapore - Nominal - Broad (64 economies),2016-07,100.41,A,F,
M,N,B,SG,882,,A,Singapore - Nominal - Broad (64 economies),2016-08,99.78,A,F,
M,N,B,SG,882,,A,Singapore - Nominal - Broad (64 economies),2016-09,99.22,A,F,
M,N,B,SG,882,,A,Singapore - Nominal - Broad (64 economies),2016-10,98.41,A,F,
M,N,B,SG,882,,A,Singapore - Nominal - Broad (64 economies),2016-11,98.3,A,F,
M,N,B,SG,882,,A,Singapore - Nominal - Broad (64 economies),2016-12,98.17,A,F,
M,N,B,SG,882,,A,Singapore - Nominal - Broad (64 economies),2017-01,98.25,A,F,
M,N,B,SG,882,,A,Singapore - Nominal - Broad (64 economies),2017-02,98.44,A,F,
M,N,B,SG,882,,A,Singapore - Nominal - Broad (64 economies),2017-03,99,A,F,
M,N,B,SG,882,,A,Singapore - Nominal - Broad (64 economies),2017-04,98.94,A,F,
M,N,B,SG,882,,A,Singapore - Nominal - Broad (64 economies),2017-05,98.62,A,F,
M,N,B,SG,882,,A,Singapore - Nominal - Broad (64 economies),2017-06,98.73,A,F,
M,N,B,SG,882,,A,Singapore - Nominal - Broad (64 economies),2017-07,99.24,A,F,
M,N,B,SG,882,,A,Singapore - Nominal - Broad (64 economies),2017-08,99.03,A,F,
M,N,B,SG,882,,A,Singapore - Nominal - Broad (64 economies),2017-09,99.19,A,F,
M,N,B,SG,882,,A,Singapore - Nominal - Broad (64 economies),2017-10,99.3,A,F,
M,N,B,SG,882,,A,Singapore - Nominal - Broad (64 economies),2017-11,99.4,A,F,
M,N,B,SG,882,,A,Singapore - Nominal - Broad (64 economies),2017-12,99.51,A,F,
M,N,B,SG,882,,A,Singapore - Nominal - Broad (64 economies),2018-01,99.44,A,F,
M,N,B,SG,882,,A,Singapore - Nominal - Broad (64 economies),2018-02,98.87,A,F,
M,N,B,SG,882,,A,Singapore - Nominal - Broad (64 economies),2018-03,99.19,A,F,
M,N,B,SG,882,,A,Singapore - Nominal - Broad (64 economies),2018-04,99.33,A,F,
M,N,B,SG,882,,A,Singapore - Nominal - Broad (64 economies),2018-05,99.35,A,F,
M,N,B,SG,882,,A,Singapore - Nominal - Broad (64 economies),2018-06,99.6,A,F,
M,N,B,SG,882,,A,Singapore - Nominal - Broad (64 economies),2018-07,99.96,A,F,
M,N,B,SG,882,,A,Singapore - Nominal - Broad (64 economies),2018-08,100.44,A,F,
M,N,B,SG,882,,A,Singapore - Nominal - Broad (64 economies),2018-09,100.49,A,F,
M,N,B,SG,882,,A,Singapore - Nominal - Broad (64 economies),2018-10,100.63,A,F,
M,N,B,SG,882,,A,Singapore - Nominal - Broad (64 economies),2018-11,100.98,A,F,
M,N,B,SG,882,,A,Singapore - Nominal - Broad (64 economies),2018-12,100.97,A,F,
M,N,B,SG,882,,A,Singapore - Nominal - Broad (64 economies),2019-01,101.01,A,F,
M,N,B,SG,882,,A,Singapore - Nominal - Broad (64 economies),2019-02,101.08,A,F,
M,N,B,SG,882,,A,Singapore - Nominal - Broad (64 economies),2019-03,101.16,A,F,
M,N,B,SG,882,,A,Singapore - Nominal - Broad (64 economies),2019-04,101.27,A,F,
M,N,B,SG,882,,A,Singapore - Nominal - Broad (64 economies),2019-05,101.15,A,F,
M,N,B,SG,882,,A,Singapore - Nominal - Broad (64 economies),2019-06,101.37,A,F,
M,N,B,SG,882,,A,Singapore - Nominal - Broad (64 economies),2019-07,101.26,A,F,
M,N,B,SG,882,,A,Singapore - Nominal - Broad (64 economies),2019-08,100.8,A,F,
M,N,B,SG,882,,A,Singapore - Nominal - Broad (64 economies),2019-09,101.39,A,F,
M,N,B,SG,882,,A,Singapore - Nominal - Broad (64 economies),2019-10,101.75,A,F,
M,N,B,SG,882,,A,Singapore - Nominal - Broad (64 economies),2019-11,101.97,A,F,
M,N,B,SG,882,,A,Singapore - Nominal - Broad (64 economies),2019-12,102.06,A,F,
M,N,B,SG,882,,A,Singapore - Nominal - Broad (64 economies),2020-01,101.82,A,F,
M,N,B,SG,882,,A,Singapore - Nominal - Broad (64 economies),2020-02,100.12,A,F,
M,N,B,SG,882,,A,Singapore - Nominal - Broad (64 economies),2020-03,99.38,A,F,
M,N,B,SG,882,,A,Singapore - Nominal - Broad (64 economies),2020-04,99.81,A,F,
M,N,B,SG,882,,A,Singapore - Nominal - Broad (64 economies),2020-05,99.86,A,F,
M,N,B,SG,882,,A,Singapore - Nominal - Broad (64 economies),2020-06,100.21,A,F,
M,N,B,SG,882,,A,Singapore - Nominal - Broad (64 economies),2020-07,99.93,A,F,
M,N,B,SG,882,,A,Singapore - Nominal - Broad (64 economies),2020-08,100.07,A,F,
M,N,B,SG,882,,A,Singapore - Nominal - Broad (64 economies),2020-09,99.94,A,F,
M,N,B,SG,882,,A,Singapore - Nominal - Broad (64 economies),2020-10,99.82,A,F,
M,N,B,SG,882,,A,Singapore - Nominal - Broad (64 economies),2020-11,99.64,A,F,
M,N,B,SG,882,,A,Singapore - Nominal - Broad (64 economies),2020-12,99.41,A,F,
M,N,B,SG,882,,A,Singapore - Nominal - Broad (64 economies),2021-01,99.46,A,F,
M,N,B,SG,882,,A,Singapore - Nominal - Broad (64 economies),2021-02,99.49,A,F,
M,N,B,SG,882,,A,Singapore - Nominal - Broad (64 economies),2021-03,99.73,A,F,
M,N,B,SG,882,,A,Singapore - Nominal - Broad (64 economies),2021-04,100.34,A,F,
M,N,B,SG,882,,A,Singapore - Nominal - Broad (64 economies),2021-05,99.87,A,F,
M,N,B,SG,882,,A,Singapore - Nominal - Broad (64 economies),2021-06,99.76,A,F,
M,N,B,SG,882,,A,Singapore - Nominal - Broad (64 economies),2021-07,99.37,A,F,
M,N,B,SG,882,,A,Singapore - Nominal - Broad (64 economies),2021-08,99.48,A,F,
M,N,B,SG,882,,A,Singapore - Nominal - Broad (64 economies),2021-09,99.77,A,F,
M,N,B,SG,882,,A,Singapore - Nominal - Broad (64 economies),2021-10,100.06,A,F,
M,N,B,SG,882,,A,Singapore - Nominal - Broad (64 economies),2021-11,99.95,A,F,
M,N,B,SG,882,,A,Singapore - Nominal - Broad (64 economies),2021-12,99.93,A,F,
M,N,B,SG,882,,A,Singapore - Nominal - Broad (64 economies),2022-01,100.63,A,F,
M,N,B,SG,882,,A,Singapore - Nominal - Broad (64 economies),2022-02,100.99,A,F,
M,N,B,SG,882,,A,Singapore - Nominal - Broad (64 economies),2022-03,101.46,A,F,
M,N,B,SG,882,,A,Singapore - Nominal - Broad (64 economies),2022-04,102.43,A,F,
M,N,B,SG,882,,A,Singapore - Nominal - Broad (64 economies),2022-05,103.49,A,F,
M,N,B,SG,882,,A,Singapore - Nominal - Broad (64 economies),2022-06,103.93,A,F,
M,N,B,SG,882,,A,Singapore - Nominal - Broad (64 economies),2022-07,104.65,A,F,
M,N,B,SG,882,,A,Singapore - Nominal - Broad (64 economies),2022-08,105.84,A,F,
M,N,B,SG,882,,A,Singapore - Nominal - Broad (64 economies),2022-09,106.48,A,F,
M,N,B,SG,882,,A,Singapore - Nominal - Broad (64 economies),2022-10,107.71,A,F,
M,N,B,SG,882,,A,Singapore - Nominal - Broad (64 economies),2022-11,108.59,A,F,
M,N,B,SG,882,,A,Singapore - Nominal - Broad (64 economies),2022-12,108.28,A,F,
M,N,B,SG,882,,A,Singapore - Nominal - Broad (64 economies),2023-01,108.45,A,F,
M,N,B,SG,882,,A,Singapore - Nominal - Broad (64 economies),2023-02,108.67,A,F,
M,N,B,SG,882,,A,Singapore - Nominal - Broad (64 economies),2023-03,108.76,A,F,
M,N,B,SG,882,,A,Singapore - Nominal - Broad (64 economies),2023-04,108.79,A,F,
M,N,B,SG,882,,A,Singapore - Nominal - Broad (64 economies),2023-05,109.17,A,F,
M,N,B,SG,882,,A,Singapore - Nominal - Broad (64 economies),2023-06,109.71,A,F,
M,N,B,SG,882,,A,Singapore - Nominal - Broad (64 economies),2023-07,110.31,A,F,
M,N,B,SG,882,,A,Singapore - Nominal - Broad (64 economies),2023-08,110.36,A,F,
M,N,B,SG,882,,A,Singapore - Nominal - Broad (64 economies),2023-09,110.64,A,F,
M,N,B,SG,882,,A,Singapore - Nominal - Broad (64 economies),2023-10,111.1,A,F,
M,N,B,SG,882,,A,Singapore - Nominal - Broad (64 economies),2023-11,111.27,A,F,
M,N,B,SG,882,,A,Singapore - Nominal - Broad (64 economies),2023-12,111.34,A,F,
M,N,B,SG,882,,A,Singapore - Nominal - Broad (64 economies),2024-01,111.44,A,F,
M,N,B,SG,882,,A,Singapore - Nominal - Broad (64 economies),2024-02,111.66,A,F,
M,N,B,SG,882,,A,Singapore - Nominal - Broad (64 economies),2024-03,111.92,A,F,
M,N,B,SG,882,,A,Singapore - Nominal - Broad (64 economies),2024-04,112.06,A,F,
M,N,B,SG,882,,A,Singapore - Nominal - Broad (64 economies),2024-05,112.22,A,F,
M,N,B,SG,882,,A,Singapore - Nominal - Broad (64 economies),2024-06,112.52,A,F,
M,N,B,SG,882,,A,Singapore - Nominal - Broad (64 economies),2024-07,112.84,A,F,
M,N,B,SG,882,,A,Singapore - Nominal - Broad (64 economies),2024-08,112.86,A,F,
M,N,B,SG,882,,A,Singapore - Nominal - Broad (64 economies),2024-09,112.97,A,F,
M,N,B,SG,882,,A,Singapore - Nominal - Broad (64 economies),2024-10,113.01,A,F,
M,N,B,SG,882,,A,Singapore - Nominal - Broad (64 economies),2024-11,112.8,A,F,
M,N,B,SG,882,,A,Singapore - Nominal - Broad (64 economies),2024-12,112.55,A,F,
M,N,B,SG,882,,A,Singapore - Nominal - Broad (64 economies),2025-01,112.43,A,F,
M,N,B,SG,882,,A,Singapore - Nominal - Broad (64 economies),2025-02,112.99,A,F,
M,N,B,SG,882,,A,Singapore - Nominal - Broad (64 economies),2025-03,112.99,A,F,
M,N,B,SG,882,,A,Singapore - Nominal - Broad (64 economies),2025-04,112.92,A,F,
M,N,B,SG,882,,A,Singapore - Nominal - Broad (64 economies),2025-05,112.94,A,F,
M,N,B,SG,882,,A,Singapore - Nominal - Broad (64 economies),2025-06,112.86,A,F,
M,N,B,SG,882,,A,Singapore - Nominal - Broad (64 economies),2025-07,112.78,A,F,
M,N,B,SG,882,,A,Singapore - Nominal - Broad (64 economies),2025-08,113.02,A,F,
M,N,B,SG,882,,A,Singapore - Nominal - Broad (64 economies),2025-09,112.82,A,F,
M,N,B,SG,882,,A,Singapore - Nominal - Broad (64 economies),2025-10,112.54,A,F,
M,N,B,SG,882,,A,Singapore - Nominal - Broad (64 economies),2025-11,112.48,A,F,
M,N,B,SG,882,,A,Singapore - Nominal - Broad (64 economies),2025-12,112.88,A,F,
M,N,B,SG,882,,A,Singapore - Nominal - Broad (64 economies),2026-01,113.32,A,F,
M,N,B,SG,882,,A,Singapore - Nominal - Broad (64 economies),2026-02,113.47,A,F,
M,N,B,SG,882,,A,Singapore - Nominal - Broad (64 economies),2026-03,113.75,A,F,
M,N,B,SG,882,,A,Singapore - Nominal - Broad (64 economies),2026-04,113.67,A,F,
M,N,B,SG,882,,A,Singapore - Nominal - Broad (64 economies),2026-05,113.57,A,F,
M,N,B,SG,882,,A,Singapore - Nominal - Broad (64 economies),2026-06,113.6,A,F,
M,N,B,SG,882,,A,Singapore - Nominal - Broad (64 economies),2026-07,113.88,A,F,
M,N,B,SG,882,,A,Singapore - Nominal - Broad (64 economies),2026-08,114.03,A,F,
M,N,B,TH,882,,A,Thailand - Nominal - Broad (64 economies),1994-01,107.44,A,F,
M,N,B,TH,882,,A,Thailand - Nominal - Broad (64 economies),1994-02,106.9,A,F,
M,N,B,TH,882,,A,Thailand - Nominal - Broad (64 economies),1994-03,106.62,A,F,
M,N,B,TH,882,,A,Thailand - Nominal - Broad (64 economies),1994-04,106.67,A,F,
M,N,B,TH,882,,A,Thailand - Nominal - Broad (64 economies),1994-05,106.65,A,F,
M,N,B,TH,882,,A,Thailand - Nominal - Broad (64 economies),1994-06,106.48,A,F,
M,N,B,TH,882,,A,Thailand - Nominal - Broad (64 economies),1994-07,105.12,A,F,
M,N,B,TH,882,,A,Thailand - Nominal - Broad (64 economies),1994-08,105.2,A,F,
M,N,B,TH,882,,A,Thailand - Nominal - Broad (64 economies),1994-09,104.73,A,F,
M,N,B,TH,882,,A,Thailand - Nominal - Broad (64 economies),1994-10,104.15,A,F,
M,N,B,TH,882,,A,Thailand - Nominal - Broad (64 economies),1994-11,104.32,A,F,
M,N,B,TH,882,,A,Thailand - Nominal - Broad (64 economies),1994-12,105.16,A,F,
M,N,B,TH,882,,A,Thailand - Nominal - Broad (64 economies),1995-01,104.73,A,F,
M,N,B,TH,882,,A,Thailand - Nominal - Broad (64 economies),1995-02,104.62,A,F,
M,N,B,TH,882,,A,Thailand - Nominal - Broad (64 economies),1995-03,102.21,A,F,
M,N,B,TH,882,,A,Thailand - Nominal - Broad (64 economies),1995-04,99.91,A,F,
M,N,B,TH,882,,A,Thailand - Nominal - Broad (64 economies),1995-05,100.16,A,F,
M,N,B,TH,882,,A,Thailand - Nominal - Broad (64 economies),1995-06,99.81,A,F,
M,N,B,TH,882,,A,Thailand - Nominal - Broad (64 economies),1995-07,100.26,A,F,
M,N,B,TH,882,,A,Thailand - Nominal - Broad (64 economies),1995-08,102.86,A,F,
M,N,B,TH,882,,A,Thailand - Nominal - Broad (64 economies),1995-09,104.51,A,F,
M,N,B,TH,882,,A,Thailand - Nominal - Broad (64 economies),1995-10,104.01,A,F,
M,N,B,TH,882,,A,Thailand - Nominal - Broad (64 economies),1995-11,104.28,A,F,
M,N,B,TH,882,,A,Thailand - Nominal - Broad (64 economies),1995-12,104.73,A,F,
M,N,B,TH,882,,A,Thailand - Nominal - Broad (64 economies),1996-01,105.56,A,F,
M,N,B,TH,882,,A,Thailand - Nominal - Broad (64 economies),1996-02,105.79,A,F,
M,N,B,TH,882,,A,Thailand - Nominal - Broad (64 economies),1996-03,105.92,A,F,
M,N,B,TH,882,,A,Thailand - Nominal - Broad (64 economies),1996-04,106.3,A,F,
M,N,B,TH,882,,A,Thailand - Nominal - Broad (64 economies),1996-05,106.41,A,F,
M,N,B,TH,882,,A,Thailand - Nominal - Broad (64 economies),1996-06,106.82,A,F,
M,N,B,TH,882,,A,Thailand - Nominal - Broad (64 economies),1996-07,106.73,A,F,
M,N,B,TH,882,,A,Thailand - Nominal - Broad (64 economies),1996-08,106.49,A,F,
M,N,B,TH,882,,A,Thailand - Nominal - Broad (64 economies),1996-09,106.73,A,F,
M,N,B,TH,882,,A,Thailand - Nominal - Broad (64 economies),1996-10,107.28,A,F,
M,N,B,TH,882,,A,Thailand - Nominal - Broad (64 economies),1996-11,106.95,A,F,
M,N,B,TH,882,,A,Thailand - Nominal - Broad (64 economies),1996-12,107.3,A,F,
M,N,B,TH,882,,A,Thailand - Nominal - Broad (64 economies),1997-01,108.4,A,F,
M,N,B,TH,882,,A,Thailand - Nominal - Broad (64 economies),1997-02,109.75,A,F,
M,N,B,TH,882,,A,Thailand - Nominal - Broad (64 economies),1997-03,110.18,A,F,
M,N,B,TH,882,,A,Thailand - Nominal - Broad (64 economies),1997-04,110.65,A,F,
M,N,B,TH,882,,A,Thailand - Nominal - Broad (64 economies),1997-05,110.29,A,F,
M,N,B,TH,882,,A,Thailand - Nominal - Broad (64 economies),1997-06,114.92,A,F,
M,N,B,TH,882,,A,Thailand - Nominal - Broad (64 economies),1997-07,94.1,A,F,
M,N,B,TH,882,,A,Thailand - Nominal - Broad (64 economies),1997-08,89.78,A,F,
M,N,B,TH,882,,A,Thailand - Nominal - Broad (64 economies),1997-09,83.28,A,F,
M,N,B,TH,882,,A,Thailand - Nominal - Broad (64 economies),1997-10,78.76,A,F,
M,N,B,TH,882,,A,Thailand - Nominal - Broad (64 economies),1997-11,76.73,A,F,
M,N,B,TH,882,,A,Thailand - Nominal - Broad (64 economies),1997-12,70.55,A,F,
M,N,B,TH,882,,A,Thailand - Nominal - Broad (64 economies),1998-01,60.85,A,F,
M,N,B,TH,882,,A,Thailand - Nominal - Broad (64 economies),1998-02,68.62,A,F,
M,N,B,TH,882,,A,Thailand - Nominal - Broad (64 economies),1998-03,76.42,A,F,
M,N,B,TH,882,,A,Thailand - Nominal - Broad (64 economies),1998-04,79.81,A,F,
M,N,B,TH,882,,A,Thailand - Nominal - Broad (64 economies),1998-05,81.54,A,F,
M,N,B,TH,882,,A,Thailand - Nominal - Broad (64 economies),1998-06,77.22,A,F,
M,N,B,TH,882,,A,Thailand - Nominal - Broad (64 economies),1998-07,79.35,A,F,
M,N,B,TH,882,,A,Thailand - Nominal - Broad (64 economies),1998-08,79.44,A,F,
M,N,B,TH,882,,A,Thailand - Nominal - Broad (64 economies),1998-09,79.74,A,F,
M,N,B,TH,882,,A,Thailand - Nominal - Broad (64 economies),1998-10,80.89,A,F,
M,N,B,TH,882,,A,Thailand - Nominal - Broad (64 economies),1998-11,84.39,A,F,
M,N,B,TH,882,,A,Thailand - Nominal - Broad (64 economies),1998-12,84.23,A,F,
M,N,B,TH,882,,A,Thailand - Nominal - Broad (64 economies),1999-01,83.1,A,F,
M,N,B,TH,882,,A,Thailand - Nominal - Broad (64 economies),1999-02,83.42,A,F,
M,N,B,TH,882,,A,Thailand - Nominal - Broad (64 economies),1999-03,83.75,A,F,
M,N,B,TH,882,,A,Thailand - Nominal - Broad (64 economies),1999-04,83.4,A,F,
M,N,B,TH,882,,A,Thailand - Nominal - Broad (64 economies),1999-05,85.05,A,F,
M,N,B,TH,882,,A,Thailand - Nominal - Broad (64 economies),1999-06,85.21,A,F,
M,N,B,TH,882,,A,Thailand - Nominal - Broad (64 economies),1999-07,84.55,A,F,
M,N,B,TH,882,,A,Thailand - Nominal - Broad (64 economies),1999-08,81.3,A,F,
M,N,B,TH,882,,A,Thailand - Nominal - Broad (64 economies),1999-09,76.56,A,F,
M,N,B,TH,882,,A,Thailand - Nominal - Broad (64 economies),1999-10,77.03,A,F,
M,N,B,TH,882,,A,Thailand - Nominal - Broad (64 economies),1999-11,78.48,A,F,
M,N,B,TH,882,,A,Thailand - Nominal - Broad (64 economies),1999-12,79.39,A,F,
M,N,B,TH,882,,A,Thailand - Nominal - Broad (64 economies),2000-01,81.52,A,F,
M,N,B,TH,882,,A,Thailand - Nominal - Broad (64 economies),2000-02,82.05,A,F,
M,N,B,TH,882,,A,Thailand - Nominal - Broad (64 economies),2000-03,81.52,A,F,
M,N,B,TH,882,,A,Thailand - Nominal - Broad (64 economies),2000-04,81.48,A,F,
M,N,B,TH,882,,A,Thailand - Nominal - Broad (64 economies),2000-05,80.99,A,F,
M,N,B,TH,882,,A,Thailand - Nominal - Broad (64 economies),2000-06,79.79,A,F,
M,N,B,TH,882,,A,Thailand - Nominal - Broad (64 economies),2000-07,78.04,A,F,
M,N,B,TH,882,,A,Thailand - Nominal - Broad (64 economies),2000-08,77.31,A,F,
M,N,B,TH,882,,A,Thailand - Nominal - Broad (64 economies),2000-09,75.93,A,F,
M,N,B,TH,882,,A,Thailand - Nominal - Broad (64 economies),2000-10,74.37,A,F,
M,N,B,TH,882,,A,Thailand - Nominal - Broad (64 economies),2000-11,73.99,A,F,
M,N,B,TH,882,,A,Thailand - Nominal - Broad (64 economies),2000-12,74.8,A,F,
M,N,B,TH,882,,A,Thailand - Nominal - Broad (64 economies),2001-01,75.27,A,F,
M,N,B,TH,882,,A,Thailand - Nominal - Broad (64 economies),2001-02,76.32,A,F,
M,N,B,TH,882,,A,Thailand - Nominal - Broad (64 economies),2001-03,75.43,A,F,
M,N,B,TH,882,,A,Thailand - Nominal - Broad (64 economies),2001-04,73.86,A,F,
M,N,B,TH,882,,A,Thailand - Nominal - Broad (64 economies),2001-05,73.73,A,F,
M,N,B,TH,882,,A,Thailand - Nominal - Broad (64 economies),2001-06,74.66,A,F,
M,N,B,TH,882,,A,Thailand - Nominal - Broad (64 economies),2001-07,74.48,A,F,
M,N,B,TH,882,,A,Thailand - Nominal - Broad (64 economies),2001-08,74.12,A,F,
M,N,B,TH,882,,A,Thailand - Nominal - Broad (64 economies),2001-09,74.65,A,F,
M,N,B,TH,882,,A,Thailand - Nominal - Broad (64 economies),2001-10,74.76,A,F,
M,N,B,TH,882,,A,Thailand - Nominal - Broad (64 economies),2001-11,75.75,A,F,
M,N,B,TH,882,,A,Thailand - Nominal - Broad (64 economies),2001-12,77.21,A,F,
M,N,B,TH,882,,A,Thailand - Nominal - Broad (64 economies),2002-01,78.09,A,F,
M,N,B,TH,882,,A,Thailand - Nominal - Broad (64 economies),2002-02,78.84,A,F,
M,N,B,TH,882,,A,Thailand - Nominal - Broad (64 economies),2002-03,79.08,A,F,
M,N,B,TH,882,,A,Thailand - Nominal - Broad (64 economies),2002-04,78.65,A,F,
M,N,B,TH,882,,A,Thailand - Nominal - Broad (64 economies),2002-05,78.36,A,F,
M,N,B,TH,882,,A,Thailand - Nominal - Broad (64 economies),2002-06,78.31,A,F,
M,N,B,TH,882,,A,Thailand - Nominal - Broad (64 economies),2002-07,78.53,A,F,
M,N,B,TH,882,,A,Thailand - Nominal - Broad (64 economies),2002-08,77.35,A,F,
M,N,B,TH,882,,A,Thailand - Nominal - Broad (64 economies),2002-09,76.55,A,F,
M,N,B,TH,882,,A,Thailand - Nominal - Broad (64 economies),2002-10,75.85,A,F,
M,N,B,TH,882,,A,Thailand - Nominal - Broad (64 economies),2002-11,75.53,A,F,
M,N,B,TH,882,,A,Thailand - Nominal - Broad (64 economies),2002-12,75.29,A,F,
M,N,B,TH,882,,A,Thailand - Nominal - Broad (64 economies),2003-01,75.05,A,F,
M,N,B,TH,882,,A,Thailand - Nominal - Broad (64 economies),2003-02,74.84,A,F,
M,N,B,TH,882,,A,Thailand - Nominal - Broad (64 economies),2003-03,75.01,A,F,
M,N,B,TH,882,,A,Thailand - Nominal - Broad (64 economies),2003-04,74.78,A,F,
M,N,B,TH,882,,A,Thailand - Nominal - Broad (64 economies),2003-05,74.38,A,F,
M,N,B,TH,882,,A,Thailand - Nominal - Broad (64 economies),2003-06,75.24,A,F,
M,N,B,TH,882,,A,Thailand - Nominal - Broad (64 economies),2003-07,75.43,A,F,
M,N,B,TH,882,,A,Thailand - Nominal - Broad (64 economies),2003-08,76.08,A,F,
M,N,B,TH,882,,A,Thailand - Nominal - Broad (64 economies),2003-09,77.42,A,F,
M,N,B,TH,882,,A,Thailand - Nominal - Broad (64 economies),2003-10,77.22,A,F,
M,N,B,TH,882,,A,Thailand - Nominal - Broad (64 economies),2003-11,76.83,A,F,
M,N,B,TH,882,,A,Thailand - Nominal - Broad (64 economies),2003-12,76.2,A,F,
M,N,B,TH,882,,A,Thailand - Nominal - Broad (64 economies),2004-01,76.56,A,F,
M,N,B,TH,882,,A,Thailand - Nominal - Broad (64 economies),2004-02,76.43,A,F,
M,N,B,TH,882,,A,Thailand - Nominal - Broad (64 economies),2004-03,76.61,A,F,
M,N,B,TH,882,,A,Thailand - Nominal - Broad (64 economies),2004-04,76.7,A,F,
M,N,B,TH,882,,A,Thailand - Nominal - Broad (64 economies),2004-05,75.79,A,F,
M,N,B,TH,882,,A,Thailand - Nominal - Broad (64 economies),2004-06,74.69,A,F,
M,N,B,TH,882,,A,Thailand - Nominal - Broad (64 economies),2004-07,74.16,A,F,
M,N,B,TH,882,,A,Thailand - Nominal - Broad (64 economies),2004-08,73.52,A,F,
M,N,B,TH,882,,A,Thailand - Nominal - Broad (64 economies),2004-09,73.4,A,F,
M,N,B,TH,882,,A,Thailand - Nominal - Broad (64 economies),2004-10,73.02,A,F,
M,N,B,TH,882,,A,Thailand - Nominal - Broad (64 economies),2004-11,73.1,A,F,
M,N,B,TH,882,,A,Thailand - Nominal - Broad (64 economies),2004-12,74.29,A,F,
M,N,B,TH,882,,A,Thailand - Nominal - Broad (64 economies),2005-01,75.33,A,F,
M,N,B,TH,882,,A,Thailand - Nominal - Broad (64 economies),2005-02,76.04,A,F,
M,N,B,TH,882,,A,Thailand - Nominal - Broad (64 economies),2005-03,75.61,A,F,
M,N,B,TH,882,,A,Thailand - Nominal - Broad (64 economies),2005-04,74.49,A,F,
M,N,B,TH,882,,A,Thailand - Nominal - Broad (64 economies),2005-05,74.05,A,F,
M,N,B,TH,882,,A,Thailand - Nominal - Broad (64 economies),2005-06,73,A,F,
M,N,B,TH,882,,A,Thailand - Nominal - Broad (64 economies),2005-07,72.44,A,F,
M,N,B,TH,882,,A,Thailand - Nominal - Broad (64 economies),2005-08,72.63,A,F,
M,N,B,TH,882,,A,Thailand - Nominal - Broad (64 economies),2005-09,73.07,A,F,
M,N,B,TH,882,,A,Thailand - Nominal - Broad (64 economies),2005-10,74.29,A,F,
M,N,B,TH,882,,A,Thailand - Nominal - Broad (64 economies),2005-11,74.68,A,F,
M,N,B,TH,882,,A,Thailand - Nominal - Broad (64 economies),2005-12,74.39,A,F,
M,N,B,TH,882,,A,Thailand - Nominal - Broad (64 economies),2006-01,75.88,A,F,
M,N,B,TH,882,,A,Thailand - Nominal - Broad (64 economies),2006-02,76.72,A,F,
M,N,B,TH,882,,A,Thailand - Nominal - Broad (64 economies),2006-03,77.4,A,F,
M,N,B,TH,882,,A,Thailand - Nominal - Broad (64 economies),2006-04,78.76,A,F,
M,N,B,TH,882,,A,Thailand - Nominal - Broad (64 economies),2006-05,77.15,A,F,
M,N,B,TH,882,,A,Thailand - Nominal - Broad (64 economies),2006-06,77.49,A,F,
M,N,B,TH,882,,A,Thailand - Nominal - Broad (64 economies),2006-07,78.19,A,F,
M,N,B,TH,882,,A,Thailand - Nominal - Broad (64 economies),2006-08,78.76,A,F,
M,N,B,TH,882,,A,Thailand - Nominal - Broad (64 economies),2006-09,79.37,A,F,
M,N,B,TH,882,,A,Thailand - Nominal - Broad (64 economies),2006-10,79.93,A,F,
M,N,B,TH,882,,A,Thailand - Nominal - Broad (64 economies),2006-11,80.79,A,F,
M,N,B,TH,882,,A,Thailand - Nominal - Broad (64 economies),2006-12,81.79,A,F,
M,N,B,TH,882,,A,Thailand - Nominal - Broad (64 economies),2007-01,83.6,A,F,
M,N,B,TH,882,,A,Thailand - Nominal - Broad (64 economies),2007-02,86.6,A,F,
M,N,B,TH,882,,A,Thailand - Nominal - Broad (64 economies),2007-03,89.23,A,F,
M,N,B,TH,882,,A,Thailand - Nominal - Broad (64 economies),2007-04,89.15,A,F,
M,N,B,TH,882,,A,Thailand - Nominal - Broad (64 economies),2007-05,88.14,A,F,
M,N,B,TH,882,,A,Thailand - Nominal - Broad (64 economies),2007-06,89.93,A,F,
M,N,B,TH,882,,A,Thailand - Nominal - Broad (64 economies),2007-07,94.52,A,F,
M,N,B,TH,882,,A,Thailand - Nominal - Broad (64 economies),2007-08,90.49,A,F,
M,N,B,TH,882,,A,Thailand - Nominal - Broad (64 economies),2007-09,88.88,A,F,
M,N,B,TH,882,,A,Thailand - Nominal - Broad (64 economies),2007-10,89.27,A,F,
M,N,B,TH,882,,A,Thailand - Nominal - Broad (64 economies),2007-11,88.12,A,F,
M,N,B,TH,882,,A,Thailand - Nominal - Broad (64 economies),2007-12,91.78,A,F,
M,N,B,TH,882,,A,Thailand - Nominal - Broad (64 economies),2008-01,90.17,A,F,
M,N,B,TH,882,,A,Thailand - Nominal - Broad (64 economies),2008-02,87.08,A,F,
M,N,B,TH,882,,A,Thailand - Nominal - Broad (64 economies),2008-03,84.45,A,F,
M,N,B,TH,882,,A,Thailand - Nominal - Broad (64 economies),2008-04,83.99,A,F,
M,N,B,TH,882,,A,Thailand - Nominal - Broad (64 economies),2008-05,83.37,A,F,
M,N,B,TH,882,,A,Thailand - Nominal - Broad (64 economies),2008-06,80.91,A,F,
M,N,B,TH,882,,A,Thailand - Nominal - Broad (64 economies),2008-07,79.7,A,F,
M,N,B,TH,882,,A,Thailand - Nominal - Broad (64 economies),2008-08,80.62,A,F,
M,N,B,TH,882,,A,Thailand - Nominal - Broad (64 economies),2008-09,80.85,A,F,
M,N,B,TH,882,,A,Thailand - Nominal - Broad (64 economies),2008-10,82.56,A,F,
M,N,B,TH,882,,A,Thailand - Nominal - Broad (64 economies),2008-11,82.36,A,F,
M,N,B,TH,882,,A,Thailand - Nominal - Broad (64 economies),2008-12,80.75,A,F,
M,N,B,TH,882,,A,Thailand - Nominal - Broad (64 economies),2009-01,81.16,A,F,
M,N,B,TH,882,,A,Thailand - Nominal - Broad (64 economies),2009-02,81.94,A,F,
M,N,B,TH,882,,A,Thailand - Nominal - Broad (64 economies),2009-03,81.75,A,F,
M,N,B,TH,882,,A,Thailand - Nominal - Broad (64 economies),2009-04,81.33,A,F,
M,N,B,TH,882,,A,Thailand - Nominal - Broad (64 economies),2009-05,81.26,A,F,
M,N,B,TH,882,,A,Thailand - Nominal - Broad (64 economies),2009-06,81.74,A,F,
M,N,B,TH,882,,A,Thailand - Nominal - Broad (64 economies),2009-07,81.5,A,F,
M,N,B,TH,882,,A,Thailand - Nominal - Broad (64 economies),2009-08,81.1,A,F,
M,N,B,TH,882,,A,Thailand - Nominal - Broad (64 economies),2009-09,80.42,A,F,
M,N,B,TH,882,,A,Thailand - Nominal - Broad (64 economies),2009-10,80.3,A,F,
M,N,B,TH,882,,A,Thailand - Nominal - Broad (64 economies),2009-11,80.15,A,F,
M,N,B,TH,882,,A,Thailand - Nominal - Broad (64 economies),2009-12,80.78,A,F,
M,N,B,TH,882,,A,Thailand - Nominal - Broad (64 economies),2010-01,81.47,A,F,
M,N,B,TH,882,,A,Thailand - Nominal - Broad (64 economies),2010-02,81.9,A,F,
M,N,B,TH,882,,A,Thailand - Nominal - Broad (64 economies),2010-03,83.22,A,F,
M,N,B,TH,882,,A,Thailand - Nominal - Broad (64 economies),2010-04,83.89,A,F,
M,N,B,TH,882,,A,Thailand - Nominal - Broad (64 economies),2010-05,84.97,A,F,
M,N,B,TH,882,,A,Thailand - Nominal - Broad (64 economies),2010-06,85.21,A,F,
M,N,B,TH,882,,A,Thailand - Nominal - Broad (64 economies),2010-07,83.89,A,F,
M,N,B,TH,882,,A,Thailand - Nominal - Broad (64 economies),2010-08,84.42,A,F,
M,N,B,TH,882,,A,Thailand - Nominal - Broad (64 economies),2010-09,86.07,A,F,
M,N,B,TH,882,,A,Thailand - Nominal - Broad (64 economies),2010-10,86.35,A,F,
M,N,B,TH,882,,A,Thailand - Nominal - Broad (64 economies),2010-11,86.91,A,F,
M,N,B,TH,882,,A,Thailand - Nominal - Broad (64 economies),2010-12,86.89,A,F,
M,N,B,TH,882,,A,Thailand - Nominal - Broad (64 economies),2011-01,84.88,A,F,
M,N,B,TH,882,,A,Thailand - Nominal - Broad (64 economies),2011-02,83.99,A,F,
M,N,B,TH,882,,A,Thailand - Nominal - Broad (64 economies),2011-03,84.29,A,F,
M,N,B,TH,882,,A,Thailand - Nominal - Broad (64 economies),2011-04,84.4,A,F,
M,N,B,TH,882,,A,Thailand - Nominal - Broad (64 economies),2011-05,83.39,A,F,
M,N,B,TH,882,,A,Thailand - Nominal - Broad (64 economies),2011-06,82.41,A,F,
M,N,B,TH,882,,A,Thailand - Nominal - Broad (64 economies),2011-07,83.1,A,F,
M,N,B,TH,882,,A,Thailand - Nominal - Broad (64 economies),2011-08,83.19,A,F,
M,N,B,TH,882,,A,Thailand - Nominal - Broad (64 economies),2011-09,83.2,A,F,
M,N,B,TH,882,,A,Thailand - Nominal - Broad (64 economies),2011-10,82.56,A,F,
M,N,B,TH,882,,A,Thailand - Nominal - Broad (64 economies),2011-11,82.71,A,F,
M,N,B,TH,882,,A,Thailand - Nominal - Broad (64 economies),2011-12,82.68,A,F,
M,N,B,TH,882,,A,Thailand - Nominal - Broad (64 economies),2012-01,81.38,A,F,
M,N,B,TH,882,,A,Thailand - Nominal - Broad (64 economies),2012-02,82.89,A,F,
M,N,B,TH,882,,A,Thailand - Nominal - Broad (64 economies),2012-03,83.95,A,F,
M,N,B,TH,882,,A,Thailand - Nominal - Broad (64 economies),2012-04,83.43,A,F,
M,N,B,TH,882,,A,Thailand - Nominal - Broad (64 economies),2012-05,82.85,A,F,
M,N,B,TH,882,,A,Thailand - Nominal - Broad (64 economies),2012-06,82.73,A,F,
M,N,B,TH,882,,A,Thailand - Nominal - Broad (64 economies),2012-07,82.61,A,F,
M,N,B,TH,882,,A,Thailand - Nominal - Broad (64 economies),2012-08,82.73,A,F,
M,N,B,TH,882,,A,Thailand - Nominal - Broad (64 economies),2012-09,83.04,A,F,
M,N,B,TH,882,,A,Thailand - Nominal - Broad (64 economies),2012-10,83.65,A,F,
M,N,B,TH,882,,A,Thailand - Nominal - Broad (64 economies),2012-11,84.06,A,F,
M,N,B,TH,882,,A,Thailand - Nominal - Broad (64 economies),2012-12,84.38,A,F,
M,N,B,TH,882,,A,Thailand - Nominal - Broad (64 economies),2013-01,86.86,A,F,
M,N,B,TH,882,,A,Thailand - Nominal - Broad (64 economies),2013-02,88.56,A,F,
M,N,B,TH,882,,A,Thailand - Nominal - Broad (64 economies),2013-03,90.35,A,F,
M,N,B,TH,882,,A,Thailand - Nominal - Broad (64 economies),2013-04,92.07,A,F,
M,N,B,TH,882,,A,Thailand - Nominal - Broad (64 economies),2013-05,90.5,A,F,
M,N,B,TH,882,,A,Thailand - Nominal - Broad (64 economies),2013-06,87.37,A,F,
M,N,B,TH,882,,A,Thailand - Nominal - Broad (64 economies),2013-07,87.36,A,F,
M,N,B,TH,882,,A,Thailand - Nominal - Broad (64 economies),2013-08,85.93,A,F,
M,N,B,TH,882,,A,Thailand - Nominal - Broad (64 economies),2013-09,85.75,A,F,
M,N,B,TH,882,,A,Thailand - Nominal - Broad (64 economies),2013-10,86.04,A,F,
M,N,B,TH,882,,A,Thailand - Nominal - Broad (64 economies),2013-11,85.7,A,F,
M,N,B,TH,882,,A,Thailand - Nominal - Broad (64 economies),2013-12,84.39,A,F,
M,N,B,TH,882,,A,Thailand - Nominal - Broad (64 economies),2014-01,83.44,A,F,
M,N,B,TH,882,,A,Thailand - Nominal - Broad (64 economies),2014-02,84.01,A,F,
M,N,B,TH,882,,A,Thailand - Nominal - Broad (64 economies),2014-03,84.61,A,F,
M,N,B,TH,882,,A,Thailand - Nominal - Broad (64 economies),2014-04,84.66,A,F,
M,N,B,TH,882,,A,Thailand - Nominal - Broad (64 economies),2014-05,83.91,A,F,
M,N,B,TH,882,,A,Thailand - Nominal - Broad (64 economies),2014-06,84.13,A,F,
M,N,B,TH,882,,A,Thailand - Nominal - Broad (64 economies),2014-07,84.96,A,F,
M,N,B,TH,882,,A,Thailand - Nominal - Broad (64 economies),2014-08,85.61,A,F,
M,N,B,TH,882,,A,Thailand - Nominal - Broad (64 economies),2014-09,86.42,A,F,
M,N,B,TH,882,,A,Thailand - Nominal - Broad (64 economies),2014-10,86.49,A,F,
M,N,B,TH,882,,A,Thailand - Nominal - Broad (64 economies),2014-11,87.3,A,F,
M,N,B,TH,882,,A,Thailand - Nominal - Broad (64 economies),2014-12,88.54,A,F,
M,N,B,TH,882,,A,Thailand - Nominal - Broad (64 economies),2015-01,89.9,A,F,
M,N,B,TH,882,,A,Thailand - Nominal - Broad (64 economies),2015-02,91.12,A,F,
M,N,B,TH,882,,A,Thailand - Nominal - Broad (64 economies),2015-03,92.12,A,F,
M,N,B,TH,882,,A,Thailand - Nominal - Broad (64 economies),2015-04,91.78,A,F,
M,N,B,TH,882,,A,Thailand - Nominal - Broad (64 economies),2015-05,88.68,A,F,
M,N,B,TH,882,,A,Thailand - Nominal - Broad (64 economies),2015-06,88.95,A,F,
M,N,B,TH,882,,A,Thailand - Nominal - Broad (64 economies),2015-07,88.05,A,F,
M,N,B,TH,882,,A,Thailand - Nominal - Broad (64 economies),2015-08,86.61,A,F,
M,N,B,TH,882,,A,Thailand - Nominal - Broad (64 economies),2015-09,85.6,A,F,
M,N,B,TH,882,,A,Thailand - Nominal - Broad (64 economies),2015-10,85.79,A,F,
M,N,B,TH,882,,A,Thailand - Nominal - Broad (64 economies),2015-11,86.65,A,F,
M,N,B,TH,882,,A,Thailand - Nominal - Broad (64 economies),2015-12,86.41,A,F,
M,N,B,TH,882,,A,Thailand - Nominal - Broad (64 economies),2016-01,86.81,A,F,
M,N,B,TH,882,,A,Thailand - Nominal - Broad (64 economies),2016-02,87.08,A,F,
M,N,B,TH,882,,A,Thailand - Nominal - Broad (64 economies),2016-03,86.82,A,F,
M,N,B,TH,882,,A,Thailand - Nominal - Broad (64 economies),2016-04,85.88,A,F,
M,N,B,TH,882,,A,Thailand - Nominal - Broad (64 economies),2016-05,85.71,A,F,
M,N,B,TH,882,,A,Thailand - Nominal - Broad (64 economies),2016-06,85.78,A,F,
M,N,B,TH,882,,A,Thailand - Nominal - Broad (64 economies),2016-07,86.47,A,F,
M,N,B,TH,882,,A,Thailand - Nominal - Broad (64 economies),2016-08,86.45,A,F,
M,N,B,TH,882,,A,Thailand - Nominal - Broad (64 economies),2016-09,86.76,A,F,
M,N,B,TH,882,,A,Thailand - Nominal - Broad (64 economies),2016-10,86.82,A,F,
M,N,B,TH,882,,A,Thailand - Nominal - Broad (64 economies),2016-11,87.98,A,F,
M,N,B,TH,882,,A,Thailand - Nominal - Broad (64 economies),2016-12,88.73,A,F,
M,N,B,TH,882,,A,Thailand - Nominal - Broad (64 economies),2017-01,89.16,A,F,
M,N,B,TH,882,,A,Thailand - Nominal - Broad (64 economies),2017-02,89.43,A,F,
M,N,B,TH,882,,A,Thailand - Nominal - Broad (64 economies),2017-03,89.7,A,F,
M,N,B,TH,882,,A,Thailand - Nominal - Broad (64 economies),2017-04,90.18,A,F,
M,N,B,TH,882,,A,Thailand - Nominal - Broad (64 economies),2017-05,89.92,A,F,
M,N,B,TH,882,,A,Thailand - Nominal - Broad (64 economies),2017-06,90.43,A,F,
M,N,B,TH,882,,A,Thailand - Nominal - Broad (64 economies),2017-07,90.84,A,F,
M,N,B,TH,882,,A,Thailand - Nominal - Broad (64 economies),2017-08,91.07,A,F,
M,N,B,TH,882,,A,Thailand - Nominal - Broad (64 economies),2017-09,90.82,A,F,
M,N,B,TH,882,,A,Thailand - Nominal - Broad (64 economies),2017-10,91.59,A,F,
M,N,B,TH,882,,A,Thailand - Nominal - Broad (64 economies),2017-11,92.4,A,F,
M,N,B,TH,882,,A,Thailand - Nominal - Broad (64 economies),2017-12,92.65,A,F,
M,N,B,TH,882,,A,Thailand - Nominal - Broad (64 economies),2018-01,92.95,A,F,
M,N,B,TH,882,,A,Thailand - Nominal - Broad (64 economies),2018-02,93.38,A,F,
M,N,B,TH,882,,A,Thailand - Nominal - Broad (64 economies),2018-03,93.92,A,F,
M,N,B,TH,882,,A,Thailand - Nominal - Broad (64 economies),2018-04,94.09,A,F,
M,N,B,TH,882,,A,Thailand - Nominal - Broad (64 economies),2018-05,93.91,A,F,
M,N,B,TH,882,,A,Thailand - Nominal - Broad (64 economies),2018-06,93.34,A,F,
M,N,B,TH,882,,A,Thailand - Nominal - Broad (64 economies),2018-07,92.52,A,F,
M,N,B,TH,882,,A,Thailand - Nominal - Broad (64 economies),2018-08,94.1,A,F,
M,N,B,TH,882,,A,Thailand - Nominal - Broad (64 economies),2018-09,95.79,A,F,
M,N,B,TH,882,,A,Thailand - Nominal - Broad (64 economies),2018-10,95.95,A,F,
M,N,B,TH,882,,A,Thailand - Nominal - Broad (64 economies),2018-11,95.44,A,F,
M,N,B,TH,882,,A,Thailand - Nominal - Broad (64 economies),2018-12,95.84,A,F,
M,N,B,TH,882,,A,Thailand - Nominal - Broad (64 economies),2019-01,97.31,A,F,
M,N,B,TH,882,,A,Thailand - Nominal - Broad (64 economies),2019-02,98.95,A,F,
M,N,B,TH,882,,A,Thailand - Nominal - Broad (64 economies),2019-03,97.78,A,F,
M,N,B,TH,882,,A,Thailand - Nominal - Broad (64 economies),2019-04,97.62,A,F,
M,N,B,TH,882,,A,Thailand - Nominal - Broad (64 economies),2019-05,98.66,A,F,
M,N,B,TH,882,,A,Thailand - Nominal - Broad (64 economies),2019-06,100.43,A,F,
M,N,B,TH,882,,A,Thailand - Nominal - Broad (64 economies),2019-07,101.23,A,F,
M,N,B,TH,882,,A,Thailand - Nominal - Broad (64 economies),2019-08,102.72,A,F,
M,N,B,TH,882,,A,Thailand - Nominal - Broad (64 economies),2019-09,103.73,A,F,
M,N,B,TH,882,,A,Thailand - Nominal - Broad (64 economies),2019-10,104.22,A,F,
M,N,B,TH,882,,A,Thailand - Nominal - Broad (64 economies),2019-11,104.25,A,F,
M,N,B,TH,882,,A,Thailand - Nominal - Broad (64 economies),2019-12,104.18,A,F,
M,N,B,TH,882,,A,Thailand - Nominal - Broad (64 economies),2020-01,102.74,A,F,
M,N,B,TH,882,,A,Thailand - Nominal - Broad (64 economies),2020-02,100.98,A,F,
M,N,B,TH,882,,A,Thailand - Nominal - Broad (64 economies),2020-03,99.35,A,F,
M,N,B,TH,882,,A,Thailand - Nominal - Broad (64 economies),2020-04,98.56,A,F,
M,N,B,TH,882,,A,Thailand - Nominal - Broad (64 economies),2020-05,100,A,F,
M,N,B,TH,882,,A,Thailand - Nominal - Broad (64 economies),2020-06,101.85,A,F,
M,N,B,TH,882,,A,Thailand - Nominal - Broad (64 economies),2020-07,100.22,A,F,
M,N,B,TH,882,,A,Thailand - Nominal - Broad (64 economies),2020-08,99.74,A,F,
M,N,B,TH,882,,A,Thailand - Nominal - Broad (64 economies),2020-09,98.61,A,F,
M,N,B,TH,882,,A,Thailand - Nominal - Broad (64 economies),2020-10,98.41,A,F,
M,N,B,TH,882,,A,Thailand - Nominal - Broad (64 economies),2020-11,99.77,A,F,
M,N,B,TH,882,,A,Thailand - Nominal - Broad (64 economies),2020-12,99.77,A,F,
M,N,B,TH,882,,A,Thailand - Nominal - Broad (64 economies),2021-01,99.5,A,F,
M,N,B,TH,882,,A,Thailand - Nominal - Broad (64 economies),2021-02,99.79,A,F,
M,N,B,TH,882,,A,Thailand - Nominal - Broad (64 economies),2021-03,98.72,A,F,
M,N,B,TH,882,,A,Thailand - Nominal - Broad (64 economies),2021-04,96.98,A,F,
M,N,B,TH,882,,A,Thailand - Nominal - Broad (64 economies),2021-05,96.37,A,F,
M,N,B,TH,882,,A,Thailand - Nominal - Broad (64 economies),2021-06,96.11,A,F,
M,N,B,TH,882,,A,Thailand - Nominal - Broad (64 economies),2021-07,93.56,A,F,
M,N,B,TH,882,,A,Thailand - Nominal - Broad (64 economies),2021-08,92.29,A,F,
M,N,B,TH,882,,A,Thailand - Nominal - Broad (64 economies),2021-09,92.23,A,F,
M,N,B,TH,882,,A,Thailand - Nominal - Broad (64 economies),2021-10,91.75,A,F,
M,N,B,TH,882,,A,Thailand - Nominal - Broad (64 economies),2021-11,93.07,A,F,
M,N,B,TH,882,,A,Thailand - Nominal - Broad (64 economies),2021-12,92.06,A,F,
M,N,B,TH,882,,A,Thailand - Nominal - Broad (64 economies),2022-01,92.88,A,F,
M,N,B,TH,882,,A,Thailand - Nominal - Broad (64 economies),2022-02,94.62,A,F,
M,N,B,TH,882,,A,Thailand - Nominal - Broad (64 economies),2022-03,94.18,A,F,
M,N,B,TH,882,,A,Thailand - Nominal - Broad (64 economies),2022-04,94.42,A,F,
M,N,B,TH,882,,A,Thailand - Nominal - Broad (64 economies),2022-05,95.06,A,F,
M,N,B,TH,882,,A,Thailand - Nominal - Broad (64 economies),2022-06,94.4,A,F,
M,N,B,TH,882,,A,Thailand - Nominal - Broad (64 economies),2022-07,92.11,A,F,
M,N,B,TH,882,,A,Thailand - Nominal - Broad (64 economies),2022-08,93.59,A,F,
M,N,B,TH,882,,A,Thailand - Nominal - Broad (64 economies),2022-09,93.51,A,F,
M,N,B,TH,882,,A,Thailand - Nominal - Broad (64 economies),2022-10,93.22,A,F,
M,N,B,TH,882,,A,Thailand - Nominal - Broad (64 economies),2022-11,95.43,A,F,
M,N,B,TH,882,,A,Thailand - Nominal - Broad (64 economies),2022-12,96.83,A,F,
M,N,B,TH,882,,A,Thailand - Nominal - Broad (64 economies),2023-01,99.06,A,F,
M,N,B,TH,882,,A,Thailand - Nominal - Broad (64 economies),2023-02,97.54,A,F,
M,N,B,TH,882,,A,Thailand - Nominal - Broad (64 economies),2023-03,97.06,A,F,
M,N,B,TH,882,,A,Thailand - Nominal - Broad (64 economies),2023-04,97.28,A,F,
M,N,B,TH,882,,A,Thailand - Nominal - Broad (64 economies),2023-05,98.54,A,F,
M,N,B,TH,882,,A,Thailand - Nominal - Broad (64 economies),2023-06,97.93,A,F,
M,N,B,TH,882,,A,Thailand - Nominal - Broad (64 economies),2023-07,98.63,A,F,
M,N,B,TH,882,,A,Thailand - Nominal - Broad (64 economies),2023-08,98.87,A,F,
M,N,B,TH,882,,A,Thailand - Nominal - Broad (64 economies),2023-09,97.7,A,F,
M,N,B,TH,882,,A,Thailand - Nominal - Broad (64 economies),2023-10,96.7,A,F,
M,N,B,TH,882,,A,Thailand - Nominal - Broad (64 economies),2023-11,98.34,A,F,
M,N,B,TH,882,,A,Thailand - Nominal - Broad (64 economies),2023-12,98.26,A,F,
M,N,B,TH,882,,A,Thailand - Nominal - Broad (64 economies),2024-01,98.26,A,F,
M,N,B,TH,882,,A,Thailand - Nominal - Broad (64 economies),2024-02,97.23,A,F,
M,N,B,TH,882,,A,Thailand - Nominal - Broad (64 economies),2024-03,96.96,A,F,
M,N,B,TH,882,,A,Thailand - Nominal - Broad (64 economies),2024-04,96.07,A,F,
M,N,B,TH,882,,A,Thailand - Nominal - Broad (64 economies),2024-05,96.37,A,F,
M,N,B,TH,882,,A,Thailand - Nominal - Broad (64 economies),2024-06,96.67,A,F,
M,N,B,TH,882,,A,Thailand - Nominal - Broad (64 economies),2024-07,97.78,A,F,
M,N,B,TH,882,,A,Thailand - Nominal - Broad (64 economies),2024-08,99.35,A,F,
M,N,B,TH,882,,A,Thailand - Nominal - Broad (64 economies),2024-09,102.25,A,F,
M,N,B,TH,882,,A,Thailand - Nominal - Broad (64 economies),2024-10,103.51,A,F,
M,N,B,TH,882,,A,Thailand - Nominal - Broad (64 economies),2024-11,102.33,A,F,
M,N,B,TH,882,,A,Thailand - Nominal - Broad (64 economies),2024-12,104.1,A,F,
M,N,B,TH,882,,A,Thailand - Nominal - Broad (64 economies),2025-01,104.63,A,F,
M,N,B,TH,882,,A,Thailand - Nominal - Broad (64 economies),2025-02,105.05,A,F,
M,N,B,TH,882,,A,Thailand - Nominal - Broad (64 economies),2025-03,104.06,A,F,
M,N,B,TH,882,,A,Thailand - Nominal - Broad (64 economies),2025-04,103.11,A,F,
M,N,B,TH,882,,A,Thailand - Nominal - Broad (64 economies),2025-05,104.05,A,F,
M,N,B,TH,882,,A,Thailand - Nominal - Broad (64 economies),2025-06,104.43,A,F,
M,N,B,TH,882,,A,Thailand - Nominal - Broad (64 economies),2025-07,105.05,A,F,
M,N,B,TH,882,,A,Thailand - Nominal - Broad (64 economies),2025-08,105.45,A,F,
M,N,B,TH,882,,A,Thailand - Nominal - Broad (64 economies),2025-09,106.69,A,F,
M,N,B,TH,882,,A,Thailand - Nominal - Broad (64 economies),2025-10,105.59,A,F,
M,N,B,TH,882,,A,Thailand - Nominal - Broad (64 economies),2025-11,106.89,A,F,
M,N,B,TH,882,,A,Thailand - Nominal - Broad (64 economies),2025-12,109.16,A,F,
M,N,B,TH,882,,A,Thailand - Nominal - Broad (64 economies),2026-01,109.61,A,F,
M,N,B,TH,882,,A,Thailand - Nominal - Broad (64 economies),2026-02,108.77,A,F,
M,N,B,TH,882,,A,Thailand - Nominal - Broad (64 economies),2026-03,106.61,A,F,
M,N,B,TH,882,,A,Thailand - Nominal - Broad (64 economies),2026-04,106.09,A,F,
M,N,B,TH,882,,A,Thailand - Nominal - Broad (64 economies),2026-05,105.18,A,F,
M,N,B,TH,882,,A,Thailand - Nominal - Broad (64 economies),2026-06,104.81,A,F,
M,N,B,TH,882,,A,Thailand - Nominal - Broad (64 economies),2026-07,103.33,A,F,
M,N,B,TH,882,,A,Thailand - Nominal - Broad (64 economies),2026-08,103.63,A,F,
M,N,B,US,882,,A,United States - Nominal - Broad (64 economies),1994-01,71.22,A,F,
M,N,B,US,882,,A,United States - Nominal - Broad (64 economies),1994-02,71.29,A,F,
M,N,B,US,882,,A,United States - Nominal - Broad (64 economies),1994-03,71.79,A,F,
M,N,B,US,882,,A,United States - Nominal - Broad (64 economies),1994-04,72.41,A,F,
M,N,B,US,882,,A,United States - Nominal - Broad (64 economies),1994-05,72.38,A,F,
M,N,B,US,882,,A,United States - Nominal - Broad (64 economies),1994-06,72.49,A,F,
M,N,B,US,882,,A,United States - Nominal - Broad (64 economies),1994-07,71.53,A,F,
M,N,B,US,882,,A,United States - Nominal - Broad (64 economies),1994-08,71.51,A,F,
M,N,B,US,882,,A,United States - Nominal - Broad (64 economies),1994-09,70.89,A,F,
M,N,B,US,882,,A,United States - Nominal - Broad (64 economies),1994-10,70.49,A,F,
M,N,B,US,882,,A,United States - Nominal - Broad (64 economies),1994-11,70.8,A,F,
M,N,B,US,882,,A,United States - Nominal - Broad (64 economies),1994-12,72.61,A,F,
M,N,B,US,882,,A,United States - Nominal - Broad (64 economies),1995-01,74.64,A,F,
M,N,B,US,882,,A,United States - Nominal - Broad (64 economies),1995-02,74.22,A,F,
M,N,B,US,882,,A,United States - Nominal - Broad (64 economies),1995-03,73.5,A,F,
M,N,B,US,882,,A,United States - Nominal - Broad (64 economies),1995-04,71.21,A,F,
M,N,B,US,882,,A,United States - Nominal - Broad (64 economies),1995-05,71.18,A,F,
M,N,B,US,882,,A,United States - Nominal - Broad (64 economies),1995-06,71.4,A,F,
M,N,B,US,882,,A,United States - Nominal - Broad (64 economies),1995-07,71.47,A,F,
M,N,B,US,882,,A,United States - Nominal - Broad (64 economies),1995-08,73.34,A,F,
M,N,B,US,882,,A,United States - Nominal - Broad (64 economies),1995-09,74.58,A,F,
M,N,B,US,882,,A,United States - Nominal - Broad (64 economies),1995-10,74.49,A,F,
M,N,B,US,882,,A,United States - Nominal - Broad (64 economies),1995-11,75.64,A,F,
M,N,B,US,882,,A,United States - Nominal - Broad (64 economies),1995-12,76.16,A,F,
M,N,B,US,882,,A,United States - Nominal - Broad (64 economies),1996-01,76.67,A,F,
M,N,B,US,882,,A,United States - Nominal - Broad (64 economies),1996-02,76.88,A,F,
M,N,B,US,882,,A,United States - Nominal - Broad (64 economies),1996-03,76.95,A,F,
M,N,B,US,882,,A,United States - Nominal - Broad (64 economies),1996-04,77.15,A,F,
M,N,B,US,882,,A,United States - Nominal - Broad (64 economies),1996-05,77.46,A,F,
M,N,B,US,882,,A,United States - Nominal - Broad (64 economies),1996-06,77.83,A,F,
M,N,B,US,882,,A,United States - Nominal - Broad (64 economies),1996-07,77.79,A,F,
M,N,B,US,882,,A,United States - Nominal - Broad (64 economies),1996-08,77.42,A,F,
M,N,B,US,882,,A,United States - Nominal - Broad (64 economies),1996-09,77.85,A,F,
M,N,B,US,882,,A,United States - Nominal - Broad (64 economies),1996-10,78.3,A,F,
M,N,B,US,882,,A,United States - Nominal - Broad (64 economies),1996-11,78,A,F,
M,N,B,US,882,,A,United States - Nominal - Broad (64 economies),1996-12,78.86,A,F,
M,N,B,US,882,,A,United States - Nominal - Broad (64 economies),1997-01,79.69,A,F,
M,N,B,US,882,,A,United States - Nominal - Broad (64 economies),1997-02,81.19,A,F,
M,N,B,US,882,,A,United States - Nominal - Broad (64 economies),1997-03,81.9,A,F,
M,N,B,US,882,,A,United States - Nominal - Broad (64 economies),1997-04,82.53,A,F,
M,N,B,US,882,,A,United States - Nominal - Broad (64 economies),1997-05,81.6,A,F,
M,N,B,US,882,,A,United States - Nominal - Broad (64 economies),1997-06,81.42,A,F,
M,N,B,US,882,,A,United States - Nominal - Broad (64 economies),1997-07,82.22,A,F,
M,N,B,US,882,,A,United States - Nominal - Broad (64 economies),1997-08,83.74,A,F,
M,N,B,US,882,,A,United States - Nominal - Broad (64 economies),1997-09,84.1,A,F,
M,N,B,US,882,,A,United States - Nominal - Broad (64 economies),1997-10,84.46,A,F,
M,N,B,US,882,,A,United States - Nominal - Broad (64 economies),1997-11,85.96,A,F,
M,N,B,US,882,,A,United States - Nominal - Broad (64 economies),1997-12,89.03,A,F,
M,N,B,US,882,,A,United States - Nominal - Broad (64 economies),1998-01,91.64,A,F,
M,N,B,US,882,,A,United States - Nominal - Broad (64 economies),1998-02,90.56,A,F,
M,N,B,US,882,,A,United States - Nominal - Broad (64 economies),1998-03,90.35,A,F,
M,N,B,US,882,,A,United States - Nominal - Broad (64 economies),1998-04,90.33,A,F,
M,N,B,US,882,,A,United States - Nominal - Broad (64 economies),1998-05,91.04,A,F,
M,N,B,US,882,,A,United States - Nominal - Broad (64 economies),1998-06,93.08,A,F,
M,N,B,US,882,,A,United States - Nominal - Broad (64 economies),1998-07,93.36,A,F,
M,N,B,US,882,,A,United States - Nominal - Broad (64 economies),1998-08,95.07,A,F,
M,N,B,US,882,,A,United States - Nominal - Broad (64 economies),1998-09,93.97,A,F,
M,N,B,US,882,,A,United States - Nominal - Broad (64 economies),1998-10,91.34,A,F,
M,N,B,US,882,,A,United States - Nominal - Broad (64 economies),1998-11,91.29,A,F,
M,N,B,US,882,,A,United States - Nominal - Broad (64 economies),1998-12,90.64,A,F,
M,N,B,US,882,,A,United States - Nominal - Broad (64 economies),1999-01,90.86,A,F,
M,N,B,US,882,,A,United States - Nominal - Broad (64 economies),1999-02,92.03,A,F,
M,N,B,US,882,,A,United States - Nominal - Broad (64 economies),1999-03,93.1,A,F,
M,N,B,US,882,,A,United States - Nominal - Broad (64 economies),1999-04,92.53,A,F,
M,N,B,US,882,,A,United States - Nominal - Broad (64 economies),1999-05,92.38,A,F,
M,N,B,US,882,,A,United States - Nominal - Broad (64 economies),1999-06,92.93,A,F,
M,N,B,US,882,,A,United States - Nominal - Broad (64 economies),1999-07,92.98,A,F,
M,N,B,US,882,,A,United States - Nominal - Broad (64 economies),1999-08,92.04,A,F,
M,N,B,US,882,,A,United States - Nominal - Broad (64 economies),1999-09,91.46,A,F,
M,N,B,US,882,,A,United States - Nominal - Broad (64 economies),1999-10,91.15,A,F,
M,N,B,US,882,,A,United States - Nominal - Broad (64 economies),1999-11,91.31,A,F,
M,N,B,US,882,,A,United States - Nominal - Broad (64 economies),1999-12,91.42,A,F,
M,N,B,US,882,,A,United States - Nominal - Broad (64 economies),2000-01,91.27,A,F,
M,N,B,US,882,,A,United States - Nominal - Broad (64 economies),2000-02,92.49,A,F,
M,N,B,US,882,,A,United States - Nominal - Broad (64 economies),2000-03,92.45,A,F,
M,N,B,US,882,,A,United States - Nominal - Broad (64 economies),2000-04,92.94,A,F,
M,N,B,US,882,,A,United States - Nominal - Broad (64 economies),2000-05,95.17,A,F,
M,N,B,US,882,,A,United States - Nominal - Broad (64 economies),2000-06,94.19,A,F,
M,N,B,US,882,,A,United States - Nominal - Broad (64 economies),2000-07,94.27,A,F,
M,N,B,US,882,,A,United States - Nominal - Broad (64 economies),2000-08,94.98,A,F,
M,N,B,US,882,,A,United States - Nominal - Broad (64 economies),2000-09,96.01,A,F,
M,N,B,US,882,,A,United States - Nominal - Broad (64 economies),2000-10,97.5,A,F,
M,N,B,US,882,,A,United States - Nominal - Broad (64 economies),2000-11,98.22,A,F,
M,N,B,US,882,,A,United States - Nominal - Broad (64 economies),2000-12,97.48,A,F,
M,N,B,US,882,,A,United States - Nominal - Broad (64 economies),2001-01,97.4,A,F,
M,N,B,US,882,,A,United States - Nominal - Broad (64 economies),2001-02,97.9,A,F,
M,N,B,US,882,,A,United States - Nominal - Broad (64 economies),2001-03,99.57,A,F,
M,N,B,US,882,,A,United States - Nominal - Broad (64 economies),2001-04,100.43,A,F,
M,N,B,US,882,,A,United States - Nominal - Broad (64 economies),2001-05,100.16,A,F,
M,N,B,US,882,,A,United States - Nominal - Broad (64 economies),2001-06,100.76,A,F,
M,N,B,US,882,,A,United States - Nominal - Broad (64 economies),2001-07,101.16,A,F,
M,N,B,US,882,,A,United States - Nominal - Broad (64 economies),2001-08,99.57,A,F,
M,N,B,US,882,,A,United States - Nominal - Broad (64 economies),2001-09,99.87,A,F,
M,N,B,US,882,,A,United States - Nominal - Broad (64 economies),2001-10,100.54,A,F,
M,N,B,US,882,,A,United States - Nominal - Broad (64 economies),2001-11,101,A,F,
M,N,B,US,882,,A,United States - Nominal - Broad (64 economies),2001-12,101.09,A,F,
M,N,B,US,882,,A,United States - Nominal - Broad (64 economies),2002-01,102.24,A,F,
M,N,B,US,882,,A,United States - Nominal - Broad (64 economies),2002-02,102.81,A,F,
M,N,B,US,882,,A,United States - Nominal - Broad (64 economies),2002-03,102.21,A,F,
M,N,B,US,882,,A,United States - Nominal - Broad (64 economies),2002-04,101.86,A,F,
M,N,B,US,882,,A,United States - Nominal - Broad (64 economies),2002-05,100.57,A,F,
M,N,B,US,882,,A,United States - Nominal - Broad (64 economies),2002-06,99.41,A,F,
M,N,B,US,882,,A,United States - Nominal - Broad (64 economies),2002-07,97.99,A,F,
M,N,B,US,882,,A,United States - Nominal - Broad (64 economies),2002-08,99.05,A,F,
M,N,B,US,882,,A,United States - Nominal - Broad (64 economies),2002-09,99.68,A,F,
M,N,B,US,882,,A,United States - Nominal - Broad (64 economies),2002-10,100.44,A,F,
M,N,B,US,882,,A,United States - Nominal - Broad (64 economies),2002-11,99.41,A,F,
M,N,B,US,882,,A,United States - Nominal - Broad (64 economies),2002-12,98.93,A,F,
M,N,B,US,882,,A,United States - Nominal - Broad (64 economies),2003-01,97.65,A,F,
M,N,B,US,882,,A,United States - Nominal - Broad (64 economies),2003-02,97.59,A,F,
M,N,B,US,882,,A,United States - Nominal - Broad (64 economies),2003-03,97.18,A,F,
M,N,B,US,882,,A,United States - Nominal - Broad (64 economies),2003-04,96.49,A,F,
M,N,B,US,882,,A,United States - Nominal - Broad (64 economies),2003-05,93.08,A,F,
M,N,B,US,882,,A,United States - Nominal - Broad (64 economies),2003-06,92.8,A,F,
M,N,B,US,882,,A,United States - Nominal - Broad (64 economies),2003-07,93.64,A,F,
M,N,B,US,882,,A,United States - Nominal - Broad (64 economies),2003-08,94.81,A,F,
M,N,B,US,882,,A,United States - Nominal - Broad (64 economies),2003-09,93.85,A,F,
M,N,B,US,882,,A,United States - Nominal - Broad (64 economies),2003-10,91.95,A,F,
M,N,B,US,882,,A,United States - Nominal - Broad (64 economies),2003-11,91.79,A,F,
M,N,B,US,882,,A,United States - Nominal - Broad (64 economies),2003-12,90.55,A,F,
M,N,B,US,882,,A,United States - Nominal - Broad (64 economies),2004-01,89.07,A,F,
M,N,B,US,882,,A,United States - Nominal - Broad (64 economies),2004-02,89.39,A,F,
M,N,B,US,882,,A,United States - Nominal - Broad (64 economies),2004-03,90.31,A,F,
M,N,B,US,882,,A,United States - Nominal - Broad (64 economies),2004-04,91.01,A,F,
M,N,B,US,882,,A,United States - Nominal - Broad (64 economies),2004-05,92.46,A,F,
M,N,B,US,882,,A,United States - Nominal - Broad (64 economies),2004-06,91.58,A,F,
M,N,B,US,882,,A,United States - Nominal - Broad (64 economies),2004-07,90.91,A,F,
M,N,B,US,882,,A,United States - Nominal - Broad (64 economies),2004-08,91.13,A,F,
M,N,B,US,882,,A,United States - Nominal - Broad (64 economies),2004-09,90.74,A,F,
M,N,B,US,882,,A,United States - Nominal - Broad (64 economies),2004-10,89.46,A,F,
M,N,B,US,882,,A,United States - Nominal - Broad (64 economies),2004-11,87.03,A,F,
M,N,B,US,882,,A,United States - Nominal - Broad (64 economies),2004-12,85.98,A,F,
M,N,B,US,882,,A,United States - Nominal - Broad (64 economies),2005-01,86.48,A,F,
M,N,B,US,882,,A,United States - Nominal - Broad (64 economies),2005-02,86.63,A,F,
M,N,B,US,882,,A,United States - Nominal - Broad (64 economies),2005-03,86.09,A,F,
M,N,B,US,882,,A,United States - Nominal - Broad (64 economies),2005-04,86.93,A,F,
M,N,B,US,882,,A,United States - Nominal - Broad (64 economies),2005-05,87.31,A,F,
M,N,B,US,882,,A,United States - Nominal - Broad (64 economies),2005-06,88.21,A,F,
M,N,B,US,882,,A,United States - Nominal - Broad (64 economies),2005-07,88.56,A,F,
M,N,B,US,882,,A,United States - Nominal - Broad (64 economies),2005-08,87.39,A,F,
M,N,B,US,882,,A,United States - Nominal - Broad (64 economies),2005-09,87.28,A,F,
M,N,B,US,882,,A,United States - Nominal - Broad (64 economies),2005-10,88.24,A,F,
M,N,B,US,882,,A,United States - Nominal - Broad (64 economies),2005-11,88.88,A,F,
M,N,B,US,882,,A,United States - Nominal - Broad (64 economies),2005-12,88.31,A,F,
M,N,B,US,882,,A,United States - Nominal - Broad (64 economies),2006-01,87.13,A,F,
M,N,B,US,882,,A,United States - Nominal - Broad (64 economies),2006-02,87.27,A,F,
M,N,B,US,882,,A,United States - Nominal - Broad (64 economies),2006-03,87.45,A,F,
M,N,B,US,882,,A,United States - Nominal - Broad (64 economies),2006-04,86.85,A,F,
M,N,B,US,882,,A,United States - Nominal - Broad (64 economies),2006-05,85.06,A,F,
M,N,B,US,882,,A,United States - Nominal - Broad (64 economies),2006-06,86.18,A,F,
M,N,B,US,882,,A,United States - Nominal - Broad (64 economies),2006-07,85.9,A,F,
M,N,B,US,882,,A,United States - Nominal - Broad (64 economies),2006-08,85.34,A,F,
M,N,B,US,882,,A,United States - Nominal - Broad (64 economies),2006-09,85.55,A,F,
M,N,B,US,882,,A,United States - Nominal - Broad (64 economies),2006-10,85.86,A,F,
M,N,B,US,882,,A,United States - Nominal - Broad (64 economies),2006-11,85.08,A,F,
M,N,B,US,882,,A,United States - Nominal - Broad (64 economies),2006-12,84.32,A,F,
M,N,B,US,882,,A,United States - Nominal - Broad (64 economies),2007-01,85.21,A,F,
M,N,B,US,882,,A,United States - Nominal - Broad (64 economies),2007-02,84.94,A,F,
M,N,B,US,882,,A,United States - Nominal - Broad (64 economies),2007-03,84.49,A,F,
M,N,B,US,882,,A,United States - Nominal - Broad (64 economies),2007-04,83.38,A,F,
M,N,B,US,882,,A,United States - Nominal - Broad (64 economies),2007-05,82.72,A,F,
M,N,B,US,882,,A,United States - Nominal - Broad (64 economies),2007-06,82.56,A,F,
M,N,B,US,882,,A,United States - Nominal - Broad (64 economies),2007-07,81.49,A,F,
M,N,B,US,882,,A,United States - Nominal - Broad (64 economies),2007-08,81.9,A,F,
M,N,B,US,882,,A,United States - Nominal - Broad (64 economies),2007-09,80.78,A,F,
M,N,B,US,882,,A,United States - Nominal - Broad (64 economies),2007-10,79.13,A,F,
M,N,B,US,882,,A,United States - Nominal - Broad (64 economies),2007-11,77.85,A,F,
M,N,B,US,882,,A,United States - Nominal - Broad (64 economies),2007-12,78.54,A,F,
M,N,B,US,882,,A,United States - Nominal - Broad (64 economies),2008-01,77.89,A,F,
M,N,B,US,882,,A,United States - Nominal - Broad (64 economies),2008-02,77.29,A,F,
M,N,B,US,882,,A,United States - Nominal - Broad (64 economies),2008-03,75.68,A,F,
M,N,B,US,882,,A,United States - Nominal - Broad (64 economies),2008-04,75.35,A,F,
M,N,B,US,882,,A,United States - Nominal - Broad (64 economies),2008-05,75.61,A,F,
M,N,B,US,882,,A,United States - Nominal - Broad (64 economies),2008-06,75.72,A,F,
M,N,B,US,882,,A,United States - Nominal - Broad (64 economies),2008-07,75.09,A,F,
M,N,B,US,882,,A,United States - Nominal - Broad (64 economies),2008-08,76.93,A,F,
M,N,B,US,882,,A,United States - Nominal - Broad (64 economies),2008-09,78.81,A,F,
M,N,B,US,882,,A,United States - Nominal - Broad (64 economies),2008-10,84.04,A,F,
M,N,B,US,882,,A,United States - Nominal - Broad (64 economies),2008-11,86.31,A,F,
M,N,B,US,882,,A,United States - Nominal - Broad (64 economies),2008-12,85.48,A,F,
M,N,B,US,882,,A,United States - Nominal - Broad (64 economies),2009-01,85.96,A,F,
M,N,B,US,882,,A,United States - Nominal - Broad (64 economies),2009-02,88.08,A,F,
M,N,B,US,882,,A,United States - Nominal - Broad (64 economies),2009-03,88.52,A,F,
M,N,B,US,882,,A,United States - Nominal - Broad (64 economies),2009-04,86.36,A,F,
M,N,B,US,882,,A,United States - Nominal - Broad (64 economies),2009-05,83.74,A,F,
M,N,B,US,882,,A,United States - Nominal - Broad (64 economies),2009-06,82.74,A,F,
M,N,B,US,882,,A,United States - Nominal - Broad (64 economies),2009-07,82.45,A,F,
M,N,B,US,882,,A,United States - Nominal - Broad (64 economies),2009-08,81.37,A,F,
M,N,B,US,882,,A,United States - Nominal - Broad (64 economies),2009-09,80.77,A,F,
M,N,B,US,882,,A,United States - Nominal - Broad (64 economies),2009-10,79.6,A,F,
M,N,B,US,882,,A,United States - Nominal - Broad (64 economies),2009-11,79.23,A,F,
M,N,B,US,882,,A,United States - Nominal - Broad (64 economies),2009-12,79.52,A,F,
M,N,B,US,882,,A,United States - Nominal - Broad (64 economies),2010-01,79.71,A,F,
M,N,B,US,882,,A,United States - Nominal - Broad (64 economies),2010-02,80.88,A,F,
M,N,B,US,882,,A,United States - Nominal - Broad (64 economies),2010-03,80.26,A,F,
M,N,B,US,882,,A,United States - Nominal - Broad (64 economies),2010-04,79.9,A,F,
M,N,B,US,882,,A,United States - Nominal - Broad (64 economies),2010-05,82.26,A,F,
M,N,B,US,882,,A,United States - Nominal - Broad (64 economies),2010-06,82.81,A,F,
M,N,B,US,882,,A,United States - Nominal - Broad (64 economies),2010-07,81.45,A,F,
M,N,B,US,882,,A,United States - Nominal - Broad (64 economies),2010-08,80.72,A,F,
M,N,B,US,882,,A,United States - Nominal - Broad (64 economies),2010-09,80,A,F,
M,N,B,US,882,,A,United States - Nominal - Broad (64 economies),2010-10,77.69,A,F,
M,N,B,US,882,,A,United States - Nominal - Broad (64 economies),2010-11,77.92,A,F,
M,N,B,US,882,,A,United States - Nominal - Broad (64 economies),2010-12,78.54,A,F,
M,N,B,US,882,,A,United States - Nominal - Broad (64 economies),2011-01,77.66,A,F,
M,N,B,US,882,,A,United States - Nominal - Broad (64 economies),2011-02,77.1,A,F,
M,N,B,US,882,,A,United States - Nominal - Broad (64 economies),2011-03,76.34,A,F,
M,N,B,US,882,,A,United States - Nominal - Broad (64 economies),2011-04,75.1,A,F,
M,N,B,US,882,,A,United States - Nominal - Broad (64 economies),2011-05,74.99,A,F,
M,N,B,US,882,,A,United States - Nominal - Broad (64 economies),2011-06,75.03,A,F,
M,N,B,US,882,,A,United States - Nominal - Broad (64 economies),2011-07,74.56,A,F,
M,N,B,US,882,,A,United States - Nominal - Broad (64 economies),2011-08,74.94,A,F,
M,N,B,US,882,,A,United States - Nominal - Broad (64 economies),2011-09,77.12,A,F,
M,N,B,US,882,,A,United States - Nominal - Broad (64 economies),2011-10,77.97,A,F,
M,N,B,US,882,,A,United States - Nominal - Broad (64 economies),2011-11,78.46,A,F,
M,N,B,US,882,,A,United States - Nominal - Broad (64 economies),2011-12,79.13,A,F,
M,N,B,US,882,,A,United States - Nominal - Broad (64 economies),2012-01,78.81,A,F,
M,N,B,US,882,,A,United States - Nominal - Broad (64 economies),2012-02,77.4,A,F,
M,N,B,US,882,,A,United States - Nominal - Broad (64 economies),2012-03,77.83,A,F,
M,N,B,US,882,,A,United States - Nominal - Broad (64 economies),2012-04,78.08,A,F,
M,N,B,US,882,,A,United States - Nominal - Broad (64 economies),2012-05,79.49,A,F,
M,N,B,US,882,,A,United States - Nominal - Broad (64 economies),2012-06,80.6,A,F,
M,N,B,US,882,,A,United States - Nominal - Broad (64 economies),2012-07,80.2,A,F,
M,N,B,US,882,,A,United States - Nominal - Broad (64 economies),2012-08,79.52,A,F,
M,N,B,US,882,,A,United States - Nominal - Broad (64 economies),2012-09,78.28,A,F,
M,N,B,US,882,,A,United States - Nominal - Broad (64 economies),2012-10,77.99,A,F,
M,N,B,US,882,,A,United States - Nominal - Broad (64 economies),2012-11,78.53,A,F,
M,N,B,US,882,,A,United States - Nominal - Broad (64 economies),2012-12,78.01,A,F,
M,N,B,US,882,,A,United States - Nominal - Broad (64 economies),2013-01,78.04,A,F,
M,N,B,US,882,,A,United States - Nominal - Broad (64 economies),2013-02,78.58,A,F,
M,N,B,US,882,,A,United States - Nominal - Broad (64 economies),2013-03,79.32,A,F,
M,N,B,US,882,,A,United States - Nominal - Broad (64 economies),2013-04,79,A,F,
M,N,B,US,882,,A,United States - Nominal - Broad (64 economies),2013-05,79.4,A,F,
M,N,B,US,882,,A,United States - Nominal - Broad (64 economies),2013-06,79.94,A,F,
M,N,B,US,882,,A,United States - Nominal - Broad (64 economies),2013-07,80.38,A,F,
M,N,B,US,882,,A,United States - Nominal - Broad (64 economies),2013-08,80.24,A,F,
M,N,B,US,882,,A,United States - Nominal - Broad (64 economies),2013-09,80.15,A,F,
M,N,B,US,882,,A,United States - Nominal - Broad (64 economies),2013-10,79.29,A,F,
M,N,B,US,882,,A,United States - Nominal - Broad (64 economies),2013-11,79.98,A,F,
M,N,B,US,882,,A,United States - Nominal - Broad (64 economies),2013-12,80.1,A,F,
M,N,B,US,882,,A,United States - Nominal - Broad (64 economies),2014-01,80.81,A,F,
M,N,B,US,882,,A,United States - Nominal - Broad (64 economies),2014-02,80.95,A,F,
M,N,B,US,882,,A,United States - Nominal - Broad (64 economies),2014-03,80.89,A,F,
M,N,B,US,882,,A,United States - Nominal - Broad (64 economies),2014-04,80.63,A,F,
M,N,B,US,882,,A,United States - Nominal - Broad (64 economies),2014-05,80.37,A,F,
M,N,B,US,882,,A,United States - Nominal - Broad (64 economies),2014-06,80.53,A,F,
M,N,B,US,882,,A,United States - Nominal - Broad (64 economies),2014-07,80.33,A,F,
M,N,B,US,882,,A,United States - Nominal - Broad (64 economies),2014-08,81.06,A,F,
M,N,B,US,882,,A,United States - Nominal - Broad (64 economies),2014-09,82.23,A,F,
M,N,B,US,882,,A,United States - Nominal - Broad (64 economies),2014-10,83.27,A,F,
M,N,B,US,882,,A,United States - Nominal - Broad (64 economies),2014-11,84.62,A,F,
M,N,B,US,882,,A,United States - Nominal - Broad (64 economies),2014-12,86.56,A,F,
M,N,B,US,882,,A,United States - Nominal - Broad (64 economies),2015-01,88.35,A,F,
M,N,B,US,882,,A,United States - Nominal - Broad (64 economies),2015-02,89.58,A,F,
M,N,B,US,882,,A,United States - Nominal - Broad (64 economies),2015-03,91.19,A,F,
M,N,B,US,882,,A,United States - Nominal - Broad (64 economies),2015-04,90.57,A,F,
M,N,B,US,882,,A,United States - Nominal - Broad (64 economies),2015-05,89.82,A,F,
M,N,B,US,882,,A,United States - Nominal - Broad (64 economies),2015-06,90.46,A,F,
M,N,B,US,882,,A,United States - Nominal - Broad (64 economies),2015-07,91.92,A,F,
M,N,B,US,882,,A,United States - Nominal - Broad (64 economies),2015-08,93.53,A,F,
M,N,B,US,882,,A,United States - Nominal - Broad (64 economies),2015-09,94.16,A,F,
M,N,B,US,882,,A,United States - Nominal - Broad (64 economies),2015-10,93.38,A,F,
M,N,B,US,882,,A,United States - Nominal - Broad (64 economies),2015-11,94.88,A,F,
M,N,B,US,882,,A,United States - Nominal - Broad (64 economies),2015-12,95.8,A,F,
M,N,B,US,882,,A,United States - Nominal - Broad (64 economies),2016-01,97.8,A,F,
M,N,B,US,882,,A,United States - Nominal - Broad (64 economies),2016-02,97,A,F,
M,N,B,US,882,,A,United States - Nominal - Broad (64 economies),2016-03,95.15,A,F,
M,N,B,US,882,,A,United States - Nominal - Broad (64 economies),2016-04,93.54,A,F,
M,N,B,US,882,,A,United States - Nominal - Broad (64 economies),2016-05,94.51,A,F,
M,N,B,US,882,,A,United States - Nominal - Broad (64 economies),2016-06,94.93,A,F,
M,N,B,US,882,,A,United States - Nominal - Broad (64 economies),2016-07,95.49,A,F,
M,N,B,US,882,,A,United States - Nominal - Broad (64 economies),2016-08,94.62,A,F,
M,N,B,US,882,,A,United States - Nominal - Broad (64 economies),2016-09,95.36,A,F,
M,N,B,US,882,,A,United States - Nominal - Broad (64 economies),2016-10,96.26,A,F,
M,N,B,US,882,,A,United States - Nominal - Broad (64 economies),2016-11,98.73,A,F,
M,N,B,US,882,,A,United States - Nominal - Broad (64 economies),2016-12,100.4,A,F,
M,N,B,US,882,,A,United States - Nominal - Broad (64 economies),2017-01,100.4,A,F,
M,N,B,US,882,,A,United States - Nominal - Broad (64 economies),2017-02,98.89,A,F,
M,N,B,US,882,,A,United States - Nominal - Broad (64 economies),2017-03,98.42,A,F,
M,N,B,US,882,,A,United States - Nominal - Broad (64 economies),2017-04,97.64,A,F,
M,N,B,US,882,,A,United States - Nominal - Broad (64 economies),2017-05,97.15,A,F,
M,N,B,US,882,,A,United States - Nominal - Broad (64 economies),2017-06,95.81,A,F,
M,N,B,US,882,,A,United States - Nominal - Broad (64 economies),2017-07,94.54,A,F,
M,N,B,US,882,,A,United States - Nominal - Broad (64 economies),2017-08,93.38,A,F,
M,N,B,US,882,,A,United States - Nominal - Broad (64 economies),2017-09,92.5,A,F,
M,N,B,US,882,,A,United States - Nominal - Broad (64 economies),2017-10,94.21,A,F,
M,N,B,US,882,,A,United States - Nominal - Broad (64 economies),2017-11,94.41,A,F,
M,N,B,US,882,,A,United States - Nominal - Broad (64 economies),2017-12,94.08,A,F,
M,N,B,US,882,,A,United States - Nominal - Broad (64 economies),2018-01,92,A,F,
M,N,B,US,882,,A,United States - Nominal - Broad (64 economies),2018-02,91.15,A,F,
M,N,B,US,882,,A,United States - Nominal - Broad (64 economies),2018-03,91.39,A,F,
M,N,B,US,882,,A,United States - Nominal - Broad (64 economies),2018-04,91.35,A,F,
M,N,B,US,882,,A,United States - Nominal - Broad (64 economies),2018-05,93.95,A,F,
M,N,B,US,882,,A,United States - Nominal - Broad (64 economies),2018-06,95.51,A,F,
M,N,B,US,882,,A,United States - Nominal - Broad (64 economies),2018-07,95.96,A,F,
M,N,B,US,882,,A,United States - Nominal - Broad (64 economies),2018-08,96.73,A,F,
M,N,B,US,882,,A,United States - Nominal - Broad (64 economies),2018-09,96.97,A,F,
M,N,B,US,882,,A,United States - Nominal - Broad (64 economies),2018-10,97.61,A,F,
M,N,B,US,882,,A,United States - Nominal - Broad (64 economies),2018-11,98.67,A,F,
M,N,B,US,882,,A,United States - Nominal - Broad (64 economies),2018-12,98.54,A,F,
M,N,B,US,882,,A,United States - Nominal - Broad (64 economies),2019-01,97.04,A,F,
M,N,B,US,882,,A,United States - Nominal - Broad (64 economies),2019-02,96.9,A,F,
M,N,B,US,882,,A,United States - Nominal - Broad (64 economies),2019-03,97.16,A,F,
M,N,B,US,882,,A,United States - Nominal - Broad (64 economies),2019-04,97.28,A,F,
M,N,B,US,882,,A,United States - Nominal - Broad (64 economies),2019-05,98.31,A,F,
M,N,B,US,882,,A,United States - Nominal - Broad (64 economies),2019-06,97.94,A,F,
M,N,B,US,882,,A,United States - Nominal - Broad (64 economies),2019-07,97.54,A,F,
M,N,B,US,882,,A,United States - Nominal - Broad (64 economies),2019-08,99.36,A,F,
M,N,B,US,882,,A,United States - Nominal - Broad (64 economies),2019-09,99.69,A,F,
M,N,B,US,882,,A,United States - Nominal - Broad (64 economies),2019-10,99.21,A,F,
M,N,B,US,882,,A,United States - Nominal - Broad (64 economies),2019-11,98.89,A,F,
M,N,B,US,882,,A,United States - Nominal - Broad (64 economies),2019-12,98.46,A,F,
M,N,B,US,882,,A,United States - Nominal - Broad (64 economies),2020-01,97.78,A,F,
M,N,B,US,882,,A,United States - Nominal - Broad (64 economies),2020-02,99.01,A,F,
M,N,B,US,882,,A,United States - Nominal - Broad (64 economies),2020-03,102.62,A,F,
M,N,B,US,882,,A,United States - Nominal - Broad (64 economies),2020-04,104.97,A,F,
M,N,B,US,882,,A,United States - Nominal - Broad (64 economies),2020-05,104.26,A,F,
M,N,B,US,882,,A,United States - Nominal - Broad (64 economies),2020-06,101.87,A,F,
M,N,B,US,882,,A,United States - Nominal - Broad (64 economies),2020-07,101.1,A,F,
M,N,B,US,882,,A,United States - Nominal - Broad (64 economies),2020-08,99.57,A,F,
M,N,B,US,882,,A,United States - Nominal - Broad (64 economies),2020-09,98.92,A,F,
M,N,B,US,882,,A,United States - Nominal - Broad (64 economies),2020-10,98.33,A,F,
M,N,B,US,882,,A,United States - Nominal - Broad (64 economies),2020-11,96.67,A,F,
M,N,B,US,882,,A,United States - Nominal - Broad (64 economies),2020-12,94.91,A,F,
M,N,B,US,882,,A,United States - Nominal - Broad (64 economies),2021-01,94.48,A,F,
M,N,B,US,882,,A,United States - Nominal - Broad (64 economies),2021-02,94.86,A,F,
M,N,B,US,882,,A,United States - Nominal - Broad (64 economies),2021-03,96.32,A,F,
M,N,B,US,882,,A,United States - Nominal - Broad (64 economies),2021-04,95.72,A,F,
M,N,B,US,882,,A,United States - Nominal - Broad (64 economies),2021-05,94.58,A,F,
M,N,B,US,882,,A,United States - Nominal - Broad (64 economies),2021-06,94.85,A,F,
M,N,B,US,882,,A,United States - Nominal - Broad (64 economies),2021-07,96.05,A,F,
M,N,B,US,882,,A,United States - Nominal - Broad (64 economies),2021-08,96.28,A,F,
M,N,B,US,882,,A,United States - Nominal - Broad (64 economies),2021-09,96.24,A,F,
M,N,B,US,882,,A,United States - Nominal - Broad (64 economies),2021-10,96.99,A,F,
M,N,B,US,882,,A,United States - Nominal - Broad (64 economies),2021-11,97.81,A,F,
M,N,B,US,882,,A,United States - Nominal - Broad (64 economies),2021-12,98.5,A,F,
M,N,B,US,882,,A,United States - Nominal - Broad (64 economies),2022-01,97.94,A,F,
M,N,B,US,882,,A,United States - Nominal - Broad (64 economies),2022-02,97.87,A,F,
M,N,B,US,882,,A,United States - Nominal - Broad (64 economies),2022-03,99.3,A,F,
M,N,B,US,882,,A,United States - Nominal - Broad (64 economies),2022-04,100.04,A,F,
M,N,B,US,882,,A,United States - Nominal - Broad (64 economies),2022-05,102.37,A,F,
M,N,B,US,882,,A,United States - Nominal - Broad (64 economies),2022-06,102.81,A,F,
M,N,B,US,882,,A,United States - Nominal - Broad (64 economies),2022-07,105.04,A,F,
M,N,B,US,882,,A,United States - Nominal - Broad (64 economies),2022-08,104.88,A,F,
M,N,B,US,882,,A,United States - Nominal - Broad (64 economies),2022-09,107.68,A,F,
M,N,B,US,882,,A,United States - Nominal - Broad (64 economies),2022-10,109.55,A,F,
M,N,B,US,882,,A,United States - Nominal - Broad (64 economies),2022-11,106.97,A,F,
M,N,B,US,882,,A,United States - Nominal - Broad (64 economies),2022-12,104.59,A,F,
M,N,B,US,882,,A,United States - Nominal - Broad (64 economies),2023-01,102.42,A,F,
M,N,B,US,882,,A,United States - Nominal - Broad (64 economies),2023-02,102.74,A,F,
M,N,B,US,882,,A,United States - Nominal - Broad (64 economies),2023-03,103.25,A,F,
M,N,B,US,882,,A,United States - Nominal - Broad (64 economies),2023-04,102.12,A,F,
M,N,B,US,882,,A,United States - Nominal - Broad (64 economies),2023-05,102.62,A,F,
M,N,B,US,882,,A,United States - Nominal - Broad (64 economies),2023-06,103.04,A,F,
M,N,B,US,882,,A,United States - Nominal - Broad (64 economies),2023-07,102.26,A,F,
M,N,B,US,882,,A,United States - Nominal - Broad (64 economies),2023-08,103.67,A,F,
M,N,B,US,882,,A,United States - Nominal - Broad (64 economies),2023-09,105.14,A,F,
M,N,B,US,882,,A,United States - Nominal - Broad (64 economies),2023-10,106.65,A,F,
M,N,B,US,882,,A,United States - Nominal - Broad (64 economies),2023-11,104.7,A,F,
M,N,B,US,882,,A,United States - Nominal - Broad (64 economies),2023-12,103.3,A,F,
M,N,B,US,882,,A,United States - Nominal - Broad (64 economies),2024-01,103.55,A,F,
M,N,B,US,882,,A,United States - Nominal - Broad (64 economies),2024-02,104.31,A,F,
M,N,B,US,882,,A,United States - Nominal - Broad (64 economies),2024-03,104.06,A,F,
M,N,B,US,882,,A,United States - Nominal - Broad (64 economies),2024-04,105.21,A,F,
M,N,B,US,882,,A,United States - Nominal - Broad (64 economies),2024-05,104.98,A,F,
M,N,B,US,882,,A,United States - Nominal - Broad (64 economies),2024-06,106.55,A,F,
M,N,B,US,882,,A,United States - Nominal - Broad (64 economies),2024-07,106.3,A,F,
M,N,B,US,882,,A,United States - Nominal - Broad (64 economies),2024-08,105.42,A,F,
M,N,B,US,882,,A,United States - Nominal - Broad (64 economies),2024-09,104.71,A,F,
M,N,B,US,882,,A,United States - Nominal - Broad (64 economies),2024-10,105.99,A,F,
M,N,B,US,882,,A,United States - Nominal - Broad (64 economies),2024-11,108.38,A,F,
M,N,B,US,882,,A,United States - Nominal - Broad (64 economies),2024-12,109.44,A,F,
M,N,B,US,882,,A,United States - Nominal - Broad (64 economies),2025-01,110.49,A,F,
M,N,B,US,882,,A,United States - Nominal - Broad (64 economies),2025-02,109.67,A,F,
M,N,B,US,882,,A,United States - Nominal - Broad (64 economies),2025-03,108.28,A,F,
M,N,B,US,882,,A,United States - Nominal - Broad (64 economies),2025-04,106.71,A,F,
M,N,B,US,882,,A,United States - Nominal - Broad (64 economies),2025-05,105.01,A,F,
M,N,B,US,882,,A,United States - Nominal - Broad (64 economies),2025-06,103.71,A,F,
M,N,B,US,882,,A,United States - Nominal - Broad (64 economies),2025-07,103.15,A,F,
M,N,B,US,882,,A,United States - Nominal - Broad (64 economies),2025-08,103.61,A,F,
M,N,B,US,882,,A,United States - Nominal - Broad (64 economies),2025-09,103.05,A,F,
M,N,B,US,882,,A,United States - Nominal - Broad (64 economies),2025-10,103.61,A,F,
M,N,B,US,882,,A,United States - Nominal - Broad (64 economies),2025-11,104.07,A,F,
M,N,B,US,882,,A,United States - Nominal - Broad (64 economies),2025-12,103.04,A,F,
M,N,B,US,882,,A,United States - Nominal - Broad (64 economies),2026-01,102.25,A,F,
M,N,B,US,882,,A,United States - Nominal - Broad (64 economies),2026-02,101.12,A,F,
M,N,B,US,882,,A,United States - Nominal - Broad (64 economies),2026-03,102.77,A,F,
M,N,B,US,882,,A,United States - Nominal - Broad (64 economies),2026-04,101.97,A,F,
M,N,B,US,882,,A,United States - Nominal - Broad (64 economies),2026-05,101.69,A,F,
M,N,B,US,882,,A,United States - Nominal - Broad (64 economies),2026-06,102.62,A,F,
M,N,B,US,882,,A,United States - Nominal - Broad (64 economies),2026-07,103.2,A,F,
M,N,B,US,882,,A,United States - Nominal - Broad (64 economies),2026-08,101.72,A,F,
M,N,B,XM,882,,A,Euro area - Nominal - Broad (64 economies),1994-01,65.83,A,F,
M,N,B,XM,882,,A,Euro area - Nominal - Broad (64 economies),1994-02,66.53,A,F,
M,N,B,XM,882,,A,Euro area - Nominal - Broad (64 economies),1994-03,68.24,A,F,
M,N,B,XM,882,,A,Euro area - Nominal - Broad (64 economies),1994-04,69.24,A,F,
M,N,B,XM,882,,A,Euro area - Nominal - Broad (64 economies),1994-05,70.75,A,F,
M,N,B,XM,882,,A,Euro area - Nominal - Broad (64 economies),1994-06,71.8,A,F,
M,N,B,XM,882,,A,Euro area - Nominal - Broad (64 economies),1994-07,73.29,A,F,
M,N,B,XM,882,,A,Euro area - Nominal - Broad (64 economies),1994-08,73.56,A,F,
M,N,B,XM,882,,A,Euro area - Nominal - Broad (64 economies),1994-09,73.93,A,F,
M,N,B,XM,882,,A,Euro area - Nominal - Broad (64 economies),1994-10,75.13,A,F,
M,N,B,XM,882,,A,Euro area - Nominal - Broad (64 economies),1994-11,74.6,A,F,
M,N,B,XM,882,,A,Euro area - Nominal - Broad (64 economies),1994-12,74.03,A,F,
M,N,B,XM,882,,A,Euro area - Nominal - Broad (64 economies),1995-01,75.58,A,F,
M,N,B,XM,882,,A,Euro area - Nominal - Broad (64 economies),1995-02,76.6,A,F,
M,N,B,XM,882,,A,Euro area - Nominal - Broad (64 economies),1995-03,78.69,A,F,
M,N,B,XM,882,,A,Euro area - Nominal - Broad (64 economies),1995-04,79.08,A,F,
M,N,B,XM,882,,A,Euro area - Nominal - Broad (64 economies),1995-05,78.42,A,F,
M,N,B,XM,882,,A,Euro area - Nominal - Broad (64 economies),1995-06,78.76,A,F,
M,N,B,XM,882,,A,Euro area - Nominal - Broad (64 economies),1995-07,79.74,A,F,
M,N,B,XM,882,,A,Euro area - Nominal - Broad (64 economies),1995-08,78.96,A,F,
M,N,B,XM,882,,A,Euro area - Nominal - Broad (64 economies),1995-09,78.89,A,F,
M,N,B,XM,882,,A,Euro area - Nominal - Broad (64 economies),1995-10,80.33,A,F,
M,N,B,XM,882,,A,Euro area - Nominal - Broad (64 economies),1995-11,80.9,A,F,
M,N,B,XM,882,,A,Euro area - Nominal - Broad (64 economies),1995-12,80.56,A,F,
M,N,B,XM,882,,A,Euro area - Nominal - Broad (64 economies),1996-01,80.59,A,F,
M,N,B,XM,882,,A,Euro area - Nominal - Broad (64 economies),1996-02,80.76,A,F,
M,N,B,XM,882,,A,Euro area - Nominal - Broad (64 economies),1996-03,80.56,A,F,
M,N,B,XM,882,,A,Euro area - Nominal - Broad (64 economies),1996-04,80.05,A,F,
M,N,B,XM,882,,A,Euro area - Nominal - Broad (64 economies),1996-05,79.44,A,F,
M,N,B,XM,882,,A,Euro area - Nominal - Broad (64 economies),1996-06,79.93,A,F,
M,N,B,XM,882,,A,Euro area - Nominal - Broad (64 economies),1996-07,80.89,A,F,
M,N,B,XM,882,,A,Euro area - Nominal - Broad (64 economies),1996-08,81.56,A,F,
M,N,B,XM,882,,A,Euro area - Nominal - Broad (64 economies),1996-09,81.09,A,F,
M,N,B,XM,882,,A,Euro area - Nominal - Broad (64 economies),1996-10,80.74,A,F,
M,N,B,XM,882,,A,Euro area - Nominal - Broad (64 economies),1996-11,81.39,A,F,
M,N,B,XM,882,,A,Euro area - Nominal - Broad (64 economies),1996-12,80.56,A,F,
M,N,B,XM,882,,A,Euro area - Nominal - Broad (64 economies),1997-01,79.5,A,F,
M,N,B,XM,882,,A,Euro area - Nominal - Broad (64 economies),1997-02,77.94,A,F,
M,N,B,XM,882,,A,Euro area - Nominal - Broad (64 economies),1997-03,77.62,A,F,
M,N,B,XM,882,,A,Euro area - Nominal - Broad (64 economies),1997-04,77.54,A,F,
M,N,B,XM,882,,A,Euro area - Nominal - Broad (64 economies),1997-05,77.48,A,F,
M,N,B,XM,882,,A,Euro area - Nominal - Broad (64 economies),1997-06,76.66,A,F,
M,N,B,XM,882,,A,Euro area - Nominal - Broad (64 economies),1997-07,75.23,A,F,
M,N,B,XM,882,,A,Euro area - Nominal - Broad (64 economies),1997-08,74.64,A,F,
M,N,B,XM,882,,A,Euro area - Nominal - Broad (64 economies),1997-09,76.69,A,F,
M,N,B,XM,882,,A,Euro area - Nominal - Broad (64 economies),1997-10,78.1,A,F,
M,N,B,XM,882,,A,Euro area - Nominal - Broad (64 economies),1997-11,79.65,A,F,
M,N,B,XM,882,,A,Euro area - Nominal - Broad (64 economies),1997-12,80.19,A,F,
M,N,B,XM,882,,A,Euro area - Nominal - Broad (64 economies),1998-01,80.52,A,F,
M,N,B,XM,882,,A,Euro area - Nominal - Broad (64 economies),1998-02,79.85,A,F,
M,N,B,XM,882,,A,Euro area - Nominal - Broad (64 economies),1998-03,79.38,A,F,
M,N,B,XM,882,,A,Euro area - Nominal - Broad (64 economies),1998-04,79.85,A,F,
M,N,B,XM,882,,A,Euro area - Nominal - Broad (64 economies),1998-05,81.69,A,F,
M,N,B,XM,882,,A,Euro area - Nominal - Broad (64 economies),1998-06,82.3,A,F,
M,N,B,XM,882,,A,Euro area - Nominal - Broad (64 economies),1998-07,82.26,A,F,
M,N,B,XM,882,,A,Euro area - Nominal - Broad (64 economies),1998-08,83.41,A,F,
M,N,B,XM,882,,A,Euro area - Nominal - Broad (64 economies),1998-09,86.88,A,F,
M,N,B,XM,882,,A,Euro area - Nominal - Broad (64 economies),1998-10,87.93,A,F,
M,N,B,XM,882,,A,Euro area - Nominal - Broad (64 economies),1998-11,86.34,A,F,
M,N,B,XM,882,,A,Euro area - Nominal - Broad (64 economies),1998-12,86.97,A,F,
M,N,B,XM,882,,A,Euro area - Nominal - Broad (64 economies),1999-01,86.72,A,F,
M,N,B,XM,882,,A,Euro area - Nominal - Broad (64 economies),1999-02,85.44,A,F,
M,N,B,XM,882,,A,Euro area - Nominal - Broad (64 economies),1999-03,84.25,A,F,
M,N,B,XM,882,,A,Euro area - Nominal - Broad (64 economies),1999-04,83.17,A,F,
M,N,B,XM,882,,A,Euro area - Nominal - Broad (64 economies),1999-05,82.65,A,F,
M,N,B,XM,882,,A,Euro area - Nominal - Broad (64 economies),1999-06,81.12,A,F,
M,N,B,XM,882,,A,Euro area - Nominal - Broad (64 economies),1999-07,81.06,A,F,
M,N,B,XM,882,,A,Euro area - Nominal - Broad (64 economies),1999-08,82.26,A,F,
M,N,B,XM,882,,A,Euro area - Nominal - Broad (64 economies),1999-09,81.36,A,F,
M,N,B,XM,882,,A,Euro area - Nominal - Broad (64 economies),1999-10,82.42,A,F,
M,N,B,XM,882,,A,Euro area - Nominal - Broad (64 economies),1999-11,80.4,A,F,
M,N,B,XM,882,,A,Euro area - Nominal - Broad (64 economies),1999-12,78.84,A,F,
M,N,B,XM,882,,A,Euro area - Nominal - Broad (64 economies),2000-01,78.92,A,F,
M,N,B,XM,882,,A,Euro area - Nominal - Broad (64 economies),2000-02,77.75,A,F,
M,N,B,XM,882,,A,Euro area - Nominal - Broad (64 economies),2000-03,76.48,A,F,
M,N,B,XM,882,,A,Euro area - Nominal - Broad (64 economies),2000-04,75.4,A,F,
M,N,B,XM,882,,A,Euro area - Nominal - Broad (64 economies),2000-05,74.01,A,F,
M,N,B,XM,882,,A,Euro area - Nominal - Broad (64 economies),2000-06,76.68,A,F,
M,N,B,XM,882,,A,Euro area - Nominal - Broad (64 economies),2000-07,76.2,A,F,
M,N,B,XM,882,,A,Euro area - Nominal - Broad (64 economies),2000-08,74.11,A,F,
M,N,B,XM,882,,A,Euro area - Nominal - Broad (64 economies),2000-09,72.61,A,F,
M,N,B,XM,882,,A,Euro area - Nominal - Broad (64 economies),2000-10,71.78,A,F,
M,N,B,XM,882,,A,Euro area - Nominal - Broad (64 economies),2000-11,72.34,A,F,
M,N,B,XM,882,,A,Euro area - Nominal - Broad (64 economies),2000-12,75.06,A,F,
M,N,B,XM,882,,A,Euro area - Nominal - Broad (64 economies),2001-01,78.13,A,F,
M,N,B,XM,882,,A,Euro area - Nominal - Broad (64 economies),2001-02,77.47,A,F,
M,N,B,XM,882,,A,Euro area - Nominal - Broad (64 economies),2001-03,77.7,A,F,
M,N,B,XM,882,,A,Euro area - Nominal - Broad (64 economies),2001-04,77.32,A,F,
M,N,B,XM,882,,A,Euro area - Nominal - Broad (64 economies),2001-05,75.84,A,F,
M,N,B,XM,882,,A,Euro area - Nominal - Broad (64 economies),2001-06,74.75,A,F,
M,N,B,XM,882,,A,Euro area - Nominal - Broad (64 economies),2001-07,75.68,A,F,
M,N,B,XM,882,,A,Euro area - Nominal - Broad (64 economies),2001-08,78.08,A,F,
M,N,B,XM,882,,A,Euro area - Nominal - Broad (64 economies),2001-09,78.8,A,F,
M,N,B,XM,882,,A,Euro area - Nominal - Broad (64 economies),2001-10,78.88,A,F,
M,N,B,XM,882,,A,Euro area - Nominal - Broad (64 economies),2001-11,77.54,A,F,
M,N,B,XM,882,,A,Euro area - Nominal - Broad (64 economies),2001-12,77.94,A,F,
M,N,B,XM,882,,A,Euro area - Nominal - Broad (64 economies),2002-01,77.54,A,F,
M,N,B,XM,882,,A,Euro area - Nominal - Broad (64 economies),2002-02,76.94,A,F,
M,N,B,XM,882,,A,Euro area - Nominal - Broad (64 economies),2002-03,77.08,A,F,
M,N,B,XM,882,,A,Euro area - Nominal - Broad (64 economies),2002-04,77.35,A,F,
M,N,B,XM,882,,A,Euro area - Nominal - Broad (64 economies),2002-05,79.14,A,F,
M,N,B,XM,882,,A,Euro area - Nominal - Broad (64 economies),2002-06,81.5,A,F,
M,N,B,XM,882,,A,Euro area - Nominal - Broad (64 economies),2002-07,83.29,A,F,
M,N,B,XM,882,,A,Euro area - Nominal - Broad (64 economies),2002-08,82.83,A,F,
M,N,B,XM,882,,A,Euro area - Nominal - Broad (64 economies),2002-09,83.05,A,F,
M,N,B,XM,882,,A,Euro area - Nominal - Broad (64 economies),2002-10,83.45,A,F,
M,N,B,XM,882,,A,Euro area - Nominal - Broad (64 economies),2002-11,84.09,A,F,
M,N,B,XM,882,,A,Euro area - Nominal - Broad (64 economies),2002-12,85.03,A,F,
M,N,B,XM,882,,A,Euro area - Nominal - Broad (64 economies),2003-01,87.42,A,F,
M,N,B,XM,882,,A,Euro area - Nominal - Broad (64 economies),2003-02,88.63,A,F,
M,N,B,XM,882,,A,Euro area - Nominal - Broad (64 economies),2003-03,89.26,A,F,
M,N,B,XM,882,,A,Euro area - Nominal - Broad (64 economies),2003-04,89.4,A,F,
M,N,B,XM,882,,A,Euro area - Nominal - Broad (64 economies),2003-05,92.69,A,F,
M,N,B,XM,882,,A,Euro area - Nominal - Broad (64 economies),2003-06,93.06,A,F,
M,N,B,XM,882,,A,Euro area - Nominal - Broad (64 economies),2003-07,91.7,A,F,
M,N,B,XM,882,,A,Euro area - Nominal - Broad (64 economies),2003-08,90.63,A,F,
M,N,B,XM,882,,A,Euro area - Nominal - Broad (64 economies),2003-09,90.56,A,F,
M,N,B,XM,882,,A,Euro area - Nominal - Broad (64 economies),2003-10,92.43,A,F,
M,N,B,XM,882,,A,Euro area - Nominal - Broad (64 economies),2003-11,92.47,A,F,
M,N,B,XM,882,,A,Euro area - Nominal - Broad (64 economies),2003-12,95.21,A,F,
M,N,B,XM,882,,A,Euro area - Nominal - Broad (64 economies),2004-01,96.26,A,F,
M,N,B,XM,882,,A,Euro area - Nominal - Broad (64 economies),2004-02,96.18,A,F,
M,N,B,XM,882,,A,Euro area - Nominal - Broad (64 economies),2004-03,94.31,A,F,
M,N,B,XM,882,,A,Euro area - Nominal - Broad (64 economies),2004-04,92.75,A,F,
M,N,B,XM,882,,A,Euro area - Nominal - Broad (64 economies),2004-05,93.81,A,F,
M,N,B,XM,882,,A,Euro area - Nominal - Broad (64 economies),2004-06,93.82,A,F,
M,N,B,XM,882,,A,Euro area - Nominal - Broad (64 economies),2004-07,94.17,A,F,
M,N,B,XM,882,,A,Euro area - Nominal - Broad (64 economies),2004-08,94.05,A,F,
M,N,B,XM,882,,A,Euro area - Nominal - Broad (64 economies),2004-09,94.34,A,F,
M,N,B,XM,882,,A,Euro area - Nominal - Broad (64 economies),2004-10,95.39,A,F,
M,N,B,XM,882,,A,Euro area - Nominal - Broad (64 economies),2004-11,96.66,A,F,
M,N,B,XM,882,,A,Euro area - Nominal - Broad (64 economies),2004-12,97.74,A,F,
M,N,B,XM,882,,A,Euro area - Nominal - Broad (64 economies),2005-01,96.39,A,F,
M,N,B,XM,882,,A,Euro area - Nominal - Broad (64 economies),2005-02,95.46,A,F,
M,N,B,XM,882,,A,Euro area - Nominal - Broad (64 economies),2005-03,96.25,A,F,
M,N,B,XM,882,,A,Euro area - Nominal - Broad (64 economies),2005-04,95.49,A,F,
M,N,B,XM,882,,A,Euro area - Nominal - Broad (64 economies),2005-05,94.4,A,F,
M,N,B,XM,882,,A,Euro area - Nominal - Broad (64 economies),2005-06,91.84,A,F,
M,N,B,XM,882,,A,Euro area - Nominal - Broad (64 economies),2005-07,91.92,A,F,
M,N,B,XM,882,,A,Euro area - Nominal - Broad (64 economies),2005-08,92.42,A,F,
M,N,B,XM,882,,A,Euro area - Nominal - Broad (64 economies),2005-09,91.94,A,F,
M,N,B,XM,882,,A,Euro area - Nominal - Broad (64 economies),2005-10,91.5,A,F,
M,N,B,XM,882,,A,Euro area - Nominal - Broad (64 economies),2005-11,90.69,A,F,
M,N,B,XM,882,,A,Euro area - Nominal - Broad (64 economies),2005-12,90.68,A,F,
M,N,B,XM,882,,A,Euro area - Nominal - Broad (64 economies),2006-01,91.22,A,F,
M,N,B,XM,882,,A,Euro area - Nominal - Broad (64 economies),2006-02,90.32,A,F,
M,N,B,XM,882,,A,Euro area - Nominal - Broad (64 economies),2006-03,91.06,A,F,
M,N,B,XM,882,,A,Euro area - Nominal - Broad (64 economies),2006-04,92.07,A,F,
M,N,B,XM,882,,A,Euro area - Nominal - Broad (64 economies),2006-05,93.69,A,F,
M,N,B,XM,882,,A,Euro area - Nominal - Broad (64 economies),2006-06,94.25,A,F,
M,N,B,XM,882,,A,Euro area - Nominal - Broad (64 economies),2006-07,94.34,A,F,
M,N,B,XM,882,,A,Euro area - Nominal - Broad (64 economies),2006-08,94.31,A,F,
M,N,B,XM,882,,A,Euro area - Nominal - Broad (64 economies),2006-09,94.13,A,F,
M,N,B,XM,882,,A,Euro area - Nominal - Broad (64 economies),2006-10,93.48,A,F,
M,N,B,XM,882,,A,Euro area - Nominal - Broad (64 economies),2006-11,94.02,A,F,
M,N,B,XM,882,,A,Euro area - Nominal - Broad (64 economies),2006-12,94.96,A,F,
M,N,B,XM,882,,A,Euro area - Nominal - Broad (64 economies),2007-01,94.23,A,F,
M,N,B,XM,882,,A,Euro area - Nominal - Broad (64 economies),2007-02,94.54,A,F,
M,N,B,XM,882,,A,Euro area - Nominal - Broad (64 economies),2007-03,95.25,A,F,
M,N,B,XM,882,,A,Euro area - Nominal - Broad (64 economies),2007-04,95.94,A,F,
M,N,B,XM,882,,A,Euro area - Nominal - Broad (64 economies),2007-05,95.76,A,F,
M,N,B,XM,882,,A,Euro area - Nominal - Broad (64 economies),2007-06,95.33,A,F,
M,N,B,XM,882,,A,Euro area - Nominal - Broad (64 economies),2007-07,95.86,A,F,
M,N,B,XM,882,,A,Euro area - Nominal - Broad (64 economies),2007-08,95.79,A,F,
M,N,B,XM,882,,A,Euro area - Nominal - Broad (64 economies),2007-09,96.61,A,F,
M,N,B,XM,882,,A,Euro area - Nominal - Broad (64 economies),2007-10,97.3,A,F,
M,N,B,XM,882,,A,Euro area - Nominal - Broad (64 economies),2007-11,98.79,A,F,
M,N,B,XM,882,,A,Euro area - Nominal - Broad (64 economies),2007-12,98.63,A,F,
M,N,B,XM,882,,A,Euro area - Nominal - Broad (64 economies),2008-01,99,A,F,
M,N,B,XM,882,,A,Euro area - Nominal - Broad (64 economies),2008-02,98.76,A,F,
M,N,B,XM,882,,A,Euro area - Nominal - Broad (64 economies),2008-03,101.55,A,F,
M,N,B,XM,882,,A,Euro area - Nominal - Broad (64 economies),2008-04,102.54,A,F,
M,N,B,XM,882,,A,Euro area - Nominal - Broad (64 economies),2008-05,101.84,A,F,
M,N,B,XM,882,,A,Euro area - Nominal - Broad (64 economies),2008-06,101.58,A,F,
M,N,B,XM,882,,A,Euro area - Nominal - Broad (64 economies),2008-07,101.67,A,F,
M,N,B,XM,882,,A,Euro area - Nominal - Broad (64 economies),2008-08,99.2,A,F,
M,N,B,XM,882,,A,Euro area - Nominal - Broad (64 economies),2008-09,97.97,A,F,
M,N,B,XM,882,,A,Euro area - Nominal - Broad (64 economies),2008-10,95.73,A,F,
M,N,B,XM,882,,A,Euro area - Nominal - Broad (64 economies),2008-11,94.96,A,F,
M,N,B,XM,882,,A,Euro area - Nominal - Broad (64 economies),2008-12,99.63,A,F,
M,N,B,XM,882,,A,Euro area - Nominal - Broad (64 economies),2009-01,99.83,A,F,
M,N,B,XM,882,,A,Euro area - Nominal - Broad (64 economies),2009-02,99.27,A,F,
M,N,B,XM,882,,A,Euro area - Nominal - Broad (64 economies),2009-03,101.34,A,F,
M,N,B,XM,882,,A,Euro area - Nominal - Broad (64 economies),2009-04,100.3,A,F,
M,N,B,XM,882,,A,Euro area - Nominal - Broad (64 economies),2009-05,100.8,A,F,
M,N,B,XM,882,,A,Euro area - Nominal - Broad (64 economies),2009-06,101.99,A,F,
M,N,B,XM,882,,A,Euro area - Nominal - Broad (64 economies),2009-07,101.77,A,F,
M,N,B,XM,882,,A,Euro area - Nominal - Broad (64 economies),2009-08,101.83,A,F,
M,N,B,XM,882,,A,Euro area - Nominal - Broad (64 economies),2009-09,102.92,A,F,
M,N,B,XM,882,,A,Euro area - Nominal - Broad (64 economies),2009-10,103.75,A,F,
M,N,B,XM,882,,A,Euro area - Nominal - Broad (64 economies),2009-11,103.76,A,F,
M,N,B,XM,882,,A,Euro area - Nominal - Broad (64 economies),2009-12,102.67,A,F,
M,N,B,XM,882,,A,Euro area - Nominal - Broad (64 economies),2010-01,100.44,A,F,
M,N,B,XM,882,,A,Euro area - Nominal - Broad (64 economies),2010-02,97.9,A,F,
M,N,B,XM,882,,A,Euro area - Nominal - Broad (64 economies),2010-03,96.89,A,F,
M,N,B,XM,882,,A,Euro area - Nominal - Broad (64 economies),2010-04,95.48,A,F,
M,N,B,XM,882,,A,Euro area - Nominal - Broad (64 economies),2010-05,92.46,A,F,
M,N,B,XM,882,,A,Euro area - Nominal - Broad (64 economies),2010-06,90.68,A,F,
M,N,B,XM,882,,A,Euro area - Nominal - Broad (64 economies),2010-07,92.58,A,F,
M,N,B,XM,882,,A,Euro area - Nominal - Broad (64 economies),2010-08,92.29,A,F,
M,N,B,XM,882,,A,Euro area - Nominal - Broad (64 economies),2010-09,92.57,A,F,
M,N,B,XM,882,,A,Euro area - Nominal - Broad (64 economies),2010-10,95.78,A,F,
M,N,B,XM,882,,A,Euro area - Nominal - Broad (64 economies),2010-11,94.69,A,F,
M,N,B,XM,882,,A,Euro area - Nominal - Broad (64 economies),2010-12,92.67,A,F,
M,N,B,XM,882,,A,Euro area - Nominal - Broad (64 economies),2011-01,92.61,A,F,
M,N,B,XM,882,,A,Euro area - Nominal - Broad (64 economies),2011-02,93.8,A,F,
M,N,B,XM,882,,A,Euro area - Nominal - Broad (64 economies),2011-03,95.3,A,F,
M,N,B,XM,882,,A,Euro area - Nominal - Broad (64 economies),2011-04,96.74,A,F,
M,N,B,XM,882,,A,Euro area - Nominal - Broad (64 economies),2011-05,95.99,A,F,
M,N,B,XM,882,,A,Euro area - Nominal - Broad (64 economies),2011-06,96.14,A,F,
M,N,B,XM,882,,A,Euro area - Nominal - Broad (64 economies),2011-07,95.29,A,F,
M,N,B,XM,882,,A,Euro area - Nominal - Broad (64 economies),2011-08,95.7,A,F,
M,N,B,XM,882,,A,Euro area - Nominal - Broad (64 economies),2011-09,94.88,A,F,
M,N,B,XM,882,,A,Euro area - Nominal - Broad (64 economies),2011-10,95.31,A,F,
M,N,B,XM,882,,A,Euro area - Nominal - Broad (64 economies),2011-11,94.9,A,F,
M,N,B,XM,882,,A,Euro area - Nominal - Broad (64 economies),2011-12,93.34,A,F,
M,N,B,XM,882,,A,Euro area - Nominal - Broad (64 economies),2012-01,91.37,A,F,
M,N,B,XM,882,,A,Euro area - Nominal - Broad (64 economies),2012-02,91.73,A,F,
M,N,B,XM,882,,A,Euro area - Nominal - Broad (64 economies),2012-03,91.96,A,F,
M,N,B,XM,882,,A,Euro area - Nominal - Broad (64 economies),2012-04,91.81,A,F,
M,N,B,XM,882,,A,Euro area - Nominal - Broad (64 economies),2012-05,90.77,A,F,
M,N,B,XM,882,,A,Euro area - Nominal - Broad (64 economies),2012-06,90.2,A,F,
M,N,B,XM,882,,A,Euro area - Nominal - Broad (64 economies),2012-07,88.41,A,F,
M,N,B,XM,882,,A,Euro area - Nominal - Broad (64 economies),2012-08,88.39,A,F,
M,N,B,XM,882,,A,Euro area - Nominal - Broad (64 economies),2012-09,90.35,A,F,
M,N,B,XM,882,,A,Euro area - Nominal - Broad (64 economies),2012-10,90.82,A,F,
M,N,B,XM,882,,A,Euro area - Nominal - Broad (64 economies),2012-11,90.32,A,F,
M,N,B,XM,882,,A,Euro area - Nominal - Broad (64 economies),2012-12,91.65,A,F,
M,N,B,XM,882,,A,Euro area - Nominal - Broad (64 economies),2013-01,92.93,A,F,
M,N,B,XM,882,,A,Euro area - Nominal - Broad (64 economies),2013-02,93.88,A,F,
M,N,B,XM,882,,A,Euro area - Nominal - Broad (64 economies),2013-03,92.38,A,F,
M,N,B,XM,882,,A,Euro area - Nominal - Broad (64 economies),2013-04,92.6,A,F,
M,N,B,XM,882,,A,Euro area - Nominal - Broad (64 economies),2013-05,92.75,A,F,
M,N,B,XM,882,,A,Euro area - Nominal - Broad (64 economies),2013-06,94.5,A,F,
M,N,B,XM,882,,A,Euro area - Nominal - Broad (64 economies),2013-07,94.48,A,F,
M,N,B,XM,882,,A,Euro area - Nominal - Broad (64 economies),2013-08,95.72,A,F,
M,N,B,XM,882,,A,Euro area - Nominal - Broad (64 economies),2013-09,95.71,A,F,
M,N,B,XM,882,,A,Euro area - Nominal - Broad (64 economies),2013-10,96.49,A,F,
M,N,B,XM,882,,A,Euro area - Nominal - Broad (64 economies),2013-11,96.44,A,F,
M,N,B,XM,882,,A,Euro area - Nominal - Broad (64 economies),2013-12,97.83,A,F,
M,N,B,XM,882,,A,Euro area - Nominal - Broad (64 economies),2014-01,97.86,A,F,
M,N,B,XM,882,,A,Euro area - Nominal - Broad (64 economies),2014-02,98.18,A,F,
M,N,B,XM,882,,A,Euro area - Nominal - Broad (64 economies),2014-03,99.22,A,F,
M,N,B,XM,882,,A,Euro area - Nominal - Broad (64 economies),2014-04,98.88,A,F,
M,N,B,XM,882,,A,Euro area - Nominal - Broad (64 economies),2014-05,98.14,A,F,
M,N,B,XM,882,,A,Euro area - Nominal - Broad (64 economies),2014-06,97.31,A,F,
M,N,B,XM,882,,A,Euro area - Nominal - Broad (64 economies),2014-07,96.89,A,F,
M,N,B,XM,882,,A,Euro area - Nominal - Broad (64 economies),2014-08,96.28,A,F,
M,N,B,XM,882,,A,Euro area - Nominal - Broad (64 economies),2014-09,94.77,A,F,
M,N,B,XM,882,,A,Euro area - Nominal - Broad (64 economies),2014-10,94.2,A,F,
M,N,B,XM,882,,A,Euro area - Nominal - Broad (64 economies),2014-11,94.15,A,F,
M,N,B,XM,882,,A,Euro area - Nominal - Broad (64 economies),2014-12,94.81,A,F,
M,N,B,XM,882,,A,Euro area - Nominal - Broad (64 economies),2015-01,91.38,A,F,
M,N,B,XM,882,,A,Euro area - Nominal - Broad (64 economies),2015-02,89.66,A,F,
M,N,B,XM,882,,A,Euro area - Nominal - Broad (64 economies),2015-03,86.99,A,F,
M,N,B,XM,882,,A,Euro area - Nominal - Broad (64 economies),2015-04,86.04,A,F,
M,N,B,XM,882,,A,Euro area - Nominal - Broad (64 economies),2015-05,87.88,A,F,
M,N,B,XM,882,,A,Euro area - Nominal - Broad (64 economies),2015-06,88.89,A,F,
M,N,B,XM,882,,A,Euro area - Nominal - Broad (64 economies),2015-07,88.04,A,F,
M,N,B,XM,882,,A,Euro area - Nominal - Broad (64 economies),2015-08,90.4,A,F,
M,N,B,XM,882,,A,Euro area - Nominal - Broad (64 economies),2015-09,91.71,A,F,
M,N,B,XM,882,,A,Euro area - Nominal - Broad (64 economies),2015-10,91.27,A,F,
M,N,B,XM,882,,A,Euro area - Nominal - Broad (64 economies),2015-11,88.62,A,F,
M,N,B,XM,882,,A,Euro area - Nominal - Broad (64 economies),2015-12,90.34,A,F,
M,N,B,XM,882,,A,Euro area - Nominal - Broad (64 economies),2016-01,91.73,A,F,
M,N,B,XM,882,,A,Euro area - Nominal - Broad (64 economies),2016-02,92.93,A,F,
M,N,B,XM,882,,A,Euro area - Nominal - Broad (64 economies),2016-03,91.94,A,F,
M,N,B,XM,882,,A,Euro area - Nominal - Broad (64 economies),2016-04,92.56,A,F,
M,N,B,XM,882,,A,Euro area - Nominal - Broad (64 economies),2016-05,92.93,A,F,
M,N,B,XM,882,,A,Euro area - Nominal - Broad (64 economies),2016-06,92.55,A,F,
M,N,B,XM,882,,A,Euro area - Nominal - Broad (64 economies),2016-07,92.32,A,F,
M,N,B,XM,882,,A,Euro area - Nominal - Broad (64 economies),2016-08,92.7,A,F,
M,N,B,XM,882,,A,Euro area - Nominal - Broad (64 economies),2016-09,92.91,A,F,
M,N,B,XM,882,,A,Euro area - Nominal - Broad (64 economies),2016-10,92.72,A,F,
M,N,B,XM,882,,A,Euro area - Nominal - Broad (64 economies),2016-11,92.41,A,F,
M,N,B,XM,882,,A,Euro area - Nominal - Broad (64 economies),2016-12,91.51,A,F,
M,N,B,XM,882,,A,Euro area - Nominal - Broad (64 economies),2017-01,91.86,A,F,
M,N,B,XM,882,,A,Euro area - Nominal - Broad (64 economies),2017-02,91.19,A,F,
M,N,B,XM,882,,A,Euro area - Nominal - Broad (64 economies),2017-03,91.52,A,F,
M,N,B,XM,882,,A,Euro area - Nominal - Broad (64 economies),2017-04,91.17,A,F,
M,N,B,XM,882,,A,Euro area - Nominal - Broad (64 economies),2017-05,93.07,A,F,
M,N,B,XM,882,,A,Euro area - Nominal - Broad (64 economies),2017-06,93.85,A,F,
M,N,B,XM,882,,A,Euro area - Nominal - Broad (64 economies),2017-07,95.42,A,F,
M,N,B,XM,882,,A,Euro area - Nominal - Broad (64 economies),2017-08,96.86,A,F,
M,N,B,XM,882,,A,Euro area - Nominal - Broad (64 economies),2017-09,96.89,A,F,
M,N,B,XM,882,,A,Euro area - Nominal - Broad (64 economies),2017-10,96.69,A,F,
M,N,B,XM,882,,A,Euro area - Nominal - Broad (64 economies),2017-11,96.81,A,F,
M,N,B,XM,882,,A,Euro area - Nominal - Broad (64 economies),2017-12,97.09,A,F,
M,N,B,XM,882,,A,Euro area - Nominal - Broad (64 economies),2018-01,97.73,A,F,
M,N,B,XM,882,,A,Euro area - Nominal - Broad (64 economies),2018-02,98.11,A,F,
M,N,B,XM,882,,A,Euro area - Nominal - Broad (64 economies),2018-03,98.31,A,F,
M,N,B,XM,882,,A,Euro area - Nominal - Broad (64 economies),2018-04,98.35,A,F,
M,N,B,XM,882,,A,Euro area - Nominal - Broad (64 economies),2018-05,97.29,A,F,
M,N,B,XM,882,,A,Euro area - Nominal - Broad (64 economies),2018-06,97.28,A,F,
M,N,B,XM,882,,A,Euro area - Nominal - Broad (64 economies),2018-07,98.49,A,F,
M,N,B,XM,882,,A,Euro area - Nominal - Broad (64 economies),2018-08,98.97,A,F,
M,N,B,XM,882,,A,Euro area - Nominal - Broad (64 economies),2018-09,100.06,A,F,
M,N,B,XM,882,,A,Euro area - Nominal - Broad (64 economies),2018-10,99.02,A,F,
M,N,B,XM,882,,A,Euro area - Nominal - Broad (64 economies),2018-11,98.15,A,F,
M,N,B,XM,882,,A,Euro area - Nominal - Broad (64 economies),2018-12,98.2,A,F,
M,N,B,XM,882,,A,Euro area - Nominal - Broad (64 economies),2019-01,97.64,A,F,
M,N,B,XM,882,,A,Euro area - Nominal - Broad (64 economies),2019-02,97.03,A,F,
M,N,B,XM,882,,A,Euro area - Nominal - Broad (64 economies),2019-03,96.69,A,F,
M,N,B,XM,882,,A,Euro area - Nominal - Broad (64 economies),2019-04,96.6,A,F,
M,N,B,XM,882,,A,Euro area - Nominal - Broad (64 economies),2019-05,97.27,A,F,
M,N,B,XM,882,,A,Euro area - Nominal - Broad (64 economies),2019-06,97.64,A,F,
M,N,B,XM,882,,A,Euro area - Nominal - Broad (64 economies),2019-07,96.91,A,F,
M,N,B,XM,882,,A,Euro area - Nominal - Broad (64 economies),2019-08,97.7,A,F,
M,N,B,XM,882,,A,Euro area - Nominal - Broad (64 economies),2019-09,96.98,A,F,
M,N,B,XM,882,,A,Euro area - Nominal - Broad (64 economies),2019-10,96.99,A,F,
M,N,B,XM,882,,A,Euro area - Nominal - Broad (64 economies),2019-11,96.47,A,F,
M,N,B,XM,882,,A,Euro area - Nominal - Broad (64 economies),2019-12,96.53,A,F,
M,N,B,XM,882,,A,Euro area - Nominal - Broad (64 economies),2020-01,96.05,A,F,
M,N,B,XM,882,,A,Euro area - Nominal - Broad (64 economies),2020-02,95.55,A,F,
M,N,B,XM,882,,A,Euro area - Nominal - Broad (64 economies),2020-03,98.74,A,F,
M,N,B,XM,882,,A,Euro area - Nominal - Broad (64 economies),2020-04,98.83,A,F,
M,N,B,XM,882,,A,Euro area - Nominal - Broad (64 economies),2020-05,98.9,A,F,
M,N,B,XM,882,,A,Euro area - Nominal - Broad (64 economies),2020-06,100,A,F,
M,N,B,XM,882,,A,Euro area - Nominal - Broad (64 economies),2020-07,100.82,A,F,
M,N,B,XM,882,,A,Euro area - Nominal - Broad (64 economies),2020-08,102.35,A,F,
M,N,B,XM,882,,A,Euro area - Nominal - Broad (64 economies),2020-09,102.4,A,F,
M,N,B,XM,882,,A,Euro area - Nominal - Broad (64 economies),2020-10,102.35,A,F,
M,N,B,XM,882,,A,Euro area - Nominal - Broad (64 economies),2020-11,101.53,A,F,
M,N,B,XM,882,,A,Euro area - Nominal - Broad (64 economies),2020-12,102.49,A,F,
M,N,B,XM,882,,A,Euro area - Nominal - Broad (64 economies),2021-01,101.98,A,F,
M,N,B,XM,882,,A,Euro area - Nominal - Broad (64 economies),2021-02,101.22,A,F,
M,N,B,XM,882,,A,Euro area - Nominal - Broad (64 economies),2021-03,101.4,A,F,
M,N,B,XM,882,,A,Euro area - Nominal - Broad (64 economies),2021-04,101.82,A,F,
M,N,B,XM,882,,A,Euro area - Nominal - Broad (64 economies),2021-05,102.05,A,F,
M,N,B,XM,882,,A,Euro area - Nominal - Broad (64 economies),2021-06,101.46,A,F,
M,N,B,XM,882,,A,Euro area - Nominal - Broad (64 economies),2021-07,101.04,A,F,
M,N,B,XM,882,,A,Euro area - Nominal - Broad (64 economies),2021-08,100.61,A,F,
M,N,B,XM,882,,A,Euro area - Nominal - Broad (64 economies),2021-09,100.6,A,F,
M,N,B,XM,882,,A,Euro area - Nominal - Broad (64 economies),2021-10,100.03,A,F,
M,N,B,XM,882,,A,Euro area - Nominal - Broad (64 economies),2021-11,99.64,A,F,
M,N,B,XM,882,,A,Euro area - Nominal - Broad (64 economies),2021-12,99.97,A,F,
M,N,B,XM,882,,A,Euro area - Nominal - Broad (64 economies),2022-01,99.44,A,F,
M,N,B,XM,882,,A,Euro area - Nominal - Broad (64 economies),2022-02,99.68,A,F,
M,N,B,XM,882,,A,Euro area - Nominal - Broad (64 economies),2022-03,99.45,A,F,
M,N,B,XM,882,,A,Euro area - Nominal - Broad (64 economies),2022-04,98.12,A,F,
M,N,B,XM,882,,A,Euro area - Nominal - Broad (64 economies),2022-05,98.55,A,F,
M,N,B,XM,882,,A,Euro area - Nominal - Broad (64 economies),2022-06,99.02,A,F,
M,N,B,XM,882,,A,Euro area - Nominal - Broad (64 economies),2022-07,97.5,A,F,
M,N,B,XM,882,,A,Euro area - Nominal - Broad (64 economies),2022-08,97.16,A,F,
M,N,B,XM,882,,A,Euro area - Nominal - Broad (64 economies),2022-09,97.61,A,F,
M,N,B,XM,882,,A,Euro area - Nominal - Broad (64 economies),2022-10,98.59,A,F,
M,N,B,XM,882,,A,Euro area - Nominal - Broad (64 economies),2022-11,99.86,A,F,
M,N,B,XM,882,,A,Euro area - Nominal - Broad (64 economies),2022-12,101.1,A,F,
M,N,B,XM,882,,A,Euro area - Nominal - Broad (64 economies),2023-01,101.23,A,F,
M,N,B,XM,882,,A,Euro area - Nominal - Broad (64 economies),2023-02,101.25,A,F,
M,N,B,XM,882,,A,Euro area - Nominal - Broad (64 economies),2023-03,101.58,A,F,
M,N,B,XM,882,,A,Euro area - Nominal - Broad (64 economies),2023-04,102.78,A,F,
M,N,B,XM,882,,A,Euro area - Nominal - Broad (64 economies),2023-05,102.56,A,F,
M,N,B,XM,882,,A,Euro area - Nominal - Broad (64 economies),2023-06,103.62,A,F,
M,N,B,XM,882,,A,Euro area - Nominal - Broad (64 economies),2023-07,105.35,A,F,
M,N,B,XM,882,,A,Euro area - Nominal - Broad (64 economies),2023-08,105.43,A,F,
M,N,B,XM,882,,A,Euro area - Nominal - Broad (64 economies),2023-09,105,A,F,
M,N,B,XM,882,,A,Euro area - Nominal - Broad (64 economies),2023-10,104.6,A,F,
M,N,B,XM,882,,A,Euro area - Nominal - Broad (64 economies),2023-11,105.19,A,F,
M,N,B,XM,882,,A,Euro area - Nominal - Broad (64 economies),2023-12,104.95,A,F,
M,N,B,XM,882,,A,Euro area - Nominal - Broad (64 economies),2024-01,105.31,A,F,
M,N,B,XM,882,,A,Euro area - Nominal - Broad (64 economies),2024-02,105.23,A,F,
M,N,B,XM,882,,A,Euro area - Nominal - Broad (64 economies),2024-03,106.05,A,F,
M,N,B,XM,882,,A,Euro area - Nominal - Broad (64 economies),2024-04,105.89,A,F,
M,N,B,XM,882,,A,Euro area - Nominal - Broad (64 economies),2024-05,106.08,A,F,
M,N,B,XM,882,,A,Euro area - Nominal - Broad (64 economies),2024-06,105.87,A,F,
M,N,B,XM,882,,A,Euro area - Nominal - Broad (64 economies),2024-07,106.54,A,F,
M,N,B,XM,882,,A,Euro area - Nominal - Broad (64 economies),2024-08,106.66,A,F,
M,N,B,XM,882,,A,Euro area - Nominal - Broad (64 economies),2024-09,106.54,A,F,
M,N,B,XM,882,,A,Euro area - Nominal - Broad (64 economies),2024-10,106,A,F,
M,N,B,XM,882,,A,Euro area - Nominal - Broad (64 economies),2024-11,105.4,A,F,
M,N,B,XM,882,,A,Euro area - Nominal - Broad (64 economies),2024-12,104.78,A,F,
M,N,B,XM,882,,A,Euro area - Nominal - Broad (64 economies),2025-01,104.47,A,F,
M,N,B,XM,882,,A,Euro area - Nominal - Broad (64 economies),2025-02,104.1,A,F,
M,N,B,XM,882,,A,Euro area - Nominal - Broad (64 economies),2025-03,106.26,A,F,
M,N,B,XM,882,,A,Euro area - Nominal - Broad (64 economies),2025-04,108.97,A,F,
M,N,B,XM,882,,A,Euro area - Nominal - Broad (64 economies),2025-05,108.3,A,F,
M,N,B,XM,882,,A,Euro area - Nominal - Broad (64 economies),2025-06,109.45,A,F,
M,N,B,XM,882,,A,Euro area - Nominal - Broad (64 economies),2025-07,110.48,A,F,
M,N,B,XM,882,,A,Euro area - Nominal - Broad (64 economies),2025-08,110.47,A,F,
M,N,B,XM,882,,A,Euro area - Nominal - Broad (64 economies),2025-09,110.8,A,F,
M,N,B,XM,882,,A,Euro area - Nominal - Broad (64 economies),2025-10,110.38,A,F,
M,N,B,XM,882,,A,Euro area - Nominal - Broad (64 economies),2025-11,110.15,A,F,
M,N,B,XM,882,,A,Euro area - Nominal - Broad (64 economies),2025-12,110.67,A,F,
M,N,B,XM,882,,A,Euro area - Nominal - Broad (64 economies),2026-01,110.29,A,F,
M,N,B,XM,882,,A,Euro area - Nominal - Broad (64 economies),2026-02,110.2,A,F,
M,N,B,XM,882,,A,Euro area - Nominal - Broad (64 economies),2026-03,109.49,A,F,
M,N,B,XM,882,,A,Euro area - Nominal - Broad (64 economies),2026-04,109.83,A,F,
M,N,B,XM,882,,A,Euro area - Nominal - Broad (64 economies),2026-05,109.37,A,F,
M,N,B,XM,882,,A,Euro area - Nominal - Broad (64 economies),2026-06,108.78,A,F,
M,N,B,XM,882,,A,Euro area - Nominal - Broad (64 economies),2026-07,108.66,A,F,
M,N,B,XM,882,,A,Euro area - Nominal - Broad (64 economies),2026-08,109.38,A,F,
M,N,B,JP,882,,A,Japan - Nominal - Broad (64 economies),1994-01,82.24,A,F,
M,N,B,JP,882,,A,Japan - Nominal - Broad (64 economies),1994-02,86.48,A,F,
M,N,B,JP,882,,A,Japan - Nominal - Broad (64 economies),1994-03,87.47,A,F,
M,N,B,JP,882,,A,Japan - Nominal - Broad (64 economies),1994-04,89.4,A,F,
M,N,B,JP,882,,A,Japan - Nominal - Broad (64 economies),1994-05,88.84,A,F,
M,N,B,JP,882,,A,Japan - Nominal - Broad (64 economies),1994-06,89.69,A,F,
M,N,B,JP,882,,A,Japan - Nominal - Broad (64 economies),1994-07,92.67,A,F,
M,N,B,JP,882,,A,Japan - Nominal - Broad (64 economies),1994-08,91.26,A,F,
M,N,B,JP,882,,A,Japan - Nominal - Broad (64 economies),1994-09,91.82,A,F,
M,N,B,JP,882,,A,Japan - Nominal - Broad (64 economies),1994-10,91.75,A,F,
M,N,B,JP,882,,A,Japan - Nominal - Broad (64 economies),1994-11,92.44,A,F,
M,N,B,JP,882,,A,Japan - Nominal - Broad (64 economies),1994-12,91.13,A,F,
M,N,B,JP,882,,A,Japan - Nominal - Broad (64 economies),1995-01,91.53,A,F,
M,N,B,JP,882,,A,Japan - Nominal - Broad (64 economies),1995-02,92.78,A,F,
M,N,B,JP,882,,A,Japan - Nominal - Broad (64 economies),1995-03,99.7,A,F,
M,N,B,JP,882,,A,Japan - Nominal - Broad (64 economies),1995-04,106.76,A,F,
M,N,B,JP,882,,A,Japan - Nominal - Broad (64 economies),1995-05,105.53,A,F,
M,N,B,JP,882,,A,Japan - Nominal - Broad (64 economies),1995-06,105.89,A,F,
M,N,B,JP,882,,A,Japan - Nominal - Broad (64 economies),1995-07,102.48,A,F,
M,N,B,JP,882,,A,Japan - Nominal - Broad (64 economies),1995-08,95.53,A,F,
M,N,B,JP,882,,A,Japan - Nominal - Broad (64 economies),1995-09,90.46,A,F,
M,N,B,JP,882,,A,Japan - Nominal - Broad (64 economies),1995-10,89.6,A,F,
M,N,B,JP,882,,A,Japan - Nominal - Broad (64 economies),1995-11,88.9,A,F,
M,N,B,JP,882,,A,Japan - Nominal - Broad (64 economies),1995-12,89.4,A,F,
M,N,B,JP,882,,A,Japan - Nominal - Broad (64 economies),1996-01,86.53,A,F,
M,N,B,JP,882,,A,Japan - Nominal - Broad (64 economies),1996-02,86.59,A,F,
M,N,B,JP,882,,A,Japan - Nominal - Broad (64 economies),1996-03,86.46,A,F,
M,N,B,JP,882,,A,Japan - Nominal - Broad (64 economies),1996-04,85.59,A,F,
M,N,B,JP,882,,A,Japan - Nominal - Broad (64 economies),1996-05,86.62,A,F,
M,N,B,JP,882,,A,Japan - Nominal - Broad (64 economies),1996-06,84.69,A,F,
M,N,B,JP,882,,A,Japan - Nominal - Broad (64 economies),1996-07,84.26,A,F,
M,N,B,JP,882,,A,Japan - Nominal - Broad (64 economies),1996-08,85.21,A,F,
M,N,B,JP,882,,A,Japan - Nominal - Broad (64 economies),1996-09,83.87,A,F,
M,N,B,JP,882,,A,Japan - Nominal - Broad (64 economies),1996-10,82.2,A,F,
M,N,B,JP,882,,A,Japan - Nominal - Broad (64 economies),1996-11,81.96,A,F,
M,N,B,JP,882,,A,Japan - Nominal - Broad (64 economies),1996-12,81.33,A,F,
M,N,B,JP,882,,A,Japan - Nominal - Broad (64 economies),1997-01,79.18,A,F,
M,N,B,JP,882,,A,Japan - Nominal - Broad (64 economies),1997-02,76.8,A,F,
M,N,B,JP,882,,A,Japan - Nominal - Broad (64 economies),1997-03,77.45,A,F,
M,N,B,JP,882,,A,Japan - Nominal - Broad (64 economies),1997-04,75.82,A,F,
M,N,B,JP,882,,A,Japan - Nominal - Broad (64 economies),1997-05,80.18,A,F,
M,N,B,JP,882,,A,Japan - Nominal - Broad (64 economies),1997-06,83.34,A,F,
M,N,B,JP,882,,A,Japan - Nominal - Broad (64 economies),1997-07,83.97,A,F,
M,N,B,JP,882,,A,Japan - Nominal - Broad (64 economies),1997-08,83.49,A,F,
M,N,B,JP,882,,A,Japan - Nominal - Broad (64 economies),1997-09,81.99,A,F,
M,N,B,JP,882,,A,Japan - Nominal - Broad (64 economies),1997-10,82.56,A,F,
M,N,B,JP,882,,A,Japan - Nominal - Broad (64 economies),1997-11,80.5,A,F,
M,N,B,JP,882,,A,Japan - Nominal - Broad (64 economies),1997-12,81.63,A,F,
M,N,B,JP,882,,A,Japan - Nominal - Broad (64 economies),1998-01,85.24,A,F,
M,N,B,JP,882,,A,Japan - Nominal - Broad (64 economies),1998-02,86.37,A,F,
M,N,B,JP,882,,A,Japan - Nominal - Broad (64 economies),1998-03,83.38,A,F,
M,N,B,JP,882,,A,Japan - Nominal - Broad (64 economies),1998-04,80.68,A,F,
M,N,B,JP,882,,A,Japan - Nominal - Broad (64 economies),1998-05,79.39,A,F,
M,N,B,JP,882,,A,Japan - Nominal - Broad (64 economies),1998-06,77.79,A,F,
M,N,B,JP,882,,A,Japan - Nominal - Broad (64 economies),1998-07,77.48,A,F,
M,N,B,JP,882,,A,Japan - Nominal - Broad (64 economies),1998-08,75.58,A,F,
M,N,B,JP,882,,A,Japan - Nominal - Broad (64 economies),1998-09,80.56,A,F,
M,N,B,JP,882,,A,Japan - Nominal - Broad (64 economies),1998-10,88,A,F,
M,N,B,JP,882,,A,Japan - Nominal - Broad (64 economies),1998-11,88.11,A,F,
M,N,B,JP,882,,A,Japan - Nominal - Broad (64 economies),1998-12,90.14,A,F,
M,N,B,JP,882,,A,Japan - Nominal - Broad (64 economies),1999-01,93.75,A,F,
M,N,B,JP,882,,A,Japan - Nominal - Broad (64 economies),1999-02,91.88,A,F,
M,N,B,JP,882,,A,Japan - Nominal - Broad (64 economies),1999-03,90.61,A,F,
M,N,B,JP,882,,A,Japan - Nominal - Broad (64 economies),1999-04,90.5,A,F,
M,N,B,JP,882,,A,Japan - Nominal - Broad (64 economies),1999-05,88.54,A,F,
M,N,B,JP,882,,A,Japan - Nominal - Broad (64 economies),1999-06,89.68,A,F,
M,N,B,JP,882,,A,Japan - Nominal - Broad (64 economies),1999-07,90.66,A,F,
M,N,B,JP,882,,A,Japan - Nominal - Broad (64 economies),1999-08,95.51,A,F,
M,N,B,JP,882,,A,Japan - Nominal - Broad (64 economies),1999-09,101.63,A,F,
M,N,B,JP,882,,A,Japan - Nominal - Broad (64 economies),1999-10,101.98,A,F,
M,N,B,JP,882,,A,Japan - Nominal - Broad (64 economies),1999-11,103.7,A,F,
M,N,B,JP,882,,A,Japan - Nominal - Broad (64 economies),1999-12,106.08,A,F,
M,N,B,JP,882,,A,Japan - Nominal - Broad (64 economies),2000-01,103.15,A,F,
M,N,B,JP,882,,A,Japan - Nominal - Broad (64 economies),2000-02,99.89,A,F,
M,N,B,JP,882,,A,Japan - Nominal - Broad (64 economies),2000-03,103.2,A,F,
M,N,B,JP,882,,A,Japan - Nominal - Broad (64 economies),2000-04,104.48,A,F,
M,N,B,JP,882,,A,Japan - Nominal - Broad (64 economies),2000-05,103.47,A,F,
M,N,B,JP,882,,A,Japan - Nominal - Broad (64 economies),2000-06,104.72,A,F,
M,N,B,JP,882,,A,Japan - Nominal - Broad (64 economies),2000-07,103.43,A,F,
M,N,B,JP,882,,A,Japan - Nominal - Broad (64 economies),2000-08,103.97,A,F,
M,N,B,JP,882,,A,Japan - Nominal - Broad (64 economies),2000-09,106.54,A,F,
M,N,B,JP,882,,A,Japan - Nominal - Broad (64 economies),2000-10,105.95,A,F,
M,N,B,JP,882,,A,Japan - Nominal - Broad (64 economies),2000-11,106.09,A,F,
M,N,B,JP,882,,A,Japan - Nominal - Broad (64 economies),2000-12,102.33,A,F,
M,N,B,JP,882,,A,Japan - Nominal - Broad (64 economies),2001-01,97.64,A,F,
M,N,B,JP,882,,A,Japan - Nominal - Broad (64 economies),2001-02,98.44,A,F,
M,N,B,JP,882,,A,Japan - Nominal - Broad (64 economies),2001-03,95.22,A,F,
M,N,B,JP,882,,A,Japan - Nominal - Broad (64 economies),2001-04,94.41,A,F,
M,N,B,JP,882,,A,Japan - Nominal - Broad (64 economies),2001-05,96.11,A,F,
M,N,B,JP,882,,A,Japan - Nominal - Broad (64 economies),2001-06,96.49,A,F,
M,N,B,JP,882,,A,Japan - Nominal - Broad (64 economies),2001-07,94.74,A,F,
M,N,B,JP,882,,A,Japan - Nominal - Broad (64 economies),2001-08,95.65,A,F,
M,N,B,JP,882,,A,Japan - Nominal - Broad (64 economies),2001-09,97.81,A,F,
M,N,B,JP,882,,A,Japan - Nominal - Broad (64 economies),2001-10,96.3,A,F,
M,N,B,JP,882,,A,Japan - Nominal - Broad (64 economies),2001-11,95.75,A,F,
M,N,B,JP,882,,A,Japan - Nominal - Broad (64 economies),2001-12,92.09,A,F,
M,N,B,JP,882,,A,Japan - Nominal - Broad (64 economies),2002-01,88.65,A,F,
M,N,B,JP,882,,A,Japan - Nominal - Broad (64 economies),2002-02,88.32,A,F,
M,N,B,JP,882,,A,Japan - Nominal - Broad (64 economies),2002-03,89.78,A,F,
M,N,B,JP,882,,A,Japan - Nominal - Broad (64 economies),2002-04,89.55,A,F,
M,N,B,JP,882,,A,Japan - Nominal - Broad (64 economies),2002-05,91.45,A,F,
M,N,B,JP,882,,A,Japan - Nominal - Broad (64 economies),2002-06,92.57,A,F,
M,N,B,JP,882,,A,Japan - Nominal - Broad (64 economies),2002-07,95.65,A,F,
M,N,B,JP,882,,A,Japan - Nominal - Broad (64 economies),2002-08,95.65,A,F,
M,N,B,JP,882,,A,Japan - Nominal - Broad (64 economies),2002-09,94.46,A,F,
M,N,B,JP,882,,A,Japan - Nominal - Broad (64 economies),2002-10,92.41,A,F,
M,N,B,JP,882,,A,Japan - Nominal - Broad (64 economies),2002-11,93.46,A,F,
M,N,B,JP,882,,A,Japan - Nominal - Broad (64 economies),2002-12,92.66,A,F,
M,N,B,JP,882,,A,Japan - Nominal - Broad (64 economies),2003-01,94.06,A,F,
M,N,B,JP,882,,A,Japan - Nominal - Broad (64 economies),2003-02,93.43,A,F,
M,N,B,JP,882,,A,Japan - Nominal - Broad (64 economies),2003-03,94.2,A,F,
M,N,B,JP,882,,A,Japan - Nominal - Broad (64 economies),2003-04,92.88,A,F,
M,N,B,JP,882,,A,Japan - Nominal - Broad (64 economies),2003-05,92.98,A,F,
M,N,B,JP,882,,A,Japan - Nominal - Broad (64 economies),2003-06,91.81,A,F,
M,N,B,JP,882,,A,Japan - Nominal - Broad (64 economies),2003-07,92.05,A,F,
M,N,B,JP,882,,A,Japan - Nominal - Broad (64 economies),2003-08,92.53,A,F,
M,N,B,JP,882,,A,Japan - Nominal - Broad (64 economies),2003-09,95.16,A,F,
M,N,B,JP,882,,A,Japan - Nominal - Broad (64 economies),2003-10,98.64,A,F,
M,N,B,JP,882,,A,Japan - Nominal - Broad (64 economies),2003-11,98.98,A,F,
M,N,B,JP,882,,A,Japan - Nominal - Broad (64 economies),2003-12,99.15,A,F,
M,N,B,JP,882,,A,Japan - Nominal - Broad (64 economies),2004-01,99.55,A,F,
M,N,B,JP,882,,A,Japan - Nominal - Broad (64 economies),2004-02,99.1,A,F,
M,N,B,JP,882,,A,Japan - Nominal - Broad (64 economies),2004-03,98.07,A,F,
M,N,B,JP,882,,A,Japan - Nominal - Broad (64 economies),2004-04,99.21,A,F,
M,N,B,JP,882,,A,Japan - Nominal - Broad (64 economies),2004-05,96.04,A,F,
M,N,B,JP,882,,A,Japan - Nominal - Broad (64 economies),2004-06,98,A,F,
M,N,B,JP,882,,A,Japan - Nominal - Broad (64 economies),2004-07,97.73,A,F,
M,N,B,JP,882,,A,Japan - Nominal - Broad (64 economies),2004-08,97.01,A,F,
M,N,B,JP,882,,A,Japan - Nominal - Broad (64 economies),2004-09,97.17,A,F,
M,N,B,JP,882,,A,Japan - Nominal - Broad (64 economies),2004-10,97.5,A,F,
M,N,B,JP,882,,A,Japan - Nominal - Broad (64 economies),2004-11,99.5,A,F,
M,N,B,JP,882,,A,Japan - Nominal - Broad (64 economies),2004-12,99.22,A,F,
M,N,B,JP,882,,A,Japan - Nominal - Broad (64 economies),2005-01,99.94,A,F,
M,N,B,JP,882,,A,Japan - Nominal - Broad (64 economies),2005-02,98.32,A,F,
M,N,B,JP,882,,A,Japan - Nominal - Broad (64 economies),2005-03,97.59,A,F,
M,N,B,JP,882,,A,Japan - Nominal - Broad (64 economies),2005-04,96.34,A,F,
M,N,B,JP,882,,A,Japan - Nominal - Broad (64 economies),2005-05,97.27,A,F,
M,N,B,JP,882,,A,Japan - Nominal - Broad (64 economies),2005-06,96.54,A,F,
M,N,B,JP,882,,A,Japan - Nominal - Broad (64 economies),2005-07,94.25,A,F,
M,N,B,JP,882,,A,Japan - Nominal - Broad (64 economies),2005-08,94.34,A,F,
M,N,B,JP,882,,A,Japan - Nominal - Broad (64 economies),2005-09,94.16,A,F,
M,N,B,JP,882,,A,Japan - Nominal - Broad (64 economies),2005-10,91.64,A,F,
M,N,B,JP,882,,A,Japan - Nominal - Broad (64 economies),2005-11,89.28,A,F,
M,N,B,JP,882,,A,Japan - Nominal - Broad (64 economies),2005-12,88.7,A,F,
M,N,B,JP,882,,A,Japan - Nominal - Broad (64 economies),2006-01,89.83,A,F,
M,N,B,JP,882,,A,Japan - Nominal - Broad (64 economies),2006-02,88.04,A,F,
M,N,B,JP,882,,A,Japan - Nominal - Broad (64 economies),2006-03,88.47,A,F,
M,N,B,JP,882,,A,Japan - Nominal - Broad (64 economies),2006-04,87.86,A,F,
M,N,B,JP,882,,A,Japan - Nominal - Broad (64 economies),2006-05,90.92,A,F,
M,N,B,JP,882,,A,Japan - Nominal - Broad (64 economies),2006-06,89.37,A,F,
M,N,B,JP,882,,A,Japan - Nominal - Broad (64 economies),2006-07,88.39,A,F,
M,N,B,JP,882,,A,Japan - Nominal - Broad (64 economies),2006-08,87.82,A,F,
M,N,B,JP,882,,A,Japan - Nominal - Broad (64 economies),2006-09,87.01,A,F,
M,N,B,JP,882,,A,Japan - Nominal - Broad (64 economies),2006-10,85.95,A,F,
M,N,B,JP,882,,A,Japan - Nominal - Broad (64 economies),2006-11,86.05,A,F,
M,N,B,JP,882,,A,Japan - Nominal - Broad (64 economies),2006-12,85.21,A,F,
M,N,B,JP,882,,A,Japan - Nominal - Broad (64 economies),2007-01,83.21,A,F,
M,N,B,JP,882,,A,Japan - Nominal - Broad (64 economies),2007-02,82.84,A,F,
M,N,B,JP,882,,A,Japan - Nominal - Broad (64 economies),2007-03,84.89,A,F,
M,N,B,JP,882,,A,Japan - Nominal - Broad (64 economies),2007-04,82.92,A,F,
M,N,B,JP,882,,A,Japan - Nominal - Broad (64 economies),2007-05,81.32,A,F,
M,N,B,JP,882,,A,Japan - Nominal - Broad (64 economies),2007-06,80.04,A,F,
M,N,B,JP,882,,A,Japan - Nominal - Broad (64 economies),2007-07,79.78,A,F,
M,N,B,JP,882,,A,Japan - Nominal - Broad (64 economies),2007-08,83.75,A,F,
M,N,B,JP,882,,A,Japan - Nominal - Broad (64 economies),2007-09,84.37,A,F,
M,N,B,JP,882,,A,Japan - Nominal - Broad (64 economies),2007-10,82.5,A,F,
M,N,B,JP,882,,A,Japan - Nominal - Broad (64 economies),2007-11,85.33,A,F,
M,N,B,JP,882,,A,Japan - Nominal - Broad (64 economies),2007-12,84.47,A,F,
M,N,B,JP,882,,A,Japan - Nominal - Broad (64 economies),2008-01,87.36,A,F,
M,N,B,JP,882,,A,Japan - Nominal - Broad (64 economies),2008-02,87.47,A,F,
M,N,B,JP,882,,A,Japan - Nominal - Broad (64 economies),2008-03,91.65,A,F,
M,N,B,JP,882,,A,Japan - Nominal - Broad (64 economies),2008-04,89.61,A,F,
M,N,B,JP,882,,A,Japan - Nominal - Broad (64 economies),2008-05,88.66,A,F,
M,N,B,JP,882,,A,Japan - Nominal - Broad (64 economies),2008-06,86.41,A,F,
M,N,B,JP,882,,A,Japan - Nominal - Broad (64 economies),2008-07,85.82,A,F,
M,N,B,JP,882,,A,Japan - Nominal - Broad (64 economies),2008-08,85.49,A,F,
M,N,B,JP,882,,A,Japan - Nominal - Broad (64 economies),2008-09,89.6,A,F,
M,N,B,JP,882,,A,Japan - Nominal - Broad (64 economies),2008-10,99.61,A,F,
M,N,B,JP,882,,A,Japan - Nominal - Broad (64 economies),2008-11,105.49,A,F,
M,N,B,JP,882,,A,Japan - Nominal - Broad (64 economies),2008-12,111.1,A,F,
M,N,B,JP,882,,A,Japan - Nominal - Broad (64 economies),2009-01,112.36,A,F,
M,N,B,JP,882,,A,Japan - Nominal - Broad (64 economies),2009-02,111.82,A,F,
M,N,B,JP,882,,A,Japan - Nominal - Broad (64 economies),2009-03,105.62,A,F,
M,N,B,JP,882,,A,Japan - Nominal - Broad (64 economies),2009-04,102.78,A,F,
M,N,B,JP,882,,A,Japan - Nominal - Broad (64 economies),2009-05,102.77,A,F,
M,N,B,JP,882,,A,Japan - Nominal - Broad (64 economies),2009-06,101.92,A,F,
M,N,B,JP,882,,A,Japan - Nominal - Broad (64 economies),2009-07,104.07,A,F,
M,N,B,JP,882,,A,Japan - Nominal - Broad (64 economies),2009-08,102.96,A,F,
M,N,B,JP,882,,A,Japan - Nominal - Broad (64 economies),2009-09,105.95,A,F,
M,N,B,JP,882,,A,Japan - Nominal - Broad (64 economies),2009-10,106.01,A,F,
M,N,B,JP,882,,A,Japan - Nominal - Broad (64 economies),2009-11,107.1,A,F,
M,N,B,JP,882,,A,Japan - Nominal - Broad (64 economies),2009-12,106.82,A,F,
M,N,B,JP,882,,A,Japan - Nominal - Broad (64 economies),2010-01,105.06,A,F,
M,N,B,JP,882,,A,Japan - Nominal - Broad (64 economies),2010-02,107.66,A,F,
M,N,B,JP,882,,A,Japan - Nominal - Broad (64 economies),2010-03,106.63,A,F,
M,N,B,JP,882,,A,Japan - Nominal - Broad (64 economies),2010-04,102.99,A,F,
M,N,B,JP,882,,A,Japan - Nominal - Broad (64 economies),2010-05,106.8,A,F,
M,N,B,JP,882,,A,Japan - Nominal - Broad (64 economies),2010-06,109.21,A,F,
M,N,B,JP,882,,A,Japan - Nominal - Broad (64 economies),2010-07,111.92,A,F,
M,N,B,JP,882,,A,Japan - Nominal - Broad (64 economies),2010-08,113.95,A,F,
M,N,B,JP,882,,A,Japan - Nominal - Broad (64 economies),2010-09,114.17,A,F,
M,N,B,JP,882,,A,Japan - Nominal - Broad (64 economies),2010-10,115.12,A,F,
M,N,B,JP,882,,A,Japan - Nominal - Broad (64 economies),2010-11,114.41,A,F,
M,N,B,JP,882,,A,Japan - Nominal - Broad (64 economies),2010-12,114.03,A,F,
M,N,B,JP,882,,A,Japan - Nominal - Broad (64 economies),2011-01,114.04,A,F,
M,N,B,JP,882,,A,Japan - Nominal - Broad (64 economies),2011-02,113.4,A,F,
M,N,B,JP,882,,A,Japan - Nominal - Broad (64 economies),2011-03,113.89,A,F,
M,N,B,JP,882,,A,Japan - Nominal - Broad (64 economies),2011-04,110.07,A,F,
M,N,B,JP,882,,A,Japan - Nominal - Broad (64 economies),2011-05,112.95,A,F,
M,N,B,JP,882,,A,Japan - Nominal - Broad (64 economies),2011-06,113.84,A,F,
M,N,B,JP,882,,A,Japan - Nominal - Broad (64 economies),2011-07,114.95,A,F,
M,N,B,JP,882,,A,Japan - Nominal - Broad (64 economies),2011-08,118.45,A,F,
M,N,B,JP,882,,A,Japan - Nominal - Broad (64 economies),2011-09,121.14,A,F,
M,N,B,JP,882,,A,Japan - Nominal - Broad (64 economies),2011-10,122.2,A,F,
M,N,B,JP,882,,A,Japan - Nominal - Broad (64 economies),2011-11,121.15,A,F,
M,N,B,JP,882,,A,Japan - Nominal - Broad (64 economies),2011-12,121.44,A,F,
M,N,B,JP,882,,A,Japan - Nominal - Broad (64 economies),2012-01,122.67,A,F,
M,N,B,JP,882,,A,Japan - Nominal - Broad (64 economies),2012-02,118.71,A,F,
M,N,B,JP,882,,A,Japan - Nominal - Broad (64 economies),2012-03,113.21,A,F,
M,N,B,JP,882,,A,Japan - Nominal - Broad (64 economies),2012-04,115.04,A,F,
M,N,B,JP,882,,A,Japan - Nominal - Broad (64 economies),2012-05,118.82,A,F,
M,N,B,JP,882,,A,Japan - Nominal - Broad (64 economies),2012-06,120.82,A,F,
M,N,B,JP,882,,A,Japan - Nominal - Broad (64 economies),2012-07,121.16,A,F,
M,N,B,JP,882,,A,Japan - Nominal - Broad (64 economies),2012-08,121.01,A,F,
M,N,B,JP,882,,A,Japan - Nominal - Broad (64 economies),2012-09,120.46,A,F,
M,N,B,JP,882,,A,Japan - Nominal - Broad (64 economies),2012-10,118.5,A,F,
M,N,B,JP,882,,A,Japan - Nominal - Broad (64 economies),2012-11,115.53,A,F,
M,N,B,JP,882,,A,Japan - Nominal - Broad (64 economies),2012-12,111.27,A,F,
M,N,B,JP,882,,A,Japan - Nominal - Broad (64 economies),2013-01,104.07,A,F,
M,N,B,JP,882,,A,Japan - Nominal - Broad (64 economies),2013-02,99.8,A,F,
M,N,B,JP,882,,A,Japan - Nominal - Broad (64 economies),2013-03,98.59,A,F,
M,N,B,JP,882,,A,Japan - Nominal - Broad (64 economies),2013-04,95.24,A,F,
M,N,B,JP,882,,A,Japan - Nominal - Broad (64 economies),2013-05,92.38,A,F,
M,N,B,JP,882,,A,Japan - Nominal - Broad (64 economies),2013-06,96.42,A,F,
M,N,B,JP,882,,A,Japan - Nominal - Broad (64 economies),2013-07,94.53,A,F,
M,N,B,JP,882,,A,Japan - Nominal - Broad (64 economies),2013-08,96.22,A,F,
M,N,B,JP,882,,A,Japan - Nominal - Broad (64 economies),2013-09,94.72,A,F,
M,N,B,JP,882,,A,Japan - Nominal - Broad (64 economies),2013-10,95.15,A,F,
M,N,B,JP,882,,A,Japan - Nominal - Broad (64 economies),2013-11,93.49,A,F,
M,N,B,JP,882,,A,Japan - Nominal - Broad (64 economies),2013-12,90.34,A,F,
M,N,B,JP,882,,A,Japan - Nominal - Broad (64 economies),2014-01,90.3,A,F,
M,N,B,JP,882,,A,Japan - Nominal - Broad (64 economies),2014-02,92.18,A,F,
M,N,B,JP,882,,A,Japan - Nominal - Broad (64 economies),2014-03,91.96,A,F,
M,N,B,JP,882,,A,Japan - Nominal - Broad (64 economies),2014-04,91.71,A,F,
M,N,B,JP,882,,A,Japan - Nominal - Broad (64 economies),2014-05,92.29,A,F,
M,N,B,JP,882,,A,Japan - Nominal - Broad (64 economies),2014-06,92.18,A,F,
M,N,B,JP,882,,A,Japan - Nominal - Broad (64 economies),2014-07,92.25,A,F,
M,N,B,JP,882,,A,Japan - Nominal - Broad (64 economies),2014-08,91.4,A,F,
M,N,B,JP,882,,A,Japan - Nominal - Broad (64 economies),2014-09,88.48,A,F,
M,N,B,JP,882,,A,Japan - Nominal - Broad (64 economies),2014-10,88.63,A,F,
M,N,B,JP,882,,A,Japan - Nominal - Broad (64 economies),2014-11,83.05,A,F,
M,N,B,JP,882,,A,Japan - Nominal - Broad (64 economies),2014-12,82,A,F,
M,N,B,JP,882,,A,Japan - Nominal - Broad (64 economies),2015-01,83.78,A,F,
M,N,B,JP,882,,A,Japan - Nominal - Broad (64 economies),2015-02,84.19,A,F,
M,N,B,JP,882,,A,Japan - Nominal - Broad (64 economies),2015-03,83.89,A,F,
M,N,B,JP,882,,A,Japan - Nominal - Broad (64 economies),2015-04,83.86,A,F,
M,N,B,JP,882,,A,Japan - Nominal - Broad (64 economies),2015-05,82.55,A,F,
M,N,B,JP,882,,A,Japan - Nominal - Broad (64 economies),2015-06,80.98,A,F,
M,N,B,JP,882,,A,Japan - Nominal - Broad (64 economies),2015-07,81.98,A,F,
M,N,B,JP,882,,A,Japan - Nominal - Broad (64 economies),2015-08,83.49,A,F,
M,N,B,JP,882,,A,Japan - Nominal - Broad (64 economies),2015-09,86.18,A,F,
M,N,B,JP,882,,A,Japan - Nominal - Broad (64 economies),2015-10,85.67,A,F,
M,N,B,JP,882,,A,Japan - Nominal - Broad (64 economies),2015-11,84.82,A,F,
M,N,B,JP,882,,A,Japan - Nominal - Broad (64 economies),2015-12,85.99,A,F,
M,N,B,JP,882,,A,Japan - Nominal - Broad (64 economies),2016-01,89.72,A,F,
M,N,B,JP,882,,A,Japan - Nominal - Broad (64 economies),2016-02,91.84,A,F,
M,N,B,JP,882,,A,Japan - Nominal - Broad (64 economies),2016-03,92.27,A,F,
M,N,B,JP,882,,A,Japan - Nominal - Broad (64 economies),2016-04,94.06,A,F,
M,N,B,JP,882,,A,Japan - Nominal - Broad (64 economies),2016-05,95.44,A,F,
M,N,B,JP,882,,A,Japan - Nominal - Broad (64 economies),2016-06,98.89,A,F,
M,N,B,JP,882,,A,Japan - Nominal - Broad (64 economies),2016-07,100.65,A,F,
M,N,B,JP,882,,A,Japan - Nominal - Broad (64 economies),2016-08,102.79,A,F,
M,N,B,JP,882,,A,Japan - Nominal - Broad (64 economies),2016-09,102.42,A,F,
M,N,B,JP,882,,A,Japan - Nominal - Broad (64 economies),2016-10,101.38,A,F,
M,N,B,JP,882,,A,Japan - Nominal - Broad (64 economies),2016-11,98.67,A,F,
M,N,B,JP,882,,A,Japan - Nominal - Broad (64 economies),2016-12,93.09,A,F,
M,N,B,JP,882,,A,Japan - Nominal - Broad (64 economies),2017-01,93.61,A,F,
M,N,B,JP,882,,A,Japan - Nominal - Broad (64 economies),2017-02,94.61,A,F,
M,N,B,JP,882,,A,Japan - Nominal - Broad (64 economies),2017-03,94.48,A,F,
M,N,B,JP,882,,A,Japan - Nominal - Broad (64 economies),2017-04,96.57,A,F,
M,N,B,JP,882,,A,Japan - Nominal - Broad (64 economies),2017-05,94.19,A,F,
M,N,B,JP,882,,A,Japan - Nominal - Broad (64 economies),2017-06,94.55,A,F,
M,N,B,JP,882,,A,Japan - Nominal - Broad (64 economies),2017-07,92.62,A,F,
M,N,B,JP,882,,A,Japan - Nominal - Broad (64 economies),2017-08,93.88,A,F,
M,N,B,JP,882,,A,Japan - Nominal - Broad (64 economies),2017-09,92.34,A,F,
M,N,B,JP,882,,A,Japan - Nominal - Broad (64 economies),2017-10,91.32,A,F,
M,N,B,JP,882,,A,Japan - Nominal - Broad (64 economies),2017-11,91.31,A,F,
M,N,B,JP,882,,A,Japan - Nominal - Broad (64 economies),2017-12,90.68,A,F,
M,N,B,JP,882,,A,Japan - Nominal - Broad (64 economies),2018-01,90.5,A,F,
M,N,B,JP,882,,A,Japan - Nominal - Broad (64 economies),2018-02,92.34,A,F,
M,N,B,JP,882,,A,Japan - Nominal - Broad (64 economies),2018-03,94.03,A,F,
M,N,B,JP,882,,A,Japan - Nominal - Broad (64 economies),2018-04,92.83,A,F,
M,N,B,JP,882,,A,Japan - Nominal - Broad (64 economies),2018-05,92.66,A,F,
M,N,B,JP,882,,A,Japan - Nominal - Broad (64 economies),2018-06,93.38,A,F,
M,N,B,JP,882,,A,Japan - Nominal - Broad (64 economies),2018-07,93.75,A,F,
M,N,B,JP,882,,A,Japan - Nominal - Broad (64 economies),2018-08,95.14,A,F,
M,N,B,JP,882,,A,Japan - Nominal - Broad (64 economies),2018-09,94.41,A,F,
M,N,B,JP,882,,A,Japan - Nominal - Broad (64 economies),2018-10,94.3,A,F,
M,N,B,JP,882,,A,Japan - Nominal - Broad (64 economies),2018-11,94.07,A,F,
M,N,B,JP,882,,A,Japan - Nominal - Broad (64 economies),2018-12,94.76,A,F,
M,N,B,JP,882,,A,Japan - Nominal - Broad (64 economies),2019-01,96.71,A,F,
M,N,B,JP,882,,A,Japan - Nominal - Broad (64 economies),2019-02,95.16,A,F,
M,N,B,JP,882,,A,Japan - Nominal - Broad (64 economies),2019-03,94.56,A,F,
M,N,B,JP,882,,A,Japan - Nominal - Broad (64 economies),2019-04,94.36,A,F,
M,N,B,JP,882,,A,Japan - Nominal - Broad (64 economies),2019-05,97.01,A,F,
M,N,B,JP,882,,A,Japan - Nominal - Broad (64 economies),2019-06,98.5,A,F,
M,N,B,JP,882,,A,Japan - Nominal - Broad (64 economies),2019-07,98.16,A,F,
M,N,B,JP,882,,A,Japan - Nominal - Broad (64 economies),2019-08,101.73,A,F,
M,N,B,JP,882,,A,Japan - Nominal - Broad (64 economies),2019-09,100.78,A,F,
M,N,B,JP,882,,A,Japan - Nominal - Broad (64 economies),2019-10,99.76,A,F,
M,N,B,JP,882,,A,Japan - Nominal - Broad (64 economies),2019-11,98.48,A,F,
M,N,B,JP,882,,A,Japan - Nominal - Broad (64 economies),2019-12,98.01,A,F,
M,N,B,JP,882,,A,Japan - Nominal - Broad (64 economies),2020-01,97.22,A,F,
M,N,B,JP,882,,A,Japan - Nominal - Broad (64 economies),2020-02,97.8,A,F,
M,N,B,JP,882,,A,Japan - Nominal - Broad (64 economies),2020-03,101.39,A,F,
M,N,B,JP,882,,A,Japan - Nominal - Broad (64 economies),2020-04,102.38,A,F,
M,N,B,JP,882,,A,Japan - Nominal - Broad (64 economies),2020-05,102.67,A,F,
M,N,B,JP,882,,A,Japan - Nominal - Broad (64 economies),2020-06,100.71,A,F,
M,N,B,JP,882,,A,Japan - Nominal - Broad (64 economies),2020-07,100.66,A,F,
M,N,B,JP,882,,A,Japan - Nominal - Broad (64 economies),2020-08,100.12,A,F,
M,N,B,JP,882,,A,Japan - Nominal - Broad (64 economies),2020-09,100.01,A,F,
M,N,B,JP,882,,A,Japan - Nominal - Broad (64 economies),2020-10,99.71,A,F,
M,N,B,JP,882,,A,Japan - Nominal - Broad (64 economies),2020-11,99.05,A,F,
M,N,B,JP,882,,A,Japan - Nominal - Broad (64 economies),2020-12,98.29,A,F,
M,N,B,JP,882,,A,Japan - Nominal - Broad (64 economies),2021-01,97.77,A,F,
M,N,B,JP,882,,A,Japan - Nominal - Broad (64 economies),2021-02,96.28,A,F,
M,N,B,JP,882,,A,Japan - Nominal - Broad (64 economies),2021-03,94.45,A,F,
M,N,B,JP,882,,A,Japan - Nominal - Broad (64 economies),2021-04,94.08,A,F,
M,N,B,JP,882,,A,Japan - Nominal - Broad (64 economies),2021-05,92.99,A,F,
M,N,B,JP,882,,A,Japan - Nominal - Broad (64 economies),2021-06,92.29,A,F,
M,N,B,JP,882,,A,Japan - Nominal - Broad (64 economies),2021-07,93.38,A,F,
M,N,B,JP,882,,A,Japan - Nominal - Broad (64 economies),2021-08,93.91,A,F,
M,N,B,JP,882,,A,Japan - Nominal - Broad (64 economies),2021-09,93.49,A,F,
M,N,B,JP,882,,A,Japan - Nominal - Broad (64 economies),2021-10,91.34,A,F,
M,N,B,JP,882,,A,Japan - Nominal - Broad (64 economies),2021-11,90.89,A,F,
M,N,B,JP,882,,A,Japan - Nominal - Broad (64 economies),2021-12,91.31,A,F,
M,N,B,JP,882,,A,Japan - Nominal - Broad (64 economies),2022-01,90.31,A,F,
M,N,B,JP,882,,A,Japan - Nominal - Broad (64 economies),2022-02,89.97,A,F,
M,N,B,JP,882,,A,Japan - Nominal - Broad (64 economies),2022-03,88.5,A,F,
M,N,B,JP,882,,A,Japan - Nominal - Broad (64 economies),2022-04,83.82,A,F,
M,N,B,JP,882,,A,Japan - Nominal - Broad (64 economies),2022-05,84.34,A,F,
M,N,B,JP,882,,A,Japan - Nominal - Broad (64 economies),2022-06,81.25,A,F,
M,N,B,JP,882,,A,Japan - Nominal - Broad (64 economies),2022-07,80.96,A,F,
M,N,B,JP,882,,A,Japan - Nominal - Broad (64 economies),2022-08,82.19,A,F,
M,N,B,JP,882,,A,Japan - Nominal - Broad (64 economies),2022-09,79.83,A,F,
M,N,B,JP,882,,A,Japan - Nominal - Broad (64 economies),2022-10,78.92,A,F,
M,N,B,JP,882,,A,Japan - Nominal - Broad (64 economies),2022-11,80.24,A,F,
M,N,B,JP,882,,A,Japan - Nominal - Broad (64 economies),2022-12,82.55,A,F,
M,N,B,JP,882,,A,Japan - Nominal - Broad (64 economies),2023-01,83.68,A,F,
M,N,B,JP,882,,A,Japan - Nominal - Broad (64 economies),2023-02,82.7,A,F,
M,N,B,JP,882,,A,Japan - Nominal - Broad (64 economies),2023-03,82.86,A,F,
M,N,B,JP,882,,A,Japan - Nominal - Broad (64 economies),2023-04,82.4,A,F,
M,N,B,JP,882,,A,Japan - Nominal - Broad (64 economies),2023-05,80.9,A,F,
M,N,B,JP,882,,A,Japan - Nominal - Broad (64 economies),2023-06,79.35,A,F,
M,N,B,JP,882,,A,Japan - Nominal - Broad (64 economies),2023-07,79.2,A,F,
M,N,B,JP,882,,A,Japan - Nominal - Broad (64 economies),2023-08,78.1,A,F,
M,N,B,JP,882,,A,Japan - Nominal - Broad (64 economies),2023-09,77.42,A,F,
M,N,B,JP,882,,A,Japan - Nominal - Broad (64 economies),2023-10,76.93,A,F,
M,N,B,JP,882,,A,Japan - Nominal - Broad (64 economies),2023-11,75.67,A,F,
M,N,B,JP,882,,A,Japan - Nominal - Broad (64 economies),2023-12,77.87,A,F,
M,N,B,JP,882,,A,Japan - Nominal - Broad (64 economies),2024-01,76.96,A,F,
M,N,B,JP,882,,A,Japan - Nominal - Broad (64 economies),2024-02,75.76,A,F,
M,N,B,JP,882,,A,Japan - Nominal - Broad (64 economies),2024-03,75.62,A,F,
M,N,B,JP,882,,A,Japan - Nominal - Broad (64 economies),2024-04,74.45,A,F,
M,N,B,JP,882,,A,Japan - Nominal - Broad (64 economies),2024-05,73.17,A,F,
M,N,B,JP,882,,A,Japan - Nominal - Broad (64 economies),2024-06,72.5,A,F,
M,N,B,JP,882,,A,Japan - Nominal - Broad (64 economies),2024-07,72.4,A,F,
M,N,B,JP,882,,A,Japan - Nominal - Broad (64 economies),2024-08,76.93,A,F,
M,N,B,JP,882,,A,Japan - Nominal - Broad (64 economies),2024-09,77.67,A,F,
M,N,B,JP,882,,A,Japan - Nominal - Broad (64 economies),2024-10,74.93,A,F,
M,N,B,JP,882,,A,Japan - Nominal - Broad (64 economies),2024-11,74.37,A,F,
M,N,B,JP,882,,A,Japan - Nominal - Broad (64 economies),2024-12,74.84,A,F,
M,N,B,JP,882,,A,Japan - Nominal - Broad (64 economies),2025-01,74.16,A,F,
M,N,B,JP,882,,A,Japan - Nominal - Broad (64 economies),2025-02,75.98,A,F,
M,N,B,JP,882,,A,Japan - Nominal - Broad (64 economies),2025-03,76.63,A,F,
M,N,B,JP,882,,A,Japan - Nominal - Broad (64 economies),2025-04,78.83,A,F,
M,N,B,JP,882,,A,Japan - Nominal - Broad (64 economies),2025-05,77.12,A,F,
M,N,B,JP,882,,A,Japan - Nominal - Broad (64 economies),2025-06,76.46,A,F,
M,N,B,JP,882,,A,Japan - Nominal - Broad (64 economies),2025-07,74.98,A,F,
M,N,B,JP,882,,A,Japan - Nominal - Broad (64 economies),2025-08,74.86,A,F,
M,N,B,JP,882,,A,Japan - Nominal - Broad (64 economies),2025-09,74.41,A,F,
M,N,B,JP,882,,A,Japan - Nominal - Broad (64 economies),2025-10,72.98,A,F,
M,N,B,JP,882,,A,Japan - Nominal - Broad (64 economies),2025-11,71.46,A,F,
M,N,B,JP,882,,A,Japan - Nominal - Broad (64 economies),2025-12,70.53,A,F,
M,N,B,JP,882,,A,Japan - Nominal - Broad (64 economies),2026-01,69.73,A,F,
M,N,B,JP,882,,A,Japan - Nominal - Broad (64 economies),2026-02,69.88,A,F,
M,N,B,JP,882,,A,Japan - Nominal - Broad (64 economies),2026-03,69.09,A,F,
M,N,B,JP,882,,A,Japan - Nominal - Broad (64 economies),2026-04,68.46,A,F,
M,N,B,JP,882,,A,Japan - Nominal - Broad (64 economies),2026-05,68.73,A,F,
M,N,B,JP,882,,A,Japan - Nominal - Broad (64 economies),2026-06,68.03,A,F,
M,N,B,JP,882,,A,Japan - Nominal - Broad (64 economies),2026-07,67.57,A,F,
M,N,B,JP,882,,A,Japan - Nominal - Broad (64 economies),2026-08,68.46,A,F,
M,N,B,KR,882,,A,Korea - Nominal - Broad (64 economies),1994-01,127.17,A,F,
M,N,B,KR,882,,A,Korea - Nominal - Broad (64 economies),1994-02,126.38,A,F,
M,N,B,KR,882,,A,Korea - Nominal - Broad (64 economies),1994-03,126.41,A,F,
M,N,B,KR,882,,A,Korea - Nominal - Broad (64 economies),1994-04,126.49,A,F,
M,N,B,KR,882,,A,Korea - Nominal - Broad (64 economies),1994-05,126.73,A,F,
M,N,B,KR,882,,A,Korea - Nominal - Broad (64 economies),1994-06,126.42,A,F,
M,N,B,KR,882,,A,Korea - Nominal - Broad (64 economies),1994-07,124.58,A,F,
M,N,B,KR,882,,A,Korea - Nominal - Broad (64 economies),1994-08,125.11,A,F,
M,N,B,KR,882,,A,Korea - Nominal - Broad (64 economies),1994-09,124.88,A,F,
M,N,B,KR,882,,A,Korea - Nominal - Broad (64 economies),1994-10,124.7,A,F,
M,N,B,KR,882,,A,Korea - Nominal - Broad (64 economies),1994-11,125.28,A,F,
M,N,B,KR,882,,A,Korea - Nominal - Broad (64 economies),1994-12,127.55,A,F,
M,N,B,KR,882,,A,Korea - Nominal - Broad (64 economies),1995-01,127.75,A,F,
M,N,B,KR,882,,A,Korea - Nominal - Broad (64 economies),1995-02,127.1,A,F,
M,N,B,KR,882,,A,Korea - Nominal - Broad (64 economies),1995-03,125.43,A,F,
M,N,B,KR,882,,A,Korea - Nominal - Broad (64 economies),1995-04,123.97,A,F,
M,N,B,KR,882,,A,Korea - Nominal - Broad (64 economies),1995-05,125.6,A,F,
M,N,B,KR,882,,A,Korea - Nominal - Broad (64 economies),1995-06,125.37,A,F,
M,N,B,KR,882,,A,Korea - Nominal - Broad (64 economies),1995-07,126.85,A,F,
M,N,B,KR,882,,A,Korea - Nominal - Broad (64 economies),1995-08,129.41,A,F,
M,N,B,KR,882,,A,Korea - Nominal - Broad (64 economies),1995-09,131.22,A,F,
M,N,B,KR,882,,A,Korea - Nominal - Broad (64 economies),1995-10,131.55,A,F,
M,N,B,KR,882,,A,Korea - Nominal - Broad (64 economies),1995-11,131.78,A,F,
M,N,B,KR,882,,A,Korea - Nominal - Broad (64 economies),1995-12,132.06,A,F,
M,N,B,KR,882,,A,Korea - Nominal - Broad (64 economies),1996-01,130.82,A,F,
M,N,B,KR,882,,A,Korea - Nominal - Broad (64 economies),1996-02,132.17,A,F,
M,N,B,KR,882,,A,Korea - Nominal - Broad (64 economies),1996-03,132.19,A,F,
M,N,B,KR,882,,A,Korea - Nominal - Broad (64 economies),1996-04,133.05,A,F,
M,N,B,KR,882,,A,Korea - Nominal - Broad (64 economies),1996-05,133.21,A,F,
M,N,B,KR,882,,A,Korea - Nominal - Broad (64 economies),1996-06,130.91,A,F,
M,N,B,KR,882,,A,Korea - Nominal - Broad (64 economies),1996-07,128.39,A,F,
M,N,B,KR,882,,A,Korea - Nominal - Broad (64 economies),1996-08,127.17,A,F,
M,N,B,KR,882,,A,Korea - Nominal - Broad (64 economies),1996-09,127.2,A,F,
M,N,B,KR,882,,A,Korea - Nominal - Broad (64 economies),1996-10,127.16,A,F,
M,N,B,KR,882,,A,Korea - Nominal - Broad (64 economies),1996-11,126.4,A,F,
M,N,B,KR,882,,A,Korea - Nominal - Broad (64 economies),1996-12,125.74,A,F,
M,N,B,KR,882,,A,Korea - Nominal - Broad (64 economies),1997-01,125.67,A,F,
M,N,B,KR,882,,A,Korea - Nominal - Broad (64 economies),1997-02,125.98,A,F,
M,N,B,KR,882,,A,Korea - Nominal - Broad (64 economies),1997-03,124.38,A,F,
M,N,B,KR,882,,A,Korea - Nominal - Broad (64 economies),1997-04,123.43,A,F,
M,N,B,KR,882,,A,Korea - Nominal - Broad (64 economies),1997-05,121.99,A,F,
M,N,B,KR,882,,A,Korea - Nominal - Broad (64 economies),1997-06,121.74,A,F,
M,N,B,KR,882,,A,Korea - Nominal - Broad (64 economies),1997-07,122.91,A,F,
M,N,B,KR,882,,A,Korea - Nominal - Broad (64 economies),1997-08,124.36,A,F,
M,N,B,KR,882,,A,Korea - Nominal - Broad (64 economies),1997-09,123.31,A,F,
M,N,B,KR,882,,A,Korea - Nominal - Broad (64 economies),1997-10,121.6,A,F,
M,N,B,KR,882,,A,Korea - Nominal - Broad (64 economies),1997-11,110.55,A,F,
M,N,B,KR,882,,A,Korea - Nominal - Broad (64 economies),1997-12,77.7,A,F,
M,N,B,KR,882,,A,Korea - Nominal - Broad (64 economies),1998-01,70.65,A,F,
M,N,B,KR,882,,A,Korea - Nominal - Broad (64 economies),1998-02,72.66,A,F,
M,N,B,KR,882,,A,Korea - Nominal - Broad (64 economies),1998-03,79.66,A,F,
M,N,B,KR,882,,A,Korea - Nominal - Broad (64 economies),1998-04,85.65,A,F,
M,N,B,KR,882,,A,Korea - Nominal - Broad (64 economies),1998-05,85.68,A,F,
M,N,B,KR,882,,A,Korea - Nominal - Broad (64 economies),1998-06,87.67,A,F,
M,N,B,KR,882,,A,Korea - Nominal - Broad (64 economies),1998-07,94.97,A,F,
M,N,B,KR,882,,A,Korea - Nominal - Broad (64 economies),1998-08,94.48,A,F,
M,N,B,KR,882,,A,Korea - Nominal - Broad (64 economies),1998-09,88.46,A,F,
M,N,B,KR,882,,A,Korea - Nominal - Broad (64 economies),1998-10,87.26,A,F,
M,N,B,KR,882,,A,Korea - Nominal - Broad (64 economies),1998-11,90.79,A,F,
M,N,B,KR,882,,A,Korea - Nominal - Broad (64 economies),1998-12,96.27,A,F,
M,N,B,KR,882,,A,Korea - Nominal - Broad (64 economies),1999-01,99.24,A,F,
M,N,B,KR,882,,A,Korea - Nominal - Broad (64 economies),1999-02,99.67,A,F,
M,N,B,KR,882,,A,Korea - Nominal - Broad (64 economies),1999-03,97.56,A,F,
M,N,B,KR,882,,A,Korea - Nominal - Broad (64 economies),1999-04,99.29,A,F,
M,N,B,KR,882,,A,Korea - Nominal - Broad (64 economies),1999-05,100.4,A,F,
M,N,B,KR,882,,A,Korea - Nominal - Broad (64 economies),1999-06,102.98,A,F,
M,N,B,KR,882,,A,Korea - Nominal - Broad (64 economies),1999-07,101.13,A,F,
M,N,B,KR,882,,A,Korea - Nominal - Broad (64 economies),1999-08,98.98,A,F,
M,N,B,KR,882,,A,Korea - Nominal - Broad (64 economies),1999-09,97.96,A,F,
M,N,B,KR,882,,A,Korea - Nominal - Broad (64 economies),1999-10,96.93,A,F,
M,N,B,KR,882,,A,Korea - Nominal - Broad (64 economies),1999-11,99.57,A,F,
M,N,B,KR,882,,A,Korea - Nominal - Broad (64 economies),1999-12,102.93,A,F,
M,N,B,KR,882,,A,Korea - Nominal - Broad (64 economies),2000-01,103.81,A,F,
M,N,B,KR,882,,A,Korea - Nominal - Broad (64 economies),2000-02,105.52,A,F,
M,N,B,KR,882,,A,Korea - Nominal - Broad (64 economies),2000-03,106.6,A,F,
M,N,B,KR,882,,A,Korea - Nominal - Broad (64 economies),2000-04,107.39,A,F,
M,N,B,KR,882,,A,Korea - Nominal - Broad (64 economies),2000-05,108.36,A,F,
M,N,B,KR,882,,A,Korea - Nominal - Broad (64 economies),2000-06,107.42,A,F,
M,N,B,KR,882,,A,Korea - Nominal - Broad (64 economies),2000-07,108.42,A,F,
M,N,B,KR,882,,A,Korea - Nominal - Broad (64 economies),2000-08,109.19,A,F,
M,N,B,KR,882,,A,Korea - Nominal - Broad (64 economies),2000-09,109.8,A,F,
M,N,B,KR,882,,A,Korea - Nominal - Broad (64 economies),2000-10,109.75,A,F,
M,N,B,KR,882,,A,Korea - Nominal - Broad (64 economies),2000-11,107.5,A,F,
M,N,B,KR,882,,A,Korea - Nominal - Broad (64 economies),2000-12,102.2,A,F,
M,N,B,KR,882,,A,Korea - Nominal - Broad (64 economies),2001-01,97.51,A,F,
M,N,B,KR,882,,A,Korea - Nominal - Broad (64 economies),2001-02,99.49,A,F,
M,N,B,KR,882,,A,Korea - Nominal - Broad (64 economies),2001-03,98.07,A,F,
M,N,B,KR,882,,A,Korea - Nominal - Broad (64 economies),2001-04,96.52,A,F,
M,N,B,KR,882,,A,Korea - Nominal - Broad (64 economies),2001-05,98.71,A,F,
M,N,B,KR,882,,A,Korea - Nominal - Broad (64 economies),2001-06,99.62,A,F,
M,N,B,KR,882,,A,Korea - Nominal - Broad (64 economies),2001-07,99.5,A,F,
M,N,B,KR,882,,A,Korea - Nominal - Broad (64 economies),2001-08,99.34,A,F,
M,N,B,KR,882,,A,Korea - Nominal - Broad (64 economies),2001-09,98,A,F,
M,N,B,KR,882,,A,Korea - Nominal - Broad (64 economies),2001-10,98.26,A,F,
M,N,B,KR,882,,A,Korea - Nominal - Broad (64 economies),2001-11,100.33,A,F,
M,N,B,KR,882,,A,Korea - Nominal - Broad (64 economies),2001-12,100.6,A,F,
M,N,B,KR,882,,A,Korea - Nominal - Broad (64 economies),2002-01,99.5,A,F,
M,N,B,KR,882,,A,Korea - Nominal - Broad (64 economies),2002-02,99.67,A,F,
M,N,B,KR,882,,A,Korea - Nominal - Broad (64 economies),2002-03,98.82,A,F,
M,N,B,KR,882,,A,Korea - Nominal - Broad (64 economies),2002-04,99.05,A,F,
M,N,B,KR,882,,A,Korea - Nominal - Broad (64 economies),2002-05,102.18,A,F,
M,N,B,KR,882,,A,Korea - Nominal - Broad (64 economies),2002-06,104.16,A,F,
M,N,B,KR,882,,A,Korea - Nominal - Broad (64 economies),2002-07,105.67,A,F,
M,N,B,KR,882,,A,Korea - Nominal - Broad (64 economies),2002-08,105.05,A,F,
M,N,B,KR,882,,A,Korea - Nominal - Broad (64 economies),2002-09,104.42,A,F,
M,N,B,KR,882,,A,Korea - Nominal - Broad (64 economies),2002-10,102.7,A,F,
M,N,B,KR,882,,A,Korea - Nominal - Broad (64 economies),2002-11,104.09,A,F,
M,N,B,KR,882,,A,Korea - Nominal - Broad (64 economies),2002-12,103.93,A,F,
M,N,B,KR,882,,A,Korea - Nominal - Broad (64 economies),2003-01,104.89,A,F,
M,N,B,KR,882,,A,Korea - Nominal - Broad (64 economies),2003-02,103.6,A,F,
M,N,B,KR,882,,A,Korea - Nominal - Broad (64 economies),2003-03,99.62,A,F,
M,N,B,KR,882,,A,Korea - Nominal - Broad (64 economies),2003-04,99.82,A,F,
M,N,B,KR,882,,A,Korea - Nominal - Broad (64 economies),2003-05,100.35,A,F,
M,N,B,KR,882,,A,Korea - Nominal - Broad (64 economies),2003-06,100.81,A,F,
M,N,B,KR,882,,A,Korea - Nominal - Broad (64 economies),2003-07,102.57,A,F,
M,N,B,KR,882,,A,Korea - Nominal - Broad (64 economies),2003-08,103.33,A,F,
M,N,B,KR,882,,A,Korea - Nominal - Broad (64 economies),2003-09,103.49,A,F,
M,N,B,KR,882,,A,Korea - Nominal - Broad (64 economies),2003-10,101.23,A,F,
M,N,B,KR,882,,A,Korea - Nominal - Broad (64 economies),2003-11,99.51,A,F,
M,N,B,KR,882,,A,Korea - Nominal - Broad (64 economies),2003-12,97.74,A,F,
M,N,B,KR,882,,A,Korea - Nominal - Broad (64 economies),2004-01,97.38,A,F,
M,N,B,KR,882,,A,Korea - Nominal - Broad (64 economies),2004-02,98.73,A,F,
M,N,B,KR,882,,A,Korea - Nominal - Broad (64 economies),2004-03,99.82,A,F,
M,N,B,KR,882,,A,Korea - Nominal - Broad (64 economies),2004-04,101.18,A,F,
M,N,B,KR,882,,A,Korea - Nominal - Broad (64 economies),2004-05,100.4,A,F,
M,N,B,KR,882,,A,Korea - Nominal - Broad (64 economies),2004-06,101.29,A,F,
M,N,B,KR,882,,A,Korea - Nominal - Broad (64 economies),2004-07,100.95,A,F,
M,N,B,KR,882,,A,Korea - Nominal - Broad (64 economies),2004-08,101.49,A,F,
M,N,B,KR,882,,A,Korea - Nominal - Broad (64 economies),2004-09,102.07,A,F,
M,N,B,KR,882,,A,Korea - Nominal - Broad (64 economies),2004-10,101.77,A,F,
M,N,B,KR,882,,A,Korea - Nominal - Broad (64 economies),2004-11,104.81,A,F,
M,N,B,KR,882,,A,Korea - Nominal - Broad (64 economies),2004-12,107.22,A,F,
M,N,B,KR,882,,A,Korea - Nominal - Broad (64 economies),2005-01,108.89,A,F,
M,N,B,KR,882,,A,Korea - Nominal - Broad (64 economies),2005-02,110.85,A,F,
M,N,B,KR,882,,A,Korea - Nominal - Broad (64 economies),2005-03,112.16,A,F,
M,N,B,KR,882,,A,Korea - Nominal - Broad (64 economies),2005-04,112.92,A,F,
M,N,B,KR,882,,A,Korea - Nominal - Broad (64 economies),2005-05,114.07,A,F,
M,N,B,KR,882,,A,Korea - Nominal - Broad (64 economies),2005-06,114.45,A,F,
M,N,B,KR,882,,A,Korea - Nominal - Broad (64 economies),2005-07,112.57,A,F,
M,N,B,KR,882,,A,Korea - Nominal - Broad (64 economies),2005-08,113.05,A,F,
M,N,B,KR,882,,A,Korea - Nominal - Broad (64 economies),2005-09,112.35,A,F,
M,N,B,KR,882,,A,Korea - Nominal - Broad (64 economies),2005-10,111.9,A,F,
M,N,B,KR,882,,A,Korea - Nominal - Broad (64 economies),2005-11,113.6,A,F,
M,N,B,KR,882,,A,Korea - Nominal - Broad (64 economies),2005-12,115.22,A,F,
M,N,B,KR,882,,A,Korea - Nominal - Broad (64 economies),2006-01,118.19,A,F,
M,N,B,KR,882,,A,Korea - Nominal - Broad (64 economies),2006-02,120.43,A,F,
M,N,B,KR,882,,A,Korea - Nominal - Broad (64 economies),2006-03,119.58,A,F,
M,N,B,KR,882,,A,Korea - Nominal - Broad (64 economies),2006-04,121.58,A,F,
M,N,B,KR,882,,A,Korea - Nominal - Broad (64 economies),2006-05,120.76,A,F,
M,N,B,KR,882,,A,Korea - Nominal - Broad (64 economies),2006-06,120.48,A,F,
M,N,B,KR,882,,A,Korea - Nominal - Broad (64 economies),2006-07,120.89,A,F,
M,N,B,KR,882,,A,Korea - Nominal - Broad (64 economies),2006-08,119.09,A,F,
M,N,B,KR,882,,A,Korea - Nominal - Broad (64 economies),2006-09,120.47,A,F,
M,N,B,KR,882,,A,Korea - Nominal - Broad (64 economies),2006-10,120.82,A,F,
M,N,B,KR,882,,A,Korea - Nominal - Broad (64 economies),2006-11,121.87,A,F,
M,N,B,KR,882,,A,Korea - Nominal - Broad (64 economies),2006-12,122.1,A,F,
M,N,B,KR,882,,A,Korea - Nominal - Broad (64 economies),2007-01,121.51,A,F,
M,N,B,KR,882,,A,Korea - Nominal - Broad (64 economies),2007-02,121.14,A,F,
M,N,B,KR,882,,A,Korea - Nominal - Broad (64 economies),2007-03,119.37,A,F,
M,N,B,KR,882,,A,Korea - Nominal - Broad (64 economies),2007-04,120.29,A,F,
M,N,B,KR,882,,A,Korea - Nominal - Broad (64 economies),2007-05,120.69,A,F,
M,N,B,KR,882,,A,Korea - Nominal - Broad (64 economies),2007-06,120.89,A,F,
M,N,B,KR,882,,A,Korea - Nominal - Broad (64 economies),2007-07,120.81,A,F,
M,N,B,KR,882,,A,Korea - Nominal - Broad (64 economies),2007-08,118.45,A,F,
M,N,B,KR,882,,A,Korea - Nominal - Broad (64 economies),2007-09,117.96,A,F,
M,N,B,KR,882,,A,Korea - Nominal - Broad (64 economies),2007-10,118.58,A,F,
M,N,B,KR,882,,A,Korea - Nominal - Broad (64 economies),2007-11,116.04,A,F,
M,N,B,KR,882,,A,Korea - Nominal - Broad (64 economies),2007-12,114.76,A,F,
M,N,B,KR,882,,A,Korea - Nominal - Broad (64 economies),2008-01,111.76,A,F,
M,N,B,KR,882,,A,Korea - Nominal - Broad (64 economies),2008-02,110.86,A,F,
M,N,B,KR,882,,A,Korea - Nominal - Broad (64 economies),2008-03,104.04,A,F,
M,N,B,KR,882,,A,Korea - Nominal - Broad (64 economies),2008-04,102.91,A,F,
M,N,B,KR,882,,A,Korea - Nominal - Broad (64 economies),2008-05,98.57,A,F,
M,N,B,KR,882,,A,Korea - Nominal - Broad (64 economies),2008-06,99.24,A,F,
M,N,B,KR,882,,A,Korea - Nominal - Broad (64 economies),2008-07,99.99,A,F,
M,N,B,KR,882,,A,Korea - Nominal - Broad (64 economies),2008-08,99.14,A,F,
M,N,B,KR,882,,A,Korea - Nominal - Broad (64 economies),2008-09,92.57,A,F,
M,N,B,KR,882,,A,Korea - Nominal - Broad (64 economies),2008-10,81.12,A,F,
M,N,B,KR,882,,A,Korea - Nominal - Broad (64 economies),2008-11,77.55,A,F,
M,N,B,KR,882,,A,Korea - Nominal - Broad (64 economies),2008-12,77.54,A,F,
M,N,B,KR,882,,A,Korea - Nominal - Broad (64 economies),2009-01,78.75,A,F,
M,N,B,KR,882,,A,Korea - Nominal - Broad (64 economies),2009-02,75.62,A,F,
M,N,B,KR,882,,A,Korea - Nominal - Broad (64 economies),2009-03,75.54,A,F,
M,N,B,KR,882,,A,Korea - Nominal - Broad (64 economies),2009-04,81.54,A,F,
M,N,B,KR,882,,A,Korea - Nominal - Broad (64 economies),2009-05,85.19,A,F,
M,N,B,KR,882,,A,Korea - Nominal - Broad (64 economies),2009-06,83.89,A,F,
M,N,B,KR,882,,A,Korea - Nominal - Broad (64 economies),2009-07,83.43,A,F,
M,N,B,KR,882,,A,Korea - Nominal - Broad (64 economies),2009-08,84.54,A,F,
M,N,B,KR,882,,A,Korea - Nominal - Broad (64 economies),2009-09,85.29,A,F,
M,N,B,KR,882,,A,Korea - Nominal - Broad (64 economies),2009-10,87.34,A,F,
M,N,B,KR,882,,A,Korea - Nominal - Broad (64 economies),2009-11,87.72,A,F,
M,N,B,KR,882,,A,Korea - Nominal - Broad (64 economies),2009-12,88.07,A,F,
M,N,B,KR,882,,A,Korea - Nominal - Broad (64 economies),2010-01,90.57,A,F,
M,N,B,KR,882,,A,Korea - Nominal - Broad (64 economies),2010-02,89.96,A,F,
M,N,B,KR,882,,A,Korea - Nominal - Broad (64 economies),2010-03,91.36,A,F,
M,N,B,KR,882,,A,Korea - Nominal - Broad (64 economies),2010-04,93.42,A,F,
M,N,B,KR,882,,A,Korea - Nominal - Broad (64 economies),2010-05,90.64,A,F,
M,N,B,KR,882,,A,Korea - Nominal - Broad (64 economies),2010-06,87.43,A,F,
M,N,B,KR,882,,A,Korea - Nominal - Broad (64 economies),2010-07,86.51,A,F,
M,N,B,KR,882,,A,Korea - Nominal - Broad (64 economies),2010-08,87.5,A,F,
M,N,B,KR,882,,A,Korea - Nominal - Broad (64 economies),2010-09,88.17,A,F,
M,N,B,KR,882,,A,Korea - Nominal - Broad (64 economies),2010-10,88.99,A,F,
M,N,B,KR,882,,A,Korea - Nominal - Broad (64 economies),2010-11,88.7,A,F,
M,N,B,KR,882,,A,Korea - Nominal - Broad (64 economies),2010-12,88.18,A,F,
M,N,B,KR,882,,A,Korea - Nominal - Broad (64 economies),2011-01,89.52,A,F,
M,N,B,KR,882,,A,Korea - Nominal - Broad (64 economies),2011-02,89.19,A,F,
M,N,B,KR,882,,A,Korea - Nominal - Broad (64 economies),2011-03,88.26,A,F,
M,N,B,KR,882,,A,Korea - Nominal - Broad (64 economies),2011-04,90.31,A,F,
M,N,B,KR,882,,A,Korea - Nominal - Broad (64 economies),2011-05,89.97,A,F,
M,N,B,KR,882,,A,Korea - Nominal - Broad (64 economies),2011-06,90.07,A,F,
M,N,B,KR,882,,A,Korea - Nominal - Broad (64 economies),2011-07,91.66,A,F,
M,N,B,KR,882,,A,Korea - Nominal - Broad (64 economies),2011-08,89.77,A,F,
M,N,B,KR,882,,A,Korea - Nominal - Broad (64 economies),2011-09,87.4,A,F,
M,N,B,KR,882,,A,Korea - Nominal - Broad (64 economies),2011-10,85.51,A,F,
M,N,B,KR,882,,A,Korea - Nominal - Broad (64 economies),2011-11,87.22,A,F,
M,N,B,KR,882,,A,Korea - Nominal - Broad (64 economies),2011-12,86.73,A,F,
M,N,B,KR,882,,A,Korea - Nominal - Broad (64 economies),2012-01,86.92,A,F,
M,N,B,KR,882,,A,Korea - Nominal - Broad (64 economies),2012-02,87.64,A,F,
M,N,B,KR,882,,A,Korea - Nominal - Broad (64 economies),2012-03,88.18,A,F,
M,N,B,KR,882,,A,Korea - Nominal - Broad (64 economies),2012-04,87.4,A,F,
M,N,B,KR,882,,A,Korea - Nominal - Broad (64 economies),2012-05,86.45,A,F,
M,N,B,KR,882,,A,Korea - Nominal - Broad (64 economies),2012-06,86.8,A,F,
M,N,B,KR,882,,A,Korea - Nominal - Broad (64 economies),2012-07,88.49,A,F,
M,N,B,KR,882,,A,Korea - Nominal - Broad (64 economies),2012-08,88.89,A,F,
M,N,B,KR,882,,A,Korea - Nominal - Broad (64 economies),2012-09,88.56,A,F,
M,N,B,KR,882,,A,Korea - Nominal - Broad (64 economies),2012-10,89.64,A,F,
M,N,B,KR,882,,A,Korea - Nominal - Broad (64 economies),2012-11,91.64,A,F,
M,N,B,KR,882,,A,Korea - Nominal - Broad (64 economies),2012-12,92.58,A,F,
M,N,B,KR,882,,A,Korea - Nominal - Broad (64 economies),2013-01,93.89,A,F,
M,N,B,KR,882,,A,Korea - Nominal - Broad (64 economies),2013-02,92.8,A,F,
M,N,B,KR,882,,A,Korea - Nominal - Broad (64 economies),2013-03,92.22,A,F,
M,N,B,KR,882,,A,Korea - Nominal - Broad (64 economies),2013-04,90.81,A,F,
M,N,B,KR,882,,A,Korea - Nominal - Broad (64 economies),2013-05,92,A,F,
M,N,B,KR,882,,A,Korea - Nominal - Broad (64 economies),2013-06,90.01,A,F,
M,N,B,KR,882,,A,Korea - Nominal - Broad (64 economies),2013-07,91.45,A,F,
M,N,B,KR,882,,A,Korea - Nominal - Broad (64 economies),2013-08,92.05,A,F,
M,N,B,KR,882,,A,Korea - Nominal - Broad (64 economies),2013-09,94.88,A,F,
M,N,B,KR,882,,A,Korea - Nominal - Broad (64 economies),2013-10,95.39,A,F,
M,N,B,KR,882,,A,Korea - Nominal - Broad (64 economies),2013-11,96.55,A,F,
M,N,B,KR,882,,A,Korea - Nominal - Broad (64 economies),2013-12,97.54,A,F,
M,N,B,KR,882,,A,Korea - Nominal - Broad (64 economies),2014-01,96.87,A,F,
M,N,B,KR,882,,A,Korea - Nominal - Broad (64 economies),2014-02,96.55,A,F,
M,N,B,KR,882,,A,Korea - Nominal - Broad (64 economies),2014-03,96.75,A,F,
M,N,B,KR,882,,A,Korea - Nominal - Broad (64 economies),2014-04,99.39,A,F,
M,N,B,KR,882,,A,Korea - Nominal - Broad (64 economies),2014-05,101.06,A,F,
M,N,B,KR,882,,A,Korea - Nominal - Broad (64 economies),2014-06,101.82,A,F,
M,N,B,KR,882,,A,Korea - Nominal - Broad (64 economies),2014-07,101.42,A,F,
M,N,B,KR,882,,A,Korea - Nominal - Broad (64 economies),2014-08,101.5,A,F,
M,N,B,KR,882,,A,Korea - Nominal - Broad (64 economies),2014-09,101.62,A,F,
M,N,B,KR,882,,A,Korea - Nominal - Broad (64 economies),2014-10,99.84,A,F,
M,N,B,KR,882,,A,Korea - Nominal - Broad (64 economies),2014-11,97.89,A,F,
M,N,B,KR,882,,A,Korea - Nominal - Broad (64 economies),2014-12,99.11,A,F,
M,N,B,KR,882,,A,Korea - Nominal - Broad (64 economies),2015-01,101.64,A,F,
M,N,B,KR,882,,A,Korea - Nominal - Broad (64 economies),2015-02,101.3,A,F,
M,N,B,KR,882,,A,Korea - Nominal - Broad (64 economies),2015-03,101.45,A,F,
M,N,B,KR,882,,A,Korea - Nominal - Broad (64 economies),2015-04,103.38,A,F,
M,N,B,KR,882,,A,Korea - Nominal - Broad (64 economies),2015-05,102.1,A,F,
M,N,B,KR,882,,A,Korea - Nominal - Broad (64 economies),2015-06,100.84,A,F,
M,N,B,KR,882,,A,Korea - Nominal - Broad (64 economies),2015-07,98.62,A,F,
M,N,B,KR,882,,A,Korea - Nominal - Broad (64 economies),2015-08,97.22,A,F,
M,N,B,KR,882,,A,Korea - Nominal - Broad (64 economies),2015-09,97.06,A,F,
M,N,B,KR,882,,A,Korea - Nominal - Broad (64 economies),2015-10,100.03,A,F,
M,N,B,KR,882,,A,Korea - Nominal - Broad (64 economies),2015-11,100.47,A,F,
M,N,B,KR,882,,A,Korea - Nominal - Broad (64 economies),2015-12,99.17,A,F,
M,N,B,KR,882,,A,Korea - Nominal - Broad (64 economies),2016-01,97.78,A,F,
M,N,B,KR,882,,A,Korea - Nominal - Broad (64 economies),2016-02,95.71,A,F,
M,N,B,KR,882,,A,Korea - Nominal - Broad (64 economies),2016-03,97.35,A,F,
M,N,B,KR,882,,A,Korea - Nominal - Broad (64 economies),2016-04,99.22,A,F,
M,N,B,KR,882,,A,Korea - Nominal - Broad (64 economies),2016-05,97.36,A,F,
M,N,B,KR,882,,A,Korea - Nominal - Broad (64 economies),2016-06,98.09,A,F,
M,N,B,KR,882,,A,Korea - Nominal - Broad (64 economies),2016-07,100.77,A,F,
M,N,B,KR,882,,A,Korea - Nominal - Broad (64 economies),2016-08,102.73,A,F,
M,N,B,KR,882,,A,Korea - Nominal - Broad (64 economies),2016-09,103.2,A,F,
M,N,B,KR,882,,A,Korea - Nominal - Broad (64 economies),2016-10,102.54,A,F,
M,N,B,KR,882,,A,Korea - Nominal - Broad (64 economies),2016-11,101.17,A,F,
M,N,B,KR,882,,A,Korea - Nominal - Broad (64 economies),2016-12,101.14,A,F,
M,N,B,KR,882,,A,Korea - Nominal - Broad (64 economies),2017-01,100.98,A,F,
M,N,B,KR,882,,A,Korea - Nominal - Broad (64 economies),2017-02,103.63,A,F,
M,N,B,KR,882,,A,Korea - Nominal - Broad (64 economies),2017-03,104.39,A,F,
M,N,B,KR,882,,A,Korea - Nominal - Broad (64 economies),2017-04,103.78,A,F,
M,N,B,KR,882,,A,Korea - Nominal - Broad (64 economies),2017-05,104.07,A,F,
M,N,B,KR,882,,A,Korea - Nominal - Broad (64 economies),2017-06,102.64,A,F,
M,N,B,KR,882,,A,Korea - Nominal - Broad (64 economies),2017-07,101.93,A,F,
M,N,B,KR,882,,A,Korea - Nominal - Broad (64 economies),2017-08,100.83,A,F,
M,N,B,KR,882,,A,Korea - Nominal - Broad (64 economies),2017-09,99.98,A,F,
M,N,B,KR,882,,A,Korea - Nominal - Broad (64 economies),2017-10,101.04,A,F,
M,N,B,KR,882,,A,Korea - Nominal - Broad (64 economies),2017-11,103.98,A,F,
M,N,B,KR,882,,A,Korea - Nominal - Broad (64 economies),2017-12,105.2,A,F,
M,N,B,KR,882,,A,Korea - Nominal - Broad (64 economies),2018-01,104.76,A,F,
M,N,B,KR,882,,A,Korea - Nominal - Broad (64 economies),2018-02,102.46,A,F,
M,N,B,KR,882,,A,Korea - Nominal - Broad (64 economies),2018-03,103.08,A,F,
M,N,B,KR,882,,A,Korea - Nominal - Broad (64 economies),2018-04,103.58,A,F,
M,N,B,KR,882,,A,Korea - Nominal - Broad (64 economies),2018-05,104.76,A,F,
M,N,B,KR,882,,A,Korea - Nominal - Broad (64 economies),2018-06,104.18,A,F,
M,N,B,KR,882,,A,Korea - Nominal - Broad (64 economies),2018-07,103.17,A,F,
M,N,B,KR,882,,A,Korea - Nominal - Broad (64 economies),2018-08,104.57,A,F,
M,N,B,KR,882,,A,Korea - Nominal - Broad (64 economies),2018-09,104.98,A,F,
M,N,B,KR,882,,A,Korea - Nominal - Broad (64 economies),2018-10,104.55,A,F,
M,N,B,KR,882,,A,Korea - Nominal - Broad (64 economies),2018-11,105.26,A,F,
M,N,B,KR,882,,A,Korea - Nominal - Broad (64 economies),2018-12,105.21,A,F,
M,N,B,KR,882,,A,Korea - Nominal - Broad (64 economies),2019-01,104.14,A,F,
M,N,B,KR,882,,A,Korea - Nominal - Broad (64 economies),2019-02,103.93,A,F,
M,N,B,KR,882,,A,Korea - Nominal - Broad (64 economies),2019-03,103.12,A,F,
M,N,B,KR,882,,A,Korea - Nominal - Broad (64 economies),2019-04,102.38,A,F,
M,N,B,KR,882,,A,Korea - Nominal - Broad (64 economies),2019-05,99.75,A,F,
M,N,B,KR,882,,A,Korea - Nominal - Broad (64 economies),2019-06,100.36,A,F,
M,N,B,KR,882,,A,Korea - Nominal - Broad (64 economies),2019-07,99.86,A,F,
M,N,B,KR,882,,A,Korea - Nominal - Broad (64 economies),2019-08,98.43,A,F,
M,N,B,KR,882,,A,Korea - Nominal - Broad (64 economies),2019-09,100.22,A,F,
M,N,B,KR,882,,A,Korea - Nominal - Broad (64 economies),2019-10,100.89,A,F,
M,N,B,KR,882,,A,Korea - Nominal - Broad (64 economies),2019-11,101.84,A,F,
M,N,B,KR,882,,A,Korea - Nominal - Broad (64 economies),2019-12,101.09,A,F,
M,N,B,KR,882,,A,Korea - Nominal - Broad (64 economies),2020-01,101.15,A,F,
M,N,B,KR,882,,A,Korea - Nominal - Broad (64 economies),2020-02,99.89,A,F,
M,N,B,KR,882,,A,Korea - Nominal - Broad (64 economies),2020-03,98.55,A,F,
M,N,B,KR,882,,A,Korea - Nominal - Broad (64 economies),2020-04,99.2,A,F,
M,N,B,KR,882,,A,Korea - Nominal - Broad (64 economies),2020-05,98.45,A,F,
M,N,B,KR,882,,A,Korea - Nominal - Broad (64 economies),2020-06,99.03,A,F,
M,N,B,KR,882,,A,Korea - Nominal - Broad (64 economies),2020-07,98.85,A,F,
M,N,B,KR,882,,A,Korea - Nominal - Broad (64 economies),2020-08,98.63,A,F,
M,N,B,KR,882,,A,Korea - Nominal - Broad (64 economies),2020-09,98.89,A,F,
M,N,B,KR,882,,A,Korea - Nominal - Broad (64 economies),2020-10,101.34,A,F,
M,N,B,KR,882,,A,Korea - Nominal - Broad (64 economies),2020-11,102.78,A,F,
M,N,B,KR,882,,A,Korea - Nominal - Broad (64 economies),2020-12,103.25,A,F,
M,N,B,KR,882,,A,Korea - Nominal - Broad (64 economies),2021-01,102.32,A,F,
M,N,B,KR,882,,A,Korea - Nominal - Broad (64 economies),2021-02,101.35,A,F,
M,N,B,KR,882,,A,Korea - Nominal - Broad (64 economies),2021-03,101.03,A,F,
M,N,B,KR,882,,A,Korea - Nominal - Broad (64 economies),2021-04,102.19,A,F,
M,N,B,KR,882,,A,Korea - Nominal - Broad (64 economies),2021-05,100.68,A,F,
M,N,B,KR,882,,A,Korea - Nominal - Broad (64 economies),2021-06,100.98,A,F,
M,N,B,KR,882,,A,Korea - Nominal - Broad (64 economies),2021-07,99.99,A,F,
M,N,B,KR,882,,A,Korea - Nominal - Broad (64 economies),2021-08,98.71,A,F,
M,N,B,KR,882,,A,Korea - Nominal - Broad (64 economies),2021-09,97.58,A,F,
M,N,B,KR,882,,A,Korea - Nominal - Broad (64 economies),2021-10,97.42,A,F,
M,N,B,KR,882,,A,Korea - Nominal - Broad (64 economies),2021-11,97.64,A,F,
M,N,B,KR,882,,A,Korea - Nominal - Broad (64 economies),2021-12,98.06,A,F,
M,N,B,KR,882,,A,Korea - Nominal - Broad (64 economies),2022-01,96.87,A,F,
M,N,B,KR,882,,A,Korea - Nominal - Broad (64 economies),2022-02,96.7,A,F,
M,N,B,KR,882,,A,Korea - Nominal - Broad (64 economies),2022-03,96.25,A,F,
M,N,B,KR,882,,A,Korea - Nominal - Broad (64 economies),2022-04,96.59,A,F,
M,N,B,KR,882,,A,Korea - Nominal - Broad (64 economies),2022-05,96.61,A,F,
M,N,B,KR,882,,A,Korea - Nominal - Broad (64 economies),2022-06,96.29,A,F,
M,N,B,KR,882,,A,Korea - Nominal - Broad (64 economies),2022-07,95.69,A,F,
M,N,B,KR,882,,A,Korea - Nominal - Broad (64 economies),2022-08,94.93,A,F,
M,N,B,KR,882,,A,Korea - Nominal - Broad (64 economies),2022-09,92.47,A,F,
M,N,B,KR,882,,A,Korea - Nominal - Broad (64 economies),2022-10,92.04,A,F,
M,N,B,KR,882,,A,Korea - Nominal - Broad (64 economies),2022-11,95.13,A,F,
M,N,B,KR,882,,A,Korea - Nominal - Broad (64 economies),2022-12,97.06,A,F,
M,N,B,KR,882,,A,Korea - Nominal - Broad (64 economies),2023-01,98.9,A,F,
M,N,B,KR,882,,A,Korea - Nominal - Broad (64 economies),2023-02,96.98,A,F,
M,N,B,KR,882,,A,Korea - Nominal - Broad (64 economies),2023-03,95.41,A,F,
M,N,B,KR,882,,A,Korea - Nominal - Broad (64 economies),2023-04,93.55,A,F,
M,N,B,KR,882,,A,Korea - Nominal - Broad (64 economies),2023-05,94.2,A,F,
M,N,B,KR,882,,A,Korea - Nominal - Broad (64 economies),2023-06,97.82,A,F,
M,N,B,KR,882,,A,Korea - Nominal - Broad (64 economies),2023-07,98.64,A,F,
M,N,B,KR,882,,A,Korea - Nominal - Broad (64 economies),2023-08,96.95,A,F,
M,N,B,KR,882,,A,Korea - Nominal - Broad (64 economies),2023-09,97.37,A,F,
M,N,B,KR,882,,A,Korea - Nominal - Broad (64 economies),2023-10,96.76,A,F,
M,N,B,KR,882,,A,Korea - Nominal - Broad (64 economies),2023-11,98.81,A,F,
M,N,B,KR,882,,A,Korea - Nominal - Broad (64 economies),2023-12,97.62,A,F,
M,N,B,KR,882,,A,Korea - Nominal - Broad (64 economies),2024-01,96.37,A,F,
M,N,B,KR,882,,A,Korea - Nominal - Broad (64 economies),2024-02,96.85,A,F,
M,N,B,KR,882,,A,Korea - Nominal - Broad (64 economies),2024-03,96.78,A,F,
M,N,B,KR,882,,A,Korea - Nominal - Broad (64 economies),2024-04,95.27,A,F,
M,N,B,KR,882,,A,Korea - Nominal - Broad (64 economies),2024-05,95.4,A,F,
M,N,B,KR,882,,A,Korea - Nominal - Broad (64 economies),2024-06,94.7,A,F,
M,N,B,KR,882,,A,Korea - Nominal - Broad (64 economies),2024-07,94.45,A,F,
M,N,B,KR,882,,A,Korea - Nominal - Broad (64 economies),2024-08,94.57,A,F,
M,N,B,KR,882,,A,Korea - Nominal - Broad (64 economies),2024-09,94.98,A,F,
M,N,B,KR,882,,A,Korea - Nominal - Broad (64 economies),2024-10,94,A,F,
M,N,B,KR,882,,A,Korea - Nominal - Broad (64 economies),2024-11,93.48,A,F,
M,N,B,KR,882,,A,Korea - Nominal - Broad (64 economies),2024-12,91.26,A,F,
M,N,B,KR,882,,A,Korea - Nominal - Broad (64 economies),2025-01,91.15,A,F,
M,N,B,KR,882,,A,Korea - Nominal - Broad (64 economies),2025-02,90.81,A,F,
M,N,B,KR,882,,A,Korea - Nominal - Broad (64 economies),2025-03,88.91,A,F,
M,N,B,KR,882,,A,Korea - Nominal - Broad (64 economies),2025-04,89.04,A,F,
M,N,B,KR,882,,A,Korea - Nominal - Broad (64 economies),2025-05,91.11,A,F,
M,N,B,KR,882,,A,Korea - Nominal - Broad (64 economies),2025-06,92.02,A,F,
M,N,B,KR,882,,A,Korea - Nominal - Broad (64 economies),2025-07,91.07,A,F,
M,N,B,KR,882,,A,Korea - Nominal - Broad (64 economies),2025-08,90.62,A,F,
M,N,B,KR,882,,A,Korea - Nominal - Broad (64 economies),2025-09,90.09,A,F,
M,N,B,KR,882,,A,Korea - Nominal - Broad (64 economies),2025-10,88.64,A,F,
M,N,B,KR,882,,A,Korea - Nominal - Broad (64 economies),2025-11,86.85,A,F,
M,N,B,KR,882,,A,Korea - Nominal - Broad (64 economies),2025-12,86.01,A,F,
M,N,B,KR,882,,A,Korea - Nominal - Broad (64 economies),2026-01,86.07,A,F,
M,N,B,KR,882,,A,Korea - Nominal - Broad (64 economies),2026-02,85.9,A,F,
M,N,B,KR,882,,A,Korea - Nominal - Broad (64 economies),2026-03,84.37,A,F,
M,N,B,KR,882,,A,Korea - Nominal - Broad (64 economies),2026-04,84.28,A,F,
M,N,B,KR,882,,A,Korea - Nominal - Broad (64 economies),2026-05,83.69,A,F,
M,N,B,KR,882,,A,Korea - Nominal - Broad (64 economies),2026-06,81.99,A,F,
M,N,B,KR,882,,A,Korea - Nominal - Broad (64 economies),2026-07,84.67,A,F,
M,N,B,KR,882,,A,Korea - Nominal - Broad (64 economies),2026-08,89.15,A,F,
M,N,B,MY,882,,A,Malaysia - Nominal - Broad (64 economies),1994-01,139.76,A,F,
M,N,B,MY,882,,A,Malaysia - Nominal - Broad (64 economies),1994-02,135.93,A,F,
M,N,B,MY,882,,A,Malaysia - Nominal - Broad (64 economies),1994-03,137.66,A,F,
M,N,B,MY,882,,A,Malaysia - Nominal - Broad (64 economies),1994-04,138.8,A,F,
M,N,B,MY,882,,A,Malaysia - Nominal - Broad (64 economies),1994-05,142.22,A,F,
M,N,B,MY,882,,A,Malaysia - Nominal - Broad (64 economies),1994-06,142.79,A,F,
M,N,B,MY,882,,A,Malaysia - Nominal - Broad (64 economies),1994-07,140.39,A,F,
M,N,B,MY,882,,A,Malaysia - Nominal - Broad (64 economies),1994-08,142.3,A,F,
M,N,B,MY,882,,A,Malaysia - Nominal - Broad (64 economies),1994-09,141.63,A,F,
M,N,B,MY,882,,A,Malaysia - Nominal - Broad (64 economies),1994-10,140.73,A,F,
M,N,B,MY,882,,A,Malaysia - Nominal - Broad (64 economies),1994-11,140.7,A,F,
M,N,B,MY,882,,A,Malaysia - Nominal - Broad (64 economies),1994-12,141.98,A,F,
M,N,B,MY,882,,A,Malaysia - Nominal - Broad (64 economies),1995-01,141.94,A,F,
M,N,B,MY,882,,A,Malaysia - Nominal - Broad (64 economies),1995-02,141.43,A,F,
M,N,B,MY,882,,A,Malaysia - Nominal - Broad (64 economies),1995-03,137.7,A,F,
M,N,B,MY,882,,A,Malaysia - Nominal - Broad (64 economies),1995-04,137.86,A,F,
M,N,B,MY,882,,A,Malaysia - Nominal - Broad (64 economies),1995-05,139.08,A,F,
M,N,B,MY,882,,A,Malaysia - Nominal - Broad (64 economies),1995-06,140.49,A,F,
M,N,B,MY,882,,A,Malaysia - Nominal - Broad (64 economies),1995-07,140.82,A,F,
M,N,B,MY,882,,A,Malaysia - Nominal - Broad (64 economies),1995-08,142.96,A,F,
M,N,B,MY,882,,A,Malaysia - Nominal - Broad (64 economies),1995-09,143.93,A,F,
M,N,B,MY,882,,A,Malaysia - Nominal - Broad (64 economies),1995-10,142.03,A,F,
M,N,B,MY,882,,A,Malaysia - Nominal - Broad (64 economies),1995-11,142.14,A,F,
M,N,B,MY,882,,A,Malaysia - Nominal - Broad (64 economies),1995-12,142.59,A,F,
M,N,B,MY,882,,A,Malaysia - Nominal - Broad (64 economies),1996-01,143.27,A,F,
M,N,B,MY,882,,A,Malaysia - Nominal - Broad (64 economies),1996-02,143.63,A,F,
M,N,B,MY,882,,A,Malaysia - Nominal - Broad (64 economies),1996-03,144.16,A,F,
M,N,B,MY,882,,A,Malaysia - Nominal - Broad (64 economies),1996-04,146.54,A,F,
M,N,B,MY,882,,A,Malaysia - Nominal - Broad (64 economies),1996-05,147.74,A,F,
M,N,B,MY,882,,A,Malaysia - Nominal - Broad (64 economies),1996-06,148.36,A,F,
M,N,B,MY,882,,A,Malaysia - Nominal - Broad (64 economies),1996-07,148.68,A,F,
M,N,B,MY,882,,A,Malaysia - Nominal - Broad (64 economies),1996-08,147.98,A,F,
M,N,B,MY,882,,A,Malaysia - Nominal - Broad (64 economies),1996-09,148.3,A,F,
M,N,B,MY,882,,A,Malaysia - Nominal - Broad (64 economies),1996-10,148.84,A,F,
M,N,B,MY,882,,A,Malaysia - Nominal - Broad (64 economies),1996-11,147.26,A,F,
M,N,B,MY,882,,A,Malaysia - Nominal - Broad (64 economies),1996-12,148.26,A,F,
M,N,B,MY,882,,A,Malaysia - Nominal - Broad (64 economies),1997-01,152.36,A,F,
M,N,B,MY,882,,A,Malaysia - Nominal - Broad (64 economies),1997-02,155.46,A,F,
M,N,B,MY,882,,A,Malaysia - Nominal - Broad (64 economies),1997-03,156.81,A,F,
M,N,B,MY,882,,A,Malaysia - Nominal - Broad (64 economies),1997-04,156.28,A,F,
M,N,B,MY,882,,A,Malaysia - Nominal - Broad (64 economies),1997-05,154.07,A,F,
M,N,B,MY,882,,A,Malaysia - Nominal - Broad (64 economies),1997-06,152.33,A,F,
M,N,B,MY,882,,A,Malaysia - Nominal - Broad (64 economies),1997-07,150.8,A,F,
M,N,B,MY,882,,A,Malaysia - Nominal - Broad (64 economies),1997-08,144.07,A,F,
M,N,B,MY,882,,A,Malaysia - Nominal - Broad (64 economies),1997-09,132.57,A,F,
M,N,B,MY,882,,A,Malaysia - Nominal - Broad (64 economies),1997-10,122.72,A,F,
M,N,B,MY,882,,A,Malaysia - Nominal - Broad (64 economies),1997-11,121.55,A,F,
M,N,B,MY,882,,A,Malaysia - Nominal - Broad (64 economies),1997-12,113.48,A,F,
M,N,B,MY,882,,A,Malaysia - Nominal - Broad (64 economies),1998-01,101.26,A,F,
M,N,B,MY,882,,A,Malaysia - Nominal - Broad (64 economies),1998-02,114.37,A,F,
M,N,B,MY,882,,A,Malaysia - Nominal - Broad (64 economies),1998-03,115.98,A,F,
M,N,B,MY,882,,A,Malaysia - Nominal - Broad (64 economies),1998-04,115.82,A,F,
M,N,B,MY,882,,A,Malaysia - Nominal - Broad (64 economies),1998-05,114.5,A,F,
M,N,B,MY,882,,A,Malaysia - Nominal - Broad (64 economies),1998-06,112,A,F,
M,N,B,MY,882,,A,Malaysia - Nominal - Broad (64 economies),1998-07,107.73,A,F,
M,N,B,MY,882,,A,Malaysia - Nominal - Broad (64 economies),1998-08,107.79,A,F,
M,N,B,MY,882,,A,Malaysia - Nominal - Broad (64 economies),1998-09,116.41,A,F,
M,N,B,MY,882,,A,Malaysia - Nominal - Broad (64 economies),1998-10,111.61,A,F,
M,N,B,MY,882,,A,Malaysia - Nominal - Broad (64 economies),1998-11,111.3,A,F,
M,N,B,MY,882,,A,Malaysia - Nominal - Broad (64 economies),1998-12,110.4,A,F,
M,N,B,MY,882,,A,Malaysia - Nominal - Broad (64 economies),1999-01,110.33,A,F,
M,N,B,MY,882,,A,Malaysia - Nominal - Broad (64 economies),1999-02,112,A,F,
M,N,B,MY,882,,A,Malaysia - Nominal - Broad (64 economies),1999-03,113.66,A,F,
M,N,B,MY,882,,A,Malaysia - Nominal - Broad (64 economies),1999-04,113.48,A,F,
M,N,B,MY,882,,A,Malaysia - Nominal - Broad (64 economies),1999-05,113.6,A,F,
M,N,B,MY,882,,A,Malaysia - Nominal - Broad (64 economies),1999-06,113.47,A,F,
M,N,B,MY,882,,A,Malaysia - Nominal - Broad (64 economies),1999-07,113.13,A,F,
M,N,B,MY,882,,A,Malaysia - Nominal - Broad (64 economies),1999-08,111.86,A,F,
M,N,B,MY,882,,A,Malaysia - Nominal - Broad (64 economies),1999-09,111.3,A,F,
M,N,B,MY,882,,A,Malaysia - Nominal - Broad (64 economies),1999-10,110.39,A,F,
M,N,B,MY,882,,A,Malaysia - Nominal - Broad (64 economies),1999-11,110.34,A,F,
M,N,B,MY,882,,A,Malaysia - Nominal - Broad (64 economies),1999-12,110.14,A,F,
M,N,B,MY,882,,A,Malaysia - Nominal - Broad (64 economies),2000-01,110.3,A,F,
M,N,B,MY,882,,A,Malaysia - Nominal - Broad (64 economies),2000-02,112.13,A,F,
M,N,B,MY,882,,A,Malaysia - Nominal - Broad (64 economies),2000-03,112.01,A,F,
M,N,B,MY,882,,A,Malaysia - Nominal - Broad (64 economies),2000-04,112.16,A,F,
M,N,B,MY,882,,A,Malaysia - Nominal - Broad (64 economies),2000-05,114.3,A,F,
M,N,B,MY,882,,A,Malaysia - Nominal - Broad (64 economies),2000-06,113.18,A,F,
M,N,B,MY,882,,A,Malaysia - Nominal - Broad (64 economies),2000-07,114.11,A,F,
M,N,B,MY,882,,A,Malaysia - Nominal - Broad (64 economies),2000-08,114.6,A,F,
M,N,B,MY,882,,A,Malaysia - Nominal - Broad (64 economies),2000-09,115.56,A,F,
M,N,B,MY,882,,A,Malaysia - Nominal - Broad (64 economies),2000-10,116.89,A,F,
M,N,B,MY,882,,A,Malaysia - Nominal - Broad (64 economies),2000-11,117.59,A,F,
M,N,B,MY,882,,A,Malaysia - Nominal - Broad (64 economies),2000-12,117.5,A,F,
M,N,B,MY,882,,A,Malaysia - Nominal - Broad (64 economies),2001-01,117.83,A,F,
M,N,B,MY,882,,A,Malaysia - Nominal - Broad (64 economies),2001-02,118.02,A,F,
M,N,B,MY,882,,A,Malaysia - Nominal - Broad (64 economies),2001-03,120.22,A,F,
M,N,B,MY,882,,A,Malaysia - Nominal - Broad (64 economies),2001-04,122.01,A,F,
M,N,B,MY,882,,A,Malaysia - Nominal - Broad (64 economies),2001-05,121.86,A,F,
M,N,B,MY,882,,A,Malaysia - Nominal - Broad (64 economies),2001-06,122.67,A,F,
M,N,B,MY,882,,A,Malaysia - Nominal - Broad (64 economies),2001-07,123.26,A,F,
M,N,B,MY,882,,A,Malaysia - Nominal - Broad (64 economies),2001-08,120.56,A,F,
M,N,B,MY,882,,A,Malaysia - Nominal - Broad (64 economies),2001-09,119.95,A,F,
M,N,B,MY,882,,A,Malaysia - Nominal - Broad (64 economies),2001-10,121.44,A,F,
M,N,B,MY,882,,A,Malaysia - Nominal - Broad (64 economies),2001-11,122.09,A,F,
M,N,B,MY,882,,A,Malaysia - Nominal - Broad (64 economies),2001-12,122.85,A,F,
M,N,B,MY,882,,A,Malaysia - Nominal - Broad (64 economies),2002-01,124.14,A,F,
M,N,B,MY,882,,A,Malaysia - Nominal - Broad (64 economies),2002-02,124.57,A,F,
M,N,B,MY,882,,A,Malaysia - Nominal - Broad (64 economies),2002-03,123.83,A,F,
M,N,B,MY,882,,A,Malaysia - Nominal - Broad (64 economies),2002-04,123.3,A,F,
M,N,B,MY,882,,A,Malaysia - Nominal - Broad (64 economies),2002-05,121.22,A,F,
M,N,B,MY,882,,A,Malaysia - Nominal - Broad (64 economies),2002-06,119.44,A,F,
M,N,B,MY,882,,A,Malaysia - Nominal - Broad (64 economies),2002-07,117.47,A,F,
M,N,B,MY,882,,A,Malaysia - Nominal - Broad (64 economies),2002-08,118.32,A,F,
M,N,B,MY,882,,A,Malaysia - Nominal - Broad (64 economies),2002-09,118.89,A,F,
M,N,B,MY,882,,A,Malaysia - Nominal - Broad (64 economies),2002-10,119.93,A,F,
M,N,B,MY,882,,A,Malaysia - Nominal - Broad (64 economies),2002-11,118.69,A,F,
M,N,B,MY,882,,A,Malaysia - Nominal - Broad (64 economies),2002-12,118.27,A,F,
M,N,B,MY,882,,A,Malaysia - Nominal - Broad (64 economies),2003-01,116.6,A,F,
M,N,B,MY,882,,A,Malaysia - Nominal - Broad (64 economies),2003-02,116.65,A,F,
M,N,B,MY,882,,A,Malaysia - Nominal - Broad (64 economies),2003-03,116.74,A,F,
M,N,B,MY,882,,A,Malaysia - Nominal - Broad (64 economies),2003-04,116.81,A,F,
M,N,B,MY,882,,A,Malaysia - Nominal - Broad (64 economies),2003-05,114.19,A,F,
M,N,B,MY,882,,A,Malaysia - Nominal - Broad (64 economies),2003-06,114.05,A,F,
M,N,B,MY,882,,A,Malaysia - Nominal - Broad (64 economies),2003-07,114.71,A,F,
M,N,B,MY,882,,A,Malaysia - Nominal - Broad (64 economies),2003-08,115.31,A,F,
M,N,B,MY,882,,A,Malaysia - Nominal - Broad (64 economies),2003-09,114.24,A,F,
M,N,B,MY,882,,A,Malaysia - Nominal - Broad (64 economies),2003-10,112.19,A,F,
M,N,B,MY,882,,A,Malaysia - Nominal - Broad (64 economies),2003-11,112.17,A,F,
M,N,B,MY,882,,A,Malaysia - Nominal - Broad (64 economies),2003-12,110.87,A,F,
M,N,B,MY,882,,A,Malaysia - Nominal - Broad (64 economies),2004-01,109.69,A,F,
M,N,B,MY,882,,A,Malaysia - Nominal - Broad (64 economies),2004-02,109.38,A,F,
M,N,B,MY,882,,A,Malaysia - Nominal - Broad (64 economies),2004-03,110.55,A,F,
M,N,B,MY,882,,A,Malaysia - Nominal - Broad (64 economies),2004-04,110.64,A,F,
M,N,B,MY,882,,A,Malaysia - Nominal - Broad (64 economies),2004-05,112.18,A,F,
M,N,B,MY,882,,A,Malaysia - Nominal - Broad (64 economies),2004-06,111.56,A,F,
M,N,B,MY,882,,A,Malaysia - Nominal - Broad (64 economies),2004-07,111.18,A,F,
M,N,B,MY,882,,A,Malaysia - Nominal - Broad (64 economies),2004-08,111.71,A,F,
M,N,B,MY,882,,A,Malaysia - Nominal - Broad (64 economies),2004-09,111.37,A,F,
M,N,B,MY,882,,A,Malaysia - Nominal - Broad (64 economies),2004-10,110.38,A,F,
M,N,B,MY,882,,A,Malaysia - Nominal - Broad (64 economies),2004-11,108.05,A,F,
M,N,B,MY,882,,A,Malaysia - Nominal - Broad (64 economies),2004-12,106.81,A,F,
M,N,B,MY,882,,A,Malaysia - Nominal - Broad (64 economies),2005-01,107.01,A,F,
M,N,B,MY,882,,A,Malaysia - Nominal - Broad (64 economies),2005-02,107.08,A,F,
M,N,B,MY,882,,A,Malaysia - Nominal - Broad (64 economies),2005-03,106.67,A,F,
M,N,B,MY,882,,A,Malaysia - Nominal - Broad (64 economies),2005-04,107.77,A,F,
M,N,B,MY,882,,A,Malaysia - Nominal - Broad (64 economies),2005-05,107.98,A,F,
M,N,B,MY,882,,A,Malaysia - Nominal - Broad (64 economies),2005-06,109.38,A,F,
M,N,B,MY,882,,A,Malaysia - Nominal - Broad (64 economies),2005-07,110.83,A,F,
M,N,B,MY,882,,A,Malaysia - Nominal - Broad (64 economies),2005-08,110.52,A,F,
M,N,B,MY,882,,A,Malaysia - Nominal - Broad (64 economies),2005-09,110.62,A,F,
M,N,B,MY,882,,A,Malaysia - Nominal - Broad (64 economies),2005-10,111.68,A,F,
M,N,B,MY,882,,A,Malaysia - Nominal - Broad (64 economies),2005-11,112.39,A,F,
M,N,B,MY,882,,A,Malaysia - Nominal - Broad (64 economies),2005-12,111.81,A,F,
M,N,B,MY,882,,A,Malaysia - Nominal - Broad (64 economies),2006-01,110.64,A,F,
M,N,B,MY,882,,A,Malaysia - Nominal - Broad (64 economies),2006-02,111.75,A,F,
M,N,B,MY,882,,A,Malaysia - Nominal - Broad (64 economies),2006-03,112.24,A,F,
M,N,B,MY,882,,A,Malaysia - Nominal - Broad (64 economies),2006-04,112.58,A,F,
M,N,B,MY,882,,A,Malaysia - Nominal - Broad (64 economies),2006-05,112.26,A,F,
M,N,B,MY,882,,A,Malaysia - Nominal - Broad (64 economies),2006-06,111.88,A,F,
M,N,B,MY,882,,A,Malaysia - Nominal - Broad (64 economies),2006-07,111.56,A,F,
M,N,B,MY,882,,A,Malaysia - Nominal - Broad (64 economies),2006-08,110.96,A,F,
M,N,B,MY,882,,A,Malaysia - Nominal - Broad (64 economies),2006-09,111.26,A,F,
M,N,B,MY,882,,A,Malaysia - Nominal - Broad (64 economies),2006-10,111.35,A,F,
M,N,B,MY,882,,A,Malaysia - Nominal - Broad (64 economies),2006-11,111.22,A,F,
M,N,B,MY,882,,A,Malaysia - Nominal - Broad (64 economies),2006-12,113.06,A,F,
M,N,B,MY,882,,A,Malaysia - Nominal - Broad (64 economies),2007-01,115.15,A,F,
M,N,B,MY,882,,A,Malaysia - Nominal - Broad (64 economies),2007-02,115.16,A,F,
M,N,B,MY,882,,A,Malaysia - Nominal - Broad (64 economies),2007-03,114.5,A,F,
M,N,B,MY,882,,A,Malaysia - Nominal - Broad (64 economies),2007-04,115.56,A,F,
M,N,B,MY,882,,A,Malaysia - Nominal - Broad (64 economies),2007-05,116.75,A,F,
M,N,B,MY,882,,A,Malaysia - Nominal - Broad (64 economies),2007-06,115.46,A,F,
M,N,B,MY,882,,A,Malaysia - Nominal - Broad (64 economies),2007-07,114.25,A,F,
M,N,B,MY,882,,A,Malaysia - Nominal - Broad (64 economies),2007-08,113.06,A,F,
M,N,B,MY,882,,A,Malaysia - Nominal - Broad (64 economies),2007-09,112.5,A,F,
M,N,B,MY,882,,A,Malaysia - Nominal - Broad (64 economies),2007-10,114.27,A,F,
M,N,B,MY,882,,A,Malaysia - Nominal - Broad (64 economies),2007-11,113.24,A,F,
M,N,B,MY,882,,A,Malaysia - Nominal - Broad (64 economies),2007-12,114.28,A,F,
M,N,B,MY,882,,A,Malaysia - Nominal - Broad (64 economies),2008-01,115.4,A,F,
M,N,B,MY,882,,A,Malaysia - Nominal - Broad (64 economies),2008-02,116.31,A,F,
M,N,B,MY,882,,A,Malaysia - Nominal - Broad (64 economies),2008-03,115.42,A,F,
M,N,B,MY,882,,A,Malaysia - Nominal - Broad (64 economies),2008-04,115.88,A,F,
M,N,B,MY,882,,A,Malaysia - Nominal - Broad (64 economies),2008-05,114.77,A,F,
M,N,B,MY,882,,A,Malaysia - Nominal - Broad (64 economies),2008-06,113.79,A,F,
M,N,B,MY,882,,A,Malaysia - Nominal - Broad (64 economies),2008-07,113.36,A,F,
M,N,B,MY,882,,A,Malaysia - Nominal - Broad (64 economies),2008-08,113.04,A,F,
M,N,B,MY,882,,A,Malaysia - Nominal - Broad (64 economies),2008-09,111.16,A,F,
M,N,B,MY,882,,A,Malaysia - Nominal - Broad (64 economies),2008-10,111.94,A,F,
M,N,B,MY,882,,A,Malaysia - Nominal - Broad (64 economies),2008-11,111.96,A,F,
M,N,B,MY,882,,A,Malaysia - Nominal - Broad (64 economies),2008-12,111.1,A,F,
M,N,B,MY,882,,A,Malaysia - Nominal - Broad (64 economies),2009-01,110.68,A,F,
M,N,B,MY,882,,A,Malaysia - Nominal - Broad (64 economies),2009-02,110.98,A,F,
M,N,B,MY,882,,A,Malaysia - Nominal - Broad (64 economies),2009-03,110.51,A,F,
M,N,B,MY,882,,A,Malaysia - Nominal - Broad (64 economies),2009-04,110.95,A,F,
M,N,B,MY,882,,A,Malaysia - Nominal - Broad (64 economies),2009-05,110.98,A,F,
M,N,B,MY,882,,A,Malaysia - Nominal - Broad (64 economies),2009-06,110.17,A,F,
M,N,B,MY,882,,A,Malaysia - Nominal - Broad (64 economies),2009-07,108.79,A,F,
M,N,B,MY,882,,A,Malaysia - Nominal - Broad (64 economies),2009-08,109.08,A,F,
M,N,B,MY,882,,A,Malaysia - Nominal - Broad (64 economies),2009-09,108.52,A,F,
M,N,B,MY,882,,A,Malaysia - Nominal - Broad (64 economies),2009-10,110,A,F,
M,N,B,MY,882,,A,Malaysia - Nominal - Broad (64 economies),2009-11,109.89,A,F,
M,N,B,MY,882,,A,Malaysia - Nominal - Broad (64 economies),2009-12,109.73,A,F,
M,N,B,MY,882,,A,Malaysia - Nominal - Broad (64 economies),2010-01,111.18,A,F,
M,N,B,MY,882,,A,Malaysia - Nominal - Broad (64 economies),2010-02,110.92,A,F,
M,N,B,MY,882,,A,Malaysia - Nominal - Broad (64 economies),2010-03,113.64,A,F,
M,N,B,MY,882,,A,Malaysia - Nominal - Broad (64 economies),2010-04,117.87,A,F,
M,N,B,MY,882,,A,Malaysia - Nominal - Broad (64 economies),2010-05,118.05,A,F,
M,N,B,MY,882,,A,Malaysia - Nominal - Broad (64 economies),2010-06,118.35,A,F,
M,N,B,MY,882,,A,Malaysia - Nominal - Broad (64 economies),2010-07,118.5,A,F,
M,N,B,MY,882,,A,Malaysia - Nominal - Broad (64 economies),2010-08,119.19,A,F,
M,N,B,MY,882,,A,Malaysia - Nominal - Broad (64 economies),2010-09,119.76,A,F,
M,N,B,MY,882,,A,Malaysia - Nominal - Broad (64 economies),2010-10,116.94,A,F,
M,N,B,MY,882,,A,Malaysia - Nominal - Broad (64 economies),2010-11,116.62,A,F,
M,N,B,MY,882,,A,Malaysia - Nominal - Broad (64 economies),2010-12,117.22,A,F,
M,N,B,MY,882,,A,Malaysia - Nominal - Broad (64 economies),2011-01,118.77,A,F,
M,N,B,MY,882,,A,Malaysia - Nominal - Broad (64 economies),2011-02,118.82,A,F,
M,N,B,MY,882,,A,Malaysia - Nominal - Broad (64 economies),2011-03,118.25,A,F,
M,N,B,MY,882,,A,Malaysia - Nominal - Broad (64 economies),2011-04,117.86,A,F,
M,N,B,MY,882,,A,Malaysia - Nominal - Broad (64 economies),2011-05,117.19,A,F,
M,N,B,MY,882,,A,Malaysia - Nominal - Broad (64 economies),2011-06,116.48,A,F,
M,N,B,MY,882,,A,Malaysia - Nominal - Broad (64 economies),2011-07,117.22,A,F,
M,N,B,MY,882,,A,Malaysia - Nominal - Broad (64 economies),2011-08,117.06,A,F,
M,N,B,MY,882,,A,Malaysia - Nominal - Broad (64 economies),2011-09,115.5,A,F,
M,N,B,MY,882,,A,Malaysia - Nominal - Broad (64 economies),2011-10,114.44,A,F,
M,N,B,MY,882,,A,Malaysia - Nominal - Broad (64 economies),2011-11,114.26,A,F,
M,N,B,MY,882,,A,Malaysia - Nominal - Broad (64 economies),2011-12,114.89,A,F,
M,N,B,MY,882,,A,Malaysia - Nominal - Broad (64 economies),2012-01,116.41,A,F,
M,N,B,MY,882,,A,Malaysia - Nominal - Broad (64 economies),2012-02,118.53,A,F,
M,N,B,MY,882,,A,Malaysia - Nominal - Broad (64 economies),2012-03,118.62,A,F,
M,N,B,MY,882,,A,Malaysia - Nominal - Broad (64 economies),2012-04,118.06,A,F,
M,N,B,MY,882,,A,Malaysia - Nominal - Broad (64 economies),2012-05,117.52,A,F,
M,N,B,MY,882,,A,Malaysia - Nominal - Broad (64 economies),2012-06,115.7,A,F,
M,N,B,MY,882,,A,Malaysia - Nominal - Broad (64 economies),2012-07,116.03,A,F,
M,N,B,MY,882,,A,Malaysia - Nominal - Broad (64 economies),2012-08,117.33,A,F,
M,N,B,MY,882,,A,Malaysia - Nominal - Broad (64 economies),2012-09,117.37,A,F,
M,N,B,MY,882,,A,Malaysia - Nominal - Broad (64 economies),2012-10,117.8,A,F,
M,N,B,MY,882,,A,Malaysia - Nominal - Broad (64 economies),2012-11,118.15,A,F,
M,N,B,MY,882,,A,Malaysia - Nominal - Broad (64 economies),2012-12,118.12,A,F,
M,N,B,MY,882,,A,Malaysia - Nominal - Broad (64 economies),2013-01,119.17,A,F,
M,N,B,MY,882,,A,Malaysia - Nominal - Broad (64 economies),2013-02,117.84,A,F,
M,N,B,MY,882,,A,Malaysia - Nominal - Broad (64 economies),2013-03,118.41,A,F,
M,N,B,MY,882,,A,Malaysia - Nominal - Broad (64 economies),2013-04,120.93,A,F,
M,N,B,MY,882,,A,Malaysia - Nominal - Broad (64 economies),2013-05,122.82,A,F,
M,N,B,MY,882,,A,Malaysia - Nominal - Broad (64 economies),2013-06,118.05,A,F,
M,N,B,MY,882,,A,Malaysia - Nominal - Broad (64 economies),2013-07,117.2,A,F,
M,N,B,MY,882,,A,Malaysia - Nominal - Broad (64 economies),2013-08,113.99,A,F,
M,N,B,MY,882,,A,Malaysia - Nominal - Broad (64 economies),2013-09,114.86,A,F,
M,N,B,MY,882,,A,Malaysia - Nominal - Broad (64 economies),2013-10,116.32,A,F,
M,N,B,MY,882,,A,Malaysia - Nominal - Broad (64 economies),2013-11,116.33,A,F,
M,N,B,MY,882,,A,Malaysia - Nominal - Broad (64 economies),2013-12,115.03,A,F,
M,N,B,MY,882,,A,Malaysia - Nominal - Broad (64 economies),2014-01,113.79,A,F,
M,N,B,MY,882,,A,Malaysia - Nominal - Broad (64 economies),2014-02,113.46,A,F,
M,N,B,MY,882,,A,Malaysia - Nominal - Broad (64 economies),2014-03,114.38,A,F,
M,N,B,MY,882,,A,Malaysia - Nominal - Broad (64 economies),2014-04,115.09,A,F,
M,N,B,MY,882,,A,Malaysia - Nominal - Broad (64 economies),2014-05,115.87,A,F,
M,N,B,MY,882,,A,Malaysia - Nominal - Broad (64 economies),2014-06,116.47,A,F,
M,N,B,MY,882,,A,Malaysia - Nominal - Broad (64 economies),2014-07,117.45,A,F,
M,N,B,MY,882,,A,Malaysia - Nominal - Broad (64 economies),2014-08,118.19,A,F,
M,N,B,MY,882,,A,Malaysia - Nominal - Broad (64 economies),2014-09,118.11,A,F,
M,N,B,MY,882,,A,Malaysia - Nominal - Broad (64 economies),2014-10,117.25,A,F,
M,N,B,MY,882,,A,Malaysia - Nominal - Broad (64 economies),2014-11,116.31,A,F,
M,N,B,MY,882,,A,Malaysia - Nominal - Broad (64 economies),2014-12,113.43,A,F,
M,N,B,MY,882,,A,Malaysia - Nominal - Broad (64 economies),2015-01,111.47,A,F,
M,N,B,MY,882,,A,Malaysia - Nominal - Broad (64 economies),2015-02,111.81,A,F,
M,N,B,MY,882,,A,Malaysia - Nominal - Broad (64 economies),2015-03,110.51,A,F,
M,N,B,MY,882,,A,Malaysia - Nominal - Broad (64 economies),2015-04,111.35,A,F,
M,N,B,MY,882,,A,Malaysia - Nominal - Broad (64 economies),2015-05,111.71,A,F,
M,N,B,MY,882,,A,Malaysia - Nominal - Broad (64 economies),2015-06,108.25,A,F,
M,N,B,MY,882,,A,Malaysia - Nominal - Broad (64 economies),2015-07,107.38,A,F,
M,N,B,MY,882,,A,Malaysia - Nominal - Broad (64 economies),2015-08,101.9,A,F,
M,N,B,MY,882,,A,Malaysia - Nominal - Broad (64 economies),2015-09,96.69,A,F,
M,N,B,MY,882,,A,Malaysia - Nominal - Broad (64 economies),2015-10,97.04,A,F,
M,N,B,MY,882,,A,Malaysia - Nominal - Broad (64 economies),2015-11,96.88,A,F,
M,N,B,MY,882,,A,Malaysia - Nominal - Broad (64 economies),2015-12,97.87,A,F,
M,N,B,MY,882,,A,Malaysia - Nominal - Broad (64 economies),2016-01,97.59,A,F,
M,N,B,MY,882,,A,Malaysia - Nominal - Broad (64 economies),2016-02,100.3,A,F,
M,N,B,MY,882,,A,Malaysia - Nominal - Broad (64 economies),2016-03,101.96,A,F,
M,N,B,MY,882,,A,Malaysia - Nominal - Broad (64 economies),2016-04,104.94,A,F,
M,N,B,MY,882,,A,Malaysia - Nominal - Broad (64 economies),2016-05,101.92,A,F,
M,N,B,MY,882,,A,Malaysia - Nominal - Broad (64 economies),2016-06,101.03,A,F,
M,N,B,MY,882,,A,Malaysia - Nominal - Broad (64 economies),2016-07,102.72,A,F,
M,N,B,MY,882,,A,Malaysia - Nominal - Broad (64 economies),2016-08,101.57,A,F,
M,N,B,MY,882,,A,Malaysia - Nominal - Broad (64 economies),2016-09,99.73,A,F,
M,N,B,MY,882,,A,Malaysia - Nominal - Broad (64 economies),2016-10,99.22,A,F,
M,N,B,MY,882,,A,Malaysia - Nominal - Broad (64 economies),2016-11,97.18,A,F,
M,N,B,MY,882,,A,Malaysia - Nominal - Broad (64 economies),2016-12,96.2,A,F,
M,N,B,MY,882,,A,Malaysia - Nominal - Broad (64 economies),2017-01,95.84,A,F,
M,N,B,MY,882,,A,Malaysia - Nominal - Broad (64 economies),2017-02,95.23,A,F,
M,N,B,MY,882,,A,Malaysia - Nominal - Broad (64 economies),2017-03,95.18,A,F,
M,N,B,MY,882,,A,Malaysia - Nominal - Broad (64 economies),2017-04,95.35,A,F,
M,N,B,MY,882,,A,Malaysia - Nominal - Broad (64 economies),2017-05,96.94,A,F,
M,N,B,MY,882,,A,Malaysia - Nominal - Broad (64 economies),2017-06,97.04,A,F,
M,N,B,MY,882,,A,Malaysia - Nominal - Broad (64 economies),2017-07,96.27,A,F,
M,N,B,MY,882,,A,Malaysia - Nominal - Broad (64 economies),2017-08,95.32,A,F,
M,N,B,MY,882,,A,Malaysia - Nominal - Broad (64 economies),2017-09,96.33,A,F,
M,N,B,MY,882,,A,Malaysia - Nominal - Broad (64 economies),2017-10,96.89,A,F,
M,N,B,MY,882,,A,Malaysia - Nominal - Broad (64 economies),2017-11,98.2,A,F,
M,N,B,MY,882,,A,Malaysia - Nominal - Broad (64 economies),2017-12,99.9,A,F,
M,N,B,MY,882,,A,Malaysia - Nominal - Broad (64 economies),2018-01,101.04,A,F,
M,N,B,MY,882,,A,Malaysia - Nominal - Broad (64 economies),2018-02,101.29,A,F,
M,N,B,MY,882,,A,Malaysia - Nominal - Broad (64 economies),2018-03,101.49,A,F,
M,N,B,MY,882,,A,Malaysia - Nominal - Broad (64 economies),2018-04,102.11,A,F,
M,N,B,MY,882,,A,Malaysia - Nominal - Broad (64 economies),2018-05,101.83,A,F,
M,N,B,MY,882,,A,Malaysia - Nominal - Broad (64 economies),2018-06,102.03,A,F,
M,N,B,MY,882,,A,Malaysia - Nominal - Broad (64 economies),2018-07,102.37,A,F,
M,N,B,MY,882,,A,Malaysia - Nominal - Broad (64 economies),2018-08,102.17,A,F,
M,N,B,MY,882,,A,Malaysia - Nominal - Broad (64 economies),2018-09,101.21,A,F,
M,N,B,MY,882,,A,Malaysia - Nominal - Broad (64 economies),2018-10,101.47,A,F,
M,N,B,MY,882,,A,Malaysia - Nominal - Broad (64 economies),2018-11,100.93,A,F,
M,N,B,MY,882,,A,Malaysia - Nominal - Broad (64 economies),2018-12,100.86,A,F,
M,N,B,MY,882,,A,Malaysia - Nominal - Broad (64 economies),2019-01,101.08,A,F,
M,N,B,MY,882,,A,Malaysia - Nominal - Broad (64 economies),2019-02,101.96,A,F,
M,N,B,MY,882,,A,Malaysia - Nominal - Broad (64 economies),2019-03,102.09,A,F,
M,N,B,MY,882,,A,Malaysia - Nominal - Broad (64 economies),2019-04,101.33,A,F,
M,N,B,MY,882,,A,Malaysia - Nominal - Broad (64 economies),2019-05,100.99,A,F,
M,N,B,MY,882,,A,Malaysia - Nominal - Broad (64 economies),2019-06,100.86,A,F,
M,N,B,MY,882,,A,Malaysia - Nominal - Broad (64 economies),2019-07,101.52,A,F,
M,N,B,MY,882,,A,Malaysia - Nominal - Broad (64 economies),2019-08,101.29,A,F,
M,N,B,MY,882,,A,Malaysia - Nominal - Broad (64 economies),2019-09,101.6,A,F,
M,N,B,MY,882,,A,Malaysia - Nominal - Broad (64 economies),2019-10,101.19,A,F,
M,N,B,MY,882,,A,Malaysia - Nominal - Broad (64 economies),2019-11,101.48,A,F,
M,N,B,MY,882,,A,Malaysia - Nominal - Broad (64 economies),2019-12,101.49,A,F,
M,N,B,MY,882,,A,Malaysia - Nominal - Broad (64 economies),2020-01,102.65,A,F,
M,N,B,MY,882,,A,Malaysia - Nominal - Broad (64 economies),2020-02,101.92,A,F,
M,N,B,MY,882,,A,Malaysia - Nominal - Broad (64 economies),2020-03,99.74,A,F,
M,N,B,MY,882,,A,Malaysia - Nominal - Broad (64 economies),2020-04,99.42,A,F,
M,N,B,MY,882,,A,Malaysia - Nominal - Broad (64 economies),2020-05,99.35,A,F,
M,N,B,MY,882,,A,Malaysia - Nominal - Broad (64 economies),2020-06,99.49,A,F,
M,N,B,MY,882,,A,Malaysia - Nominal - Broad (64 economies),2020-07,99.06,A,F,
M,N,B,MY,882,,A,Malaysia - Nominal - Broad (64 economies),2020-08,99.82,A,F,
M,N,B,MY,882,,A,Malaysia - Nominal - Broad (64 economies),2020-09,100.26,A,F,
M,N,B,MY,882,,A,Malaysia - Nominal - Broad (64 economies),2020-10,99.58,A,F,
M,N,B,MY,882,,A,Malaysia - Nominal - Broad (64 economies),2020-11,99.28,A,F,
M,N,B,MY,882,,A,Malaysia - Nominal - Broad (64 economies),2020-12,99.42,A,F,
M,N,B,MY,882,,A,Malaysia - Nominal - Broad (64 economies),2021-01,99.34,A,F,
M,N,B,MY,882,,A,Malaysia - Nominal - Broad (64 economies),2021-02,99.3,A,F,
M,N,B,MY,882,,A,Malaysia - Nominal - Broad (64 economies),2021-03,99.09,A,F,
M,N,B,MY,882,,A,Malaysia - Nominal - Broad (64 economies),2021-04,98.81,A,F,
M,N,B,MY,882,,A,Malaysia - Nominal - Broad (64 economies),2021-05,97.8,A,F,
M,N,B,MY,882,,A,Malaysia - Nominal - Broad (64 economies),2021-06,97.84,A,F,
M,N,B,MY,882,,A,Malaysia - Nominal - Broad (64 economies),2021-07,97.43,A,F,
M,N,B,MY,882,,A,Malaysia - Nominal - Broad (64 economies),2021-08,97.12,A,F,
M,N,B,MY,882,,A,Malaysia - Nominal - Broad (64 economies),2021-09,98.18,A,F,
M,N,B,MY,882,,A,Malaysia - Nominal - Broad (64 economies),2021-10,98.79,A,F,
M,N,B,MY,882,,A,Malaysia - Nominal - Broad (64 economies),2021-11,98.73,A,F,
M,N,B,MY,882,,A,Malaysia - Nominal - Broad (64 economies),2021-12,98.37,A,F,
M,N,B,MY,882,,A,Malaysia - Nominal - Broad (64 economies),2022-01,98.64,A,F,
M,N,B,MY,882,,A,Malaysia - Nominal - Broad (64 economies),2022-02,98.62,A,F,
M,N,B,MY,882,,A,Malaysia - Nominal - Broad (64 economies),2022-03,99.7,A,F,
M,N,B,MY,882,,A,Malaysia - Nominal - Broad (64 economies),2022-04,99.41,A,F,
M,N,B,MY,882,,A,Malaysia - Nominal - Broad (64 economies),2022-05,99.12,A,F,
M,N,B,MY,882,,A,Malaysia - Nominal - Broad (64 economies),2022-06,99.29,A,F,
M,N,B,MY,882,,A,Malaysia - Nominal - Broad (64 economies),2022-07,99.94,A,F,
M,N,B,MY,882,,A,Malaysia - Nominal - Broad (64 economies),2022-08,99.44,A,F,
M,N,B,MY,882,,A,Malaysia - Nominal - Broad (64 economies),2022-09,100.58,A,F,
M,N,B,MY,882,,A,Malaysia - Nominal - Broad (64 economies),2022-10,99.17,A,F,
M,N,B,MY,882,,A,Malaysia - Nominal - Broad (64 economies),2022-11,99.04,A,F,
M,N,B,MY,882,,A,Malaysia - Nominal - Broad (64 economies),2022-12,100.67,A,F,
M,N,B,MY,882,,A,Malaysia - Nominal - Broad (64 economies),2023-01,100.65,A,F,
M,N,B,MY,882,,A,Malaysia - Nominal - Broad (64 economies),2023-02,100.32,A,F,
M,N,B,MY,882,,A,Malaysia - Nominal - Broad (64 economies),2023-03,98.77,A,F,
M,N,B,MY,882,,A,Malaysia - Nominal - Broad (64 economies),2023-04,99.16,A,F,
M,N,B,MY,882,,A,Malaysia - Nominal - Broad (64 economies),2023-05,97.86,A,F,
M,N,B,MY,882,,A,Malaysia - Nominal - Broad (64 economies),2023-06,96.59,A,F,
M,N,B,MY,882,,A,Malaysia - Nominal - Broad (64 economies),2023-07,97.21,A,F,
M,N,B,MY,882,,A,Malaysia - Nominal - Broad (64 economies),2023-08,98.12,A,F,
M,N,B,MY,882,,A,Malaysia - Nominal - Broad (64 economies),2023-09,97.69,A,F,
M,N,B,MY,882,,A,Malaysia - Nominal - Broad (64 economies),2023-10,97.05,A,F,
M,N,B,MY,882,,A,Malaysia - Nominal - Broad (64 economies),2023-11,96.94,A,F,
M,N,B,MY,882,,A,Malaysia - Nominal - Broad (64 economies),2023-12,96.26,A,F,
M,N,B,MY,882,,A,Malaysia - Nominal - Broad (64 economies),2024-01,96.15,A,F,
M,N,B,MY,882,,A,Malaysia - Nominal - Broad (64 economies),2024-02,95.2,A,F,
M,N,B,MY,882,,A,Malaysia - Nominal - Broad (64 economies),2024-03,96.31,A,F,
M,N,B,MY,882,,A,Malaysia - Nominal - Broad (64 economies),2024-04,96.52,A,F,
M,N,B,MY,882,,A,Malaysia - Nominal - Broad (64 economies),2024-05,97.39,A,F,
M,N,B,MY,882,,A,Malaysia - Nominal - Broad (64 economies),2024-06,97.88,A,F,
M,N,B,MY,882,,A,Malaysia - Nominal - Broad (64 economies),2024-07,98.44,A,F,
M,N,B,MY,882,,A,Malaysia - Nominal - Broad (64 economies),2024-08,102.21,A,F,
M,N,B,MY,882,,A,Malaysia - Nominal - Broad (64 economies),2024-09,104.53,A,F,
M,N,B,MY,882,,A,Malaysia - Nominal - Broad (64 economies),2024-10,104.79,A,F,
M,N,B,MY,882,,A,Malaysia - Nominal - Broad (64 economies),2024-11,103.42,A,F,
M,N,B,MY,882,,A,Malaysia - Nominal - Broad (64 economies),2024-12,103.75,A,F,
M,N,B,MY,882,,A,Malaysia - Nominal - Broad (64 economies),2025-01,104.38,A,F,
M,N,B,MY,882,,A,Malaysia - Nominal - Broad (64 economies),2025-02,104.15,A,F,
M,N,B,MY,882,,A,Malaysia - Nominal - Broad (64 economies),2025-03,103.49,A,F,
M,N,B,MY,882,,A,Malaysia - Nominal - Broad (64 economies),2025-04,103.07,A,F,
M,N,B,MY,882,,A,Malaysia - Nominal - Broad (64 economies),2025-05,104.85,A,F,
M,N,B,MY,882,,A,Malaysia - Nominal - Broad (64 economies),2025-06,104.52,A,F,
M,N,B,MY,882,,A,Malaysia - Nominal - Broad (64 economies),2025-07,104.5,A,F,
M,N,B,MY,882,,A,Malaysia - Nominal - Broad (64 economies),2025-08,105.25,A,F,
M,N,B,MY,882,,A,Malaysia - Nominal - Broad (64 economies),2025-09,105.35,A,F,
M,N,B,MY,882,,A,Malaysia - Nominal - Broad (64 economies),2025-10,106.01,A,F,
M,N,B,MY,882,,A,Malaysia - Nominal - Broad (64 economies),2025-11,108.21,A,F,
M,N,B,MY,882,,A,Malaysia - Nominal - Broad (64 economies),2025-12,109.27,A,F,
M,N,B,MY,882,,A,Malaysia - Nominal - Broad (64 economies),2026-01,110.52,A,F,
M,N,B,MY,882,,A,Malaysia - Nominal - Broad (64 economies),2026-02,113,A,F,
M,N,B,MY,882,,A,Malaysia - Nominal - Broad (64 economies),2026-03,113.17,A,F,
M,N,B,MY,882,,A,Malaysia - Nominal - Broad (64 economies),2026-04,112,A,F,
M,N,B,MY,882,,A,Malaysia - Nominal - Broad (64 economies),2026-05,112.56,A,F,
M,N,B,MY,882,,A,Malaysia - Nominal - Broad (64 economies),2026-06,110.06,A,F,
M,N,B,MY,882,,A,Malaysia - Nominal - Broad (64 economies),2026-07,110.24,A,F,
M,N,B,MY,882,,A,Malaysia - Nominal - Broad (64 economies),2026-08,109.44,A,F,
