FREQ,EER_TYPE,EER_BASKET,REF_AREA,UNIT_MEASURE,TIME_FORMAT,COLLECTION,TITLE_TS,TIME_PERIOD,OBS_VALUE,OBS_STATUS,OBS_CONF,OBS_PRE_BREAK
M,R,B,AU,882,,A,Australia - Real - Broad (64 economies),1994-01,88.93,A,F,
M,R,B,AU,882,,A,Australia - Real - Broad (64 economies),1994-02,90.27,A,F,
M,R,B,AU,882,,A,Australia - Real - Broad (64 economies),1994-03,88.98,A,F,
M,R,B,AU,882,,A,Australia - Real - Broad (64 economies),1994-04,89.25,A,F,
M,R,B,AU,882,,A,Australia - Real - Broad (64 economies),1994-05,89.71,A,F,
M,R,B,AU,882,,A,Australia - Real - Broad (64 economies),1994-06,90.26,A,F,
M,R,B,AU,882,,A,Australia - Real - Broad (64 economies),1994-07,88.91,A,F,
M,R,B,AU,882,,A,Australia - Real - Broad (64 economies),1994-08,89.28,A,F,
M,R,B,AU,882,,A,Australia - Real - Broad (64 economies),1994-09,88.57,A,F,
M,R,B,AU,882,,A,Australia - Real - Broad (64 economies),1994-10,87.48,A,F,
M,R,B,AU,882,,A,Australia - Real - Broad (64 economies),1994-11,89.74,A,F,
M,R,B,AU,882,,A,Australia - Real - Broad (64 economies),1994-12,93.37,A,F,
M,R,B,AU,882,,A,Australia - Real - Broad (64 economies),1995-01,91.84,A,F,
M,R,B,AU,882,,A,Australia - Real - Broad (64 economies),1995-02,89.1,A,F,
M,R,B,AU,882,,A,Australia - Real - Broad (64 economies),1995-03,85.69,A,F,
M,R,B,AU,882,,A,Australia - Real - Broad (64 economies),1995-04,83.68,A,F,
M,R,B,AU,882,,A,Australia - Real - Broad (64 economies),1995-05,83.27,A,F,
M,R,B,AU,882,,A,Australia - Real - Broad (64 economies),1995-06,82.35,A,F,
M,R,B,AU,882,,A,Australia - Real - Broad (64 economies),1995-07,83.91,A,F,
M,R,B,AU,882,,A,Australia - Real - Broad (64 economies),1995-08,88.15,A,F,
M,R,B,AU,882,,A,Australia - Real - Broad (64 economies),1995-09,90.98,A,F,
M,R,B,AU,882,,A,Australia - Real - Broad (64 economies),1995-10,90.95,A,F,
M,R,B,AU,882,,A,Australia - Real - Broad (64 economies),1995-11,89.91,A,F,
M,R,B,AU,882,,A,Australia - Real - Broad (64 economies),1995-12,89.81,A,F,
M,R,B,AU,882,,A,Australia - Real - Broad (64 economies),1996-01,90.4,A,F,
M,R,B,AU,882,,A,Australia - Real - Broad (64 economies),1996-02,91.85,A,F,
M,R,B,AU,882,,A,Australia - Real - Broad (64 economies),1996-03,93.77,A,F,
M,R,B,AU,882,,A,Australia - Real - Broad (64 economies),1996-04,95.83,A,F,
M,R,B,AU,882,,A,Australia - Real - Broad (64 economies),1996-05,97.37,A,F,
M,R,B,AU,882,,A,Australia - Real - Broad (64 economies),1996-06,97.15,A,F,
M,R,B,AU,882,,A,Australia - Real - Broad (64 economies),1996-07,96.72,A,F,
M,R,B,AU,882,,A,Australia - Real - Broad (64 economies),1996-08,95.32,A,F,
M,R,B,AU,882,,A,Australia - Real - Broad (64 economies),1996-09,96.64,A,F,
M,R,B,AU,882,,A,Australia - Real - Broad (64 economies),1996-10,96.83,A,F,
M,R,B,AU,882,,A,Australia - Real - Broad (64 economies),1996-11,96.84,A,F,
M,R,B,AU,882,,A,Australia - Real - Broad (64 economies),1996-12,97.68,A,F,
M,R,B,AU,882,,A,Australia - Real - Broad (64 economies),1997-01,96.29,A,F,
M,R,B,AU,882,,A,Australia - Real - Broad (64 economies),1997-02,96.62,A,F,
M,R,B,AU,882,,A,Australia - Real - Broad (64 economies),1997-03,99.63,A,F,
M,R,B,AU,882,,A,Australia - Real - Broad (64 economies),1997-04,98.4,A,F,
M,R,B,AU,882,,A,Australia - Real - Broad (64 economies),1997-05,96.47,A,F,
M,R,B,AU,882,,A,Australia - Real - Broad (64 economies),1997-06,93.3,A,F,
M,R,B,AU,882,,A,Australia - Real - Broad (64 economies),1997-07,92.92,A,F,
M,R,B,AU,882,,A,Australia - Real - Broad (64 economies),1997-08,94.46,A,F,
M,R,B,AU,882,,A,Australia - Real - Broad (64 economies),1997-09,92.46,A,F,
M,R,B,AU,882,,A,Australia - Real - Broad (64 economies),1997-10,92.58,A,F,
M,R,B,AU,882,,A,Australia - Real - Broad (64 economies),1997-11,90.23,A,F,
M,R,B,AU,882,,A,Australia - Real - Broad (64 economies),1997-12,90,A,F,
M,R,B,AU,882,,A,Australia - Real - Broad (64 economies),1998-01,92.08,A,F,
M,R,B,AU,882,,A,Australia - Real - Broad (64 economies),1998-02,92.57,A,F,
M,R,B,AU,882,,A,Australia - Real - Broad (64 economies),1998-03,91.77,A,F,
M,R,B,AU,882,,A,Australia - Real - Broad (64 economies),1998-04,89.11,A,F,
M,R,B,AU,882,,A,Australia - Real - Broad (64 economies),1998-05,86.76,A,F,
M,R,B,AU,882,,A,Australia - Real - Broad (64 economies),1998-06,85.06,A,F,
M,R,B,AU,882,,A,Australia - Real - Broad (64 economies),1998-07,87.21,A,F,
M,R,B,AU,882,,A,Australia - Real - Broad (64 economies),1998-08,83.73,A,F,
M,R,B,AU,882,,A,Australia - Real - Broad (64 economies),1998-09,81.16,A,F,
M,R,B,AU,882,,A,Australia - Real - Broad (64 economies),1998-10,82.23,A,F,
M,R,B,AU,882,,A,Australia - Real - Broad (64 economies),1998-11,84.51,A,F,
M,R,B,AU,882,,A,Australia - Real - Broad (64 economies),1998-12,81.93,A,F,
M,R,B,AU,882,,A,Australia - Real - Broad (64 economies),1999-01,83.19,A,F,
M,R,B,AU,882,,A,Australia - Real - Broad (64 economies),1999-02,85.36,A,F,
M,R,B,AU,882,,A,Australia - Real - Broad (64 economies),1999-03,85.3,A,F,
M,R,B,AU,882,,A,Australia - Real - Broad (64 economies),1999-04,86.67,A,F,
M,R,B,AU,882,,A,Australia - Real - Broad (64 economies),1999-05,89.82,A,F,
M,R,B,AU,882,,A,Australia - Real - Broad (64 economies),1999-06,89.73,A,F,
M,R,B,AU,882,,A,Australia - Real - Broad (64 economies),1999-07,90.12,A,F,
M,R,B,AU,882,,A,Australia - Real - Broad (64 economies),1999-08,87.29,A,F,
M,R,B,AU,882,,A,Australia - Real - Broad (64 economies),1999-09,87.26,A,F,
M,R,B,AU,882,,A,Australia - Real - Broad (64 economies),1999-10,87,A,F,
M,R,B,AU,882,,A,Australia - Real - Broad (64 economies),1999-11,85.78,A,F,
M,R,B,AU,882,,A,Australia - Real - Broad (64 economies),1999-12,86.23,A,F,
M,R,B,AU,882,,A,Australia - Real - Broad (64 economies),2000-01,88.81,A,F,
M,R,B,AU,882,,A,Australia - Real - Broad (64 economies),2000-02,86.22,A,F,
M,R,B,AU,882,,A,Australia - Real - Broad (64 economies),2000-03,83.35,A,F,
M,R,B,AU,882,,A,Australia - Real - Broad (64 economies),2000-04,81.6,A,F,
M,R,B,AU,882,,A,Australia - Real - Broad (64 economies),2000-05,81.15,A,F,
M,R,B,AU,882,,A,Australia - Real - Broad (64 economies),2000-06,83.56,A,F,
M,R,B,AU,882,,A,Australia - Real - Broad (64 economies),2000-07,84.67,A,F,
M,R,B,AU,882,,A,Australia - Real - Broad (64 economies),2000-08,85.18,A,F,
M,R,B,AU,882,,A,Australia - Real - Broad (64 economies),2000-09,82.12,A,F,
M,R,B,AU,882,,A,Australia - Real - Broad (64 economies),2000-10,79.06,A,F,
M,R,B,AU,882,,A,Australia - Real - Broad (64 economies),2000-11,78.28,A,F,
M,R,B,AU,882,,A,Australia - Real - Broad (64 economies),2000-12,81.3,A,F,
M,R,B,AU,882,,A,Australia - Real - Broad (64 economies),2001-01,82.71,A,F,
M,R,B,AU,882,,A,Australia - Real - Broad (64 economies),2001-02,80.33,A,F,
M,R,B,AU,882,,A,Australia - Real - Broad (64 economies),2001-03,77.07,A,F,
M,R,B,AU,882,,A,Australia - Real - Broad (64 economies),2001-04,77.5,A,F,
M,R,B,AU,882,,A,Australia - Real - Broad (64 economies),2001-05,80.47,A,F,
M,R,B,AU,882,,A,Australia - Real - Broad (64 economies),2001-06,80.9,A,F,
M,R,B,AU,882,,A,Australia - Real - Broad (64 economies),2001-07,79.94,A,F,
M,R,B,AU,882,,A,Australia - Real - Broad (64 economies),2001-08,80.5,A,F,
M,R,B,AU,882,,A,Australia - Real - Broad (64 economies),2001-09,77.28,A,F,
M,R,B,AU,882,,A,Australia - Real - Broad (64 economies),2001-10,78.15,A,F,
M,R,B,AU,882,,A,Australia - Real - Broad (64 economies),2001-11,81.01,A,F,
M,R,B,AU,882,,A,Australia - Real - Broad (64 economies),2001-12,81.32,A,F,
M,R,B,AU,882,,A,Australia - Real - Broad (64 economies),2002-01,82.52,A,F,
M,R,B,AU,882,,A,Australia - Real - Broad (64 economies),2002-02,82.34,A,F,
M,R,B,AU,882,,A,Australia - Real - Broad (64 economies),2002-03,83.7,A,F,
M,R,B,AU,882,,A,Australia - Real - Broad (64 economies),2002-04,84.82,A,F,
M,R,B,AU,882,,A,Australia - Real - Broad (64 economies),2002-05,85.6,A,F,
M,R,B,AU,882,,A,Australia - Real - Broad (64 economies),2002-06,87.17,A,F,
M,R,B,AU,882,,A,Australia - Real - Broad (64 economies),2002-07,83.59,A,F,
M,R,B,AU,882,,A,Australia - Real - Broad (64 economies),2002-08,82.55,A,F,
M,R,B,AU,882,,A,Australia - Real - Broad (64 economies),2002-09,83.4,A,F,
M,R,B,AU,882,,A,Australia - Real - Broad (64 economies),2002-10,84.33,A,F,
M,R,B,AU,882,,A,Australia - Real - Broad (64 economies),2002-11,85.14,A,F,
M,R,B,AU,882,,A,Australia - Real - Broad (64 economies),2002-12,85.29,A,F,
M,R,B,AU,882,,A,Australia - Real - Broad (64 economies),2003-01,86.84,A,F,
M,R,B,AU,882,,A,Australia - Real - Broad (64 economies),2003-02,88.41,A,F,
M,R,B,AU,882,,A,Australia - Real - Broad (64 economies),2003-03,89.28,A,F,
M,R,B,AU,882,,A,Australia - Real - Broad (64 economies),2003-04,90.09,A,F,
M,R,B,AU,882,,A,Australia - Real - Broad (64 economies),2003-05,93.52,A,F,
M,R,B,AU,882,,A,Australia - Real - Broad (64 economies),2003-06,95.92,A,F,
M,R,B,AU,882,,A,Australia - Real - Broad (64 economies),2003-07,96.49,A,F,
M,R,B,AU,882,,A,Australia - Real - Broad (64 economies),2003-08,95.5,A,F,
M,R,B,AU,882,,A,Australia - Real - Broad (64 economies),2003-09,95.89,A,F,
M,R,B,AU,882,,A,Australia - Real - Broad (64 economies),2003-10,98.42,A,F,
M,R,B,AU,882,,A,Australia - Real - Broad (64 economies),2003-11,101.57,A,F,
M,R,B,AU,882,,A,Australia - Real - Broad (64 economies),2003-12,103.18,A,F,
M,R,B,AU,882,,A,Australia - Real - Broad (64 economies),2004-01,106.33,A,F,
M,R,B,AU,882,,A,Australia - Real - Broad (64 economies),2004-02,107.09,A,F,
M,R,B,AU,882,,A,Australia - Real - Broad (64 economies),2004-03,104.36,A,F,
M,R,B,AU,882,,A,Australia - Real - Broad (64 economies),2004-04,103.66,A,F,
M,R,B,AU,882,,A,Australia - Real - Broad (64 economies),2004-05,99.42,A,F,
M,R,B,AU,882,,A,Australia - Real - Broad (64 economies),2004-06,97.16,A,F,
M,R,B,AU,882,,A,Australia - Real - Broad (64 economies),2004-07,99.77,A,F,
M,R,B,AU,882,,A,Australia - Real - Broad (64 economies),2004-08,99.42,A,F,
M,R,B,AU,882,,A,Australia - Real - Broad (64 economies),2004-09,98.04,A,F,
M,R,B,AU,882,,A,Australia - Real - Broad (64 economies),2004-10,101.17,A,F,
M,R,B,AU,882,,A,Australia - Real - Broad (64 economies),2004-11,104.27,A,F,
M,R,B,AU,882,,A,Australia - Real - Broad (64 economies),2004-12,102.76,A,F,
M,R,B,AU,882,,A,Australia - Real - Broad (64 economies),2005-01,103.13,A,F,
M,R,B,AU,882,,A,Australia - Real - Broad (64 economies),2005-02,104.98,A,F,
M,R,B,AU,882,,A,Australia - Real - Broad (64 economies),2005-03,104.96,A,F,
M,R,B,AU,882,,A,Australia - Real - Broad (64 economies),2005-04,104.19,A,F,
M,R,B,AU,882,,A,Australia - Real - Broad (64 economies),2005-05,103.84,A,F,
M,R,B,AU,882,,A,Australia - Real - Broad (64 economies),2005-06,106.01,A,F,
M,R,B,AU,882,,A,Australia - Real - Broad (64 economies),2005-07,105.3,A,F,
M,R,B,AU,882,,A,Australia - Real - Broad (64 economies),2005-08,105.3,A,F,
M,R,B,AU,882,,A,Australia - Real - Broad (64 economies),2005-09,105.69,A,F,
M,R,B,AU,882,,A,Australia - Real - Broad (64 economies),2005-10,105.12,A,F,
M,R,B,AU,882,,A,Australia - Real - Broad (64 economies),2005-11,103.86,A,F,
M,R,B,AU,882,,A,Australia - Real - Broad (64 economies),2005-12,104.42,A,F,
M,R,B,AU,882,,A,Australia - Real - Broad (64 economies),2006-01,103.88,A,F,
M,R,B,AU,882,,A,Australia - Real - Broad (64 economies),2006-02,103.44,A,F,
M,R,B,AU,882,,A,Australia - Real - Broad (64 economies),2006-03,101.76,A,F,
M,R,B,AU,882,,A,Australia - Real - Broad (64 economies),2006-04,102.3,A,F,
M,R,B,AU,882,,A,Australia - Real - Broad (64 economies),2006-05,104.41,A,F,
M,R,B,AU,882,,A,Australia - Real - Broad (64 economies),2006-06,102.68,A,F,
M,R,B,AU,882,,A,Australia - Real - Broad (64 economies),2006-07,104.58,A,F,
M,R,B,AU,882,,A,Australia - Real - Broad (64 economies),2006-08,105.52,A,F,
M,R,B,AU,882,,A,Australia - Real - Broad (64 economies),2006-09,104.61,A,F,
M,R,B,AU,882,,A,Australia - Real - Broad (64 economies),2006-10,104.66,A,F,
M,R,B,AU,882,,A,Australia - Real - Broad (64 economies),2006-11,105.78,A,F,
M,R,B,AU,882,,A,Australia - Real - Broad (64 economies),2006-12,105.8,A,F,
M,R,B,AU,882,,A,Australia - Real - Broad (64 economies),2007-01,106.13,A,F,
M,R,B,AU,882,,A,Australia - Real - Broad (64 economies),2007-02,105.48,A,F,
M,R,B,AU,882,,A,Australia - Real - Broad (64 economies),2007-03,106.12,A,F,
M,R,B,AU,882,,A,Australia - Real - Broad (64 economies),2007-04,109.86,A,F,
M,R,B,AU,882,,A,Australia - Real - Broad (64 economies),2007-05,109.63,A,F,
M,R,B,AU,882,,A,Australia - Real - Broad (64 economies),2007-06,112.26,A,F,
M,R,B,AU,882,,A,Australia - Real - Broad (64 economies),2007-07,114.02,A,F,
M,R,B,AU,882,,A,Australia - Real - Broad (64 economies),2007-08,109.21,A,F,
M,R,B,AU,882,,A,Australia - Real - Broad (64 economies),2007-09,110.34,A,F,
M,R,B,AU,882,,A,Australia - Real - Broad (64 economies),2007-10,115.59,A,F,
M,R,B,AU,882,,A,Australia - Real - Broad (64 economies),2007-11,113.52,A,F,
M,R,B,AU,882,,A,Australia - Real - Broad (64 economies),2007-12,110.89,A,F,
M,R,B,AU,882,,A,Australia - Real - Broad (64 economies),2008-01,111.05,A,F,
M,R,B,AU,882,,A,Australia - Real - Broad (64 economies),2008-02,113.96,A,F,
M,R,B,AU,882,,A,Australia - Real - Broad (64 economies),2008-03,113.34,A,F,
M,R,B,AU,882,,A,Australia - Real - Broad (64 economies),2008-04,113.46,A,F,
M,R,B,AU,882,,A,Australia - Real - Broad (64 economies),2008-05,116.76,A,F,
M,R,B,AU,882,,A,Australia - Real - Broad (64 economies),2008-06,117.33,A,F,
M,R,B,AU,882,,A,Australia - Real - Broad (64 economies),2008-07,118.11,A,F,
M,R,B,AU,882,,A,Australia - Real - Broad (64 economies),2008-08,111.24,A,F,
M,R,B,AU,882,,A,Australia - Real - Broad (64 economies),2008-09,104.96,A,F,
M,R,B,AU,882,,A,Australia - Real - Broad (64 economies),2008-10,90.9,A,F,
M,R,B,AU,882,,A,Australia - Real - Broad (64 economies),2008-11,89.21,A,F,
M,R,B,AU,882,,A,Australia - Real - Broad (64 economies),2008-12,89.76,A,F,
M,R,B,AU,882,,A,Australia - Real - Broad (64 economies),2009-01,90.84,A,F,
M,R,B,AU,882,,A,Australia - Real - Broad (64 economies),2009-02,88.96,A,F,
M,R,B,AU,882,,A,Australia - Real - Broad (64 economies),2009-03,91.69,A,F,
M,R,B,AU,882,,A,Australia - Real - Broad (64 economies),2009-04,96.77,A,F,
M,R,B,AU,882,,A,Australia - Real - Broad (64 economies),2009-05,101.71,A,F,
M,R,B,AU,882,,A,Australia - Real - Broad (64 economies),2009-06,105.72,A,F,
M,R,B,AU,882,,A,Australia - Real - Broad (64 economies),2009-07,106.05,A,F,
M,R,B,AU,882,,A,Australia - Real - Broad (64 economies),2009-08,109.21,A,F,
M,R,B,AU,882,,A,Australia - Real - Broad (64 economies),2009-09,111.26,A,F,
M,R,B,AU,882,,A,Australia - Real - Broad (64 economies),2009-10,115.83,A,F,
M,R,B,AU,882,,A,Australia - Real - Broad (64 economies),2009-11,116.91,A,F,
M,R,B,AU,882,,A,Australia - Real - Broad (64 economies),2009-12,115.67,A,F,
M,R,B,AU,882,,A,Australia - Real - Broad (64 economies),2010-01,117.69,A,F,
M,R,B,AU,882,,A,Australia - Real - Broad (64 economies),2010-02,115.53,A,F,
M,R,B,AU,882,,A,Australia - Real - Broad (64 economies),2010-03,118.62,A,F,
M,R,B,AU,882,,A,Australia - Real - Broad (64 economies),2010-04,120.43,A,F,
M,R,B,AU,882,,A,Australia - Real - Broad (64 economies),2010-05,115.41,A,F,
M,R,B,AU,882,,A,Australia - Real - Broad (64 economies),2010-06,114.38,A,F,
M,R,B,AU,882,,A,Australia - Real - Broad (64 economies),2010-07,115.42,A,F,
M,R,B,AU,882,,A,Australia - Real - Broad (64 economies),2010-08,117.34,A,F,
M,R,B,AU,882,,A,Australia - Real - Broad (64 economies),2010-09,120.65,A,F,
M,R,B,AU,882,,A,Australia - Real - Broad (64 economies),2010-10,122.65,A,F,
M,R,B,AU,882,,A,Australia - Real - Broad (64 economies),2010-11,123.84,A,F,
M,R,B,AU,882,,A,Australia - Real - Broad (64 economies),2010-12,125.79,A,F,
M,R,B,AU,882,,A,Australia - Real - Broad (64 economies),2011-01,125.46,A,F,
M,R,B,AU,882,,A,Australia - Real - Broad (64 economies),2011-02,126.15,A,F,
M,R,B,AU,882,,A,Australia - Real - Broad (64 economies),2011-03,125.52,A,F,
M,R,B,AU,882,,A,Australia - Real - Broad (64 economies),2011-04,129.49,A,F,
M,R,B,AU,882,,A,Australia - Real - Broad (64 economies),2011-05,130.41,A,F,
M,R,B,AU,882,,A,Australia - Real - Broad (64 economies),2011-06,129.47,A,F,
M,R,B,AU,882,,A,Australia - Real - Broad (64 economies),2011-07,131.03,A,F,
M,R,B,AU,882,,A,Australia - Real - Broad (64 economies),2011-08,127.06,A,F,
M,R,B,AU,882,,A,Australia - Real - Broad (64 economies),2011-09,125.73,A,F,
M,R,B,AU,882,,A,Australia - Real - Broad (64 economies),2011-10,125.05,A,F,
M,R,B,AU,882,,A,Australia - Real - Broad (64 economies),2011-11,125.25,A,F,
M,R,B,AU,882,,A,Australia - Real - Broad (64 economies),2011-12,126.44,A,F,
M,R,B,AU,882,,A,Australia - Real - Broad (64 economies),2012-01,129.29,A,F,
M,R,B,AU,882,,A,Australia - Real - Broad (64 economies),2012-02,131.48,A,F,
M,R,B,AU,882,,A,Australia - Real - Broad (64 economies),2012-03,129.39,A,F,
M,R,B,AU,882,,A,Australia - Real - Broad (64 economies),2012-04,126.98,A,F,
M,R,B,AU,882,,A,Australia - Real - Broad (64 economies),2012-05,124.18,A,F,
M,R,B,AU,882,,A,Australia - Real - Broad (64 economies),2012-06,126.36,A,F,
M,R,B,AU,882,,A,Australia - Real - Broad (64 economies),2012-07,131.32,A,F,
M,R,B,AU,882,,A,Australia - Real - Broad (64 economies),2012-08,132.76,A,F,
M,R,B,AU,882,,A,Australia - Real - Broad (64 economies),2012-09,129.74,A,F,
M,R,B,AU,882,,A,Australia - Real - Broad (64 economies),2012-10,127.95,A,F,
M,R,B,AU,882,,A,Australia - Real - Broad (64 economies),2012-11,129.85,A,F,
M,R,B,AU,882,,A,Australia - Real - Broad (64 economies),2012-12,129.97,A,F,
M,R,B,AU,882,,A,Australia - Real - Broad (64 economies),2013-01,130.67,A,F,
M,R,B,AU,882,,A,Australia - Real - Broad (64 economies),2013-02,128.51,A,F,
M,R,B,AU,882,,A,Australia - Real - Broad (64 economies),2013-03,130.1,A,F,
M,R,B,AU,882,,A,Australia - Real - Broad (64 economies),2013-04,130.53,A,F,
M,R,B,AU,882,,A,Australia - Real - Broad (64 economies),2013-05,125.04,A,F,
M,R,B,AU,882,,A,Australia - Real - Broad (64 economies),2013-06,119.7,A,F,
M,R,B,AU,882,,A,Australia - Real - Broad (64 economies),2013-07,117.44,A,F,
M,R,B,AU,882,,A,Australia - Real - Broad (64 economies),2013-08,115.59,A,F,
M,R,B,AU,882,,A,Australia - Real - Broad (64 economies),2013-09,118.46,A,F,
M,R,B,AU,882,,A,Australia - Real - Broad (64 economies),2013-10,120.29,A,F,
M,R,B,AU,882,,A,Australia - Real - Broad (64 economies),2013-11,118.86,A,F,
M,R,B,AU,882,,A,Australia - Real - Broad (64 economies),2013-12,114.73,A,F,
M,R,B,AU,882,,A,Australia - Real - Broad (64 economies),2014-01,113.62,A,F,
M,R,B,AU,882,,A,Australia - Real - Broad (64 economies),2014-02,114.79,A,F,
M,R,B,AU,882,,A,Australia - Real - Broad (64 economies),2014-03,116.12,A,F,
M,R,B,AU,882,,A,Australia - Real - Broad (64 economies),2014-04,118.99,A,F,
M,R,B,AU,882,,A,Australia - Real - Broad (64 economies),2014-05,118.77,A,F,
M,R,B,AU,882,,A,Australia - Real - Broad (64 economies),2014-06,119.93,A,F,
M,R,B,AU,882,,A,Australia - Real - Broad (64 economies),2014-07,120.14,A,F,
M,R,B,AU,882,,A,Australia - Real - Broad (64 economies),2014-08,119.72,A,F,
M,R,B,AU,882,,A,Australia - Real - Broad (64 economies),2014-09,117.79,A,F,
M,R,B,AU,882,,A,Australia - Real - Broad (64 economies),2014-10,115.28,A,F,
M,R,B,AU,882,,A,Australia - Real - Broad (64 economies),2014-11,115.28,A,F,
M,R,B,AU,882,,A,Australia - Real - Broad (64 economies),2014-12,111.38,A,F,
M,R,B,AU,882,,A,Australia - Real - Broad (64 economies),2015-01,111.07,A,F,
M,R,B,AU,882,,A,Australia - Real - Broad (64 economies),2015-02,107.52,A,F,
M,R,B,AU,882,,A,Australia - Real - Broad (64 economies),2015-03,108.17,A,F,
M,R,B,AU,882,,A,Australia - Real - Broad (64 economies),2015-04,107.63,A,F,
M,R,B,AU,882,,A,Australia - Real - Broad (64 economies),2015-05,109.55,A,F,
M,R,B,AU,882,,A,Australia - Real - Broad (64 economies),2015-06,107.81,A,F,
M,R,B,AU,882,,A,Australia - Real - Broad (64 economies),2015-07,104.5,A,F,
M,R,B,AU,882,,A,Australia - Real - Broad (64 economies),2015-08,104.16,A,F,
M,R,B,AU,882,,A,Australia - Real - Broad (64 economies),2015-09,101.37,A,F,
M,R,B,AU,882,,A,Australia - Real - Broad (64 economies),2015-10,103.03,A,F,
M,R,B,AU,882,,A,Australia - Real - Broad (64 economies),2015-11,103.89,A,F,
M,R,B,AU,882,,A,Australia - Real - Broad (64 economies),2015-12,105.38,A,F,
M,R,B,AU,882,,A,Australia - Real - Broad (64 economies),2016-01,103.06,A,F,
M,R,B,AU,882,,A,Australia - Real - Broad (64 economies),2016-02,102.98,A,F,
M,R,B,AU,882,,A,Australia - Real - Broad (64 economies),2016-03,107.06,A,F,
M,R,B,AU,882,,A,Australia - Real - Broad (64 economies),2016-04,108.13,A,F,
M,R,B,AU,882,,A,Australia - Real - Broad (64 economies),2016-05,104.12,A,F,
M,R,B,AU,882,,A,Australia - Real - Broad (64 economies),2016-06,105.5,A,F,
M,R,B,AU,882,,A,Australia - Real - Broad (64 economies),2016-07,108.25,A,F,
M,R,B,AU,882,,A,Australia - Real - Broad (64 economies),2016-08,108.89,A,F,
M,R,B,AU,882,,A,Australia - Real - Broad (64 economies),2016-09,108.41,A,F,
M,R,B,AU,882,,A,Australia - Real - Broad (64 economies),2016-10,110.1,A,F,
M,R,B,AU,882,,A,Australia - Real - Broad (64 economies),2016-11,110.86,A,F,
M,R,B,AU,882,,A,Australia - Real - Broad (64 economies),2016-12,109.78,A,F,
M,R,B,AU,882,,A,Australia - Real - Broad (64 economies),2017-01,110.9,A,F,
M,R,B,AU,882,,A,Australia - Real - Broad (64 economies),2017-02,113.02,A,F,
M,R,B,AU,882,,A,Australia - Real - Broad (64 economies),2017-03,112.48,A,F,
M,R,B,AU,882,,A,Australia - Real - Broad (64 economies),2017-04,110.46,A,F,
M,R,B,AU,882,,A,Australia - Real - Broad (64 economies),2017-05,108.39,A,F,
M,R,B,AU,882,,A,Australia - Real - Broad (64 economies),2017-06,109.28,A,F,
M,R,B,AU,882,,A,Australia - Real - Broad (64 economies),2017-07,112.19,A,F,
M,R,B,AU,882,,A,Australia - Real - Broad (64 economies),2017-08,112.51,A,F,
M,R,B,AU,882,,A,Australia - Real - Broad (64 economies),2017-09,112.36,A,F,
M,R,B,AU,882,,A,Australia - Real - Broad (64 economies),2017-10,110.95,A,F,
M,R,B,AU,882,,A,Australia - Real - Broad (64 economies),2017-11,108.68,A,F,
M,R,B,AU,882,,A,Australia - Real - Broad (64 economies),2017-12,108.34,A,F,
M,R,B,AU,882,,A,Australia - Real - Broad (64 economies),2018-01,110.25,A,F,
M,R,B,AU,882,,A,Australia - Real - Broad (64 economies),2018-02,107.54,A,F,
M,R,B,AU,882,,A,Australia - Real - Broad (64 economies),2018-03,106.28,A,F,
M,R,B,AU,882,,A,Australia - Real - Broad (64 economies),2018-04,105.44,A,F,
M,R,B,AU,882,,A,Australia - Real - Broad (64 economies),2018-05,105.16,A,F,
M,R,B,AU,882,,A,Australia - Real - Broad (64 economies),2018-06,105.91,A,F,
M,R,B,AU,882,,A,Australia - Real - Broad (64 economies),2018-07,106.33,A,F,
M,R,B,AU,882,,A,Australia - Real - Broad (64 economies),2018-08,106.14,A,F,
M,R,B,AU,882,,A,Australia - Real - Broad (64 economies),2018-09,104.18,A,F,
M,R,B,AU,882,,A,Australia - Real - Broad (64 economies),2018-10,103.67,A,F,
M,R,B,AU,882,,A,Australia - Real - Broad (64 economies),2018-11,106.32,A,F,
M,R,B,AU,882,,A,Australia - Real - Broad (64 economies),2018-12,104.85,A,F,
M,R,B,AU,882,,A,Australia - Real - Broad (64 economies),2019-01,103.44,A,F,
M,R,B,AU,882,,A,Australia - Real - Broad (64 economies),2019-02,102.57,A,F,
M,R,B,AU,882,,A,Australia - Real - Broad (64 economies),2019-03,101.84,A,F,
M,R,B,AU,882,,A,Australia - Real - Broad (64 economies),2019-04,102.56,A,F,
M,R,B,AU,882,,A,Australia - Real - Broad (64 economies),2019-05,101.23,A,F,
M,R,B,AU,882,,A,Australia - Real - Broad (64 economies),2019-06,101.1,A,F,
M,R,B,AU,882,,A,Australia - Real - Broad (64 economies),2019-07,101.66,A,F,
M,R,B,AU,882,,A,Australia - Real - Broad (64 economies),2019-08,99.8,A,F,
M,R,B,AU,882,,A,Australia - Real - Broad (64 economies),2019-09,100.5,A,F,
M,R,B,AU,882,,A,Australia - Real - Broad (64 economies),2019-10,99.73,A,F,
M,R,B,AU,882,,A,Australia - Real - Broad (64 economies),2019-11,100.04,A,F,
M,R,B,AU,882,,A,Australia - Real - Broad (64 economies),2019-12,100.84,A,F,
M,R,B,AU,882,,A,Australia - Real - Broad (64 economies),2020-01,100.12,A,F,
M,R,B,AU,882,,A,Australia - Real - Broad (64 economies),2020-02,97.83,A,F,
M,R,B,AU,882,,A,Australia - Real - Broad (64 economies),2020-03,91.64,A,F,
M,R,B,AU,882,,A,Australia - Real - Broad (64 economies),2020-04,93.4,A,F,
M,R,B,AU,882,,A,Australia - Real - Broad (64 economies),2020-05,96.15,A,F,
M,R,B,AU,882,,A,Australia - Real - Broad (64 economies),2020-06,100.32,A,F,
M,R,B,AU,882,,A,Australia - Real - Broad (64 economies),2020-07,101.93,A,F,
M,R,B,AU,882,,A,Australia - Real - Broad (64 economies),2020-08,103.72,A,F,
M,R,B,AU,882,,A,Australia - Real - Broad (64 economies),2020-09,104.06,A,F,
M,R,B,AU,882,,A,Australia - Real - Broad (64 economies),2020-10,102.2,A,F,
M,R,B,AU,882,,A,Australia - Real - Broad (64 economies),2020-11,103.35,A,F,
M,R,B,AU,882,,A,Australia - Real - Broad (64 economies),2020-12,105.28,A,F,
M,R,B,AU,882,,A,Australia - Real - Broad (64 economies),2021-01,107.19,A,F,
M,R,B,AU,882,,A,Australia - Real - Broad (64 economies),2021-02,107.47,A,F,
M,R,B,AU,882,,A,Australia - Real - Broad (64 economies),2021-03,108.38,A,F,
M,R,B,AU,882,,A,Australia - Real - Broad (64 economies),2021-04,108.44,A,F,
M,R,B,AU,882,,A,Australia - Real - Broad (64 economies),2021-05,108.4,A,F,
M,R,B,AU,882,,A,Australia - Real - Broad (64 economies),2021-06,107.1,A,F,
M,R,B,AU,882,,A,Australia - Real - Broad (64 economies),2021-07,105.26,A,F,
M,R,B,AU,882,,A,Australia - Real - Broad (64 economies),2021-08,103.82,A,F,
M,R,B,AU,882,,A,Australia - Real - Broad (64 economies),2021-09,103.86,A,F,
M,R,B,AU,882,,A,Australia - Real - Broad (64 economies),2021-10,105.34,A,F,
M,R,B,AU,882,,A,Australia - Real - Broad (64 economies),2021-11,104.49,A,F,
M,R,B,AU,882,,A,Australia - Real - Broad (64 economies),2021-12,103.33,A,F,
M,R,B,AU,882,,A,Australia - Real - Broad (64 economies),2022-01,103.73,A,F,
M,R,B,AU,882,,A,Australia - Real - Broad (64 economies),2022-02,103.28,A,F,
M,R,B,AU,882,,A,Australia - Real - Broad (64 economies),2022-03,107.34,A,F,
M,R,B,AU,882,,A,Australia - Real - Broad (64 economies),2022-04,108.99,A,F,
M,R,B,AU,882,,A,Australia - Real - Broad (64 economies),2022-05,107.06,A,F,
M,R,B,AU,882,,A,Australia - Real - Broad (64 economies),2022-06,107.07,A,F,
M,R,B,AU,882,,A,Australia - Real - Broad (64 economies),2022-07,106.48,A,F,
M,R,B,AU,882,,A,Australia - Real - Broad (64 economies),2022-08,108.89,A,F,
M,R,B,AU,882,,A,Australia - Real - Broad (64 economies),2022-09,107.58,A,F,
M,R,B,AU,882,,A,Australia - Real - Broad (64 economies),2022-10,104.25,A,F,
M,R,B,AU,882,,A,Australia - Real - Broad (64 economies),2022-11,106.94,A,F,
M,R,B,AU,882,,A,Australia - Real - Broad (64 economies),2022-12,106.87,A,F,
M,R,B,AU,882,,A,Australia - Real - Broad (64 economies),2023-01,107.84,A,F,
M,R,B,AU,882,,A,Australia - Real - Broad (64 economies),2023-02,108.12,A,F,
M,R,B,AU,882,,A,Australia - Real - Broad (64 economies),2023-03,105.3,A,F,
M,R,B,AU,882,,A,Australia - Real - Broad (64 economies),2023-04,104.83,A,F,
M,R,B,AU,882,,A,Australia - Real - Broad (64 economies),2023-05,105.48,A,F,
M,R,B,AU,882,,A,Australia - Real - Broad (64 economies),2023-06,107.97,A,F,
M,R,B,AU,882,,A,Australia - Real - Broad (64 economies),2023-07,108.02,A,F,
M,R,B,AU,882,,A,Australia - Real - Broad (64 economies),2023-08,105.25,A,F,
M,R,B,AU,882,,A,Australia - Real - Broad (64 economies),2023-09,105.52,A,F,
M,R,B,AU,882,,A,Australia - Real - Broad (64 economies),2023-10,105.1,A,F,
M,R,B,AU,882,,A,Australia - Real - Broad (64 economies),2023-11,106.6,A,F,
M,R,B,AU,882,,A,Australia - Real - Broad (64 economies),2023-12,108.54,A,F,
M,R,B,AU,882,,A,Australia - Real - Broad (64 economies),2024-01,108.53,A,F,
M,R,B,AU,882,,A,Australia - Real - Broad (64 economies),2024-02,106.92,A,F,
M,R,B,AU,882,,A,Australia - Real - Broad (64 economies),2024-03,107.8,A,F,
M,R,B,AU,882,,A,Australia - Real - Broad (64 economies),2024-04,108.51,A,F,
M,R,B,AU,882,,A,Australia - Real - Broad (64 economies),2024-05,110.31,A,F,
M,R,B,AU,882,,A,Australia - Real - Broad (64 economies),2024-06,111.14,A,F,
M,R,B,AU,882,,A,Australia - Real - Broad (64 economies),2024-07,111.1,A,F,
M,R,B,AU,882,,A,Australia - Real - Broad (64 economies),2024-08,108.3,A,F,
M,R,B,AU,882,,A,Australia - Real - Broad (64 economies),2024-09,108.89,A,F,
M,R,B,AU,882,,A,Australia - Real - Broad (64 economies),2024-10,108.94,A,F,
M,R,B,AU,882,,A,Australia - Real - Broad (64 economies),2024-11,108.5,A,F,
M,R,B,AU,882,,A,Australia - Real - Broad (64 economies),2024-12,106.11,A,F,
M,R,B,AU,882,,A,Australia - Real - Broad (64 economies),2025-01,105.31,A,F,
M,R,B,AU,882,,A,Australia - Real - Broad (64 economies),2025-02,105.8,A,F,
M,R,B,AU,882,,A,Australia - Real - Broad (64 economies),2025-03,104.8,A,F,
M,R,B,AU,882,,A,Australia - Real - Broad (64 economies),2025-04,103.71,A,F,
M,R,B,AU,882,,A,Australia - Real - Broad (64 economies),2025-05,105.15,A,F,
M,R,B,AU,882,,A,Australia - Real - Broad (64 economies),2025-06,105.6,A,F,
M,R,B,AU,882,,A,Australia - Real - Broad (64 economies),2025-07,106.28,A,F,
M,R,B,AU,882,,A,Australia - Real - Broad (64 economies),2025-08,106.14,A,F,
M,R,B,AU,882,,A,Australia - Real - Broad (64 economies),2025-09,107.36,A,F,
M,R,B,AU,882,,A,Australia - Real - Broad (64 economies),2025-10,107.04,A,F,
M,R,B,AU,882,,A,Australia - Real - Broad (64 economies),2025-11,107.13,A,F,
M,R,B,AU,882,,A,Australia - Real - Broad (64 economies),2025-12,108.8,A,F,
M,R,B,AU,882,,A,Australia - Real - Broad (64 economies),2026-01,111.21,A,F,
M,R,B,AU,882,,A,Australia - Real - Broad (64 economies),2026-02,114.57,A,F,
M,R,B,AU,882,,A,Australia - Real - Broad (64 economies),2026-03,115.44,A,F,
M,R,B,AU,882,,A,Australia - Real - Broad (64 economies),2026-04,115.41,A,F,
M,R,B,AU,882,,A,Australia - Real - Broad (64 economies),2026-05,116.75,A,F,
M,R,B,AU,882,,A,Australia - Real - Broad (64 economies),2026-06,115.06,A,F,
M,R,B,AU,882,,A,Australia - Real - Broad (64 economies),2026-07,115.03,A,F,
M,R,B,AU,882,,A,Australia - Real - Broad (64 economies),2026-08,116.11,A,F,
M,R,B,CN,882,,A,China - Real - Broad (64 economies),1994-01,52.99,A,F,
M,R,B,CN,882,,A,China - Real - Broad (64 economies),1994-02,53.26,A,F,
M,R,B,CN,882,,A,China - Real - Broad (64 economies),1994-03,53.43,A,F,
M,R,B,CN,882,,A,China - Real - Broad (64 economies),1994-04,54.36,A,F,
M,R,B,CN,882,,A,China - Real - Broad (64 economies),1994-05,54.71,A,F,
M,R,B,CN,882,,A,China - Real - Broad (64 economies),1994-06,54.93,A,F,
M,R,B,CN,882,,A,China - Real - Broad (64 economies),1994-07,54.32,A,F,
M,R,B,CN,882,,A,China - Real - Broad (64 economies),1994-08,56.32,A,F,
M,R,B,CN,882,,A,China - Real - Broad (64 economies),1994-09,58.21,A,F,
M,R,B,CN,882,,A,China - Real - Broad (64 economies),1994-10,58.33,A,F,
M,R,B,CN,882,,A,China - Real - Broad (64 economies),1994-11,58.94,A,F,
M,R,B,CN,882,,A,China - Real - Broad (64 economies),1994-12,60.52,A,F,
M,R,B,CN,882,,A,China - Real - Broad (64 economies),1995-01,62.18,A,F,
M,R,B,CN,882,,A,China - Real - Broad (64 economies),1995-02,62.18,A,F,
M,R,B,CN,882,,A,China - Real - Broad (64 economies),1995-03,60.38,A,F,
M,R,B,CN,882,,A,China - Real - Broad (64 economies),1995-04,59.6,A,F,
M,R,B,CN,882,,A,China - Real - Broad (64 economies),1995-05,60.83,A,F,
M,R,B,CN,882,,A,China - Real - Broad (64 economies),1995-06,60.19,A,F,
M,R,B,CN,882,,A,China - Real - Broad (64 economies),1995-07,60.1,A,F,
M,R,B,CN,882,,A,China - Real - Broad (64 economies),1995-08,62.59,A,F,
M,R,B,CN,882,,A,China - Real - Broad (64 economies),1995-09,64.98,A,F,
M,R,B,CN,882,,A,China - Real - Broad (64 economies),1995-10,64.36,A,F,
M,R,B,CN,882,,A,China - Real - Broad (64 economies),1995-11,64.73,A,F,
M,R,B,CN,882,,A,China - Real - Broad (64 economies),1995-12,65.09,A,F,
M,R,B,CN,882,,A,China - Real - Broad (64 economies),1996-01,67.03,A,F,
M,R,B,CN,882,,A,China - Real - Broad (64 economies),1996-02,67.62,A,F,
M,R,B,CN,882,,A,China - Real - Broad (64 economies),1996-03,67.87,A,F,
M,R,B,CN,882,,A,China - Real - Broad (64 economies),1996-04,69.09,A,F,
M,R,B,CN,882,,A,China - Real - Broad (64 economies),1996-05,68.94,A,F,
M,R,B,CN,882,,A,China - Real - Broad (64 economies),1996-06,68.81,A,F,
M,R,B,CN,882,,A,China - Real - Broad (64 economies),1996-07,68.11,A,F,
M,R,B,CN,882,,A,China - Real - Broad (64 economies),1996-08,68.5,A,F,
M,R,B,CN,882,,A,China - Real - Broad (64 economies),1996-09,70.08,A,F,
M,R,B,CN,882,,A,China - Real - Broad (64 economies),1996-10,70.04,A,F,
M,R,B,CN,882,,A,China - Real - Broad (64 economies),1996-11,69.8,A,F,
M,R,B,CN,882,,A,China - Real - Broad (64 economies),1996-12,70.62,A,F,
M,R,B,CN,882,,A,China - Real - Broad (64 economies),1997-01,72.31,A,F,
M,R,B,CN,882,,A,China - Real - Broad (64 economies),1997-02,74.3,A,F,
M,R,B,CN,882,,A,China - Real - Broad (64 economies),1997-03,73.99,A,F,
M,R,B,CN,882,,A,China - Real - Broad (64 economies),1997-04,74.87,A,F,
M,R,B,CN,882,,A,China - Real - Broad (64 economies),1997-05,73.34,A,F,
M,R,B,CN,882,,A,China - Real - Broad (64 economies),1997-06,72.08,A,F,
M,R,B,CN,882,,A,China - Real - Broad (64 economies),1997-07,72.14,A,F,
M,R,B,CN,882,,A,China - Real - Broad (64 economies),1997-08,73.56,A,F,
M,R,B,CN,882,,A,China - Real - Broad (64 economies),1997-09,74.98,A,F,
M,R,B,CN,882,,A,China - Real - Broad (64 economies),1997-10,74.44,A,F,
M,R,B,CN,882,,A,China - Real - Broad (64 economies),1997-11,75.57,A,F,
M,R,B,CN,882,,A,China - Real - Broad (64 economies),1997-12,78.99,A,F,
M,R,B,CN,882,,A,China - Real - Broad (64 economies),1998-01,81.61,A,F,
M,R,B,CN,882,,A,China - Real - Broad (64 economies),1998-02,80.34,A,F,
M,R,B,CN,882,,A,China - Real - Broad (64 economies),1998-03,80.01,A,F,
M,R,B,CN,882,,A,China - Real - Broad (64 economies),1998-04,79.71,A,F,
M,R,B,CN,882,,A,China - Real - Broad (64 economies),1998-05,79.06,A,F,
M,R,B,CN,882,,A,China - Real - Broad (64 economies),1998-06,79.5,A,F,
M,R,B,CN,882,,A,China - Real - Broad (64 economies),1998-07,78.41,A,F,
M,R,B,CN,882,,A,China - Real - Broad (64 economies),1998-08,79.59,A,F,
M,R,B,CN,882,,A,China - Real - Broad (64 economies),1998-09,79.14,A,F,
M,R,B,CN,882,,A,China - Real - Broad (64 economies),1998-10,75.76,A,F,
M,R,B,CN,882,,A,China - Real - Broad (64 economies),1998-11,75.36,A,F,
M,R,B,CN,882,,A,China - Real - Broad (64 economies),1998-12,74.6,A,F,
M,R,B,CN,882,,A,China - Real - Broad (64 economies),1999-01,74.75,A,F,
M,R,B,CN,882,,A,China - Real - Broad (64 economies),1999-02,76.16,A,F,
M,R,B,CN,882,,A,China - Real - Broad (64 economies),1999-03,76.95,A,F,
M,R,B,CN,882,,A,China - Real - Broad (64 economies),1999-04,76.37,A,F,
M,R,B,CN,882,,A,China - Real - Broad (64 economies),1999-05,75.58,A,F,
M,R,B,CN,882,,A,China - Real - Broad (64 economies),1999-06,74.89,A,F,
M,R,B,CN,882,,A,China - Real - Broad (64 economies),1999-07,74.51,A,F,
M,R,B,CN,882,,A,China - Real - Broad (64 economies),1999-08,73.57,A,F,
M,R,B,CN,882,,A,China - Real - Broad (64 economies),1999-09,74.3,A,F,
M,R,B,CN,882,,A,China - Real - Broad (64 economies),1999-10,73.39,A,F,
M,R,B,CN,882,,A,China - Real - Broad (64 economies),1999-11,73.1,A,F,
M,R,B,CN,882,,A,China - Real - Broad (64 economies),1999-12,72.74,A,F,
M,R,B,CN,882,,A,China - Real - Broad (64 economies),2000-01,73.94,A,F,
M,R,B,CN,882,,A,China - Real - Broad (64 economies),2000-02,75.89,A,F,
M,R,B,CN,882,,A,China - Real - Broad (64 economies),2000-03,74.49,A,F,
M,R,B,CN,882,,A,China - Real - Broad (64 economies),2000-04,74.21,A,F,
M,R,B,CN,882,,A,China - Real - Broad (64 economies),2000-05,74.98,A,F,
M,R,B,CN,882,,A,China - Real - Broad (64 economies),2000-06,73.29,A,F,
M,R,B,CN,882,,A,China - Real - Broad (64 economies),2000-07,73.34,A,F,
M,R,B,CN,882,,A,China - Real - Broad (64 economies),2000-08,74.1,A,F,
M,R,B,CN,882,,A,China - Real - Broad (64 economies),2000-09,75.75,A,F,
M,R,B,CN,882,,A,China - Real - Broad (64 economies),2000-10,76.3,A,F,
M,R,B,CN,882,,A,China - Real - Broad (64 economies),2000-11,77.08,A,F,
M,R,B,CN,882,,A,China - Real - Broad (64 economies),2000-12,76.92,A,F,
M,R,B,CN,882,,A,China - Real - Broad (64 economies),2001-01,77.94,A,F,
M,R,B,CN,882,,A,China - Real - Broad (64 economies),2001-02,78.11,A,F,
M,R,B,CN,882,,A,China - Real - Broad (64 economies),2001-03,78.94,A,F,
M,R,B,CN,882,,A,China - Real - Broad (64 economies),2001-04,79.88,A,F,
M,R,B,CN,882,,A,China - Real - Broad (64 economies),2001-05,78.94,A,F,
M,R,B,CN,882,,A,China - Real - Broad (64 economies),2001-06,78.73,A,F,
M,R,B,CN,882,,A,China - Real - Broad (64 economies),2001-07,78.91,A,F,
M,R,B,CN,882,,A,China - Real - Broad (64 economies),2001-08,77.26,A,F,
M,R,B,CN,882,,A,China - Real - Broad (64 economies),2001-09,77.29,A,F,
M,R,B,CN,882,,A,China - Real - Broad (64 economies),2001-10,77.91,A,F,
M,R,B,CN,882,,A,China - Real - Broad (64 economies),2001-11,78.52,A,F,
M,R,B,CN,882,,A,China - Real - Broad (64 economies),2001-12,79.16,A,F,
M,R,B,CN,882,,A,China - Real - Broad (64 economies),2002-01,80.48,A,F,
M,R,B,CN,882,,A,China - Real - Broad (64 economies),2002-02,81.7,A,F,
M,R,B,CN,882,,A,China - Real - Broad (64 economies),2002-03,79.85,A,F,
M,R,B,CN,882,,A,China - Real - Broad (64 economies),2002-04,78.94,A,F,
M,R,B,CN,882,,A,China - Real - Broad (64 economies),2002-05,76.87,A,F,
M,R,B,CN,882,,A,China - Real - Broad (64 economies),2002-06,75.03,A,F,
M,R,B,CN,882,,A,China - Real - Broad (64 economies),2002-07,73.17,A,F,
M,R,B,CN,882,,A,China - Real - Broad (64 economies),2002-08,73.73,A,F,
M,R,B,CN,882,,A,China - Real - Broad (64 economies),2002-09,74.51,A,F,
M,R,B,CN,882,,A,China - Real - Broad (64 economies),2002-10,74.99,A,F,
M,R,B,CN,882,,A,China - Real - Broad (64 economies),2002-11,74.11,A,F,
M,R,B,CN,882,,A,China - Real - Broad (64 economies),2002-12,73.96,A,F,
M,R,B,CN,882,,A,China - Real - Broad (64 economies),2003-01,73.44,A,F,
M,R,B,CN,882,,A,China - Real - Broad (64 economies),2003-02,73.87,A,F,
M,R,B,CN,882,,A,China - Real - Broad (64 economies),2003-03,73.11,A,F,
M,R,B,CN,882,,A,China - Real - Broad (64 economies),2003-04,72.91,A,F,
M,R,B,CN,882,,A,China - Real - Broad (64 economies),2003-05,70.41,A,F,
M,R,B,CN,882,,A,China - Real - Broad (64 economies),2003-06,69.6,A,F,
M,R,B,CN,882,,A,China - Real - Broad (64 economies),2003-07,69.91,A,F,
M,R,B,CN,882,,A,China - Real - Broad (64 economies),2003-08,70.52,A,F,
M,R,B,CN,882,,A,China - Real - Broad (64 economies),2003-09,70.15,A,F,
M,R,B,CN,882,,A,China - Real - Broad (64 economies),2003-10,68.96,A,F,
M,R,B,CN,882,,A,China - Real - Broad (64 economies),2003-11,70.01,A,F,
M,R,B,CN,882,,A,China - Real - Broad (64 economies),2003-12,69.17,A,F,
M,R,B,CN,882,,A,China - Real - Broad (64 economies),2004-01,69.06,A,F,
M,R,B,CN,882,,A,China - Real - Broad (64 economies),2004-02,68.61,A,F,
M,R,B,CN,882,,A,China - Real - Broad (64 economies),2004-03,69.3,A,F,
M,R,B,CN,882,,A,China - Real - Broad (64 economies),2004-04,69.77,A,F,
M,R,B,CN,882,,A,China - Real - Broad (64 economies),2004-05,70.43,A,F,
M,R,B,CN,882,,A,China - Real - Broad (64 economies),2004-06,69.23,A,F,
M,R,B,CN,882,,A,China - Real - Broad (64 economies),2004-07,68.92,A,F,
M,R,B,CN,882,,A,China - Real - Broad (64 economies),2004-08,69.52,A,F,
M,R,B,CN,882,,A,China - Real - Broad (64 economies),2004-09,69.77,A,F,
M,R,B,CN,882,,A,China - Real - Broad (64 economies),2004-10,68.57,A,F,
M,R,B,CN,882,,A,China - Real - Broad (64 economies),2004-11,66.84,A,F,
M,R,B,CN,882,,A,China - Real - Broad (64 economies),2004-12,65.85,A,F,
M,R,B,CN,882,,A,China - Real - Broad (64 economies),2005-01,66.66,A,F,
M,R,B,CN,882,,A,China - Real - Broad (64 economies),2005-02,67.73,A,F,
M,R,B,CN,882,,A,China - Real - Broad (64 economies),2005-03,66.31,A,F,
M,R,B,CN,882,,A,China - Real - Broad (64 economies),2005-04,66.65,A,F,
M,R,B,CN,882,,A,China - Real - Broad (64 economies),2005-05,66.6,A,F,
M,R,B,CN,882,,A,China - Real - Broad (64 economies),2005-06,67.17,A,F,
M,R,B,CN,882,,A,China - Real - Broad (64 economies),2005-07,68.4,A,F,
M,R,B,CN,882,,A,China - Real - Broad (64 economies),2005-08,68.43,A,F,
M,R,B,CN,882,,A,China - Real - Broad (64 economies),2005-09,68.64,A,F,
M,R,B,CN,882,,A,China - Real - Broad (64 economies),2005-10,69.53,A,F,
M,R,B,CN,882,,A,China - Real - Broad (64 economies),2005-11,70.62,A,F,
M,R,B,CN,882,,A,China - Real - Broad (64 economies),2005-12,70.49,A,F,
M,R,B,CN,882,,A,China - Real - Broad (64 economies),2006-01,69.93,A,F,
M,R,B,CN,882,,A,China - Real - Broad (64 economies),2006-02,70.94,A,F,
M,R,B,CN,882,,A,China - Real - Broad (64 economies),2006-03,69.94,A,F,
M,R,B,CN,882,,A,China - Real - Broad (64 economies),2006-04,69.21,A,F,
M,R,B,CN,882,,A,China - Real - Broad (64 economies),2006-05,67.41,A,F,
M,R,B,CN,882,,A,China - Real - Broad (64 economies),2006-06,67.97,A,F,
M,R,B,CN,882,,A,China - Real - Broad (64 economies),2006-07,67.79,A,F,
M,R,B,CN,882,,A,China - Real - Broad (64 economies),2006-08,67.71,A,F,
M,R,B,CN,882,,A,China - Real - Broad (64 economies),2006-09,68.78,A,F,
M,R,B,CN,882,,A,China - Real - Broad (64 economies),2006-10,69.42,A,F,
M,R,B,CN,882,,A,China - Real - Broad (64 economies),2006-11,69.4,A,F,
M,R,B,CN,882,,A,China - Real - Broad (64 economies),2006-12,69.65,A,F,
M,R,B,CN,882,,A,China - Real - Broad (64 economies),2007-01,71.15,A,F,
M,R,B,CN,882,,A,China - Real - Broad (64 economies),2007-02,72.12,A,F,
M,R,B,CN,882,,A,China - Real - Broad (64 economies),2007-03,70.96,A,F,
M,R,B,CN,882,,A,China - Real - Broad (64 economies),2007-04,70.09,A,F,
M,R,B,CN,882,,A,China - Real - Broad (64 economies),2007-05,70.57,A,F,
M,R,B,CN,882,,A,China - Real - Broad (64 economies),2007-06,71.35,A,F,
M,R,B,CN,882,,A,China - Real - Broad (64 economies),2007-07,71.61,A,F,
M,R,B,CN,882,,A,China - Real - Broad (64 economies),2007-08,72.37,A,F,
M,R,B,CN,882,,A,China - Real - Broad (64 economies),2007-09,72.17,A,F,
M,R,B,CN,882,,A,China - Real - Broad (64 economies),2007-10,71.15,A,F,
M,R,B,CN,882,,A,China - Real - Broad (64 economies),2007-11,71.23,A,F,
M,R,B,CN,882,,A,China - Real - Broad (64 economies),2007-12,72.62,A,F,
M,R,B,CN,882,,A,China - Real - Broad (64 economies),2008-01,74.01,A,F,
M,R,B,CN,882,,A,China - Real - Broad (64 economies),2008-02,76.26,A,F,
M,R,B,CN,882,,A,China - Real - Broad (64 economies),2008-03,74.3,A,F,
M,R,B,CN,882,,A,China - Real - Broad (64 economies),2008-04,74.67,A,F,
M,R,B,CN,882,,A,China - Real - Broad (64 economies),2008-05,74.94,A,F,
M,R,B,CN,882,,A,China - Real - Broad (64 economies),2008-06,75.33,A,F,
M,R,B,CN,882,,A,China - Real - Broad (64 economies),2008-07,75.29,A,F,
M,R,B,CN,882,,A,China - Real - Broad (64 economies),2008-08,77.05,A,F,
M,R,B,CN,882,,A,China - Real - Broad (64 economies),2008-09,79.18,A,F,
M,R,B,CN,882,,A,China - Real - Broad (64 economies),2008-10,82.63,A,F,
M,R,B,CN,882,,A,China - Real - Broad (64 economies),2008-11,84.79,A,F,
M,R,B,CN,882,,A,China - Real - Broad (64 economies),2008-12,82.82,A,F,
M,R,B,CN,882,,A,China - Real - Broad (64 economies),2009-01,84.43,A,F,
M,R,B,CN,882,,A,China - Real - Broad (64 economies),2009-02,86.68,A,F,
M,R,B,CN,882,,A,China - Real - Broad (64 economies),2009-03,86.51,A,F,
M,R,B,CN,882,,A,China - Real - Broad (64 economies),2009-04,84.5,A,F,
M,R,B,CN,882,,A,China - Real - Broad (64 economies),2009-05,81.78,A,F,
M,R,B,CN,882,,A,China - Real - Broad (64 economies),2009-06,80.17,A,F,
M,R,B,CN,882,,A,China - Real - Broad (64 economies),2009-07,79.85,A,F,
M,R,B,CN,882,,A,China - Real - Broad (64 economies),2009-08,79.21,A,F,
M,R,B,CN,882,,A,China - Real - Broad (64 economies),2009-09,78.46,A,F,
M,R,B,CN,882,,A,China - Real - Broad (64 economies),2009-10,77.21,A,F,
M,R,B,CN,882,,A,China - Real - Broad (64 economies),2009-11,77.03,A,F,
M,R,B,CN,882,,A,China - Real - Broad (64 economies),2009-12,78.28,A,F,
M,R,B,CN,882,,A,China - Real - Broad (64 economies),2010-01,78.86,A,F,
M,R,B,CN,882,,A,China - Real - Broad (64 economies),2010-02,80.88,A,F,
M,R,B,CN,882,,A,China - Real - Broad (64 economies),2010-03,79.7,A,F,
M,R,B,CN,882,,A,China - Real - Broad (64 economies),2010-04,79.65,A,F,
M,R,B,CN,882,,A,China - Real - Broad (64 economies),2010-05,81.67,A,F,
M,R,B,CN,882,,A,China - Real - Broad (64 economies),2010-06,82.08,A,F,
M,R,B,CN,882,,A,China - Real - Broad (64 economies),2010-07,81.19,A,F,
M,R,B,CN,882,,A,China - Real - Broad (64 economies),2010-08,80.35,A,F,
M,R,B,CN,882,,A,China - Real - Broad (64 economies),2010-09,80.33,A,F,
M,R,B,CN,882,,A,China - Real - Broad (64 economies),2010-10,79.14,A,F,
M,R,B,CN,882,,A,China - Real - Broad (64 economies),2010-11,80.68,A,F,
M,R,B,CN,882,,A,China - Real - Broad (64 economies),2010-12,81.71,A,F,
M,R,B,CN,882,,A,China - Real - Broad (64 economies),2011-01,81.99,A,F,
M,R,B,CN,882,,A,China - Real - Broad (64 economies),2011-02,82.42,A,F,
M,R,B,CN,882,,A,China - Real - Broad (64 economies),2011-03,81.14,A,F,
M,R,B,CN,882,,A,China - Real - Broad (64 economies),2011-04,80.21,A,F,
M,R,B,CN,882,,A,China - Real - Broad (64 economies),2011-05,80.35,A,F,
M,R,B,CN,882,,A,China - Real - Broad (64 economies),2011-06,80.6,A,F,
M,R,B,CN,882,,A,China - Real - Broad (64 economies),2011-07,80.86,A,F,
M,R,B,CN,882,,A,China - Real - Broad (64 economies),2011-08,81.52,A,F,
M,R,B,CN,882,,A,China - Real - Broad (64 economies),2011-09,84.12,A,F,
M,R,B,CN,882,,A,China - Real - Broad (64 economies),2011-10,85.16,A,F,
M,R,B,CN,882,,A,China - Real - Broad (64 economies),2011-11,85.71,A,F,
M,R,B,CN,882,,A,China - Real - Broad (64 economies),2011-12,87.05,A,F,
M,R,B,CN,882,,A,China - Real - Broad (64 economies),2012-01,88.27,A,F,
M,R,B,CN,882,,A,China - Real - Broad (64 economies),2012-02,87.07,A,F,
M,R,B,CN,882,,A,China - Real - Broad (64 economies),2012-03,87.25,A,F,
M,R,B,CN,882,,A,China - Real - Broad (64 economies),2012-04,87.14,A,F,
M,R,B,CN,882,,A,China - Real - Broad (64 economies),2012-05,87.87,A,F,
M,R,B,CN,882,,A,China - Real - Broad (64 economies),2012-06,87.74,A,F,
M,R,B,CN,882,,A,China - Real - Broad (64 economies),2012-07,87.67,A,F,
M,R,B,CN,882,,A,China - Real - Broad (64 economies),2012-08,87.33,A,F,
M,R,B,CN,882,,A,China - Real - Broad (64 economies),2012-09,86.64,A,F,
M,R,B,CN,882,,A,China - Real - Broad (64 economies),2012-10,86.84,A,F,
M,R,B,CN,882,,A,China - Real - Broad (64 economies),2012-11,88.36,A,F,
M,R,B,CN,882,,A,China - Real - Broad (64 economies),2012-12,88.6,A,F,
M,R,B,CN,882,,A,China - Real - Broad (64 economies),2013-01,89.86,A,F,
M,R,B,CN,882,,A,China - Real - Broad (64 economies),2013-02,91.33,A,F,
M,R,B,CN,882,,A,China - Real - Broad (64 economies),2013-03,91.61,A,F,
M,R,B,CN,882,,A,China - Real - Broad (64 economies),2013-04,92.51,A,F,
M,R,B,CN,882,,A,China - Real - Broad (64 economies),2013-05,93.3,A,F,
M,R,B,CN,882,,A,China - Real - Broad (64 economies),2013-06,93.32,A,F,
M,R,B,CN,882,,A,China - Real - Broad (64 economies),2013-07,94.11,A,F,
M,R,B,CN,882,,A,China - Real - Broad (64 economies),2013-08,94.17,A,F,
M,R,B,CN,882,,A,China - Real - Broad (64 economies),2013-09,94.44,A,F,
M,R,B,CN,882,,A,China - Real - Broad (64 economies),2013-10,93.42,A,F,
M,R,B,CN,882,,A,China - Real - Broad (64 economies),2013-11,94.56,A,F,
M,R,B,CN,882,,A,China - Real - Broad (64 economies),2013-12,95.41,A,F,
M,R,B,CN,882,,A,China - Real - Broad (64 economies),2014-01,97.24,A,F,
M,R,B,CN,882,,A,China - Real - Broad (64 economies),2014-02,97.17,A,F,
M,R,B,CN,882,,A,China - Real - Broad (64 economies),2014-03,94.28,A,F,
M,R,B,CN,882,,A,China - Real - Broad (64 economies),2014-04,92.18,A,F,
M,R,B,CN,882,,A,China - Real - Broad (64 economies),2014-05,91.67,A,F,
M,R,B,CN,882,,A,China - Real - Broad (64 economies),2014-06,91.67,A,F,
M,R,B,CN,882,,A,China - Real - Broad (64 economies),2014-07,92.2,A,F,
M,R,B,CN,882,,A,China - Real - Broad (64 economies),2014-08,93.76,A,F,
M,R,B,CN,882,,A,China - Real - Broad (64 economies),2014-09,96,A,F,
M,R,B,CN,882,,A,China - Real - Broad (64 economies),2014-10,97.51,A,F,
M,R,B,CN,882,,A,China - Real - Broad (64 economies),2014-11,99.68,A,F,
M,R,B,CN,882,,A,China - Real - Broad (64 economies),2014-12,100.86,A,F,
M,R,B,CN,882,,A,China - Real - Broad (64 economies),2015-01,102.56,A,F,
M,R,B,CN,882,,A,China - Real - Broad (64 economies),2015-02,104.13,A,F,
M,R,B,CN,882,,A,China - Real - Broad (64 economies),2015-03,104.98,A,F,
M,R,B,CN,882,,A,China - Real - Broad (64 economies),2015-04,104.37,A,F,
M,R,B,CN,882,,A,China - Real - Broad (64 economies),2015-05,103.02,A,F,
M,R,B,CN,882,,A,China - Real - Broad (64 economies),2015-06,103.64,A,F,
M,R,B,CN,882,,A,China - Real - Broad (64 economies),2015-07,105.27,A,F,
M,R,B,CN,882,,A,China - Real - Broad (64 economies),2015-08,104.79,A,F,
M,R,B,CN,882,,A,China - Real - Broad (64 economies),2015-09,104.72,A,F,
M,R,B,CN,882,,A,China - Real - Broad (64 economies),2015-10,103.77,A,F,
M,R,B,CN,882,,A,China - Real - Broad (64 economies),2015-11,105.41,A,F,
M,R,B,CN,882,,A,China - Real - Broad (64 economies),2015-12,104.88,A,F,
M,R,B,CN,882,,A,China - Real - Broad (64 economies),2016-01,104.47,A,F,
M,R,B,CN,882,,A,China - Real - Broad (64 economies),2016-02,105.45,A,F,
M,R,B,CN,882,,A,China - Real - Broad (64 economies),2016-03,103.66,A,F,
M,R,B,CN,882,,A,China - Real - Broad (64 economies),2016-04,101.73,A,F,
M,R,B,CN,882,,A,China - Real - Broad (64 economies),2016-05,100.94,A,F,
M,R,B,CN,882,,A,China - Real - Broad (64 economies),2016-06,99.33,A,F,
M,R,B,CN,882,,A,China - Real - Broad (64 economies),2016-07,98.35,A,F,
M,R,B,CN,882,,A,China - Real - Broad (64 economies),2016-08,97.63,A,F,
M,R,B,CN,882,,A,China - Real - Broad (64 economies),2016-09,97.96,A,F,
M,R,B,CN,882,,A,China - Real - Broad (64 economies),2016-10,97.76,A,F,
M,R,B,CN,882,,A,China - Real - Broad (64 economies),2016-11,98.32,A,F,
M,R,B,CN,882,,A,China - Real - Broad (64 economies),2016-12,99.19,A,F,
M,R,B,CN,882,,A,China - Real - Broad (64 economies),2017-01,99.59,A,F,
M,R,B,CN,882,,A,China - Real - Broad (64 economies),2017-02,98.63,A,F,
M,R,B,CN,882,,A,China - Real - Broad (64 economies),2017-03,97.28,A,F,
M,R,B,CN,882,,A,China - Real - Broad (64 economies),2017-04,96.45,A,F,
M,R,B,CN,882,,A,China - Real - Broad (64 economies),2017-05,95.7,A,F,
M,R,B,CN,882,,A,China - Real - Broad (64 economies),2017-06,95.96,A,F,
M,R,B,CN,882,,A,China - Real - Broad (64 economies),2017-07,96.06,A,F,
M,R,B,CN,882,,A,China - Real - Broad (64 economies),2017-08,96.64,A,F,
M,R,B,CN,882,,A,China - Real - Broad (64 economies),2017-09,97.95,A,F,
M,R,B,CN,882,,A,China - Real - Broad (64 economies),2017-10,98.19,A,F,
M,R,B,CN,882,,A,China - Real - Broad (64 economies),2017-11,98.09,A,F,
M,R,B,CN,882,,A,China - Real - Broad (64 economies),2017-12,98.27,A,F,
M,R,B,CN,882,,A,China - Real - Broad (64 economies),2018-01,99.17,A,F,
M,R,B,CN,882,,A,China - Real - Broad (64 economies),2018-02,101.54,A,F,
M,R,B,CN,882,,A,China - Real - Broad (64 economies),2018-03,100.04,A,F,
M,R,B,CN,882,,A,China - Real - Broad (64 economies),2018-04,100.29,A,F,
M,R,B,CN,882,,A,China - Real - Broad (64 economies),2018-05,100.91,A,F,
M,R,B,CN,882,,A,China - Real - Broad (64 economies),2018-06,100.23,A,F,
M,R,B,CN,882,,A,China - Real - Broad (64 economies),2018-07,97.34,A,F,
M,R,B,CN,882,,A,China - Real - Broad (64 economies),2018-08,96.47,A,F,
M,R,B,CN,882,,A,China - Real - Broad (64 economies),2018-09,97.02,A,F,
M,R,B,CN,882,,A,China - Real - Broad (64 economies),2018-10,96.64,A,F,
M,R,B,CN,882,,A,China - Real - Broad (64 economies),2018-11,96.6,A,F,
M,R,B,CN,882,,A,China - Real - Broad (64 economies),2018-12,97.49,A,F,
M,R,B,CN,882,,A,China - Real - Broad (64 economies),2019-01,98.3,A,F,
M,R,B,CN,882,,A,China - Real - Broad (64 economies),2019-02,100.26,A,F,
M,R,B,CN,882,,A,China - Real - Broad (64 economies),2019-03,100.14,A,F,
M,R,B,CN,882,,A,China - Real - Broad (64 economies),2019-04,99.84,A,F,
M,R,B,CN,882,,A,China - Real - Broad (64 economies),2019-05,98.38,A,F,
M,R,B,CN,882,,A,China - Real - Broad (64 economies),2019-06,96.94,A,F,
M,R,B,CN,882,,A,China - Real - Broad (64 economies),2019-07,97.57,A,F,
M,R,B,CN,882,,A,China - Real - Broad (64 economies),2019-08,96.48,A,F,
M,R,B,CN,882,,A,China - Real - Broad (64 economies),2019-09,96.63,A,F,
M,R,B,CN,882,,A,China - Real - Broad (64 economies),2019-10,97.33,A,F,
M,R,B,CN,882,,A,China - Real - Broad (64 economies),2019-11,98.72,A,F,
M,R,B,CN,882,,A,China - Real - Broad (64 economies),2019-12,98.41,A,F,
M,R,B,CN,882,,A,China - Real - Broad (64 economies),2020-01,100.32,A,F,
M,R,B,CN,882,,A,China - Real - Broad (64 economies),2020-02,101.85,A,F,
M,R,B,CN,882,,A,China - Real - Broad (64 economies),2020-03,101.37,A,F,
M,R,B,CN,882,,A,China - Real - Broad (64 economies),2020-04,101.11,A,F,
M,R,B,CN,882,,A,China - Real - Broad (64 economies),2020-05,99.35,A,F,
M,R,B,CN,882,,A,China - Real - Broad (64 economies),2020-06,97.49,A,F,
M,R,B,CN,882,,A,China - Real - Broad (64 economies),2020-07,98.1,A,F,
M,R,B,CN,882,,A,China - Real - Broad (64 economies),2020-08,98.05,A,F,
M,R,B,CN,882,,A,China - Real - Broad (64 economies),2020-09,99.99,A,F,
M,R,B,CN,882,,A,China - Real - Broad (64 economies),2020-10,100.65,A,F,
M,R,B,CN,882,,A,China - Real - Broad (64 economies),2020-11,100.91,A,F,
M,R,B,CN,882,,A,China - Real - Broad (64 economies),2020-12,100.79,A,F,
M,R,B,CN,882,,A,China - Real - Broad (64 economies),2021-01,101.7,A,F,
M,R,B,CN,882,,A,China - Real - Broad (64 economies),2021-02,103.22,A,F,
M,R,B,CN,882,,A,China - Real - Broad (64 economies),2021-03,103.06,A,F,
M,R,B,CN,882,,A,China - Real - Broad (64 economies),2021-04,101.77,A,F,
M,R,B,CN,882,,A,China - Real - Broad (64 economies),2021-05,101.54,A,F,
M,R,B,CN,882,,A,China - Real - Broad (64 economies),2021-06,101.54,A,F,
M,R,B,CN,882,,A,China - Real - Broad (64 economies),2021-07,102.48,A,F,
M,R,B,CN,882,,A,China - Real - Broad (64 economies),2021-08,102.41,A,F,
M,R,B,CN,882,,A,China - Real - Broad (64 economies),2021-09,102.49,A,F,
M,R,B,CN,882,,A,China - Real - Broad (64 economies),2021-10,104.24,A,F,
M,R,B,CN,882,,A,China - Real - Broad (64 economies),2021-11,105.47,A,F,
M,R,B,CN,882,,A,China - Real - Broad (64 economies),2021-12,106.27,A,F,
M,R,B,CN,882,,A,China - Real - Broad (64 economies),2022-01,105.32,A,F,
M,R,B,CN,882,,A,China - Real - Broad (64 economies),2022-02,106.22,A,F,
M,R,B,CN,882,,A,China - Real - Broad (64 economies),2022-03,107.31,A,F,
M,R,B,CN,882,,A,China - Real - Broad (64 economies),2022-04,106.34,A,F,
M,R,B,CN,882,,A,China - Real - Broad (64 economies),2022-05,102.83,A,F,
M,R,B,CN,882,,A,China - Real - Broad (64 economies),2022-06,103.12,A,F,
M,R,B,CN,882,,A,China - Real - Broad (64 economies),2022-07,105.23,A,F,
M,R,B,CN,882,,A,China - Real - Broad (64 economies),2022-08,103.7,A,F,
M,R,B,CN,882,,A,China - Real - Broad (64 economies),2022-09,103.34,A,F,
M,R,B,CN,882,,A,China - Real - Broad (64 economies),2022-10,101.83,A,F,
M,R,B,CN,882,,A,China - Real - Broad (64 economies),2022-11,98.61,A,F,
M,R,B,CN,882,,A,China - Real - Broad (64 economies),2022-12,98.49,A,F,
M,R,B,CN,882,,A,China - Real - Broad (64 economies),2023-01,98.78,A,F,
M,R,B,CN,882,,A,China - Real - Broad (64 economies),2023-02,98.77,A,F,
M,R,B,CN,882,,A,China - Real - Broad (64 economies),2023-03,97.65,A,F,
M,R,B,CN,882,,A,China - Real - Broad (64 economies),2023-04,95.92,A,F,
M,R,B,CN,882,,A,China - Real - Broad (64 economies),2023-05,94.71,A,F,
M,R,B,CN,882,,A,China - Real - Broad (64 economies),2023-06,92.77,A,F,
M,R,B,CN,882,,A,China - Real - Broad (64 economies),2023-07,91.96,A,F,
M,R,B,CN,882,,A,China - Real - Broad (64 economies),2023-08,92.53,A,F,
M,R,B,CN,882,,A,China - Real - Broad (64 economies),2023-09,93.31,A,F,
M,R,B,CN,882,,A,China - Real - Broad (64 economies),2023-10,93.57,A,F,
M,R,B,CN,882,,A,China - Real - Broad (64 economies),2023-11,92.58,A,F,
M,R,B,CN,882,,A,China - Real - Broad (64 economies),2023-12,92.73,A,F,
M,R,B,CN,882,,A,China - Real - Broad (64 economies),2024-01,92.32,A,F,
M,R,B,CN,882,,A,China - Real - Broad (64 economies),2024-02,94.07,A,F,
M,R,B,CN,882,,A,China - Real - Broad (64 economies),2024-03,92.65,A,F,
M,R,B,CN,882,,A,China - Real - Broad (64 economies),2024-04,92.91,A,F,
M,R,B,CN,882,,A,China - Real - Broad (64 economies),2024-05,92.13,A,F,
M,R,B,CN,882,,A,China - Real - Broad (64 economies),2024-06,92.12,A,F,
M,R,B,CN,882,,A,China - Real - Broad (64 economies),2024-07,92.23,A,F,
M,R,B,CN,882,,A,China - Real - Broad (64 economies),2024-08,91.79,A,F,
M,R,B,CN,882,,A,China - Real - Broad (64 economies),2024-09,91.67,A,F,
M,R,B,CN,882,,A,China - Real - Broad (64 economies),2024-10,92.54,A,F,
M,R,B,CN,882,,A,China - Real - Broad (64 economies),2024-11,92.15,A,F,
M,R,B,CN,882,,A,China - Real - Broad (64 economies),2024-12,92.26,A,F,
M,R,B,CN,882,,A,China - Real - Broad (64 economies),2025-01,92.65,A,F,
M,R,B,CN,882,,A,China - Real - Broad (64 economies),2025-02,92.23,A,F,
M,R,B,CN,882,,A,China - Real - Broad (64 economies),2025-03,90.56,A,F,
M,R,B,CN,882,,A,China - Real - Broad (64 economies),2025-04,87.66,A,F,
M,R,B,CN,882,,A,China - Real - Broad (64 economies),2025-05,86.84,A,F,
M,R,B,CN,882,,A,China - Real - Broad (64 economies),2025-06,86.18,A,F,
M,R,B,CN,882,,A,China - Real - Broad (64 economies),2025-07,86.37,A,F,
M,R,B,CN,882,,A,China - Real - Broad (64 economies),2025-08,86.77,A,F,
M,R,B,CN,882,,A,China - Real - Broad (64 economies),2025-09,87.21,A,F,
M,R,B,CN,882,,A,China - Real - Broad (64 economies),2025-10,87.97,A,F,
M,R,B,CN,882,,A,China - Real - Broad (64 economies),2025-11,88.82,A,F,
M,R,B,CN,882,,A,China - Real - Broad (64 economies),2025-12,89.44,A,F,
M,R,B,CN,882,,A,China - Real - Broad (64 economies),2026-01,89.52,A,F,
M,R,B,CN,882,,A,China - Real - Broad (64 economies),2026-02,90.74,A,F,
M,R,B,CN,882,,A,China - Real - Broad (64 economies),2026-03,91.5,A,F,
M,R,B,CN,882,,A,China - Real - Broad (64 economies),2026-04,91.01,A,F,
M,R,B,CN,882,,A,China - Real - Broad (64 economies),2026-05,90.83,A,F,
M,R,B,CN,882,,A,China - Real - Broad (64 economies),2026-06,92.23,A,F,
M,R,B,CN,882,,A,China - Real - Broad (64 economies),2026-07,92.67,A,F,
M,R,B,CN,882,,A,China - Real - Broad (64 economies),2026-08,91.77,A,F,
M,R,B,ID,882,,A,Indonesia - Real - Broad (64 economies),1994-01,120.02,A,F,
M,R,B,ID,882,,A,Indonesia - Real - Broad (64 economies),1994-02,119.07,A,F,
M,R,B,ID,882,,A,Indonesia - Real - Broad (64 economies),1994-03,117.22,A,F,
M,R,B,ID,882,,A,Indonesia - Real - Broad (64 economies),1994-04,116.19,A,F,
M,R,B,ID,882,,A,Indonesia - Real - Broad (64 economies),1994-05,115.63,A,F,
M,R,B,ID,882,,A,Indonesia - Real - Broad (64 economies),1994-06,114.43,A,F,
M,R,B,ID,882,,A,Indonesia - Real - Broad (64 economies),1994-07,113.55,A,F,
M,R,B,ID,882,,A,Indonesia - Real - Broad (64 economies),1994-08,114.32,A,F,
M,R,B,ID,882,,A,Indonesia - Real - Broad (64 economies),1994-09,113.08,A,F,
M,R,B,ID,882,,A,Indonesia - Real - Broad (64 economies),1994-10,113.26,A,F,
M,R,B,ID,882,,A,Indonesia - Real - Broad (64 economies),1994-11,113.65,A,F,
M,R,B,ID,882,,A,Indonesia - Real - Broad (64 economies),1994-12,114.77,A,F,
M,R,B,ID,882,,A,Indonesia - Real - Broad (64 economies),1995-01,113.64,A,F,
M,R,B,ID,882,,A,Indonesia - Real - Broad (64 economies),1995-02,113.87,A,F,
M,R,B,ID,882,,A,Indonesia - Real - Broad (64 economies),1995-03,110.09,A,F,
M,R,B,ID,882,,A,Indonesia - Real - Broad (64 economies),1995-04,107.99,A,F,
M,R,B,ID,882,,A,Indonesia - Real - Broad (64 economies),1995-05,108.89,A,F,
M,R,B,ID,882,,A,Indonesia - Real - Broad (64 economies),1995-06,108.66,A,F,
M,R,B,ID,882,,A,Indonesia - Real - Broad (64 economies),1995-07,110.11,A,F,
M,R,B,ID,882,,A,Indonesia - Real - Broad (64 economies),1995-08,112.63,A,F,
M,R,B,ID,882,,A,Indonesia - Real - Broad (64 economies),1995-09,113.81,A,F,
M,R,B,ID,882,,A,Indonesia - Real - Broad (64 economies),1995-10,114.04,A,F,
M,R,B,ID,882,,A,Indonesia - Real - Broad (64 economies),1995-11,114.2,A,F,
M,R,B,ID,882,,A,Indonesia - Real - Broad (64 economies),1995-12,115.29,A,F,
M,R,B,ID,882,,A,Indonesia - Real - Broad (64 economies),1996-01,118.69,A,F,
M,R,B,ID,882,,A,Indonesia - Real - Broad (64 economies),1996-02,119.71,A,F,
M,R,B,ID,882,,A,Indonesia - Real - Broad (64 economies),1996-03,117.21,A,F,
M,R,B,ID,882,,A,Indonesia - Real - Broad (64 economies),1996-04,118.16,A,F,
M,R,B,ID,882,,A,Indonesia - Real - Broad (64 economies),1996-05,118.11,A,F,
M,R,B,ID,882,,A,Indonesia - Real - Broad (64 economies),1996-06,118.71,A,F,
M,R,B,ID,882,,A,Indonesia - Real - Broad (64 economies),1996-07,119.24,A,F,
M,R,B,ID,882,,A,Indonesia - Real - Broad (64 economies),1996-08,118.22,A,F,
M,R,B,ID,882,,A,Indonesia - Real - Broad (64 economies),1996-09,119.24,A,F,
M,R,B,ID,882,,A,Indonesia - Real - Broad (64 economies),1996-10,120.69,A,F,
M,R,B,ID,882,,A,Indonesia - Real - Broad (64 economies),1996-11,120.06,A,F,
M,R,B,ID,882,,A,Indonesia - Real - Broad (64 economies),1996-12,120.76,A,F,
M,R,B,ID,882,,A,Indonesia - Real - Broad (64 economies),1997-01,122.93,A,F,
M,R,B,ID,882,,A,Indonesia - Real - Broad (64 economies),1997-02,125.88,A,F,
M,R,B,ID,882,,A,Indonesia - Real - Broad (64 economies),1997-03,124.92,A,F,
M,R,B,ID,882,,A,Indonesia - Real - Broad (64 economies),1997-04,124.94,A,F,
M,R,B,ID,882,,A,Indonesia - Real - Broad (64 economies),1997-05,122.65,A,F,
M,R,B,ID,882,,A,Indonesia - Real - Broad (64 economies),1997-06,121.04,A,F,
M,R,B,ID,882,,A,Indonesia - Real - Broad (64 economies),1997-07,120.28,A,F,
M,R,B,ID,882,,A,Indonesia - Real - Broad (64 economies),1997-08,113.94,A,F,
M,R,B,ID,882,,A,Indonesia - Real - Broad (64 economies),1997-09,104.88,A,F,
M,R,B,ID,882,,A,Indonesia - Real - Broad (64 economies),1997-10,89.71,A,F,
M,R,B,ID,882,,A,Indonesia - Real - Broad (64 economies),1997-11,96.79,A,F,
M,R,B,ID,882,,A,Indonesia - Real - Broad (64 economies),1997-12,73.69,A,F,
M,R,B,ID,882,,A,Indonesia - Real - Broad (64 economies),1998-01,42.02,A,F,
M,R,B,ID,882,,A,Indonesia - Real - Broad (64 economies),1998-02,48.14,A,F,
M,R,B,ID,882,,A,Indonesia - Real - Broad (64 economies),1998-03,47.93,A,F,
M,R,B,ID,882,,A,Indonesia - Real - Broad (64 economies),1998-04,58.95,A,F,
M,R,B,ID,882,,A,Indonesia - Real - Broad (64 economies),1998-05,51.98,A,F,
M,R,B,ID,882,,A,Indonesia - Real - Broad (64 economies),1998-06,40.17,A,F,
M,R,B,ID,882,,A,Indonesia - Real - Broad (64 economies),1998-07,41.43,A,F,
M,R,B,ID,882,,A,Indonesia - Real - Broad (64 economies),1998-08,51.05,A,F,
M,R,B,ID,882,,A,Indonesia - Real - Broad (64 economies),1998-09,56.78,A,F,
M,R,B,ID,882,,A,Indonesia - Real - Broad (64 economies),1998-10,69.34,A,F,
M,R,B,ID,882,,A,Indonesia - Real - Broad (64 economies),1998-11,77.05,A,F,
M,R,B,ID,882,,A,Indonesia - Real - Broad (64 economies),1998-12,77.75,A,F,
M,R,B,ID,882,,A,Indonesia - Real - Broad (64 economies),1999-01,71.55,A,F,
M,R,B,ID,882,,A,Indonesia - Real - Broad (64 economies),1999-02,71.77,A,F,
M,R,B,ID,882,,A,Indonesia - Real - Broad (64 economies),1999-03,71.5,A,F,
M,R,B,ID,882,,A,Indonesia - Real - Broad (64 economies),1999-04,73.14,A,F,
M,R,B,ID,882,,A,Indonesia - Real - Broad (64 economies),1999-05,79.26,A,F,
M,R,B,ID,882,,A,Indonesia - Real - Broad (64 economies),1999-06,85.68,A,F,
M,R,B,ID,882,,A,Indonesia - Real - Broad (64 economies),1999-07,92.16,A,F,
M,R,B,ID,882,,A,Indonesia - Real - Broad (64 economies),1999-08,81.62,A,F,
M,R,B,ID,882,,A,Indonesia - Real - Broad (64 economies),1999-09,71.83,A,F,
M,R,B,ID,882,,A,Indonesia - Real - Broad (64 economies),1999-10,78.26,A,F,
M,R,B,ID,882,,A,Indonesia - Real - Broad (64 economies),1999-11,84.67,A,F,
M,R,B,ID,882,,A,Indonesia - Real - Broad (64 economies),1999-12,84.18,A,F,
M,R,B,ID,882,,A,Indonesia - Real - Broad (64 economies),2000-01,83.77,A,F,
M,R,B,ID,882,,A,Indonesia - Real - Broad (64 economies),2000-02,83.17,A,F,
M,R,B,ID,882,,A,Indonesia - Real - Broad (64 economies),2000-03,82.09,A,F,
M,R,B,ID,882,,A,Indonesia - Real - Broad (64 economies),2000-04,79.4,A,F,
M,R,B,ID,882,,A,Indonesia - Real - Broad (64 economies),2000-05,75.83,A,F,
M,R,B,ID,882,,A,Indonesia - Real - Broad (64 economies),2000-06,72.84,A,F,
M,R,B,ID,882,,A,Indonesia - Real - Broad (64 economies),2000-07,69.75,A,F,
M,R,B,ID,882,,A,Indonesia - Real - Broad (64 economies),2000-08,76.6,A,F,
M,R,B,ID,882,,A,Indonesia - Real - Broad (64 economies),2000-09,75.16,A,F,
M,R,B,ID,882,,A,Indonesia - Real - Broad (64 economies),2000-10,74.18,A,F,
M,R,B,ID,882,,A,Indonesia - Real - Broad (64 economies),2000-11,72.22,A,F,
M,R,B,ID,882,,A,Indonesia - Real - Broad (64 economies),2000-12,72.63,A,F,
M,R,B,ID,882,,A,Indonesia - Real - Broad (64 economies),2001-01,72.65,A,F,
M,R,B,ID,882,,A,Indonesia - Real - Broad (64 economies),2001-02,72.15,A,F,
M,R,B,ID,882,,A,Indonesia - Real - Broad (64 economies),2001-03,69.93,A,F,
M,R,B,ID,882,,A,Indonesia - Real - Broad (64 economies),2001-04,65.01,A,F,
M,R,B,ID,882,,A,Indonesia - Real - Broad (64 economies),2001-05,64.7,A,F,
M,R,B,ID,882,,A,Indonesia - Real - Broad (64 economies),2001-06,66.04,A,F,
M,R,B,ID,882,,A,Indonesia - Real - Broad (64 economies),2001-07,70.63,A,F,
M,R,B,ID,882,,A,Indonesia - Real - Broad (64 economies),2001-08,83.82,A,F,
M,R,B,ID,882,,A,Indonesia - Real - Broad (64 economies),2001-09,80.75,A,F,
M,R,B,ID,882,,A,Indonesia - Real - Broad (64 economies),2001-10,75.61,A,F,
M,R,B,ID,882,,A,Indonesia - Real - Broad (64 economies),2001-11,73.89,A,F,
M,R,B,ID,882,,A,Indonesia - Real - Broad (64 economies),2001-12,77.95,A,F,
M,R,B,ID,882,,A,Indonesia - Real - Broad (64 economies),2002-01,79.32,A,F,
M,R,B,ID,882,,A,Indonesia - Real - Broad (64 economies),2002-02,82.01,A,F,
M,R,B,ID,882,,A,Indonesia - Real - Broad (64 economies),2002-03,83.96,A,F,
M,R,B,ID,882,,A,Indonesia - Real - Broad (64 economies),2002-04,86.87,A,F,
M,R,B,ID,882,,A,Indonesia - Real - Broad (64 economies),2002-05,89.43,A,F,
M,R,B,ID,882,,A,Indonesia - Real - Broad (64 economies),2002-06,92.34,A,F,
M,R,B,ID,882,,A,Indonesia - Real - Broad (64 economies),2002-07,88.64,A,F,
M,R,B,ID,882,,A,Indonesia - Real - Broad (64 economies),2002-08,90.01,A,F,
M,R,B,ID,882,,A,Indonesia - Real - Broad (64 economies),2002-09,90.41,A,F,
M,R,B,ID,882,,A,Indonesia - Real - Broad (64 economies),2002-10,89.74,A,F,
M,R,B,ID,882,,A,Indonesia - Real - Broad (64 economies),2002-11,91.01,A,F,
M,R,B,ID,882,,A,Indonesia - Real - Broad (64 economies),2002-12,93.14,A,F,
M,R,B,ID,882,,A,Indonesia - Real - Broad (64 economies),2003-01,92.42,A,F,
M,R,B,ID,882,,A,Indonesia - Real - Broad (64 economies),2003-02,92.36,A,F,
M,R,B,ID,882,,A,Indonesia - Real - Broad (64 economies),2003-03,91.6,A,F,
M,R,B,ID,882,,A,Indonesia - Real - Broad (64 economies),2003-04,92.92,A,F,
M,R,B,ID,882,,A,Indonesia - Real - Broad (64 economies),2003-05,95.3,A,F,
M,R,B,ID,882,,A,Indonesia - Real - Broad (64 economies),2003-06,97.62,A,F,
M,R,B,ID,882,,A,Indonesia - Real - Broad (64 economies),2003-07,96.95,A,F,
M,R,B,ID,882,,A,Indonesia - Real - Broad (64 economies),2003-08,95.98,A,F,
M,R,B,ID,882,,A,Indonesia - Real - Broad (64 economies),2003-09,95.57,A,F,
M,R,B,ID,882,,A,Indonesia - Real - Broad (64 economies),2003-10,94.22,A,F,
M,R,B,ID,882,,A,Indonesia - Real - Broad (64 economies),2003-11,94.42,A,F,
M,R,B,ID,882,,A,Indonesia - Real - Broad (64 economies),2003-12,94,A,F,
M,R,B,ID,882,,A,Indonesia - Real - Broad (64 economies),2004-01,94.34,A,F,
M,R,B,ID,882,,A,Indonesia - Real - Broad (64 economies),2004-02,93.22,A,F,
M,R,B,ID,882,,A,Indonesia - Real - Broad (64 economies),2004-03,92.78,A,F,
M,R,B,ID,882,,A,Indonesia - Real - Broad (64 economies),2004-04,92.93,A,F,
M,R,B,ID,882,,A,Indonesia - Real - Broad (64 economies),2004-05,90.87,A,F,
M,R,B,ID,882,,A,Indonesia - Real - Broad (64 economies),2004-06,86.92,A,F,
M,R,B,ID,882,,A,Indonesia - Real - Broad (64 economies),2004-07,90.3,A,F,
M,R,B,ID,882,,A,Indonesia - Real - Broad (64 economies),2004-08,88.56,A,F,
M,R,B,ID,882,,A,Indonesia - Real - Broad (64 economies),2004-09,88.7,A,F,
M,R,B,ID,882,,A,Indonesia - Real - Broad (64 economies),2004-10,88.86,A,F,
M,R,B,ID,882,,A,Indonesia - Real - Broad (64 economies),2004-11,88.32,A,F,
M,R,B,ID,882,,A,Indonesia - Real - Broad (64 economies),2004-12,86.1,A,F,
M,R,B,ID,882,,A,Indonesia - Real - Broad (64 economies),2005-01,87.82,A,F,
M,R,B,ID,882,,A,Indonesia - Real - Broad (64 economies),2005-02,86.85,A,F,
M,R,B,ID,882,,A,Indonesia - Real - Broad (64 economies),2005-03,86.77,A,F,
M,R,B,ID,882,,A,Indonesia - Real - Broad (64 economies),2005-04,86.05,A,F,
M,R,B,ID,882,,A,Indonesia - Real - Broad (64 economies),2005-05,87.04,A,F,
M,R,B,ID,882,,A,Indonesia - Real - Broad (64 economies),2005-06,87.48,A,F,
M,R,B,ID,882,,A,Indonesia - Real - Broad (64 economies),2005-07,87.15,A,F,
M,R,B,ID,882,,A,Indonesia - Real - Broad (64 economies),2005-08,84.73,A,F,
M,R,B,ID,882,,A,Indonesia - Real - Broad (64 economies),2005-09,83.16,A,F,
M,R,B,ID,882,,A,Indonesia - Real - Broad (64 economies),2005-10,92.67,A,F,
M,R,B,ID,882,,A,Indonesia - Real - Broad (64 economies),2005-11,95.44,A,F,
M,R,B,ID,882,,A,Indonesia - Real - Broad (64 economies),2005-12,96.71,A,F,
M,R,B,ID,882,,A,Indonesia - Real - Broad (64 economies),2006-01,99.78,A,F,
M,R,B,ID,882,,A,Indonesia - Real - Broad (64 economies),2006-02,102.97,A,F,
M,R,B,ID,882,,A,Indonesia - Real - Broad (64 economies),2006-03,103.65,A,F,
M,R,B,ID,882,,A,Indonesia - Real - Broad (64 economies),2006-04,104.83,A,F,
M,R,B,ID,882,,A,Indonesia - Real - Broad (64 economies),2006-05,101.76,A,F,
M,R,B,ID,882,,A,Indonesia - Real - Broad (64 economies),2006-06,99.84,A,F,
M,R,B,ID,882,,A,Indonesia - Real - Broad (64 economies),2006-07,102.62,A,F,
M,R,B,ID,882,,A,Indonesia - Real - Broad (64 economies),2006-08,102.75,A,F,
M,R,B,ID,882,,A,Indonesia - Real - Broad (64 economies),2006-09,102.69,A,F,
M,R,B,ID,882,,A,Indonesia - Real - Broad (64 economies),2006-10,103.65,A,F,
M,R,B,ID,882,,A,Indonesia - Real - Broad (64 economies),2006-11,103.14,A,F,
M,R,B,ID,882,,A,Indonesia - Real - Broad (64 economies),2006-12,103.55,A,F,
M,R,B,ID,882,,A,Indonesia - Real - Broad (64 economies),2007-01,105.64,A,F,
M,R,B,ID,882,,A,Indonesia - Real - Broad (64 economies),2007-02,105.6,A,F,
M,R,B,ID,882,,A,Indonesia - Real - Broad (64 economies),2007-03,103.42,A,F,
M,R,B,ID,882,,A,Indonesia - Real - Broad (64 economies),2007-04,102.89,A,F,
M,R,B,ID,882,,A,Indonesia - Real - Broad (64 economies),2007-05,105.81,A,F,
M,R,B,ID,882,,A,Indonesia - Real - Broad (64 economies),2007-06,104.39,A,F,
M,R,B,ID,882,,A,Indonesia - Real - Broad (64 economies),2007-07,102.33,A,F,
M,R,B,ID,882,,A,Indonesia - Real - Broad (64 economies),2007-08,99.62,A,F,
M,R,B,ID,882,,A,Indonesia - Real - Broad (64 economies),2007-09,100.03,A,F,
M,R,B,ID,882,,A,Indonesia - Real - Broad (64 economies),2007-10,100.99,A,F,
M,R,B,ID,882,,A,Indonesia - Real - Broad (64 economies),2007-11,97.28,A,F,
M,R,B,ID,882,,A,Indonesia - Real - Broad (64 economies),2007-12,97.64,A,F,
M,R,B,ID,882,,A,Indonesia - Real - Broad (64 economies),2008-01,97.14,A,F,
M,R,B,ID,882,,A,Indonesia - Real - Broad (64 economies),2008-02,98.78,A,F,
M,R,B,ID,882,,A,Indonesia - Real - Broad (64 economies),2008-03,97.47,A,F,
M,R,B,ID,882,,A,Indonesia - Real - Broad (64 economies),2008-04,96.81,A,F,
M,R,B,ID,882,,A,Indonesia - Real - Broad (64 economies),2008-05,97.66,A,F,
M,R,B,ID,882,,A,Indonesia - Real - Broad (64 economies),2008-06,99.79,A,F,
M,R,B,ID,882,,A,Indonesia - Real - Broad (64 economies),2008-07,101.55,A,F,
M,R,B,ID,882,,A,Indonesia - Real - Broad (64 economies),2008-08,104.65,A,F,
M,R,B,ID,882,,A,Indonesia - Real - Broad (64 economies),2008-09,105.22,A,F,
M,R,B,ID,882,,A,Indonesia - Real - Broad (64 economies),2008-10,101.74,A,F,
M,R,B,ID,882,,A,Indonesia - Real - Broad (64 economies),2008-11,88.22,A,F,
M,R,B,ID,882,,A,Indonesia - Real - Broad (64 economies),2008-12,90.18,A,F,
M,R,B,ID,882,,A,Indonesia - Real - Broad (64 economies),2009-01,91.84,A,F,
M,R,B,ID,882,,A,Indonesia - Real - Broad (64 economies),2009-02,87.94,A,F,
M,R,B,ID,882,,A,Indonesia - Real - Broad (64 economies),2009-03,89.32,A,F,
M,R,B,ID,882,,A,Indonesia - Real - Broad (64 economies),2009-04,94.34,A,F,
M,R,B,ID,882,,A,Indonesia - Real - Broad (64 economies),2009-05,98.05,A,F,
M,R,B,ID,882,,A,Indonesia - Real - Broad (64 economies),2009-06,98.76,A,F,
M,R,B,ID,882,,A,Indonesia - Real - Broad (64 economies),2009-07,99.75,A,F,
M,R,B,ID,882,,A,Indonesia - Real - Broad (64 economies),2009-08,100.43,A,F,
M,R,B,ID,882,,A,Indonesia - Real - Broad (64 economies),2009-09,101.55,A,F,
M,R,B,ID,882,,A,Indonesia - Real - Broad (64 economies),2009-10,104.17,A,F,
M,R,B,ID,882,,A,Indonesia - Real - Broad (64 economies),2009-11,103.62,A,F,
M,R,B,ID,882,,A,Indonesia - Real - Broad (64 economies),2009-12,104.47,A,F,
M,R,B,ID,882,,A,Indonesia - Real - Broad (64 economies),2010-01,107.21,A,F,
M,R,B,ID,882,,A,Indonesia - Real - Broad (64 economies),2010-02,107.5,A,F,
M,R,B,ID,882,,A,Indonesia - Real - Broad (64 economies),2010-03,108.79,A,F,
M,R,B,ID,882,,A,Indonesia - Real - Broad (64 economies),2010-04,110.07,A,F,
M,R,B,ID,882,,A,Indonesia - Real - Broad (64 economies),2010-05,110.35,A,F,
M,R,B,ID,882,,A,Indonesia - Real - Broad (64 economies),2010-06,112.55,A,F,
M,R,B,ID,882,,A,Indonesia - Real - Broad (64 economies),2010-07,113.36,A,F,
M,R,B,ID,882,,A,Indonesia - Real - Broad (64 economies),2010-08,113.35,A,F,
M,R,B,ID,882,,A,Indonesia - Real - Broad (64 economies),2010-09,112.31,A,F,
M,R,B,ID,882,,A,Indonesia - Real - Broad (64 economies),2010-10,109.59,A,F,
M,R,B,ID,882,,A,Indonesia - Real - Broad (64 economies),2010-11,110.08,A,F,
M,R,B,ID,882,,A,Indonesia - Real - Broad (64 economies),2010-12,110.73,A,F,
M,R,B,ID,882,,A,Indonesia - Real - Broad (64 economies),2011-01,109.98,A,F,
M,R,B,ID,882,,A,Indonesia - Real - Broad (64 economies),2011-02,110.54,A,F,
M,R,B,ID,882,,A,Indonesia - Real - Broad (64 economies),2011-03,110.92,A,F,
M,R,B,ID,882,,A,Indonesia - Real - Broad (64 economies),2011-04,110.42,A,F,
M,R,B,ID,882,,A,Indonesia - Real - Broad (64 economies),2011-05,110.87,A,F,
M,R,B,ID,882,,A,Indonesia - Real - Broad (64 economies),2011-06,111.21,A,F,
M,R,B,ID,882,,A,Indonesia - Real - Broad (64 economies),2011-07,111.38,A,F,
M,R,B,ID,882,,A,Indonesia - Real - Broad (64 economies),2011-08,111.38,A,F,
M,R,B,ID,882,,A,Indonesia - Real - Broad (64 economies),2011-09,110.26,A,F,
M,R,B,ID,882,,A,Indonesia - Real - Broad (64 economies),2011-10,110.02,A,F,
M,R,B,ID,882,,A,Indonesia - Real - Broad (64 economies),2011-11,109.04,A,F,
M,R,B,ID,882,,A,Indonesia - Real - Broad (64 economies),2011-12,109.51,A,F,
M,R,B,ID,882,,A,Indonesia - Real - Broad (64 economies),2012-01,109.52,A,F,
M,R,B,ID,882,,A,Indonesia - Real - Broad (64 economies),2012-02,108.83,A,F,
M,R,B,ID,882,,A,Indonesia - Real - Broad (64 economies),2012-03,107.78,A,F,
M,R,B,ID,882,,A,Indonesia - Real - Broad (64 economies),2012-04,107.44,A,F,
M,R,B,ID,882,,A,Indonesia - Real - Broad (64 economies),2012-05,106.79,A,F,
M,R,B,ID,882,,A,Indonesia - Real - Broad (64 economies),2012-06,107.04,A,F,
M,R,B,ID,882,,A,Indonesia - Real - Broad (64 economies),2012-07,107.38,A,F,
M,R,B,ID,882,,A,Indonesia - Real - Broad (64 economies),2012-08,106.51,A,F,
M,R,B,ID,882,,A,Indonesia - Real - Broad (64 economies),2012-09,104.21,A,F,
M,R,B,ID,882,,A,Indonesia - Real - Broad (64 economies),2012-10,103.41,A,F,
M,R,B,ID,882,,A,Indonesia - Real - Broad (64 economies),2012-11,103.77,A,F,
M,R,B,ID,882,,A,Indonesia - Real - Broad (64 economies),2012-12,103.69,A,F,
M,R,B,ID,882,,A,Indonesia - Real - Broad (64 economies),2013-01,104.88,A,F,
M,R,B,ID,882,,A,Indonesia - Real - Broad (64 economies),2013-02,105.81,A,F,
M,R,B,ID,882,,A,Indonesia - Real - Broad (64 economies),2013-03,106.95,A,F,
M,R,B,ID,882,,A,Indonesia - Real - Broad (64 economies),2013-04,107.06,A,F,
M,R,B,ID,882,,A,Indonesia - Real - Broad (64 economies),2013-05,107.47,A,F,
M,R,B,ID,882,,A,Indonesia - Real - Broad (64 economies),2013-06,107.38,A,F,
M,R,B,ID,882,,A,Indonesia - Real - Broad (64 economies),2013-07,109.18,A,F,
M,R,B,ID,882,,A,Indonesia - Real - Broad (64 economies),2013-08,103.97,A,F,
M,R,B,ID,882,,A,Indonesia - Real - Broad (64 economies),2013-09,97.08,A,F,
M,R,B,ID,882,,A,Indonesia - Real - Broad (64 economies),2013-10,97.81,A,F,
M,R,B,ID,882,,A,Indonesia - Real - Broad (64 economies),2013-11,94.71,A,F,
M,R,B,ID,882,,A,Indonesia - Real - Broad (64 economies),2013-12,91.95,A,F,
M,R,B,ID,882,,A,Indonesia - Real - Broad (64 economies),2014-01,92.6,A,F,
M,R,B,ID,882,,A,Indonesia - Real - Broad (64 economies),2014-02,93.82,A,F,
M,R,B,ID,882,,A,Indonesia - Real - Broad (64 economies),2014-03,97.86,A,F,
M,R,B,ID,882,,A,Indonesia - Real - Broad (64 economies),2014-04,97.16,A,F,
M,R,B,ID,882,,A,Indonesia - Real - Broad (64 economies),2014-05,96.14,A,F,
M,R,B,ID,882,,A,Indonesia - Real - Broad (64 economies),2014-06,93.64,A,F,
M,R,B,ID,882,,A,Indonesia - Real - Broad (64 economies),2014-07,96.11,A,F,
M,R,B,ID,882,,A,Indonesia - Real - Broad (64 economies),2014-08,96.38,A,F,
M,R,B,ID,882,,A,Indonesia - Real - Broad (64 economies),2014-09,96.17,A,F,
M,R,B,ID,882,,A,Indonesia - Real - Broad (64 economies),2014-10,95.64,A,F,
M,R,B,ID,882,,A,Indonesia - Real - Broad (64 economies),2014-11,98.88,A,F,
M,R,B,ID,882,,A,Indonesia - Real - Broad (64 economies),2014-12,100.62,A,F,
M,R,B,ID,882,,A,Indonesia - Real - Broad (64 economies),2015-01,100.75,A,F,
M,R,B,ID,882,,A,Indonesia - Real - Broad (64 economies),2015-02,99.12,A,F,
M,R,B,ID,882,,A,Indonesia - Real - Broad (64 economies),2015-03,98.13,A,F,
M,R,B,ID,882,,A,Indonesia - Real - Broad (64 economies),2015-04,98.53,A,F,
M,R,B,ID,882,,A,Indonesia - Real - Broad (64 economies),2015-05,97.01,A,F,
M,R,B,ID,882,,A,Indonesia - Real - Broad (64 economies),2015-06,97.01,A,F,
M,R,B,ID,882,,A,Indonesia - Real - Broad (64 economies),2015-07,98.2,A,F,
M,R,B,ID,882,,A,Indonesia - Real - Broad (64 economies),2015-08,97.08,A,F,
M,R,B,ID,882,,A,Indonesia - Real - Broad (64 economies),2015-09,93.29,A,F,
M,R,B,ID,882,,A,Indonesia - Real - Broad (64 economies),2015-10,96.83,A,F,
M,R,B,ID,882,,A,Indonesia - Real - Broad (64 economies),2015-11,99.11,A,F,
M,R,B,ID,882,,A,Indonesia - Real - Broad (64 economies),2015-12,98.91,A,F,
M,R,B,ID,882,,A,Indonesia - Real - Broad (64 economies),2016-01,100.45,A,F,
M,R,B,ID,882,,A,Indonesia - Real - Broad (64 economies),2016-02,101.36,A,F,
M,R,B,ID,882,,A,Indonesia - Real - Broad (64 economies),2016-03,102.63,A,F,
M,R,B,ID,882,,A,Indonesia - Real - Broad (64 economies),2016-04,100.54,A,F,
M,R,B,ID,882,,A,Indonesia - Real - Broad (64 economies),2016-05,99.6,A,F,
M,R,B,ID,882,,A,Indonesia - Real - Broad (64 economies),2016-06,100.57,A,F,
M,R,B,ID,882,,A,Indonesia - Real - Broad (64 economies),2016-07,103.07,A,F,
M,R,B,ID,882,,A,Indonesia - Real - Broad (64 economies),2016-08,101.61,A,F,
M,R,B,ID,882,,A,Indonesia - Real - Broad (64 economies),2016-09,102.35,A,F,
M,R,B,ID,882,,A,Indonesia - Real - Broad (64 economies),2016-10,104.15,A,F,
M,R,B,ID,882,,A,Indonesia - Real - Broad (64 economies),2016-11,104.2,A,F,
M,R,B,ID,882,,A,Indonesia - Real - Broad (64 economies),2016-12,106.09,A,F,
M,R,B,ID,882,,A,Indonesia - Real - Broad (64 economies),2017-01,106.7,A,F,
M,R,B,ID,882,,A,Indonesia - Real - Broad (64 economies),2017-02,105.87,A,F,
M,R,B,ID,882,,A,Indonesia - Real - Broad (64 economies),2017-03,105.68,A,F,
M,R,B,ID,882,,A,Indonesia - Real - Broad (64 economies),2017-04,105.22,A,F,
M,R,B,ID,882,,A,Indonesia - Real - Broad (64 economies),2017-05,105.13,A,F,
M,R,B,ID,882,,A,Indonesia - Real - Broad (64 economies),2017-06,105.14,A,F,
M,R,B,ID,882,,A,Indonesia - Real - Broad (64 economies),2017-07,104.59,A,F,
M,R,B,ID,882,,A,Indonesia - Real - Broad (64 economies),2017-08,102.92,A,F,
M,R,B,ID,882,,A,Indonesia - Real - Broad (64 economies),2017-09,102.32,A,F,
M,R,B,ID,882,,A,Indonesia - Real - Broad (64 economies),2017-10,101.48,A,F,
M,R,B,ID,882,,A,Indonesia - Real - Broad (64 economies),2017-11,101.33,A,F,
M,R,B,ID,882,,A,Indonesia - Real - Broad (64 economies),2017-12,101,A,F,
M,R,B,ID,882,,A,Indonesia - Real - Broad (64 economies),2018-01,100.84,A,F,
M,R,B,ID,882,,A,Indonesia - Real - Broad (64 economies),2018-02,97.74,A,F,
M,R,B,ID,882,,A,Indonesia - Real - Broad (64 economies),2018-03,96.91,A,F,
M,R,B,ID,882,,A,Indonesia - Real - Broad (64 economies),2018-04,96.83,A,F,
M,R,B,ID,882,,A,Indonesia - Real - Broad (64 economies),2018-05,96.96,A,F,
M,R,B,ID,882,,A,Indonesia - Real - Broad (64 economies),2018-06,98.61,A,F,
M,R,B,ID,882,,A,Indonesia - Real - Broad (64 economies),2018-07,97.92,A,F,
M,R,B,ID,882,,A,Indonesia - Real - Broad (64 economies),2018-08,97.29,A,F,
M,R,B,ID,882,,A,Indonesia - Real - Broad (64 economies),2018-09,95.01,A,F,
M,R,B,ID,882,,A,Indonesia - Real - Broad (64 economies),2018-10,93.84,A,F,
M,R,B,ID,882,,A,Indonesia - Real - Broad (64 economies),2018-11,97.8,A,F,
M,R,B,ID,882,,A,Indonesia - Real - Broad (64 economies),2018-12,99.08,A,F,
M,R,B,ID,882,,A,Indonesia - Real - Broad (64 economies),2019-01,100.76,A,F,
M,R,B,ID,882,,A,Indonesia - Real - Broad (64 economies),2019-02,100.75,A,F,
M,R,B,ID,882,,A,Indonesia - Real - Broad (64 economies),2019-03,99.75,A,F,
M,R,B,ID,882,,A,Indonesia - Real - Broad (64 economies),2019-04,100.64,A,F,
M,R,B,ID,882,,A,Indonesia - Real - Broad (64 economies),2019-05,100.37,A,F,
M,R,B,ID,882,,A,Indonesia - Real - Broad (64 economies),2019-06,101.68,A,F,
M,R,B,ID,882,,A,Indonesia - Real - Broad (64 economies),2019-07,103.04,A,F,
M,R,B,ID,882,,A,Indonesia - Real - Broad (64 economies),2019-08,102.79,A,F,
M,R,B,ID,882,,A,Indonesia - Real - Broad (64 economies),2019-09,103.51,A,F,
M,R,B,ID,882,,A,Indonesia - Real - Broad (64 economies),2019-10,102.65,A,F,
M,R,B,ID,882,,A,Indonesia - Real - Broad (64 economies),2019-11,102.55,A,F,
M,R,B,ID,882,,A,Indonesia - Real - Broad (64 economies),2019-12,102.96,A,F,
M,R,B,ID,882,,A,Indonesia - Real - Broad (64 economies),2020-01,104.56,A,F,
M,R,B,ID,882,,A,Indonesia - Real - Broad (64 economies),2020-02,105.44,A,F,
M,R,B,ID,882,,A,Indonesia - Real - Broad (64 economies),2020-03,97.01,A,F,
M,R,B,ID,882,,A,Indonesia - Real - Broad (64 economies),2020-04,95.15,A,F,
M,R,B,ID,882,,A,Indonesia - Real - Broad (64 economies),2020-05,101.42,A,F,
M,R,B,ID,882,,A,Indonesia - Real - Broad (64 economies),2020-06,104.89,A,F,
M,R,B,ID,882,,A,Indonesia - Real - Broad (64 economies),2020-07,101.23,A,F,
M,R,B,ID,882,,A,Indonesia - Real - Broad (64 economies),2020-08,98.38,A,F,
M,R,B,ID,882,,A,Indonesia - Real - Broad (64 economies),2020-09,96.82,A,F,
M,R,B,ID,882,,A,Indonesia - Real - Broad (64 economies),2020-10,96.88,A,F,
M,R,B,ID,882,,A,Indonesia - Real - Broad (64 economies),2020-11,99.54,A,F,
M,R,B,ID,882,,A,Indonesia - Real - Broad (64 economies),2020-12,98.69,A,F,
M,R,B,ID,882,,A,Indonesia - Real - Broad (64 economies),2021-01,98.75,A,F,
M,R,B,ID,882,,A,Indonesia - Real - Broad (64 economies),2021-02,98.39,A,F,
M,R,B,ID,882,,A,Indonesia - Real - Broad (64 economies),2021-03,97.45,A,F,
M,R,B,ID,882,,A,Indonesia - Real - Broad (64 economies),2021-04,96.75,A,F,
M,R,B,ID,882,,A,Indonesia - Real - Broad (64 economies),2021-05,97.58,A,F,
M,R,B,ID,882,,A,Indonesia - Real - Broad (64 economies),2021-06,97.4,A,F,
M,R,B,ID,882,,A,Indonesia - Real - Broad (64 economies),2021-07,97.44,A,F,
M,R,B,ID,882,,A,Indonesia - Real - Broad (64 economies),2021-08,98.13,A,F,
M,R,B,ID,882,,A,Indonesia - Real - Broad (64 economies),2021-09,98.56,A,F,
M,R,B,ID,882,,A,Indonesia - Real - Broad (64 economies),2021-10,99.1,A,F,
M,R,B,ID,882,,A,Indonesia - Real - Broad (64 economies),2021-11,98.61,A,F,
M,R,B,ID,882,,A,Indonesia - Real - Broad (64 economies),2021-12,99.01,A,F,
M,R,B,ID,882,,A,Indonesia - Real - Broad (64 economies),2022-01,98.95,A,F,
M,R,B,ID,882,,A,Indonesia - Real - Broad (64 economies),2022-02,97.81,A,F,
M,R,B,ID,882,,A,Indonesia - Real - Broad (64 economies),2022-03,99.15,A,F,
M,R,B,ID,882,,A,Indonesia - Real - Broad (64 economies),2022-04,100.66,A,F,
M,R,B,ID,882,,A,Indonesia - Real - Broad (64 economies),2022-05,101.95,A,F,
M,R,B,ID,882,,A,Indonesia - Real - Broad (64 economies),2022-06,101.93,A,F,
M,R,B,ID,882,,A,Indonesia - Real - Broad (64 economies),2022-07,101.7,A,F,
M,R,B,ID,882,,A,Indonesia - Real - Broad (64 economies),2022-08,102.38,A,F,
M,R,B,ID,882,,A,Indonesia - Real - Broad (64 economies),2022-09,105.36,A,F,
M,R,B,ID,882,,A,Indonesia - Real - Broad (64 economies),2022-10,104.06,A,F,
M,R,B,ID,882,,A,Indonesia - Real - Broad (64 economies),2022-11,100.63,A,F,
M,R,B,ID,882,,A,Indonesia - Real - Broad (64 economies),2022-12,98.56,A,F,
M,R,B,ID,882,,A,Indonesia - Real - Broad (64 economies),2023-01,98.31,A,F,
M,R,B,ID,882,,A,Indonesia - Real - Broad (64 economies),2023-02,99.83,A,F,
M,R,B,ID,882,,A,Indonesia - Real - Broad (64 economies),2023-03,99.94,A,F,
M,R,B,ID,882,,A,Indonesia - Real - Broad (64 economies),2023-04,102.6,A,F,
M,R,B,ID,882,,A,Indonesia - Real - Broad (64 economies),2023-05,104.16,A,F,
M,R,B,ID,882,,A,Indonesia - Real - Broad (64 economies),2023-06,104.92,A,F,
M,R,B,ID,882,,A,Indonesia - Real - Broad (64 economies),2023-07,103.74,A,F,
M,R,B,ID,882,,A,Indonesia - Real - Broad (64 economies),2023-08,103.27,A,F,
M,R,B,ID,882,,A,Indonesia - Real - Broad (64 economies),2023-09,103.5,A,F,
M,R,B,ID,882,,A,Indonesia - Real - Broad (64 economies),2023-10,101.77,A,F,
M,R,B,ID,882,,A,Indonesia - Real - Broad (64 economies),2023-11,102.16,A,F,
M,R,B,ID,882,,A,Indonesia - Real - Broad (64 economies),2023-12,101.6,A,F,
M,R,B,ID,882,,A,Indonesia - Real - Broad (64 economies),2024-01,101.4,A,F,
M,R,B,ID,882,,A,Indonesia - Real - Broad (64 economies),2024-02,101.49,A,F,
M,R,B,ID,882,,A,Indonesia - Real - Broad (64 economies),2024-03,102.02,A,F,
M,R,B,ID,882,,A,Indonesia - Real - Broad (64 economies),2024-04,100.89,A,F,
M,R,B,ID,882,,A,Indonesia - Real - Broad (64 economies),2024-05,100.67,A,F,
M,R,B,ID,882,,A,Indonesia - Real - Broad (64 economies),2024-06,99.13,A,F,
M,R,B,ID,882,,A,Indonesia - Real - Broad (64 economies),2024-07,99.04,A,F,
M,R,B,ID,882,,A,Indonesia - Real - Broad (64 economies),2024-08,99.39,A,F,
M,R,B,ID,882,,A,Indonesia - Real - Broad (64 economies),2024-09,100.58,A,F,
M,R,B,ID,882,,A,Indonesia - Real - Broad (64 economies),2024-10,100.12,A,F,
M,R,B,ID,882,,A,Indonesia - Real - Broad (64 economies),2024-11,101.06,A,F,
M,R,B,ID,882,,A,Indonesia - Real - Broad (64 economies),2024-12,100.79,A,F,
M,R,B,ID,882,,A,Indonesia - Real - Broad (64 economies),2025-01,99.23,A,F,
M,R,B,ID,882,,A,Indonesia - Real - Broad (64 economies),2025-02,97.05,A,F,
M,R,B,ID,882,,A,Indonesia - Real - Broad (64 economies),2025-03,97.17,A,F,
M,R,B,ID,882,,A,Indonesia - Real - Broad (64 economies),2025-04,95.47,A,F,
M,R,B,ID,882,,A,Indonesia - Real - Broad (64 economies),2025-05,95.92,A,F,
M,R,B,ID,882,,A,Indonesia - Real - Broad (64 economies),2025-06,95.98,A,F,
M,R,B,ID,882,,A,Indonesia - Real - Broad (64 economies),2025-07,95.99,A,F,
M,R,B,ID,882,,A,Indonesia - Real - Broad (64 economies),2025-08,96.05,A,F,
M,R,B,ID,882,,A,Indonesia - Real - Broad (64 economies),2025-09,94.41,A,F,
M,R,B,ID,882,,A,Indonesia - Real - Broad (64 economies),2025-10,94.74,A,F,
M,R,B,ID,882,,A,Indonesia - Real - Broad (64 economies),2025-11,94.78,A,F,
M,R,B,ID,882,,A,Indonesia - Real - Broad (64 economies),2025-12,94.48,A,F,
M,R,B,ID,882,,A,Indonesia - Real - Broad (64 economies),2026-01,93.17,A,F,
M,R,B,ID,882,,A,Indonesia - Real - Broad (64 economies),2026-02,92.3,A,F,
M,R,B,ID,882,,A,Indonesia - Real - Broad (64 economies),2026-03,93.22,A,F,
M,R,B,ID,882,,A,Indonesia - Real - Broad (64 economies),2026-04,91.27,A,F,
M,R,B,ID,882,,A,Indonesia - Real - Broad (64 economies),2026-05,88.88,A,F,
M,R,B,ID,882,,A,Indonesia - Real - Broad (64 economies),2026-06,88.35,A,F,
M,R,B,ID,882,,A,Indonesia - Real - Broad (64 economies),2026-07,87.93,A,F,
M,R,B,ID,882,,A,Indonesia - Real - Broad (64 economies),2026-08,87.77,A,F,
M,R,B,HK,882,,A,Hong Kong SAR - Real - Broad (64 economies),1994-01,100.31,A,F,
M,R,B,HK,882,,A,Hong Kong SAR - Real - Broad (64 economies),1994-02,100.19,A,F,
M,R,B,HK,882,,A,Hong Kong SAR - Real - Broad (64 economies),1994-03,99.33,A,F,
M,R,B,HK,882,,A,Hong Kong SAR - Real - Broad (64 economies),1994-04,99.84,A,F,
M,R,B,HK,882,,A,Hong Kong SAR - Real - Broad (64 economies),1994-05,99.95,A,F,
M,R,B,HK,882,,A,Hong Kong SAR - Real - Broad (64 economies),1994-06,99.66,A,F,
M,R,B,HK,882,,A,Hong Kong SAR - Real - Broad (64 economies),1994-07,98.35,A,F,
M,R,B,HK,882,,A,Hong Kong SAR - Real - Broad (64 economies),1994-08,98.61,A,F,
M,R,B,HK,882,,A,Hong Kong SAR - Real - Broad (64 economies),1994-09,97.98,A,F,
M,R,B,HK,882,,A,Hong Kong SAR - Real - Broad (64 economies),1994-10,97.96,A,F,
M,R,B,HK,882,,A,Hong Kong SAR - Real - Broad (64 economies),1994-11,98.44,A,F,
M,R,B,HK,882,,A,Hong Kong SAR - Real - Broad (64 economies),1994-12,99.74,A,F,
M,R,B,HK,882,,A,Hong Kong SAR - Real - Broad (64 economies),1995-01,98.93,A,F,
M,R,B,HK,882,,A,Hong Kong SAR - Real - Broad (64 economies),1995-02,98.9,A,F,
M,R,B,HK,882,,A,Hong Kong SAR - Real - Broad (64 economies),1995-03,96.77,A,F,
M,R,B,HK,882,,A,Hong Kong SAR - Real - Broad (64 economies),1995-04,95.2,A,F,
M,R,B,HK,882,,A,Hong Kong SAR - Real - Broad (64 economies),1995-05,95.71,A,F,
M,R,B,HK,882,,A,Hong Kong SAR - Real - Broad (64 economies),1995-06,96.1,A,F,
M,R,B,HK,882,,A,Hong Kong SAR - Real - Broad (64 economies),1995-07,96.73,A,F,
M,R,B,HK,882,,A,Hong Kong SAR - Real - Broad (64 economies),1995-08,99.45,A,F,
M,R,B,HK,882,,A,Hong Kong SAR - Real - Broad (64 economies),1995-09,101.13,A,F,
M,R,B,HK,882,,A,Hong Kong SAR - Real - Broad (64 economies),1995-10,101.16,A,F,
M,R,B,HK,882,,A,Hong Kong SAR - Real - Broad (64 economies),1995-11,101.53,A,F,
M,R,B,HK,882,,A,Hong Kong SAR - Real - Broad (64 economies),1995-12,101.66,A,F,
M,R,B,HK,882,,A,Hong Kong SAR - Real - Broad (64 economies),1996-01,102.21,A,F,
M,R,B,HK,882,,A,Hong Kong SAR - Real - Broad (64 economies),1996-02,102.78,A,F,
M,R,B,HK,882,,A,Hong Kong SAR - Real - Broad (64 economies),1996-03,102.92,A,F,
M,R,B,HK,882,,A,Hong Kong SAR - Real - Broad (64 economies),1996-04,103.87,A,F,
M,R,B,HK,882,,A,Hong Kong SAR - Real - Broad (64 economies),1996-05,104.05,A,F,
M,R,B,HK,882,,A,Hong Kong SAR - Real - Broad (64 economies),1996-06,105.08,A,F,
M,R,B,HK,882,,A,Hong Kong SAR - Real - Broad (64 economies),1996-07,105.19,A,F,
M,R,B,HK,882,,A,Hong Kong SAR - Real - Broad (64 economies),1996-08,104.43,A,F,
M,R,B,HK,882,,A,Hong Kong SAR - Real - Broad (64 economies),1996-09,105.65,A,F,
M,R,B,HK,882,,A,Hong Kong SAR - Real - Broad (64 economies),1996-10,106.9,A,F,
M,R,B,HK,882,,A,Hong Kong SAR - Real - Broad (64 economies),1996-11,106.85,A,F,
M,R,B,HK,882,,A,Hong Kong SAR - Real - Broad (64 economies),1996-12,107.9,A,F,
M,R,B,HK,882,,A,Hong Kong SAR - Real - Broad (64 economies),1997-01,108.58,A,F,
M,R,B,HK,882,,A,Hong Kong SAR - Real - Broad (64 economies),1997-02,110.9,A,F,
M,R,B,HK,882,,A,Hong Kong SAR - Real - Broad (64 economies),1997-03,111.71,A,F,
M,R,B,HK,882,,A,Hong Kong SAR - Real - Broad (64 economies),1997-04,112.63,A,F,
M,R,B,HK,882,,A,Hong Kong SAR - Real - Broad (64 economies),1997-05,112.09,A,F,
M,R,B,HK,882,,A,Hong Kong SAR - Real - Broad (64 economies),1997-06,111.82,A,F,
M,R,B,HK,882,,A,Hong Kong SAR - Real - Broad (64 economies),1997-07,114.35,A,F,
M,R,B,HK,882,,A,Hong Kong SAR - Real - Broad (64 economies),1997-08,116.44,A,F,
M,R,B,HK,882,,A,Hong Kong SAR - Real - Broad (64 economies),1997-09,117.07,A,F,
M,R,B,HK,882,,A,Hong Kong SAR - Real - Broad (64 economies),1997-10,118.96,A,F,
M,R,B,HK,882,,A,Hong Kong SAR - Real - Broad (64 economies),1997-11,121.15,A,F,
M,R,B,HK,882,,A,Hong Kong SAR - Real - Broad (64 economies),1997-12,127.01,A,F,
M,R,B,HK,882,,A,Hong Kong SAR - Real - Broad (64 economies),1998-01,131.45,A,F,
M,R,B,HK,882,,A,Hong Kong SAR - Real - Broad (64 economies),1998-02,128.5,A,F,
M,R,B,HK,882,,A,Hong Kong SAR - Real - Broad (64 economies),1998-03,127.78,A,F,
M,R,B,HK,882,,A,Hong Kong SAR - Real - Broad (64 economies),1998-04,127.92,A,F,
M,R,B,HK,882,,A,Hong Kong SAR - Real - Broad (64 economies),1998-05,129.11,A,F,
M,R,B,HK,882,,A,Hong Kong SAR - Real - Broad (64 economies),1998-06,131.66,A,F,
M,R,B,HK,882,,A,Hong Kong SAR - Real - Broad (64 economies),1998-07,131.79,A,F,
M,R,B,HK,882,,A,Hong Kong SAR - Real - Broad (64 economies),1998-08,132.2,A,F,
M,R,B,HK,882,,A,Hong Kong SAR - Real - Broad (64 economies),1998-09,129.03,A,F,
M,R,B,HK,882,,A,Hong Kong SAR - Real - Broad (64 economies),1998-10,122.31,A,F,
M,R,B,HK,882,,A,Hong Kong SAR - Real - Broad (64 economies),1998-11,121.26,A,F,
M,R,B,HK,882,,A,Hong Kong SAR - Real - Broad (64 economies),1998-12,119.64,A,F,
M,R,B,HK,882,,A,Hong Kong SAR - Real - Broad (64 economies),1999-01,120.14,A,F,
M,R,B,HK,882,,A,Hong Kong SAR - Real - Broad (64 economies),1999-02,120.91,A,F,
M,R,B,HK,882,,A,Hong Kong SAR - Real - Broad (64 economies),1999-03,121.81,A,F,
M,R,B,HK,882,,A,Hong Kong SAR - Real - Broad (64 economies),1999-04,121.12,A,F,
M,R,B,HK,882,,A,Hong Kong SAR - Real - Broad (64 economies),1999-05,121.17,A,F,
M,R,B,HK,882,,A,Hong Kong SAR - Real - Broad (64 economies),1999-06,121.08,A,F,
M,R,B,HK,882,,A,Hong Kong SAR - Real - Broad (64 economies),1999-07,119.26,A,F,
M,R,B,HK,882,,A,Hong Kong SAR - Real - Broad (64 economies),1999-08,116.64,A,F,
M,R,B,HK,882,,A,Hong Kong SAR - Real - Broad (64 economies),1999-09,115.97,A,F,
M,R,B,HK,882,,A,Hong Kong SAR - Real - Broad (64 economies),1999-10,115.26,A,F,
M,R,B,HK,882,,A,Hong Kong SAR - Real - Broad (64 economies),1999-11,114.82,A,F,
M,R,B,HK,882,,A,Hong Kong SAR - Real - Broad (64 economies),1999-12,114.27,A,F,
M,R,B,HK,882,,A,Hong Kong SAR - Real - Broad (64 economies),2000-01,112.8,A,F,
M,R,B,HK,882,,A,Hong Kong SAR - Real - Broad (64 economies),2000-02,113.41,A,F,
M,R,B,HK,882,,A,Hong Kong SAR - Real - Broad (64 economies),2000-03,113.28,A,F,
M,R,B,HK,882,,A,Hong Kong SAR - Real - Broad (64 economies),2000-04,113.33,A,F,
M,R,B,HK,882,,A,Hong Kong SAR - Real - Broad (64 economies),2000-05,115.16,A,F,
M,R,B,HK,882,,A,Hong Kong SAR - Real - Broad (64 economies),2000-06,113.47,A,F,
M,R,B,HK,882,,A,Hong Kong SAR - Real - Broad (64 economies),2000-07,113.95,A,F,
M,R,B,HK,882,,A,Hong Kong SAR - Real - Broad (64 economies),2000-08,114.05,A,F,
M,R,B,HK,882,,A,Hong Kong SAR - Real - Broad (64 economies),2000-09,114.42,A,F,
M,R,B,HK,882,,A,Hong Kong SAR - Real - Broad (64 economies),2000-10,115.54,A,F,
M,R,B,HK,882,,A,Hong Kong SAR - Real - Broad (64 economies),2000-11,116.04,A,F,
M,R,B,HK,882,,A,Hong Kong SAR - Real - Broad (64 economies),2000-12,115.32,A,F,
M,R,B,HK,882,,A,Hong Kong SAR - Real - Broad (64 economies),2001-01,114.62,A,F,
M,R,B,HK,882,,A,Hong Kong SAR - Real - Broad (64 economies),2001-02,113.65,A,F,
M,R,B,HK,882,,A,Hong Kong SAR - Real - Broad (64 economies),2001-03,115.34,A,F,
M,R,B,HK,882,,A,Hong Kong SAR - Real - Broad (64 economies),2001-04,116.97,A,F,
M,R,B,HK,882,,A,Hong Kong SAR - Real - Broad (64 economies),2001-05,116.62,A,F,
M,R,B,HK,882,,A,Hong Kong SAR - Real - Broad (64 economies),2001-06,117.65,A,F,
M,R,B,HK,882,,A,Hong Kong SAR - Real - Broad (64 economies),2001-07,118.28,A,F,
M,R,B,HK,882,,A,Hong Kong SAR - Real - Broad (64 economies),2001-08,115.41,A,F,
M,R,B,HK,882,,A,Hong Kong SAR - Real - Broad (64 economies),2001-09,114.81,A,F,
M,R,B,HK,882,,A,Hong Kong SAR - Real - Broad (64 economies),2001-10,115.54,A,F,
M,R,B,HK,882,,A,Hong Kong SAR - Real - Broad (64 economies),2001-11,116.21,A,F,
M,R,B,HK,882,,A,Hong Kong SAR - Real - Broad (64 economies),2001-12,113.94,A,F,
M,R,B,HK,882,,A,Hong Kong SAR - Real - Broad (64 economies),2002-01,114.88,A,F,
M,R,B,HK,882,,A,Hong Kong SAR - Real - Broad (64 economies),2002-02,115.22,A,F,
M,R,B,HK,882,,A,Hong Kong SAR - Real - Broad (64 economies),2002-03,114.94,A,F,
M,R,B,HK,882,,A,Hong Kong SAR - Real - Broad (64 economies),2002-04,113.73,A,F,
M,R,B,HK,882,,A,Hong Kong SAR - Real - Broad (64 economies),2002-05,111.12,A,F,
M,R,B,HK,882,,A,Hong Kong SAR - Real - Broad (64 economies),2002-06,109.35,A,F,
M,R,B,HK,882,,A,Hong Kong SAR - Real - Broad (64 economies),2002-07,107.42,A,F,
M,R,B,HK,882,,A,Hong Kong SAR - Real - Broad (64 economies),2002-08,107.74,A,F,
M,R,B,HK,882,,A,Hong Kong SAR - Real - Broad (64 economies),2002-09,107.44,A,F,
M,R,B,HK,882,,A,Hong Kong SAR - Real - Broad (64 economies),2002-10,108.17,A,F,
M,R,B,HK,882,,A,Hong Kong SAR - Real - Broad (64 economies),2002-11,106.75,A,F,
M,R,B,HK,882,,A,Hong Kong SAR - Real - Broad (64 economies),2002-12,105.93,A,F,
M,R,B,HK,882,,A,Hong Kong SAR - Real - Broad (64 economies),2003-01,103.88,A,F,
M,R,B,HK,882,,A,Hong Kong SAR - Real - Broad (64 economies),2003-02,103.28,A,F,
M,R,B,HK,882,,A,Hong Kong SAR - Real - Broad (64 economies),2003-03,103.27,A,F,
M,R,B,HK,882,,A,Hong Kong SAR - Real - Broad (64 economies),2003-04,103.27,A,F,
M,R,B,HK,882,,A,Hong Kong SAR - Real - Broad (64 economies),2003-05,100.03,A,F,
M,R,B,HK,882,,A,Hong Kong SAR - Real - Broad (64 economies),2003-06,99.18,A,F,
M,R,B,HK,882,,A,Hong Kong SAR - Real - Broad (64 economies),2003-07,98.92,A,F,
M,R,B,HK,882,,A,Hong Kong SAR - Real - Broad (64 economies),2003-08,99,A,F,
M,R,B,HK,882,,A,Hong Kong SAR - Real - Broad (64 economies),2003-09,98.04,A,F,
M,R,B,HK,882,,A,Hong Kong SAR - Real - Broad (64 economies),2003-10,97.32,A,F,
M,R,B,HK,882,,A,Hong Kong SAR - Real - Broad (64 economies),2003-11,97.18,A,F,
M,R,B,HK,882,,A,Hong Kong SAR - Real - Broad (64 economies),2003-12,95.97,A,F,
M,R,B,HK,882,,A,Hong Kong SAR - Real - Broad (64 economies),2004-01,94.91,A,F,
M,R,B,HK,882,,A,Hong Kong SAR - Real - Broad (64 economies),2004-02,93.62,A,F,
M,R,B,HK,882,,A,Hong Kong SAR - Real - Broad (64 economies),2004-03,94.22,A,F,
M,R,B,HK,882,,A,Hong Kong SAR - Real - Broad (64 economies),2004-04,94.21,A,F,
M,R,B,HK,882,,A,Hong Kong SAR - Real - Broad (64 economies),2004-05,94.85,A,F,
M,R,B,HK,882,,A,Hong Kong SAR - Real - Broad (64 economies),2004-06,94.11,A,F,
M,R,B,HK,882,,A,Hong Kong SAR - Real - Broad (64 economies),2004-07,93.7,A,F,
M,R,B,HK,882,,A,Hong Kong SAR - Real - Broad (64 economies),2004-08,93.79,A,F,
M,R,B,HK,882,,A,Hong Kong SAR - Real - Broad (64 economies),2004-09,93.36,A,F,
M,R,B,HK,882,,A,Hong Kong SAR - Real - Broad (64 economies),2004-10,92.86,A,F,
M,R,B,HK,882,,A,Hong Kong SAR - Real - Broad (64 economies),2004-11,91.08,A,F,
M,R,B,HK,882,,A,Hong Kong SAR - Real - Broad (64 economies),2004-12,89.9,A,F,
M,R,B,HK,882,,A,Hong Kong SAR - Real - Broad (64 economies),2005-01,89.64,A,F,
M,R,B,HK,882,,A,Hong Kong SAR - Real - Broad (64 economies),2005-02,89.45,A,F,
M,R,B,HK,882,,A,Hong Kong SAR - Real - Broad (64 economies),2005-03,88.84,A,F,
M,R,B,HK,882,,A,Hong Kong SAR - Real - Broad (64 economies),2005-04,89.68,A,F,
M,R,B,HK,882,,A,Hong Kong SAR - Real - Broad (64 economies),2005-05,89.78,A,F,
M,R,B,HK,882,,A,Hong Kong SAR - Real - Broad (64 economies),2005-06,91.72,A,F,
M,R,B,HK,882,,A,Hong Kong SAR - Real - Broad (64 economies),2005-07,92.45,A,F,
M,R,B,HK,882,,A,Hong Kong SAR - Real - Broad (64 economies),2005-08,91.06,A,F,
M,R,B,HK,882,,A,Hong Kong SAR - Real - Broad (64 economies),2005-09,91.52,A,F,
M,R,B,HK,882,,A,Hong Kong SAR - Real - Broad (64 economies),2005-10,92.58,A,F,
M,R,B,HK,882,,A,Hong Kong SAR - Real - Broad (64 economies),2005-11,93.8,A,F,
M,R,B,HK,882,,A,Hong Kong SAR - Real - Broad (64 economies),2005-12,93.36,A,F,
M,R,B,HK,882,,A,Hong Kong SAR - Real - Broad (64 economies),2006-01,91.55,A,F,
M,R,B,HK,882,,A,Hong Kong SAR - Real - Broad (64 economies),2006-02,91.35,A,F,
M,R,B,HK,882,,A,Hong Kong SAR - Real - Broad (64 economies),2006-03,91.45,A,F,
M,R,B,HK,882,,A,Hong Kong SAR - Real - Broad (64 economies),2006-04,90.54,A,F,
M,R,B,HK,882,,A,Hong Kong SAR - Real - Broad (64 economies),2006-05,88.79,A,F,
M,R,B,HK,882,,A,Hong Kong SAR - Real - Broad (64 economies),2006-06,89.99,A,F,
M,R,B,HK,882,,A,Hong Kong SAR - Real - Broad (64 economies),2006-07,89.92,A,F,
M,R,B,HK,882,,A,Hong Kong SAR - Real - Broad (64 economies),2006-08,89.34,A,F,
M,R,B,HK,882,,A,Hong Kong SAR - Real - Broad (64 economies),2006-09,89.49,A,F,
M,R,B,HK,882,,A,Hong Kong SAR - Real - Broad (64 economies),2006-10,89.79,A,F,
M,R,B,HK,882,,A,Hong Kong SAR - Real - Broad (64 economies),2006-11,88.91,A,F,
M,R,B,HK,882,,A,Hong Kong SAR - Real - Broad (64 economies),2006-12,88.03,A,F,
M,R,B,HK,882,,A,Hong Kong SAR - Real - Broad (64 economies),2007-01,88.33,A,F,
M,R,B,HK,882,,A,Hong Kong SAR - Real - Broad (64 economies),2007-02,86.4,A,F,
M,R,B,HK,882,,A,Hong Kong SAR - Real - Broad (64 economies),2007-03,87.14,A,F,
M,R,B,HK,882,,A,Hong Kong SAR - Real - Broad (64 economies),2007-04,85.46,A,F,
M,R,B,HK,882,,A,Hong Kong SAR - Real - Broad (64 economies),2007-05,85.08,A,F,
M,R,B,HK,882,,A,Hong Kong SAR - Real - Broad (64 economies),2007-06,85.66,A,F,
M,R,B,HK,882,,A,Hong Kong SAR - Real - Broad (64 economies),2007-07,84.67,A,F,
M,R,B,HK,882,,A,Hong Kong SAR - Real - Broad (64 economies),2007-08,84.51,A,F,
M,R,B,HK,882,,A,Hong Kong SAR - Real - Broad (64 economies),2007-09,84.06,A,F,
M,R,B,HK,882,,A,Hong Kong SAR - Real - Broad (64 economies),2007-10,83.97,A,F,
M,R,B,HK,882,,A,Hong Kong SAR - Real - Broad (64 economies),2007-11,82.43,A,F,
M,R,B,HK,882,,A,Hong Kong SAR - Real - Broad (64 economies),2007-12,82.76,A,F,
M,R,B,HK,882,,A,Hong Kong SAR - Real - Broad (64 economies),2008-01,80.78,A,F,
M,R,B,HK,882,,A,Hong Kong SAR - Real - Broad (64 economies),2008-02,81.01,A,F,
M,R,B,HK,882,,A,Hong Kong SAR - Real - Broad (64 economies),2008-03,79.12,A,F,
M,R,B,HK,882,,A,Hong Kong SAR - Real - Broad (64 economies),2008-04,78.63,A,F,
M,R,B,HK,882,,A,Hong Kong SAR - Real - Broad (64 economies),2008-05,79.23,A,F,
M,R,B,HK,882,,A,Hong Kong SAR - Real - Broad (64 economies),2008-06,79.59,A,F,
M,R,B,HK,882,,A,Hong Kong SAR - Real - Broad (64 economies),2008-07,79.4,A,F,
M,R,B,HK,882,,A,Hong Kong SAR - Real - Broad (64 economies),2008-08,80.07,A,F,
M,R,B,HK,882,,A,Hong Kong SAR - Real - Broad (64 economies),2008-09,80.79,A,F,
M,R,B,HK,882,,A,Hong Kong SAR - Real - Broad (64 economies),2008-10,83.88,A,F,
M,R,B,HK,882,,A,Hong Kong SAR - Real - Broad (64 economies),2008-11,87.56,A,F,
M,R,B,HK,882,,A,Hong Kong SAR - Real - Broad (64 economies),2008-12,86.29,A,F,
M,R,B,HK,882,,A,Hong Kong SAR - Real - Broad (64 economies),2009-01,86.69,A,F,
M,R,B,HK,882,,A,Hong Kong SAR - Real - Broad (64 economies),2009-02,87.82,A,F,
M,R,B,HK,882,,A,Hong Kong SAR - Real - Broad (64 economies),2009-03,88.88,A,F,
M,R,B,HK,882,,A,Hong Kong SAR - Real - Broad (64 economies),2009-04,87.46,A,F,
M,R,B,HK,882,,A,Hong Kong SAR - Real - Broad (64 economies),2009-05,85.03,A,F,
M,R,B,HK,882,,A,Hong Kong SAR - Real - Broad (64 economies),2009-06,84.04,A,F,
M,R,B,HK,882,,A,Hong Kong SAR - Real - Broad (64 economies),2009-07,83.73,A,F,
M,R,B,HK,882,,A,Hong Kong SAR - Real - Broad (64 economies),2009-08,81.54,A,F,
M,R,B,HK,882,,A,Hong Kong SAR - Real - Broad (64 economies),2009-09,81.01,A,F,
M,R,B,HK,882,,A,Hong Kong SAR - Real - Broad (64 economies),2009-10,81.76,A,F,
M,R,B,HK,882,,A,Hong Kong SAR - Real - Broad (64 economies),2009-11,81.14,A,F,
M,R,B,HK,882,,A,Hong Kong SAR - Real - Broad (64 economies),2009-12,81.87,A,F,
M,R,B,HK,882,,A,Hong Kong SAR - Real - Broad (64 economies),2010-01,81.65,A,F,
M,R,B,HK,882,,A,Hong Kong SAR - Real - Broad (64 economies),2010-02,83,A,F,
M,R,B,HK,882,,A,Hong Kong SAR - Real - Broad (64 economies),2010-03,82.25,A,F,
M,R,B,HK,882,,A,Hong Kong SAR - Real - Broad (64 economies),2010-04,81.94,A,F,
M,R,B,HK,882,,A,Hong Kong SAR - Real - Broad (64 economies),2010-05,83.1,A,F,
M,R,B,HK,882,,A,Hong Kong SAR - Real - Broad (64 economies),2010-06,83.94,A,F,
M,R,B,HK,882,,A,Hong Kong SAR - Real - Broad (64 economies),2010-07,80.43,A,F,
M,R,B,HK,882,,A,Hong Kong SAR - Real - Broad (64 economies),2010-08,79.32,A,F,
M,R,B,HK,882,,A,Hong Kong SAR - Real - Broad (64 economies),2010-09,78.5,A,F,
M,R,B,HK,882,,A,Hong Kong SAR - Real - Broad (64 economies),2010-10,78.47,A,F,
M,R,B,HK,882,,A,Hong Kong SAR - Real - Broad (64 economies),2010-11,78.81,A,F,
M,R,B,HK,882,,A,Hong Kong SAR - Real - Broad (64 economies),2010-12,79.37,A,F,
M,R,B,HK,882,,A,Hong Kong SAR - Real - Broad (64 economies),2011-01,78.69,A,F,
M,R,B,HK,882,,A,Hong Kong SAR - Real - Broad (64 economies),2011-02,78.6,A,F,
M,R,B,HK,882,,A,Hong Kong SAR - Real - Broad (64 economies),2011-03,77.79,A,F,
M,R,B,HK,882,,A,Hong Kong SAR - Real - Broad (64 economies),2011-04,77.26,A,F,
M,R,B,HK,882,,A,Hong Kong SAR - Real - Broad (64 economies),2011-05,77.1,A,F,
M,R,B,HK,882,,A,Hong Kong SAR - Real - Broad (64 economies),2011-06,77.02,A,F,
M,R,B,HK,882,,A,Hong Kong SAR - Real - Broad (64 economies),2011-07,76.23,A,F,
M,R,B,HK,882,,A,Hong Kong SAR - Real - Broad (64 economies),2011-08,73.84,A,F,
M,R,B,HK,882,,A,Hong Kong SAR - Real - Broad (64 economies),2011-09,75.83,A,F,
M,R,B,HK,882,,A,Hong Kong SAR - Real - Broad (64 economies),2011-10,78.8,A,F,
M,R,B,HK,882,,A,Hong Kong SAR - Real - Broad (64 economies),2011-11,79.38,A,F,
M,R,B,HK,882,,A,Hong Kong SAR - Real - Broad (64 economies),2011-12,80.56,A,F,
M,R,B,HK,882,,A,Hong Kong SAR - Real - Broad (64 economies),2012-01,80.83,A,F,
M,R,B,HK,882,,A,Hong Kong SAR - Real - Broad (64 economies),2012-02,79.57,A,F,
M,R,B,HK,882,,A,Hong Kong SAR - Real - Broad (64 economies),2012-03,80.07,A,F,
M,R,B,HK,882,,A,Hong Kong SAR - Real - Broad (64 economies),2012-04,80.17,A,F,
M,R,B,HK,882,,A,Hong Kong SAR - Real - Broad (64 economies),2012-05,81.09,A,F,
M,R,B,HK,882,,A,Hong Kong SAR - Real - Broad (64 economies),2012-06,82.15,A,F,
M,R,B,HK,882,,A,Hong Kong SAR - Real - Broad (64 economies),2012-07,80.45,A,F,
M,R,B,HK,882,,A,Hong Kong SAR - Real - Broad (64 economies),2012-08,79.67,A,F,
M,R,B,HK,882,,A,Hong Kong SAR - Real - Broad (64 economies),2012-09,78.59,A,F,
M,R,B,HK,882,,A,Hong Kong SAR - Real - Broad (64 economies),2012-10,80.47,A,F,
M,R,B,HK,882,,A,Hong Kong SAR - Real - Broad (64 economies),2012-11,81.09,A,F,
M,R,B,HK,882,,A,Hong Kong SAR - Real - Broad (64 economies),2012-12,80.94,A,F,
M,R,B,HK,882,,A,Hong Kong SAR - Real - Broad (64 economies),2013-01,81.36,A,F,
M,R,B,HK,882,,A,Hong Kong SAR - Real - Broad (64 economies),2013-02,82.16,A,F,
M,R,B,HK,882,,A,Hong Kong SAR - Real - Broad (64 economies),2013-03,82.78,A,F,
M,R,B,HK,882,,A,Hong Kong SAR - Real - Broad (64 economies),2013-04,83.5,A,F,
M,R,B,HK,882,,A,Hong Kong SAR - Real - Broad (64 economies),2013-05,83.86,A,F,
M,R,B,HK,882,,A,Hong Kong SAR - Real - Broad (64 economies),2013-06,83.89,A,F,
M,R,B,HK,882,,A,Hong Kong SAR - Real - Broad (64 economies),2013-07,84.94,A,F,
M,R,B,HK,882,,A,Hong Kong SAR - Real - Broad (64 economies),2013-08,82.66,A,F,
M,R,B,HK,882,,A,Hong Kong SAR - Real - Broad (64 economies),2013-09,82.51,A,F,
M,R,B,HK,882,,A,Hong Kong SAR - Real - Broad (64 economies),2013-10,83.64,A,F,
M,R,B,HK,882,,A,Hong Kong SAR - Real - Broad (64 economies),2013-11,84.25,A,F,
M,R,B,HK,882,,A,Hong Kong SAR - Real - Broad (64 economies),2013-12,84.71,A,F,
M,R,B,HK,882,,A,Hong Kong SAR - Real - Broad (64 economies),2014-01,85.38,A,F,
M,R,B,HK,882,,A,Hong Kong SAR - Real - Broad (64 economies),2014-02,85.3,A,F,
M,R,B,HK,882,,A,Hong Kong SAR - Real - Broad (64 economies),2014-03,85.01,A,F,
M,R,B,HK,882,,A,Hong Kong SAR - Real - Broad (64 economies),2014-04,85.47,A,F,
M,R,B,HK,882,,A,Hong Kong SAR - Real - Broad (64 economies),2014-05,85.06,A,F,
M,R,B,HK,882,,A,Hong Kong SAR - Real - Broad (64 economies),2014-06,85.27,A,F,
M,R,B,HK,882,,A,Hong Kong SAR - Real - Broad (64 economies),2014-07,85.77,A,F,
M,R,B,HK,882,,A,Hong Kong SAR - Real - Broad (64 economies),2014-08,84.01,A,F,
M,R,B,HK,882,,A,Hong Kong SAR - Real - Broad (64 economies),2014-09,87.36,A,F,
M,R,B,HK,882,,A,Hong Kong SAR - Real - Broad (64 economies),2014-10,89.22,A,F,
M,R,B,HK,882,,A,Hong Kong SAR - Real - Broad (64 economies),2014-11,90.81,A,F,
M,R,B,HK,882,,A,Hong Kong SAR - Real - Broad (64 economies),2014-12,92.23,A,F,
M,R,B,HK,882,,A,Hong Kong SAR - Real - Broad (64 economies),2015-01,93.03,A,F,
M,R,B,HK,882,,A,Hong Kong SAR - Real - Broad (64 economies),2015-02,93.94,A,F,
M,R,B,HK,882,,A,Hong Kong SAR - Real - Broad (64 economies),2015-03,94.61,A,F,
M,R,B,HK,882,,A,Hong Kong SAR - Real - Broad (64 economies),2015-04,93.26,A,F,
M,R,B,HK,882,,A,Hong Kong SAR - Real - Broad (64 economies),2015-05,92.55,A,F,
M,R,B,HK,882,,A,Hong Kong SAR - Real - Broad (64 economies),2015-06,92.94,A,F,
M,R,B,HK,882,,A,Hong Kong SAR - Real - Broad (64 economies),2015-07,94.16,A,F,
M,R,B,HK,882,,A,Hong Kong SAR - Real - Broad (64 economies),2015-08,93.56,A,F,
M,R,B,HK,882,,A,Hong Kong SAR - Real - Broad (64 economies),2015-09,95.9,A,F,
M,R,B,HK,882,,A,Hong Kong SAR - Real - Broad (64 economies),2015-10,96.83,A,F,
M,R,B,HK,882,,A,Hong Kong SAR - Real - Broad (64 economies),2015-11,98.4,A,F,
M,R,B,HK,882,,A,Hong Kong SAR - Real - Broad (64 economies),2015-12,98.88,A,F,
M,R,B,HK,882,,A,Hong Kong SAR - Real - Broad (64 economies),2016-01,99.63,A,F,
M,R,B,HK,882,,A,Hong Kong SAR - Real - Broad (64 economies),2016-02,99.39,A,F,
M,R,B,HK,882,,A,Hong Kong SAR - Real - Broad (64 economies),2016-03,98.04,A,F,
M,R,B,HK,882,,A,Hong Kong SAR - Real - Broad (64 economies),2016-04,95.82,A,F,
M,R,B,HK,882,,A,Hong Kong SAR - Real - Broad (64 economies),2016-05,96.36,A,F,
M,R,B,HK,882,,A,Hong Kong SAR - Real - Broad (64 economies),2016-06,96.04,A,F,
M,R,B,HK,882,,A,Hong Kong SAR - Real - Broad (64 economies),2016-07,97.01,A,F,
M,R,B,HK,882,,A,Hong Kong SAR - Real - Broad (64 economies),2016-08,96.28,A,F,
M,R,B,HK,882,,A,Hong Kong SAR - Real - Broad (64 economies),2016-09,96.64,A,F,
M,R,B,HK,882,,A,Hong Kong SAR - Real - Broad (64 economies),2016-10,97.78,A,F,
M,R,B,HK,882,,A,Hong Kong SAR - Real - Broad (64 economies),2016-11,99.67,A,F,
M,R,B,HK,882,,A,Hong Kong SAR - Real - Broad (64 economies),2016-12,101.39,A,F,
M,R,B,HK,882,,A,Hong Kong SAR - Real - Broad (64 economies),2017-01,100.81,A,F,
M,R,B,HK,882,,A,Hong Kong SAR - Real - Broad (64 economies),2017-02,99.64,A,F,
M,R,B,HK,882,,A,Hong Kong SAR - Real - Broad (64 economies),2017-03,99.6,A,F,
M,R,B,HK,882,,A,Hong Kong SAR - Real - Broad (64 economies),2017-04,99.37,A,F,
M,R,B,HK,882,,A,Hong Kong SAR - Real - Broad (64 economies),2017-05,98.54,A,F,
M,R,B,HK,882,,A,Hong Kong SAR - Real - Broad (64 economies),2017-06,97.5,A,F,
M,R,B,HK,882,,A,Hong Kong SAR - Real - Broad (64 economies),2017-07,97.27,A,F,
M,R,B,HK,882,,A,Hong Kong SAR - Real - Broad (64 economies),2017-08,95.89,A,F,
M,R,B,HK,882,,A,Hong Kong SAR - Real - Broad (64 economies),2017-09,94.77,A,F,
M,R,B,HK,882,,A,Hong Kong SAR - Real - Broad (64 economies),2017-10,95.95,A,F,
M,R,B,HK,882,,A,Hong Kong SAR - Real - Broad (64 economies),2017-11,95.89,A,F,
M,R,B,HK,882,,A,Hong Kong SAR - Real - Broad (64 economies),2017-12,95.33,A,F,
M,R,B,HK,882,,A,Hong Kong SAR - Real - Broad (64 economies),2018-01,93.34,A,F,
M,R,B,HK,882,,A,Hong Kong SAR - Real - Broad (64 economies),2018-02,93.14,A,F,
M,R,B,HK,882,,A,Hong Kong SAR - Real - Broad (64 economies),2018-03,92.8,A,F,
M,R,B,HK,882,,A,Hong Kong SAR - Real - Broad (64 economies),2018-04,92.88,A,F,
M,R,B,HK,882,,A,Hong Kong SAR - Real - Broad (64 economies),2018-05,94.41,A,F,
M,R,B,HK,882,,A,Hong Kong SAR - Real - Broad (64 economies),2018-06,95.42,A,F,
M,R,B,HK,882,,A,Hong Kong SAR - Real - Broad (64 economies),2018-07,97.19,A,F,
M,R,B,HK,882,,A,Hong Kong SAR - Real - Broad (64 economies),2018-08,97.77,A,F,
M,R,B,HK,882,,A,Hong Kong SAR - Real - Broad (64 economies),2018-09,98.01,A,F,
M,R,B,HK,882,,A,Hong Kong SAR - Real - Broad (64 economies),2018-10,98.94,A,F,
M,R,B,HK,882,,A,Hong Kong SAR - Real - Broad (64 economies),2018-11,99.36,A,F,
M,R,B,HK,882,,A,Hong Kong SAR - Real - Broad (64 economies),2018-12,99.43,A,F,
M,R,B,HK,882,,A,Hong Kong SAR - Real - Broad (64 economies),2019-01,98.26,A,F,
M,R,B,HK,882,,A,Hong Kong SAR - Real - Broad (64 economies),2019-02,98.31,A,F,
M,R,B,HK,882,,A,Hong Kong SAR - Real - Broad (64 economies),2019-03,97.85,A,F,
M,R,B,HK,882,,A,Hong Kong SAR - Real - Broad (64 economies),2019-04,98.64,A,F,
M,R,B,HK,882,,A,Hong Kong SAR - Real - Broad (64 economies),2019-05,99.17,A,F,
M,R,B,HK,882,,A,Hong Kong SAR - Real - Broad (64 economies),2019-06,99.79,A,F,
M,R,B,HK,882,,A,Hong Kong SAR - Real - Broad (64 economies),2019-07,100.16,A,F,
M,R,B,HK,882,,A,Hong Kong SAR - Real - Broad (64 economies),2019-08,101.09,A,F,
M,R,B,HK,882,,A,Hong Kong SAR - Real - Broad (64 economies),2019-09,101.19,A,F,
M,R,B,HK,882,,A,Hong Kong SAR - Real - Broad (64 economies),2019-10,100.72,A,F,
M,R,B,HK,882,,A,Hong Kong SAR - Real - Broad (64 economies),2019-11,100.26,A,F,
M,R,B,HK,882,,A,Hong Kong SAR - Real - Broad (64 economies),2019-12,100.11,A,F,
M,R,B,HK,882,,A,Hong Kong SAR - Real - Broad (64 economies),2020-01,97.69,A,F,
M,R,B,HK,882,,A,Hong Kong SAR - Real - Broad (64 economies),2020-02,101.35,A,F,
M,R,B,HK,882,,A,Hong Kong SAR - Real - Broad (64 economies),2020-03,102.94,A,F,
M,R,B,HK,882,,A,Hong Kong SAR - Real - Broad (64 economies),2020-04,104.66,A,F,
M,R,B,HK,882,,A,Hong Kong SAR - Real - Broad (64 economies),2020-05,104.2,A,F,
M,R,B,HK,882,,A,Hong Kong SAR - Real - Broad (64 economies),2020-06,102.61,A,F,
M,R,B,HK,882,,A,Hong Kong SAR - Real - Broad (64 economies),2020-07,98.66,A,F,
M,R,B,HK,882,,A,Hong Kong SAR - Real - Broad (64 economies),2020-08,99.31,A,F,
M,R,B,HK,882,,A,Hong Kong SAR - Real - Broad (64 economies),2020-09,96.56,A,F,
M,R,B,HK,882,,A,Hong Kong SAR - Real - Broad (64 economies),2020-10,98.55,A,F,
M,R,B,HK,882,,A,Hong Kong SAR - Real - Broad (64 economies),2020-11,97.71,A,F,
M,R,B,HK,882,,A,Hong Kong SAR - Real - Broad (64 economies),2020-12,95.75,A,F,
M,R,B,HK,882,,A,Hong Kong SAR - Real - Broad (64 economies),2021-01,96.21,A,F,
M,R,B,HK,882,,A,Hong Kong SAR - Real - Broad (64 economies),2021-02,96.12,A,F,
M,R,B,HK,882,,A,Hong Kong SAR - Real - Broad (64 economies),2021-03,97.15,A,F,
M,R,B,HK,882,,A,Hong Kong SAR - Real - Broad (64 economies),2021-04,97.37,A,F,
M,R,B,HK,882,,A,Hong Kong SAR - Real - Broad (64 economies),2021-05,96.07,A,F,
M,R,B,HK,882,,A,Hong Kong SAR - Real - Broad (64 economies),2021-06,95.95,A,F,
M,R,B,HK,882,,A,Hong Kong SAR - Real - Broad (64 economies),2021-07,97.04,A,F,
M,R,B,HK,882,,A,Hong Kong SAR - Real - Broad (64 economies),2021-08,96.69,A,F,
M,R,B,HK,882,,A,Hong Kong SAR - Real - Broad (64 economies),2021-09,94.05,A,F,
M,R,B,HK,882,,A,Hong Kong SAR - Real - Broad (64 economies),2021-10,96.57,A,F,
M,R,B,HK,882,,A,Hong Kong SAR - Real - Broad (64 economies),2021-11,96.35,A,F,
M,R,B,HK,882,,A,Hong Kong SAR - Real - Broad (64 economies),2021-12,96.39,A,F,
M,R,B,HK,882,,A,Hong Kong SAR - Real - Broad (64 economies),2022-01,96.05,A,F,
M,R,B,HK,882,,A,Hong Kong SAR - Real - Broad (64 economies),2022-02,95.77,A,F,
M,R,B,HK,882,,A,Hong Kong SAR - Real - Broad (64 economies),2022-03,95.94,A,F,
M,R,B,HK,882,,A,Hong Kong SAR - Real - Broad (64 economies),2022-04,96.15,A,F,
M,R,B,HK,882,,A,Hong Kong SAR - Real - Broad (64 economies),2022-05,97.46,A,F,
M,R,B,HK,882,,A,Hong Kong SAR - Real - Broad (64 economies),2022-06,97.5,A,F,
M,R,B,HK,882,,A,Hong Kong SAR - Real - Broad (64 economies),2022-07,98.55,A,F,
M,R,B,HK,882,,A,Hong Kong SAR - Real - Broad (64 economies),2022-08,98.19,A,F,
M,R,B,HK,882,,A,Hong Kong SAR - Real - Broad (64 economies),2022-09,100.3,A,F,
M,R,B,HK,882,,A,Hong Kong SAR - Real - Broad (64 economies),2022-10,101.99,A,F,
M,R,B,HK,882,,A,Hong Kong SAR - Real - Broad (64 economies),2022-11,100.22,A,F,
M,R,B,HK,882,,A,Hong Kong SAR - Real - Broad (64 economies),2022-12,98.31,A,F,
M,R,B,HK,882,,A,Hong Kong SAR - Real - Broad (64 economies),2023-01,96.45,A,F,
M,R,B,HK,882,,A,Hong Kong SAR - Real - Broad (64 economies),2023-02,96.4,A,F,
M,R,B,HK,882,,A,Hong Kong SAR - Real - Broad (64 economies),2023-03,96.83,A,F,
M,R,B,HK,882,,A,Hong Kong SAR - Real - Broad (64 economies),2023-04,96.27,A,F,
M,R,B,HK,882,,A,Hong Kong SAR - Real - Broad (64 economies),2023-05,96.95,A,F,
M,R,B,HK,882,,A,Hong Kong SAR - Real - Broad (64 economies),2023-06,98,A,F,
M,R,B,HK,882,,A,Hong Kong SAR - Real - Broad (64 economies),2023-07,97.37,A,F,
M,R,B,HK,882,,A,Hong Kong SAR - Real - Broad (64 economies),2023-08,97.86,A,F,
M,R,B,HK,882,,A,Hong Kong SAR - Real - Broad (64 economies),2023-09,98.96,A,F,
M,R,B,HK,882,,A,Hong Kong SAR - Real - Broad (64 economies),2023-10,100.55,A,F,
M,R,B,HK,882,,A,Hong Kong SAR - Real - Broad (64 economies),2023-11,99.64,A,F,
M,R,B,HK,882,,A,Hong Kong SAR - Real - Broad (64 economies),2023-12,98.27,A,F,
M,R,B,HK,882,,A,Hong Kong SAR - Real - Broad (64 economies),2024-01,98.53,A,F,
M,R,B,HK,882,,A,Hong Kong SAR - Real - Broad (64 economies),2024-02,98.71,A,F,
M,R,B,HK,882,,A,Hong Kong SAR - Real - Broad (64 economies),2024-03,98.7,A,F,
M,R,B,HK,882,,A,Hong Kong SAR - Real - Broad (64 economies),2024-04,98.99,A,F,
M,R,B,HK,882,,A,Hong Kong SAR - Real - Broad (64 economies),2024-05,98.58,A,F,
M,R,B,HK,882,,A,Hong Kong SAR - Real - Broad (64 economies),2024-06,99.16,A,F,
M,R,B,HK,882,,A,Hong Kong SAR - Real - Broad (64 economies),2024-07,99.69,A,F,
M,R,B,HK,882,,A,Hong Kong SAR - Real - Broad (64 economies),2024-08,97.42,A,F,
M,R,B,HK,882,,A,Hong Kong SAR - Real - Broad (64 economies),2024-09,96.28,A,F,
M,R,B,HK,882,,A,Hong Kong SAR - Real - Broad (64 economies),2024-10,97.77,A,F,
M,R,B,HK,882,,A,Hong Kong SAR - Real - Broad (64 economies),2024-11,99.53,A,F,
M,R,B,HK,882,,A,Hong Kong SAR - Real - Broad (64 economies),2024-12,100.3,A,F,
M,R,B,HK,882,,A,Hong Kong SAR - Real - Broad (64 economies),2025-01,101.51,A,F,
M,R,B,HK,882,,A,Hong Kong SAR - Real - Broad (64 economies),2025-02,100.27,A,F,
M,R,B,HK,882,,A,Hong Kong SAR - Real - Broad (64 economies),2025-03,99.38,A,F,
M,R,B,HK,882,,A,Hong Kong SAR - Real - Broad (64 economies),2025-04,98.32,A,F,
M,R,B,HK,882,,A,Hong Kong SAR - Real - Broad (64 economies),2025-05,96.15,A,F,
M,R,B,HK,882,,A,Hong Kong SAR - Real - Broad (64 economies),2025-06,94.92,A,F,
M,R,B,HK,882,,A,Hong Kong SAR - Real - Broad (64 economies),2025-07,95.1,A,F,
M,R,B,HK,882,,A,Hong Kong SAR - Real - Broad (64 economies),2025-08,95.57,A,F,
M,R,B,HK,882,,A,Hong Kong SAR - Real - Broad (64 economies),2025-09,95.69,A,F,
M,R,B,HK,882,,A,Hong Kong SAR - Real - Broad (64 economies),2025-10,96.53,A,F,
M,R,B,HK,882,,A,Hong Kong SAR - Real - Broad (64 economies),2025-11,96.82,A,F,
M,R,B,HK,882,,A,Hong Kong SAR - Real - Broad (64 economies),2025-12,96.16,A,F,
M,R,B,HK,882,,A,Hong Kong SAR - Real - Broad (64 economies),2026-01,95.85,A,F,
M,R,B,HK,882,,A,Hong Kong SAR - Real - Broad (64 economies),2026-02,94.47,A,F,
M,R,B,HK,882,,A,Hong Kong SAR - Real - Broad (64 economies),2026-03,95.11,A,F,
M,R,B,HK,882,,A,Hong Kong SAR - Real - Broad (64 economies),2026-04,94.34,A,F,
M,R,B,HK,882,,A,Hong Kong SAR - Real - Broad (64 economies),2026-05,94.01,A,F,
M,R,B,HK,882,,A,Hong Kong SAR - Real - Broad (64 economies),2026-06,94.55,A,F,
M,R,B,HK,882,,A,Hong Kong SAR - Real - Broad (64 economies),2026-07,95.15,A,F,
M,R,B,HK,882,,A,Hong Kong SAR - Real - Broad (64 economies),2026-08,94.01,A,F,
M,R,B,KR,882,,A,Korea - Real - Broad (64 economies),1994-01,117.23,A,F,
M,R,B,KR,882,,A,Korea - Real - Broad (64 economies),1994-02,116.65,A,F,
M,R,B,KR,882,,A,Korea - Real - Broad (64 economies),1994-03,116.79,A,F,
M,R,B,KR,882,,A,Korea - Real - Broad (64 economies),1994-04,115.92,A,F,
M,R,B,KR,882,,A,Korea - Real - Broad (64 economies),1994-05,115.42,A,F,
M,R,B,KR,882,,A,Korea - Real - Broad (64 economies),1994-06,115.25,A,F,
M,R,B,KR,882,,A,Korea - Real - Broad (64 economies),1994-07,114.3,A,F,
M,R,B,KR,882,,A,Korea - Real - Broad (64 economies),1994-08,114.84,A,F,
M,R,B,KR,882,,A,Korea - Real - Broad (64 economies),1994-09,113.54,A,F,
M,R,B,KR,882,,A,Korea - Real - Broad (64 economies),1994-10,112.53,A,F,
M,R,B,KR,882,,A,Korea - Real - Broad (64 economies),1994-11,112.89,A,F,
M,R,B,KR,882,,A,Korea - Real - Broad (64 economies),1994-12,114.74,A,F,
M,R,B,KR,882,,A,Korea - Real - Broad (64 economies),1995-01,115.07,A,F,
M,R,B,KR,882,,A,Korea - Real - Broad (64 economies),1995-02,114.46,A,F,
M,R,B,KR,882,,A,Korea - Real - Broad (64 economies),1995-03,113.69,A,F,
M,R,B,KR,882,,A,Korea - Real - Broad (64 economies),1995-04,112.3,A,F,
M,R,B,KR,882,,A,Korea - Real - Broad (64 economies),1995-05,113.54,A,F,
M,R,B,KR,882,,A,Korea - Real - Broad (64 economies),1995-06,112.75,A,F,
M,R,B,KR,882,,A,Korea - Real - Broad (64 economies),1995-07,114.49,A,F,
M,R,B,KR,882,,A,Korea - Real - Broad (64 economies),1995-08,117.06,A,F,
M,R,B,KR,882,,A,Korea - Real - Broad (64 economies),1995-09,119.01,A,F,
M,R,B,KR,882,,A,Korea - Real - Broad (64 economies),1995-10,118.55,A,F,
M,R,B,KR,882,,A,Korea - Real - Broad (64 economies),1995-11,118.4,A,F,
M,R,B,KR,882,,A,Korea - Real - Broad (64 economies),1995-12,119.29,A,F,
M,R,B,KR,882,,A,Korea - Real - Broad (64 economies),1996-01,118.66,A,F,
M,R,B,KR,882,,A,Korea - Real - Broad (64 economies),1996-02,119.8,A,F,
M,R,B,KR,882,,A,Korea - Real - Broad (64 economies),1996-03,120.14,A,F,
M,R,B,KR,882,,A,Korea - Real - Broad (64 economies),1996-04,120.92,A,F,
M,R,B,KR,882,,A,Korea - Real - Broad (64 economies),1996-05,121.43,A,F,
M,R,B,KR,882,,A,Korea - Real - Broad (64 economies),1996-06,119.35,A,F,
M,R,B,KR,882,,A,Korea - Real - Broad (64 economies),1996-07,117.68,A,F,
M,R,B,KR,882,,A,Korea - Real - Broad (64 economies),1996-08,116.68,A,F,
M,R,B,KR,882,,A,Korea - Real - Broad (64 economies),1996-09,116.34,A,F,
M,R,B,KR,882,,A,Korea - Real - Broad (64 economies),1996-10,116.07,A,F,
M,R,B,KR,882,,A,Korea - Real - Broad (64 economies),1996-11,115.24,A,F,
M,R,B,KR,882,,A,Korea - Real - Broad (64 economies),1996-12,114.82,A,F,
M,R,B,KR,882,,A,Korea - Real - Broad (64 economies),1997-01,115.23,A,F,
M,R,B,KR,882,,A,Korea - Real - Broad (64 economies),1997-02,115.71,A,F,
M,R,B,KR,882,,A,Korea - Real - Broad (64 economies),1997-03,114.57,A,F,
M,R,B,KR,882,,A,Korea - Real - Broad (64 economies),1997-04,113.38,A,F,
M,R,B,KR,882,,A,Korea - Real - Broad (64 economies),1997-05,112.02,A,F,
M,R,B,KR,882,,A,Korea - Real - Broad (64 economies),1997-06,111.87,A,F,
M,R,B,KR,882,,A,Korea - Real - Broad (64 economies),1997-07,113.22,A,F,
M,R,B,KR,882,,A,Korea - Real - Broad (64 economies),1997-08,115.07,A,F,
M,R,B,KR,882,,A,Korea - Real - Broad (64 economies),1997-09,113.97,A,F,
M,R,B,KR,882,,A,Korea - Real - Broad (64 economies),1997-10,112.22,A,F,
M,R,B,KR,882,,A,Korea - Real - Broad (64 economies),1997-11,102.17,A,F,
M,R,B,KR,882,,A,Korea - Real - Broad (64 economies),1997-12,73.62,A,F,
M,R,B,KR,882,,A,Korea - Real - Broad (64 economies),1998-01,68.24,A,F,
M,R,B,KR,882,,A,Korea - Real - Broad (64 economies),1998-02,71.1,A,F,
M,R,B,KR,882,,A,Korea - Real - Broad (64 economies),1998-03,77.57,A,F,
M,R,B,KR,882,,A,Korea - Real - Broad (64 economies),1998-04,83.4,A,F,
M,R,B,KR,882,,A,Korea - Real - Broad (64 economies),1998-05,82.87,A,F,
M,R,B,KR,882,,A,Korea - Real - Broad (64 economies),1998-06,84.41,A,F,
M,R,B,KR,882,,A,Korea - Real - Broad (64 economies),1998-07,91.5,A,F,
M,R,B,KR,882,,A,Korea - Real - Broad (64 economies),1998-08,91.15,A,F,
M,R,B,KR,882,,A,Korea - Real - Broad (64 economies),1998-09,84.98,A,F,
M,R,B,KR,882,,A,Korea - Real - Broad (64 economies),1998-10,83.87,A,F,
M,R,B,KR,882,,A,Korea - Real - Broad (64 economies),1998-11,86.87,A,F,
M,R,B,KR,882,,A,Korea - Real - Broad (64 economies),1998-12,91.95,A,F,
M,R,B,KR,882,,A,Korea - Real - Broad (64 economies),1999-01,94.53,A,F,
M,R,B,KR,882,,A,Korea - Real - Broad (64 economies),1999-02,95.17,A,F,
M,R,B,KR,882,,A,Korea - Real - Broad (64 economies),1999-03,93.24,A,F,
M,R,B,KR,882,,A,Korea - Real - Broad (64 economies),1999-04,94.76,A,F,
M,R,B,KR,882,,A,Korea - Real - Broad (64 economies),1999-05,95.7,A,F,
M,R,B,KR,882,,A,Korea - Real - Broad (64 economies),1999-06,97.72,A,F,
M,R,B,KR,882,,A,Korea - Real - Broad (64 economies),1999-07,95.66,A,F,
M,R,B,KR,882,,A,Korea - Real - Broad (64 economies),1999-08,94.31,A,F,
M,R,B,KR,882,,A,Korea - Real - Broad (64 economies),1999-09,93.06,A,F,
M,R,B,KR,882,,A,Korea - Real - Broad (64 economies),1999-10,92.62,A,F,
M,R,B,KR,882,,A,Korea - Real - Broad (64 economies),1999-11,95.07,A,F,
M,R,B,KR,882,,A,Korea - Real - Broad (64 economies),1999-12,98.08,A,F,
M,R,B,KR,882,,A,Korea - Real - Broad (64 economies),2000-01,99.03,A,F,
M,R,B,KR,882,,A,Korea - Real - Broad (64 economies),2000-02,100.52,A,F,
M,R,B,KR,882,,A,Korea - Real - Broad (64 economies),2000-03,101.96,A,F,
M,R,B,KR,882,,A,Korea - Real - Broad (64 economies),2000-04,102.18,A,F,
M,R,B,KR,882,,A,Korea - Real - Broad (64 economies),2000-05,102.51,A,F,
M,R,B,KR,882,,A,Korea - Real - Broad (64 economies),2000-06,101.99,A,F,
M,R,B,KR,882,,A,Korea - Real - Broad (64 economies),2000-07,103.3,A,F,
M,R,B,KR,882,,A,Korea - Real - Broad (64 economies),2000-08,104.36,A,F,
M,R,B,KR,882,,A,Korea - Real - Broad (64 economies),2000-09,105.73,A,F,
M,R,B,KR,882,,A,Korea - Real - Broad (64 economies),2000-10,105.45,A,F,
M,R,B,KR,882,,A,Korea - Real - Broad (64 economies),2000-11,102.46,A,F,
M,R,B,KR,882,,A,Korea - Real - Broad (64 economies),2000-12,97.69,A,F,
M,R,B,KR,882,,A,Korea - Real - Broad (64 economies),2001-01,93.91,A,F,
M,R,B,KR,882,,A,Korea - Real - Broad (64 economies),2001-02,96.24,A,F,
M,R,B,KR,882,,A,Korea - Real - Broad (64 economies),2001-03,95.59,A,F,
M,R,B,KR,882,,A,Korea - Real - Broad (64 economies),2001-04,94,A,F,
M,R,B,KR,882,,A,Korea - Real - Broad (64 economies),2001-05,95.84,A,F,
M,R,B,KR,882,,A,Korea - Real - Broad (64 economies),2001-06,97.06,A,F,
M,R,B,KR,882,,A,Korea - Real - Broad (64 economies),2001-07,97.28,A,F,
M,R,B,KR,882,,A,Korea - Real - Broad (64 economies),2001-08,97.42,A,F,
M,R,B,KR,882,,A,Korea - Real - Broad (64 economies),2001-09,95.69,A,F,
M,R,B,KR,882,,A,Korea - Real - Broad (64 economies),2001-10,95.91,A,F,
M,R,B,KR,882,,A,Korea - Real - Broad (64 economies),2001-11,97.52,A,F,
M,R,B,KR,882,,A,Korea - Real - Broad (64 economies),2001-12,98.07,A,F,
M,R,B,KR,882,,A,Korea - Real - Broad (64 economies),2002-01,97.3,A,F,
M,R,B,KR,882,,A,Korea - Real - Broad (64 economies),2002-02,97.62,A,F,
M,R,B,KR,882,,A,Korea - Real - Broad (64 economies),2002-03,97.31,A,F,
M,R,B,KR,882,,A,Korea - Real - Broad (64 economies),2002-04,97.73,A,F,
M,R,B,KR,882,,A,Korea - Real - Broad (64 economies),2002-05,101.16,A,F,
M,R,B,KR,882,,A,Korea - Real - Broad (64 economies),2002-06,103.09,A,F,
M,R,B,KR,882,,A,Korea - Real - Broad (64 economies),2002-07,104.39,A,F,
M,R,B,KR,882,,A,Korea - Real - Broad (64 economies),2002-08,104.28,A,F,
M,R,B,KR,882,,A,Korea - Real - Broad (64 economies),2002-09,103.94,A,F,
M,R,B,KR,882,,A,Korea - Real - Broad (64 economies),2002-10,101.8,A,F,
M,R,B,KR,882,,A,Korea - Real - Broad (64 economies),2002-11,103.15,A,F,
M,R,B,KR,882,,A,Korea - Real - Broad (64 economies),2002-12,103.34,A,F,
M,R,B,KR,882,,A,Korea - Real - Broad (64 economies),2003-01,104.57,A,F,
M,R,B,KR,882,,A,Korea - Real - Broad (64 economies),2003-02,103.5,A,F,
M,R,B,KR,882,,A,Korea - Real - Broad (64 economies),2003-03,100.47,A,F,
M,R,B,KR,882,,A,Korea - Real - Broad (64 economies),2003-04,100.37,A,F,
M,R,B,KR,882,,A,Korea - Real - Broad (64 economies),2003-05,100.88,A,F,
M,R,B,KR,882,,A,Korea - Real - Broad (64 economies),2003-06,101.29,A,F,
M,R,B,KR,882,,A,Korea - Real - Broad (64 economies),2003-07,103.07,A,F,
M,R,B,KR,882,,A,Korea - Real - Broad (64 economies),2003-08,104.01,A,F,
M,R,B,KR,882,,A,Korea - Real - Broad (64 economies),2003-09,104.7,A,F,
M,R,B,KR,882,,A,Korea - Real - Broad (64 economies),2003-10,102.33,A,F,
M,R,B,KR,882,,A,Korea - Real - Broad (64 economies),2003-11,100.29,A,F,
M,R,B,KR,882,,A,Korea - Real - Broad (64 economies),2003-12,98.77,A,F,
M,R,B,KR,882,,A,Korea - Real - Broad (64 economies),2004-01,98.67,A,F,
M,R,B,KR,882,,A,Korea - Real - Broad (64 economies),2004-02,100.32,A,F,
M,R,B,KR,882,,A,Korea - Real - Broad (64 economies),2004-03,102.06,A,F,
M,R,B,KR,882,,A,Korea - Real - Broad (64 economies),2004-04,103.03,A,F,
M,R,B,KR,882,,A,Korea - Real - Broad (64 economies),2004-05,101.93,A,F,
M,R,B,KR,882,,A,Korea - Real - Broad (64 economies),2004-06,102.76,A,F,
M,R,B,KR,882,,A,Korea - Real - Broad (64 economies),2004-07,103.04,A,F,
M,R,B,KR,882,,A,Korea - Real - Broad (64 economies),2004-08,104.31,A,F,
M,R,B,KR,882,,A,Korea - Real - Broad (64 economies),2004-09,104.53,A,F,
M,R,B,KR,882,,A,Korea - Real - Broad (64 economies),2004-10,103.9,A,F,
M,R,B,KR,882,,A,Korea - Real - Broad (64 economies),2004-11,106.38,A,F,
M,R,B,KR,882,,A,Korea - Real - Broad (64 economies),2004-12,109.1,A,F,
M,R,B,KR,882,,A,Korea - Real - Broad (64 economies),2005-01,111.76,A,F,
M,R,B,KR,882,,A,Korea - Real - Broad (64 economies),2005-02,113.53,A,F,
M,R,B,KR,882,,A,Korea - Real - Broad (64 economies),2005-03,115.38,A,F,
M,R,B,KR,882,,A,Korea - Real - Broad (64 economies),2005-04,115.91,A,F,
M,R,B,KR,882,,A,Korea - Real - Broad (64 economies),2005-05,116.91,A,F,
M,R,B,KR,882,,A,Korea - Real - Broad (64 economies),2005-06,117.11,A,F,
M,R,B,KR,882,,A,Korea - Real - Broad (64 economies),2005-07,115.37,A,F,
M,R,B,KR,882,,A,Korea - Real - Broad (64 economies),2005-08,115.94,A,F,
M,R,B,KR,882,,A,Korea - Real - Broad (64 economies),2005-09,115.19,A,F,
M,R,B,KR,882,,A,Korea - Real - Broad (64 economies),2005-10,114.23,A,F,
M,R,B,KR,882,,A,Korea - Real - Broad (64 economies),2005-11,115.75,A,F,
M,R,B,KR,882,,A,Korea - Real - Broad (64 economies),2005-12,117.67,A,F,
M,R,B,KR,882,,A,Korea - Real - Broad (64 economies),2006-01,120.93,A,F,
M,R,B,KR,882,,A,Korea - Real - Broad (64 economies),2006-02,123.16,A,F,
M,R,B,KR,882,,A,Korea - Real - Broad (64 economies),2006-03,122.95,A,F,
M,R,B,KR,882,,A,Korea - Real - Broad (64 economies),2006-04,124.49,A,F,
M,R,B,KR,882,,A,Korea - Real - Broad (64 economies),2006-05,123.53,A,F,
M,R,B,KR,882,,A,Korea - Real - Broad (64 economies),2006-06,123.04,A,F,
M,R,B,KR,882,,A,Korea - Real - Broad (64 economies),2006-07,123.96,A,F,
M,R,B,KR,882,,A,Korea - Real - Broad (64 economies),2006-08,122.52,A,F,
M,R,B,KR,882,,A,Korea - Real - Broad (64 economies),2006-09,124.19,A,F,
M,R,B,KR,882,,A,Korea - Real - Broad (64 economies),2006-10,124.02,A,F,
M,R,B,KR,882,,A,Korea - Real - Broad (64 economies),2006-11,124.41,A,F,
M,R,B,KR,882,,A,Korea - Real - Broad (64 economies),2006-12,124.47,A,F,
M,R,B,KR,882,,A,Korea - Real - Broad (64 economies),2007-01,124.07,A,F,
M,R,B,KR,882,,A,Korea - Real - Broad (64 economies),2007-02,124,A,F,
M,R,B,KR,882,,A,Korea - Real - Broad (64 economies),2007-03,122.6,A,F,
M,R,B,KR,882,,A,Korea - Real - Broad (64 economies),2007-04,123.53,A,F,
M,R,B,KR,882,,A,Korea - Real - Broad (64 economies),2007-05,123.62,A,F,
M,R,B,KR,882,,A,Korea - Real - Broad (64 economies),2007-06,123.62,A,F,
M,R,B,KR,882,,A,Korea - Real - Broad (64 economies),2007-07,123.72,A,F,
M,R,B,KR,882,,A,Korea - Real - Broad (64 economies),2007-08,120.91,A,F,
M,R,B,KR,882,,A,Korea - Real - Broad (64 economies),2007-09,120.73,A,F,
M,R,B,KR,882,,A,Korea - Real - Broad (64 economies),2007-10,121.01,A,F,
M,R,B,KR,882,,A,Korea - Real - Broad (64 economies),2007-11,117.87,A,F,
M,R,B,KR,882,,A,Korea - Real - Broad (64 economies),2007-12,116.67,A,F,
M,R,B,KR,882,,A,Korea - Real - Broad (64 economies),2008-01,113.66,A,F,
M,R,B,KR,882,,A,Korea - Real - Broad (64 economies),2008-02,111.99,A,F,
M,R,B,KR,882,,A,Korea - Real - Broad (64 economies),2008-03,105.89,A,F,
M,R,B,KR,882,,A,Korea - Real - Broad (64 economies),2008-04,104.87,A,F,
M,R,B,KR,882,,A,Korea - Real - Broad (64 economies),2008-05,100.85,A,F,
M,R,B,KR,882,,A,Korea - Real - Broad (64 economies),2008-06,101.65,A,F,
M,R,B,KR,882,,A,Korea - Real - Broad (64 economies),2008-07,102.84,A,F,
M,R,B,KR,882,,A,Korea - Real - Broad (64 economies),2008-08,101.84,A,F,
M,R,B,KR,882,,A,Korea - Real - Broad (64 economies),2008-09,95.1,A,F,
M,R,B,KR,882,,A,Korea - Real - Broad (64 economies),2008-10,83.37,A,F,
M,R,B,KR,882,,A,Korea - Real - Broad (64 economies),2008-11,80.04,A,F,
M,R,B,KR,882,,A,Korea - Real - Broad (64 economies),2008-12,80.45,A,F,
M,R,B,KR,882,,A,Korea - Real - Broad (64 economies),2009-01,81.67,A,F,
M,R,B,KR,882,,A,Korea - Real - Broad (64 economies),2009-02,78.88,A,F,
M,R,B,KR,882,,A,Korea - Real - Broad (64 economies),2009-03,79.33,A,F,
M,R,B,KR,882,,A,Korea - Real - Broad (64 economies),2009-04,85.73,A,F,
M,R,B,KR,882,,A,Korea - Real - Broad (64 economies),2009-05,89.56,A,F,
M,R,B,KR,882,,A,Korea - Real - Broad (64 economies),2009-06,88.09,A,F,
M,R,B,KR,882,,A,Korea - Real - Broad (64 economies),2009-07,87.99,A,F,
M,R,B,KR,882,,A,Korea - Real - Broad (64 economies),2009-08,89.14,A,F,
M,R,B,KR,882,,A,Korea - Real - Broad (64 economies),2009-09,89.85,A,F,
M,R,B,KR,882,,A,Korea - Real - Broad (64 economies),2009-10,91.73,A,F,
M,R,B,KR,882,,A,Korea - Real - Broad (64 economies),2009-11,92.09,A,F,
M,R,B,KR,882,,A,Korea - Real - Broad (64 economies),2009-12,92.57,A,F,
M,R,B,KR,882,,A,Korea - Real - Broad (64 economies),2010-01,95.71,A,F,
M,R,B,KR,882,,A,Korea - Real - Broad (64 economies),2010-02,94.74,A,F,
M,R,B,KR,882,,A,Korea - Real - Broad (64 economies),2010-03,96.33,A,F,
M,R,B,KR,882,,A,Korea - Real - Broad (64 economies),2010-04,98.61,A,F,
M,R,B,KR,882,,A,Korea - Real - Broad (64 economies),2010-05,95.71,A,F,
M,R,B,KR,882,,A,Korea - Real - Broad (64 economies),2010-06,92.42,A,F,
M,R,B,KR,882,,A,Korea - Real - Broad (64 economies),2010-07,91.57,A,F,
M,R,B,KR,882,,A,Korea - Real - Broad (64 economies),2010-08,92.82,A,F,
M,R,B,KR,882,,A,Korea - Real - Broad (64 economies),2010-09,93.96,A,F,
M,R,B,KR,882,,A,Korea - Real - Broad (64 economies),2010-10,94.42,A,F,
M,R,B,KR,882,,A,Korea - Real - Broad (64 economies),2010-11,93.29,A,F,
M,R,B,KR,882,,A,Korea - Real - Broad (64 economies),2010-12,92.84,A,F,
M,R,B,KR,882,,A,Korea - Real - Broad (64 economies),2011-01,94.99,A,F,
M,R,B,KR,882,,A,Korea - Real - Broad (64 economies),2011-02,94.66,A,F,
M,R,B,KR,882,,A,Korea - Real - Broad (64 economies),2011-03,93.75,A,F,
M,R,B,KR,882,,A,Korea - Real - Broad (64 economies),2011-04,95.67,A,F,
M,R,B,KR,882,,A,Korea - Real - Broad (64 economies),2011-05,95.3,A,F,
M,R,B,KR,882,,A,Korea - Real - Broad (64 economies),2011-06,95.53,A,F,
M,R,B,KR,882,,A,Korea - Real - Broad (64 economies),2011-07,97.53,A,F,
M,R,B,KR,882,,A,Korea - Real - Broad (64 economies),2011-08,95.95,A,F,
M,R,B,KR,882,,A,Korea - Real - Broad (64 economies),2011-09,93,A,F,
M,R,B,KR,882,,A,Korea - Real - Broad (64 economies),2011-10,90.64,A,F,
M,R,B,KR,882,,A,Korea - Real - Broad (64 economies),2011-11,92.54,A,F,
M,R,B,KR,882,,A,Korea - Real - Broad (64 economies),2011-12,92.24,A,F,
M,R,B,KR,882,,A,Korea - Real - Broad (64 economies),2012-01,92.36,A,F,
M,R,B,KR,882,,A,Korea - Real - Broad (64 economies),2012-02,93.29,A,F,
M,R,B,KR,882,,A,Korea - Real - Broad (64 economies),2012-03,93.45,A,F,
M,R,B,KR,882,,A,Korea - Real - Broad (64 economies),2012-04,92.43,A,F,
M,R,B,KR,882,,A,Korea - Real - Broad (64 economies),2012-05,91.66,A,F,
M,R,B,KR,882,,A,Korea - Real - Broad (64 economies),2012-06,92.11,A,F,
M,R,B,KR,882,,A,Korea - Real - Broad (64 economies),2012-07,93.71,A,F,
M,R,B,KR,882,,A,Korea - Real - Broad (64 economies),2012-08,94.17,A,F,
M,R,B,KR,882,,A,Korea - Real - Broad (64 economies),2012-09,94.12,A,F,
M,R,B,KR,882,,A,Korea - Real - Broad (64 economies),2012-10,95.01,A,F,
M,R,B,KR,882,,A,Korea - Real - Broad (64 economies),2012-11,96.85,A,F,
M,R,B,KR,882,,A,Korea - Real - Broad (64 economies),2012-12,97.69,A,F,
M,R,B,KR,882,,A,Korea - Real - Broad (64 economies),2013-01,99.49,A,F,
M,R,B,KR,882,,A,Korea - Real - Broad (64 economies),2013-02,97.99,A,F,
M,R,B,KR,882,,A,Korea - Real - Broad (64 economies),2013-03,97.38,A,F,
M,R,B,KR,882,,A,Korea - Real - Broad (64 economies),2013-04,95.67,A,F,
M,R,B,KR,882,,A,Korea - Real - Broad (64 economies),2013-05,96.96,A,F,
M,R,B,KR,882,,A,Korea - Real - Broad (64 economies),2013-06,94.6,A,F,
M,R,B,KR,882,,A,Korea - Real - Broad (64 economies),2013-07,96.22,A,F,
M,R,B,KR,882,,A,Korea - Real - Broad (64 economies),2013-08,96.93,A,F,
M,R,B,KR,882,,A,Korea - Real - Broad (64 economies),2013-09,99.57,A,F,
M,R,B,KR,882,,A,Korea - Real - Broad (64 economies),2013-10,99.74,A,F,
M,R,B,KR,882,,A,Korea - Real - Broad (64 economies),2013-11,100.89,A,F,
M,R,B,KR,882,,A,Korea - Real - Broad (64 economies),2013-12,101.87,A,F,
M,R,B,KR,882,,A,Korea - Real - Broad (64 economies),2014-01,101.51,A,F,
M,R,B,KR,882,,A,Korea - Real - Broad (64 economies),2014-02,101.01,A,F,
M,R,B,KR,882,,A,Korea - Real - Broad (64 economies),2014-03,101.28,A,F,
M,R,B,KR,882,,A,Korea - Real - Broad (64 economies),2014-04,103.83,A,F,
M,R,B,KR,882,,A,Korea - Real - Broad (64 economies),2014-05,105.56,A,F,
M,R,B,KR,882,,A,Korea - Real - Broad (64 economies),2014-06,106.17,A,F,
M,R,B,KR,882,,A,Korea - Real - Broad (64 economies),2014-07,105.9,A,F,
M,R,B,KR,882,,A,Korea - Real - Broad (64 economies),2014-08,106.03,A,F,
M,R,B,KR,882,,A,Korea - Real - Broad (64 economies),2014-09,105.76,A,F,
M,R,B,KR,882,,A,Korea - Real - Broad (64 economies),2014-10,103.6,A,F,
M,R,B,KR,882,,A,Korea - Real - Broad (64 economies),2014-11,101.56,A,F,
M,R,B,KR,882,,A,Korea - Real - Broad (64 economies),2014-12,102.74,A,F,
M,R,B,KR,882,,A,Korea - Real - Broad (64 economies),2015-01,106.42,A,F,
M,R,B,KR,882,,A,Korea - Real - Broad (64 economies),2015-02,105.31,A,F,
M,R,B,KR,882,,A,Korea - Real - Broad (64 economies),2015-03,105.3,A,F,
M,R,B,KR,882,,A,Korea - Real - Broad (64 economies),2015-04,107.22,A,F,
M,R,B,KR,882,,A,Korea - Real - Broad (64 economies),2015-05,106,A,F,
M,R,B,KR,882,,A,Korea - Real - Broad (64 economies),2015-06,104.6,A,F,
M,R,B,KR,882,,A,Korea - Real - Broad (64 economies),2015-07,102.43,A,F,
M,R,B,KR,882,,A,Korea - Real - Broad (64 economies),2015-08,100.89,A,F,
M,R,B,KR,882,,A,Korea - Real - Broad (64 economies),2015-09,100.35,A,F,
M,R,B,KR,882,,A,Korea - Real - Broad (64 economies),2015-10,103.43,A,F,
M,R,B,KR,882,,A,Korea - Real - Broad (64 economies),2015-11,103.78,A,F,
M,R,B,KR,882,,A,Korea - Real - Broad (64 economies),2015-12,102.63,A,F,
M,R,B,KR,882,,A,Korea - Real - Broad (64 economies),2016-01,101.47,A,F,
M,R,B,KR,882,,A,Korea - Real - Broad (64 economies),2016-02,98.95,A,F,
M,R,B,KR,882,,A,Korea - Real - Broad (64 economies),2016-03,100.35,A,F,
M,R,B,KR,882,,A,Korea - Real - Broad (64 economies),2016-04,102.36,A,F,
M,R,B,KR,882,,A,Korea - Real - Broad (64 economies),2016-05,100.49,A,F,
M,R,B,KR,882,,A,Korea - Real - Broad (64 economies),2016-06,101.1,A,F,
M,R,B,KR,882,,A,Korea - Real - Broad (64 economies),2016-07,103.64,A,F,
M,R,B,KR,882,,A,Korea - Real - Broad (64 economies),2016-08,105.89,A,F,
M,R,B,KR,882,,A,Korea - Real - Broad (64 economies),2016-09,106.59,A,F,
M,R,B,KR,882,,A,Korea - Real - Broad (64 economies),2016-10,105.84,A,F,
M,R,B,KR,882,,A,Korea - Real - Broad (64 economies),2016-11,104.21,A,F,
M,R,B,KR,882,,A,Korea - Real - Broad (64 economies),2016-12,104.13,A,F,
M,R,B,KR,882,,A,Korea - Real - Broad (64 economies),2017-01,104.81,A,F,
M,R,B,KR,882,,A,Korea - Real - Broad (64 economies),2017-02,107.59,A,F,
M,R,B,KR,882,,A,Korea - Real - Broad (64 economies),2017-03,108.36,A,F,
M,R,B,KR,882,,A,Korea - Real - Broad (64 economies),2017-04,107.35,A,F,
M,R,B,KR,882,,A,Korea - Real - Broad (64 economies),2017-05,107.76,A,F,
M,R,B,KR,882,,A,Korea - Real - Broad (64 economies),2017-06,106.03,A,F,
M,R,B,KR,882,,A,Korea - Real - Broad (64 economies),2017-07,105.47,A,F,
M,R,B,KR,882,,A,Korea - Real - Broad (64 economies),2017-08,104.6,A,F,
M,R,B,KR,882,,A,Korea - Real - Broad (64 economies),2017-09,103.46,A,F,
M,R,B,KR,882,,A,Korea - Real - Broad (64 economies),2017-10,104.28,A,F,
M,R,B,KR,882,,A,Korea - Real - Broad (64 economies),2017-11,106.35,A,F,
M,R,B,KR,882,,A,Korea - Real - Broad (64 economies),2017-12,107.74,A,F,
M,R,B,KR,882,,A,Korea - Real - Broad (64 economies),2018-01,107.58,A,F,
M,R,B,KR,882,,A,Korea - Real - Broad (64 economies),2018-02,105.24,A,F,
M,R,B,KR,882,,A,Korea - Real - Broad (64 economies),2018-03,106.11,A,F,
M,R,B,KR,882,,A,Korea - Real - Broad (64 economies),2018-04,106.74,A,F,
M,R,B,KR,882,,A,Korea - Real - Broad (64 economies),2018-05,107.8,A,F,
M,R,B,KR,882,,A,Korea - Real - Broad (64 economies),2018-06,106.88,A,F,
M,R,B,KR,882,,A,Korea - Real - Broad (64 economies),2018-07,105.49,A,F,
M,R,B,KR,882,,A,Korea - Real - Broad (64 economies),2018-08,107.46,A,F,
M,R,B,KR,882,,A,Korea - Real - Broad (64 economies),2018-09,108.26,A,F,
M,R,B,KR,882,,A,Korea - Real - Broad (64 economies),2018-10,107.37,A,F,
M,R,B,KR,882,,A,Korea - Real - Broad (64 economies),2018-11,107.59,A,F,
M,R,B,KR,882,,A,Korea - Real - Broad (64 economies),2018-12,107.24,A,F,
M,R,B,KR,882,,A,Korea - Real - Broad (64 economies),2019-01,106.12,A,F,
M,R,B,KR,882,,A,Korea - Real - Broad (64 economies),2019-02,105.62,A,F,
M,R,B,KR,882,,A,Korea - Real - Broad (64 economies),2019-03,104.52,A,F,
M,R,B,KR,882,,A,Korea - Real - Broad (64 economies),2019-04,103.86,A,F,
M,R,B,KR,882,,A,Korea - Real - Broad (64 economies),2019-05,101.19,A,F,
M,R,B,KR,882,,A,Korea - Real - Broad (64 economies),2019-06,101.62,A,F,
M,R,B,KR,882,,A,Korea - Real - Broad (64 economies),2019-07,100.67,A,F,
M,R,B,KR,882,,A,Korea - Real - Broad (64 economies),2019-08,99.17,A,F,
M,R,B,KR,882,,A,Korea - Real - Broad (64 economies),2019-09,100.95,A,F,
M,R,B,KR,882,,A,Korea - Real - Broad (64 economies),2019-10,101.39,A,F,
M,R,B,KR,882,,A,Korea - Real - Broad (64 economies),2019-11,101.59,A,F,
M,R,B,KR,882,,A,Korea - Real - Broad (64 economies),2019-12,100.94,A,F,
M,R,B,KR,882,,A,Korea - Real - Broad (64 economies),2020-01,101.05,A,F,
M,R,B,KR,882,,A,Korea - Real - Broad (64 economies),2020-02,99.47,A,F,
M,R,B,KR,882,,A,Korea - Real - Broad (64 economies),2020-03,98.38,A,F,
M,R,B,KR,882,,A,Korea - Real - Broad (64 economies),2020-04,99.11,A,F,
M,R,B,KR,882,,A,Korea - Real - Broad (64 economies),2020-05,98.53,A,F,
M,R,B,KR,882,,A,Korea - Real - Broad (64 economies),2020-06,99.14,A,F,
M,R,B,KR,882,,A,Korea - Real - Broad (64 economies),2020-07,98.58,A,F,
M,R,B,KR,882,,A,Korea - Real - Broad (64 economies),2020-08,98.76,A,F,
M,R,B,KR,882,,A,Korea - Real - Broad (64 economies),2020-09,99.46,A,F,
M,R,B,KR,882,,A,Korea - Real - Broad (64 economies),2020-10,101.32,A,F,
M,R,B,KR,882,,A,Korea - Real - Broad (64 economies),2020-11,102.92,A,F,
M,R,B,KR,882,,A,Korea - Real - Broad (64 economies),2020-12,103.28,A,F,
M,R,B,KR,882,,A,Korea - Real - Broad (64 economies),2021-01,102.64,A,F,
M,R,B,KR,882,,A,Korea - Real - Broad (64 economies),2021-02,101.59,A,F,
M,R,B,KR,882,,A,Korea - Real - Broad (64 economies),2021-03,101.52,A,F,
M,R,B,KR,882,,A,Korea - Real - Broad (64 economies),2021-04,102.79,A,F,
M,R,B,KR,882,,A,Korea - Real - Broad (64 economies),2021-05,101.19,A,F,
M,R,B,KR,882,,A,Korea - Real - Broad (64 economies),2021-06,101.3,A,F,
M,R,B,KR,882,,A,Korea - Real - Broad (64 economies),2021-07,100.2,A,F,
M,R,B,KR,882,,A,Korea - Real - Broad (64 economies),2021-08,99.16,A,F,
M,R,B,KR,882,,A,Korea - Real - Broad (64 economies),2021-09,98.15,A,F,
M,R,B,KR,882,,A,Korea - Real - Broad (64 economies),2021-10,97.58,A,F,
M,R,B,KR,882,,A,Korea - Real - Broad (64 economies),2021-11,97.92,A,F,
M,R,B,KR,882,,A,Korea - Real - Broad (64 economies),2021-12,98.24,A,F,
M,R,B,KR,882,,A,Korea - Real - Broad (64 economies),2022-01,97.42,A,F,
M,R,B,KR,882,,A,Korea - Real - Broad (64 economies),2022-02,96.92,A,F,
M,R,B,KR,882,,A,Korea - Real - Broad (64 economies),2022-03,96.3,A,F,
M,R,B,KR,882,,A,Korea - Real - Broad (64 economies),2022-04,96.79,A,F,
M,R,B,KR,882,,A,Korea - Real - Broad (64 economies),2022-05,97.03,A,F,
M,R,B,KR,882,,A,Korea - Real - Broad (64 economies),2022-06,96.76,A,F,
M,R,B,KR,882,,A,Korea - Real - Broad (64 economies),2022-07,96.2,A,F,
M,R,B,KR,882,,A,Korea - Real - Broad (64 economies),2022-08,95.14,A,F,
M,R,B,KR,882,,A,Korea - Real - Broad (64 economies),2022-09,92.32,A,F,
M,R,B,KR,882,,A,Korea - Real - Broad (64 economies),2022-10,91.77,A,F,
M,R,B,KR,882,,A,Korea - Real - Broad (64 economies),2022-11,94.73,A,F,
M,R,B,KR,882,,A,Korea - Real - Broad (64 economies),2022-12,96.72,A,F,
M,R,B,KR,882,,A,Korea - Real - Broad (64 economies),2023-01,98.83,A,F,
M,R,B,KR,882,,A,Korea - Real - Broad (64 economies),2023-02,96.87,A,F,
M,R,B,KR,882,,A,Korea - Real - Broad (64 economies),2023-03,95.29,A,F,
M,R,B,KR,882,,A,Korea - Real - Broad (64 economies),2023-04,93.49,A,F,
M,R,B,KR,882,,A,Korea - Real - Broad (64 economies),2023-05,94.46,A,F,
M,R,B,KR,882,,A,Korea - Real - Broad (64 economies),2023-06,97.9,A,F,
M,R,B,KR,882,,A,Korea - Real - Broad (64 economies),2023-07,98.51,A,F,
M,R,B,KR,882,,A,Korea - Real - Broad (64 economies),2023-08,97.26,A,F,
M,R,B,KR,882,,A,Korea - Real - Broad (64 economies),2023-09,97.87,A,F,
M,R,B,KR,882,,A,Korea - Real - Broad (64 economies),2023-10,97.51,A,F,
M,R,B,KR,882,,A,Korea - Real - Broad (64 economies),2023-11,99.32,A,F,
M,R,B,KR,882,,A,Korea - Real - Broad (64 economies),2023-12,97.99,A,F,
M,R,B,KR,882,,A,Korea - Real - Broad (64 economies),2024-01,97.09,A,F,
M,R,B,KR,882,,A,Korea - Real - Broad (64 economies),2024-02,97.22,A,F,
M,R,B,KR,882,,A,Korea - Real - Broad (64 economies),2024-03,97.39,A,F,
M,R,B,KR,882,,A,Korea - Real - Broad (64 economies),2024-04,95.74,A,F,
M,R,B,KR,882,,A,Korea - Real - Broad (64 economies),2024-05,95.85,A,F,
M,R,B,KR,882,,A,Korea - Real - Broad (64 economies),2024-06,94.84,A,F,
M,R,B,KR,882,,A,Korea - Real - Broad (64 economies),2024-07,94.46,A,F,
M,R,B,KR,882,,A,Korea - Real - Broad (64 economies),2024-08,94.63,A,F,
M,R,B,KR,882,,A,Korea - Real - Broad (64 economies),2024-09,95.08,A,F,
M,R,B,KR,882,,A,Korea - Real - Broad (64 economies),2024-10,94.04,A,F,
M,R,B,KR,882,,A,Korea - Real - Broad (64 economies),2024-11,93.43,A,F,
M,R,B,KR,882,,A,Korea - Real - Broad (64 economies),2024-12,91.37,A,F,
M,R,B,KR,882,,A,Korea - Real - Broad (64 economies),2025-01,91.71,A,F,
M,R,B,KR,882,,A,Korea - Real - Broad (64 economies),2025-02,91.37,A,F,
M,R,B,KR,882,,A,Korea - Real - Broad (64 economies),2025-03,89.59,A,F,
M,R,B,KR,882,,A,Korea - Real - Broad (64 economies),2025-04,89.66,A,F,
M,R,B,KR,882,,A,Korea - Real - Broad (64 economies),2025-05,91.65,A,F,
M,R,B,KR,882,,A,Korea - Real - Broad (64 economies),2025-06,92.43,A,F,
M,R,B,KR,882,,A,Korea - Real - Broad (64 economies),2025-07,91.34,A,F,
M,R,B,KR,882,,A,Korea - Real - Broad (64 economies),2025-08,90.68,A,F,
M,R,B,KR,882,,A,Korea - Real - Broad (64 economies),2025-09,90.53,A,F,
M,R,B,KR,882,,A,Korea - Real - Broad (64 economies),2025-10,89.16,A,F,
M,R,B,KR,882,,A,Korea - Real - Broad (64 economies),2025-11,87.25,A,F,
M,R,B,KR,882,,A,Korea - Real - Broad (64 economies),2025-12,86.5,A,F,
M,R,B,KR,882,,A,Korea - Real - Broad (64 economies),2026-01,87.03,A,F,
M,R,B,KR,882,,A,Korea - Real - Broad (64 economies),2026-02,86.49,A,F,
M,R,B,KR,882,,A,Korea - Real - Broad (64 economies),2026-03,85.08,A,F,
M,R,B,KR,882,,A,Korea - Real - Broad (64 economies),2026-04,85.04,A,F,
M,R,B,KR,882,,A,Korea - Real - Broad (64 economies),2026-05,84.71,A,F,
M,R,B,KR,882,,A,Korea - Real - Broad (64 economies),2026-06,83.04,A,F,
M,R,B,KR,882,,A,Korea - Real - Broad (64 economies),2026-07,85.45,A,F,
M,R,B,KR,882,,A,Korea - Real - Broad (64 economies),2026-08,89.89,A,F,
M,R,B,JP,882,,A,Japan - Real - Broad (64 economies),1994-01,164.24,A,F,
M,R,B,JP,882,,A,Japan - Real - Broad (64 economies),1994-02,170.81,A,F,
M,R,B,JP,882,,A,Japan - Real - Broad (64 economies),1994-03,172.33,A,F,
M,R,B,JP,882,,A,Japan - Real - Broad (64 economies),1994-04,174.96,A,F,
M,R,B,JP,882,,A,Japan - Real - Broad (64 economies),1994-05,172.85,A,F,
M,R,B,JP,882,,A,Japan - Real - Broad (64 economies),1994-06,172.6,A,F,
M,R,B,JP,882,,A,Japan - Real - Broad (64 economies),1994-07,176.74,A,F,
M,R,B,JP,882,,A,Japan - Real - Broad (64 economies),1994-08,173.47,A,F,
M,R,B,JP,882,,A,Japan - Real - Broad (64 economies),1994-09,173.79,A,F,
M,R,B,JP,882,,A,Japan - Real - Broad (64 economies),1994-10,174.01,A,F,
M,R,B,JP,882,,A,Japan - Real - Broad (64 economies),1994-11,174.31,A,F,
M,R,B,JP,882,,A,Japan - Real - Broad (64 economies),1994-12,170.66,A,F,
M,R,B,JP,882,,A,Japan - Real - Broad (64 economies),1995-01,169.7,A,F,
M,R,B,JP,882,,A,Japan - Real - Broad (64 economies),1995-02,170.61,A,F,
M,R,B,JP,882,,A,Japan - Real - Broad (64 economies),1995-03,182.21,A,F,
M,R,B,JP,882,,A,Japan - Real - Broad (64 economies),1995-04,194.05,A,F,
M,R,B,JP,882,,A,Japan - Real - Broad (64 economies),1995-05,191.48,A,F,
M,R,B,JP,882,,A,Japan - Real - Broad (64 economies),1995-06,191.36,A,F,
M,R,B,JP,882,,A,Japan - Real - Broad (64 economies),1995-07,184.24,A,F,
M,R,B,JP,882,,A,Japan - Real - Broad (64 economies),1995-08,171.17,A,F,
M,R,B,JP,882,,A,Japan - Real - Broad (64 economies),1995-09,162.01,A,F,
M,R,B,JP,882,,A,Japan - Real - Broad (64 economies),1995-10,159.55,A,F,
M,R,B,JP,882,,A,Japan - Real - Broad (64 economies),1995-11,157.65,A,F,
M,R,B,JP,882,,A,Japan - Real - Broad (64 economies),1995-12,158.22,A,F,
M,R,B,JP,882,,A,Japan - Real - Broad (64 economies),1996-01,151.85,A,F,
M,R,B,JP,882,,A,Japan - Real - Broad (64 economies),1996-02,150.67,A,F,
M,R,B,JP,882,,A,Japan - Real - Broad (64 economies),1996-03,150.19,A,F,
M,R,B,JP,882,,A,Japan - Real - Broad (64 economies),1996-04,148.55,A,F,
M,R,B,JP,882,,A,Japan - Real - Broad (64 economies),1996-05,150.3,A,F,
M,R,B,JP,882,,A,Japan - Real - Broad (64 economies),1996-06,146.36,A,F,
M,R,B,JP,882,,A,Japan - Real - Broad (64 economies),1996-07,145.5,A,F,
M,R,B,JP,882,,A,Japan - Real - Broad (64 economies),1996-08,146.36,A,F,
M,R,B,JP,882,,A,Japan - Real - Broad (64 economies),1996-09,143.92,A,F,
M,R,B,JP,882,,A,Japan - Real - Broad (64 economies),1996-10,141.18,A,F,
M,R,B,JP,882,,A,Japan - Real - Broad (64 economies),1996-11,140.01,A,F,
M,R,B,JP,882,,A,Japan - Real - Broad (64 economies),1996-12,138.82,A,F,
M,R,B,JP,882,,A,Japan - Real - Broad (64 economies),1997-01,134.42,A,F,
M,R,B,JP,882,,A,Japan - Real - Broad (64 economies),1997-02,129.41,A,F,
M,R,B,JP,882,,A,Japan - Real - Broad (64 economies),1997-03,130.61,A,F,
M,R,B,JP,882,,A,Japan - Real - Broad (64 economies),1997-04,129.94,A,F,
M,R,B,JP,882,,A,Japan - Real - Broad (64 economies),1997-05,137.61,A,F,
M,R,B,JP,882,,A,Japan - Real - Broad (64 economies),1997-06,142.82,A,F,
M,R,B,JP,882,,A,Japan - Real - Broad (64 economies),1997-07,143.35,A,F,
M,R,B,JP,882,,A,Japan - Real - Broad (64 economies),1997-08,142.19,A,F,
M,R,B,JP,882,,A,Japan - Real - Broad (64 economies),1997-09,139.9,A,F,
M,R,B,JP,882,,A,Japan - Real - Broad (64 economies),1997-10,141.07,A,F,
M,R,B,JP,882,,A,Japan - Real - Broad (64 economies),1997-11,136.5,A,F,
M,R,B,JP,882,,A,Japan - Real - Broad (64 economies),1997-12,137.79,A,F,
M,R,B,JP,882,,A,Japan - Real - Broad (64 economies),1998-01,142.98,A,F,
M,R,B,JP,882,,A,Japan - Real - Broad (64 economies),1998-02,143.79,A,F,
M,R,B,JP,882,,A,Japan - Real - Broad (64 economies),1998-03,138.85,A,F,
M,R,B,JP,882,,A,Japan - Real - Broad (64 economies),1998-04,134.17,A,F,
M,R,B,JP,882,,A,Japan - Real - Broad (64 economies),1998-05,132.17,A,F,
M,R,B,JP,882,,A,Japan - Real - Broad (64 economies),1998-06,128.84,A,F,
M,R,B,JP,882,,A,Japan - Real - Broad (64 economies),1998-07,127.5,A,F,
M,R,B,JP,882,,A,Japan - Real - Broad (64 economies),1998-08,123.91,A,F,
M,R,B,JP,882,,A,Japan - Real - Broad (64 economies),1998-09,132.29,A,F,
M,R,B,JP,882,,A,Japan - Real - Broad (64 economies),1998-10,145.28,A,F,
M,R,B,JP,882,,A,Japan - Real - Broad (64 economies),1998-11,145.13,A,F,
M,R,B,JP,882,,A,Japan - Real - Broad (64 economies),1998-12,147.96,A,F,
M,R,B,JP,882,,A,Japan - Real - Broad (64 economies),1999-01,152.49,A,F,
M,R,B,JP,882,,A,Japan - Real - Broad (64 economies),1999-02,148.47,A,F,
M,R,B,JP,882,,A,Japan - Real - Broad (64 economies),1999-03,146.55,A,F,
M,R,B,JP,882,,A,Japan - Real - Broad (64 economies),1999-04,146.52,A,F,
M,R,B,JP,882,,A,Japan - Real - Broad (64 economies),1999-05,143.46,A,F,
M,R,B,JP,882,,A,Japan - Real - Broad (64 economies),1999-06,145.01,A,F,
M,R,B,JP,882,,A,Japan - Real - Broad (64 economies),1999-07,146.07,A,F,
M,R,B,JP,882,,A,Japan - Real - Broad (64 economies),1999-08,153.86,A,F,
M,R,B,JP,882,,A,Japan - Real - Broad (64 economies),1999-09,163.2,A,F,
M,R,B,JP,882,,A,Japan - Real - Broad (64 economies),1999-10,163.84,A,F,
M,R,B,JP,882,,A,Japan - Real - Broad (64 economies),1999-11,165.69,A,F,
M,R,B,JP,882,,A,Japan - Real - Broad (64 economies),1999-12,168.7,A,F,
M,R,B,JP,882,,A,Japan - Real - Broad (64 economies),2000-01,163.14,A,F,
M,R,B,JP,882,,A,Japan - Real - Broad (64 economies),2000-02,156.68,A,F,
M,R,B,JP,882,,A,Japan - Real - Broad (64 economies),2000-03,161.92,A,F,
M,R,B,JP,882,,A,Japan - Real - Broad (64 economies),2000-04,164.2,A,F,
M,R,B,JP,882,,A,Japan - Real - Broad (64 economies),2000-05,162.78,A,F,
M,R,B,JP,882,,A,Japan - Real - Broad (64 economies),2000-06,163.94,A,F,
M,R,B,JP,882,,A,Japan - Real - Broad (64 economies),2000-07,161.36,A,F,
M,R,B,JP,882,,A,Japan - Real - Broad (64 economies),2000-08,162.25,A,F,
M,R,B,JP,882,,A,Japan - Real - Broad (64 economies),2000-09,164.83,A,F,
M,R,B,JP,882,,A,Japan - Real - Broad (64 economies),2000-10,163.73,A,F,
M,R,B,JP,882,,A,Japan - Real - Broad (64 economies),2000-11,163.14,A,F,
M,R,B,JP,882,,A,Japan - Real - Broad (64 economies),2000-12,157.39,A,F,
M,R,B,JP,882,,A,Japan - Real - Broad (64 economies),2001-01,149.54,A,F,
M,R,B,JP,882,,A,Japan - Real - Broad (64 economies),2001-02,149.99,A,F,
M,R,B,JP,882,,A,Japan - Real - Broad (64 economies),2001-03,144.42,A,F,
M,R,B,JP,882,,A,Japan - Real - Broad (64 economies),2001-04,142.83,A,F,
M,R,B,JP,882,,A,Japan - Real - Broad (64 economies),2001-05,145.24,A,F,
M,R,B,JP,882,,A,Japan - Real - Broad (64 economies),2001-06,145.28,A,F,
M,R,B,JP,882,,A,Japan - Real - Broad (64 economies),2001-07,142.51,A,F,
M,R,B,JP,882,,A,Japan - Real - Broad (64 economies),2001-08,144.3,A,F,
M,R,B,JP,882,,A,Japan - Real - Broad (64 economies),2001-09,146.82,A,F,
M,R,B,JP,882,,A,Japan - Real - Broad (64 economies),2001-10,144.51,A,F,
M,R,B,JP,882,,A,Japan - Real - Broad (64 economies),2001-11,142.99,A,F,
M,R,B,JP,882,,A,Japan - Real - Broad (64 economies),2001-12,137.49,A,F,
M,R,B,JP,882,,A,Japan - Real - Broad (64 economies),2002-01,131.71,A,F,
M,R,B,JP,882,,A,Japan - Real - Broad (64 economies),2002-02,129.79,A,F,
M,R,B,JP,882,,A,Japan - Real - Broad (64 economies),2002-03,132.22,A,F,
M,R,B,JP,882,,A,Japan - Real - Broad (64 economies),2002-04,131.84,A,F,
M,R,B,JP,882,,A,Japan - Real - Broad (64 economies),2002-05,134.93,A,F,
M,R,B,JP,882,,A,Japan - Real - Broad (64 economies),2002-06,136.52,A,F,
M,R,B,JP,882,,A,Japan - Real - Broad (64 economies),2002-07,140.63,A,F,
M,R,B,JP,882,,A,Japan - Real - Broad (64 economies),2002-08,140.69,A,F,
M,R,B,JP,882,,A,Japan - Real - Broad (64 economies),2002-09,138.45,A,F,
M,R,B,JP,882,,A,Japan - Real - Broad (64 economies),2002-10,135.06,A,F,
M,R,B,JP,882,,A,Japan - Real - Broad (64 economies),2002-11,136.42,A,F,
M,R,B,JP,882,,A,Japan - Real - Broad (64 economies),2002-12,135.03,A,F,
M,R,B,JP,882,,A,Japan - Real - Broad (64 economies),2003-01,135.81,A,F,
M,R,B,JP,882,,A,Japan - Real - Broad (64 economies),2003-02,133.8,A,F,
M,R,B,JP,882,,A,Japan - Real - Broad (64 economies),2003-03,135.04,A,F,
M,R,B,JP,882,,A,Japan - Real - Broad (64 economies),2003-04,133.54,A,F,
M,R,B,JP,882,,A,Japan - Real - Broad (64 economies),2003-05,134.15,A,F,
M,R,B,JP,882,,A,Japan - Real - Broad (64 economies),2003-06,132.44,A,F,
M,R,B,JP,882,,A,Japan - Real - Broad (64 economies),2003-07,132.57,A,F,
M,R,B,JP,882,,A,Japan - Real - Broad (64 economies),2003-08,133.13,A,F,
M,R,B,JP,882,,A,Japan - Real - Broad (64 economies),2003-09,136.44,A,F,
M,R,B,JP,882,,A,Japan - Real - Broad (64 economies),2003-10,141.14,A,F,
M,R,B,JP,882,,A,Japan - Real - Broad (64 economies),2003-11,140.49,A,F,
M,R,B,JP,882,,A,Japan - Real - Broad (64 economies),2003-12,140.58,A,F,
M,R,B,JP,882,,A,Japan - Real - Broad (64 economies),2004-01,140.12,A,F,
M,R,B,JP,882,,A,Japan - Real - Broad (64 economies),2004-02,139.17,A,F,
M,R,B,JP,882,,A,Japan - Real - Broad (64 economies),2004-03,137.49,A,F,
M,R,B,JP,882,,A,Japan - Real - Broad (64 economies),2004-04,138.43,A,F,
M,R,B,JP,882,,A,Japan - Real - Broad (64 economies),2004-05,133.87,A,F,
M,R,B,JP,882,,A,Japan - Real - Broad (64 economies),2004-06,136.85,A,F,
M,R,B,JP,882,,A,Japan - Real - Broad (64 economies),2004-07,135.85,A,F,
M,R,B,JP,882,,A,Japan - Real - Broad (64 economies),2004-08,134.7,A,F,
M,R,B,JP,882,,A,Japan - Real - Broad (64 economies),2004-09,134.95,A,F,
M,R,B,JP,882,,A,Japan - Real - Broad (64 economies),2004-10,135.7,A,F,
M,R,B,JP,882,,A,Japan - Real - Broad (64 economies),2004-11,138.2,A,F,
M,R,B,JP,882,,A,Japan - Real - Broad (64 economies),2004-12,137.11,A,F,
M,R,B,JP,882,,A,Japan - Real - Broad (64 economies),2005-01,137.45,A,F,
M,R,B,JP,882,,A,Japan - Real - Broad (64 economies),2005-02,133.9,A,F,
M,R,B,JP,882,,A,Japan - Real - Broad (64 economies),2005-03,132.91,A,F,
M,R,B,JP,882,,A,Japan - Real - Broad (64 economies),2005-04,130.91,A,F,
M,R,B,JP,882,,A,Japan - Real - Broad (64 economies),2005-05,132.26,A,F,
M,R,B,JP,882,,A,Japan - Real - Broad (64 economies),2005-06,130.95,A,F,
M,R,B,JP,882,,A,Japan - Real - Broad (64 economies),2005-07,127.23,A,F,
M,R,B,JP,882,,A,Japan - Real - Broad (64 economies),2005-08,127.12,A,F,
M,R,B,JP,882,,A,Japan - Real - Broad (64 economies),2005-09,126.42,A,F,
M,R,B,JP,882,,A,Japan - Real - Broad (64 economies),2005-10,122.68,A,F,
M,R,B,JP,882,,A,Japan - Real - Broad (64 economies),2005-11,119.37,A,F,
M,R,B,JP,882,,A,Japan - Real - Broad (64 economies),2005-12,118.66,A,F,
M,R,B,JP,882,,A,Japan - Real - Broad (64 economies),2006-01,119.58,A,F,
M,R,B,JP,882,,A,Japan - Real - Broad (64 economies),2006-02,116.53,A,F,
M,R,B,JP,882,,A,Japan - Real - Broad (64 economies),2006-03,117.25,A,F,
M,R,B,JP,882,,A,Japan - Real - Broad (64 economies),2006-04,115.92,A,F,
M,R,B,JP,882,,A,Japan - Real - Broad (64 economies),2006-05,120.04,A,F,
M,R,B,JP,882,,A,Japan - Real - Broad (64 economies),2006-06,118.03,A,F,
M,R,B,JP,882,,A,Japan - Real - Broad (64 economies),2006-07,116.21,A,F,
M,R,B,JP,882,,A,Japan - Real - Broad (64 economies),2006-08,116.05,A,F,
M,R,B,JP,882,,A,Japan - Real - Broad (64 economies),2006-09,114.89,A,F,
M,R,B,JP,882,,A,Japan - Real - Broad (64 economies),2006-10,113.32,A,F,
M,R,B,JP,882,,A,Japan - Real - Broad (64 economies),2006-11,112.77,A,F,
M,R,B,JP,882,,A,Japan - Real - Broad (64 economies),2006-12,111.29,A,F,
M,R,B,JP,882,,A,Japan - Real - Broad (64 economies),2007-01,108.3,A,F,
M,R,B,JP,882,,A,Japan - Real - Broad (64 economies),2007-02,106.67,A,F,
M,R,B,JP,882,,A,Japan - Real - Broad (64 economies),2007-03,109.42,A,F,
M,R,B,JP,882,,A,Japan - Real - Broad (64 economies),2007-04,106.66,A,F,
M,R,B,JP,882,,A,Japan - Real - Broad (64 economies),2007-05,104.6,A,F,
M,R,B,JP,882,,A,Japan - Real - Broad (64 economies),2007-06,102.48,A,F,
M,R,B,JP,882,,A,Japan - Real - Broad (64 economies),2007-07,101.73,A,F,
M,R,B,JP,882,,A,Japan - Real - Broad (64 economies),2007-08,106.93,A,F,
M,R,B,JP,882,,A,Japan - Real - Broad (64 economies),2007-09,107.31,A,F,
M,R,B,JP,882,,A,Japan - Real - Broad (64 economies),2007-10,104.79,A,F,
M,R,B,JP,882,,A,Japan - Real - Broad (64 economies),2007-11,107.54,A,F,
M,R,B,JP,882,,A,Japan - Real - Broad (64 economies),2007-12,106.39,A,F,
M,R,B,JP,882,,A,Japan - Real - Broad (64 economies),2008-01,109.17,A,F,
M,R,B,JP,882,,A,Japan - Real - Broad (64 economies),2008-02,107.93,A,F,
M,R,B,JP,882,,A,Japan - Real - Broad (64 economies),2008-03,113.37,A,F,
M,R,B,JP,882,,A,Japan - Real - Broad (64 economies),2008-04,110.12,A,F,
M,R,B,JP,882,,A,Japan - Real - Broad (64 economies),2008-05,109.35,A,F,
M,R,B,JP,882,,A,Japan - Real - Broad (64 economies),2008-06,106.42,A,F,
M,R,B,JP,882,,A,Japan - Real - Broad (64 economies),2008-07,105.55,A,F,
M,R,B,JP,882,,A,Japan - Real - Broad (64 economies),2008-08,105.57,A,F,
M,R,B,JP,882,,A,Japan - Real - Broad (64 economies),2008-09,110.57,A,F,
M,R,B,JP,882,,A,Japan - Real - Broad (64 economies),2008-10,123.02,A,F,
M,R,B,JP,882,,A,Japan - Real - Broad (64 economies),2008-11,130.12,A,F,
M,R,B,JP,882,,A,Japan - Real - Broad (64 economies),2008-12,137.15,A,F,
M,R,B,JP,882,,A,Japan - Real - Broad (64 economies),2009-01,137.58,A,F,
M,R,B,JP,882,,A,Japan - Real - Broad (64 economies),2009-02,136.22,A,F,
M,R,B,JP,882,,A,Japan - Real - Broad (64 economies),2009-03,128.88,A,F,
M,R,B,JP,882,,A,Japan - Real - Broad (64 economies),2009-04,125.35,A,F,
M,R,B,JP,882,,A,Japan - Real - Broad (64 economies),2009-05,124.98,A,F,
M,R,B,JP,882,,A,Japan - Real - Broad (64 economies),2009-06,123.7,A,F,
M,R,B,JP,882,,A,Japan - Real - Broad (64 economies),2009-07,125.87,A,F,
M,R,B,JP,882,,A,Japan - Real - Broad (64 economies),2009-08,124.51,A,F,
M,R,B,JP,882,,A,Japan - Real - Broad (64 economies),2009-09,127.86,A,F,
M,R,B,JP,882,,A,Japan - Real - Broad (64 economies),2009-10,127.18,A,F,
M,R,B,JP,882,,A,Japan - Real - Broad (64 economies),2009-11,128.03,A,F,
M,R,B,JP,882,,A,Japan - Real - Broad (64 economies),2009-12,127.01,A,F,
M,R,B,JP,882,,A,Japan - Real - Broad (64 economies),2010-01,124.68,A,F,
M,R,B,JP,882,,A,Japan - Real - Broad (64 economies),2010-02,126.85,A,F,
M,R,B,JP,882,,A,Japan - Real - Broad (64 economies),2010-03,126.03,A,F,
M,R,B,JP,882,,A,Japan - Real - Broad (64 economies),2010-04,121.32,A,F,
M,R,B,JP,882,,A,Japan - Real - Broad (64 economies),2010-05,125.71,A,F,
M,R,B,JP,882,,A,Japan - Real - Broad (64 economies),2010-06,128.47,A,F,
M,R,B,JP,882,,A,Japan - Real - Broad (64 economies),2010-07,130.64,A,F,
M,R,B,JP,882,,A,Japan - Real - Broad (64 economies),2010-08,132.72,A,F,
M,R,B,JP,882,,A,Japan - Real - Broad (64 economies),2010-09,132.81,A,F,
M,R,B,JP,882,,A,Japan - Real - Broad (64 economies),2010-10,133.86,A,F,
M,R,B,JP,882,,A,Japan - Real - Broad (64 economies),2010-11,131.98,A,F,
M,R,B,JP,882,,A,Japan - Real - Broad (64 economies),2010-12,130.76,A,F,
M,R,B,JP,882,,A,Japan - Real - Broad (64 economies),2011-01,129.95,A,F,
M,R,B,JP,882,,A,Japan - Real - Broad (64 economies),2011-02,128.24,A,F,
M,R,B,JP,882,,A,Japan - Real - Broad (64 economies),2011-03,128.67,A,F,
M,R,B,JP,882,,A,Japan - Real - Broad (64 economies),2011-04,124.01,A,F,
M,R,B,JP,882,,A,Japan - Real - Broad (64 economies),2011-05,126.96,A,F,
M,R,B,JP,882,,A,Japan - Real - Broad (64 economies),2011-06,127.69,A,F,
M,R,B,JP,882,,A,Japan - Real - Broad (64 economies),2011-07,128.68,A,F,
M,R,B,JP,882,,A,Japan - Real - Broad (64 economies),2011-08,132.36,A,F,
M,R,B,JP,882,,A,Japan - Real - Broad (64 economies),2011-09,134.93,A,F,
M,R,B,JP,882,,A,Japan - Real - Broad (64 economies),2011-10,136.04,A,F,
M,R,B,JP,882,,A,Japan - Real - Broad (64 economies),2011-11,133.99,A,F,
M,R,B,JP,882,,A,Japan - Real - Broad (64 economies),2011-12,134.08,A,F,
M,R,B,JP,882,,A,Japan - Real - Broad (64 economies),2012-01,135.08,A,F,
M,R,B,JP,882,,A,Japan - Real - Broad (64 economies),2012-02,130.76,A,F,
M,R,B,JP,882,,A,Japan - Real - Broad (64 economies),2012-03,124.75,A,F,
M,R,B,JP,882,,A,Japan - Real - Broad (64 economies),2012-04,126.48,A,F,
M,R,B,JP,882,,A,Japan - Real - Broad (64 economies),2012-05,130.38,A,F,
M,R,B,JP,882,,A,Japan - Real - Broad (64 economies),2012-06,132,A,F,
M,R,B,JP,882,,A,Japan - Real - Broad (64 economies),2012-07,132.06,A,F,
M,R,B,JP,882,,A,Japan - Real - Broad (64 economies),2012-08,131.42,A,F,
M,R,B,JP,882,,A,Japan - Real - Broad (64 economies),2012-09,130.42,A,F,
M,R,B,JP,882,,A,Japan - Real - Broad (64 economies),2012-10,128.2,A,F,
M,R,B,JP,882,,A,Japan - Real - Broad (64 economies),2012-11,124.62,A,F,
M,R,B,JP,882,,A,Japan - Real - Broad (64 economies),2012-12,119.76,A,F,
M,R,B,JP,882,,A,Japan - Real - Broad (64 economies),2013-01,111.75,A,F,
M,R,B,JP,882,,A,Japan - Real - Broad (64 economies),2013-02,106.22,A,F,
M,R,B,JP,882,,A,Japan - Real - Broad (64 economies),2013-03,105.32,A,F,
M,R,B,JP,882,,A,Japan - Real - Broad (64 economies),2013-04,101.92,A,F,
M,R,B,JP,882,,A,Japan - Real - Broad (64 economies),2013-05,99.03,A,F,
M,R,B,JP,882,,A,Japan - Real - Broad (64 economies),2013-06,103.2,A,F,
M,R,B,JP,882,,A,Japan - Real - Broad (64 economies),2013-07,101.3,A,F,
M,R,B,JP,882,,A,Japan - Real - Broad (64 economies),2013-08,103.09,A,F,
M,R,B,JP,882,,A,Japan - Real - Broad (64 economies),2013-09,101.31,A,F,
M,R,B,JP,882,,A,Japan - Real - Broad (64 economies),2013-10,101.88,A,F,
M,R,B,JP,882,,A,Japan - Real - Broad (64 economies),2013-11,100.07,A,F,
M,R,B,JP,882,,A,Japan - Real - Broad (64 economies),2013-12,96.62,A,F,
M,R,B,JP,882,,A,Japan - Real - Broad (64 economies),2014-01,96.22,A,F,
M,R,B,JP,882,,A,Japan - Real - Broad (64 economies),2014-02,97.79,A,F,
M,R,B,JP,882,,A,Japan - Real - Broad (64 economies),2014-03,97.66,A,F,
M,R,B,JP,882,,A,Japan - Real - Broad (64 economies),2014-04,99.38,A,F,
M,R,B,JP,882,,A,Japan - Real - Broad (64 economies),2014-05,100.18,A,F,
M,R,B,JP,882,,A,Japan - Real - Broad (64 economies),2014-06,100.01,A,F,
M,R,B,JP,882,,A,Japan - Real - Broad (64 economies),2014-07,100.07,A,F,
M,R,B,JP,882,,A,Japan - Real - Broad (64 economies),2014-08,99.28,A,F,
M,R,B,JP,882,,A,Japan - Real - Broad (64 economies),2014-09,96.06,A,F,
M,R,B,JP,882,,A,Japan - Real - Broad (64 economies),2014-10,96,A,F,
M,R,B,JP,882,,A,Japan - Real - Broad (64 economies),2014-11,89.69,A,F,
M,R,B,JP,882,,A,Japan - Real - Broad (64 economies),2014-12,88.62,A,F,
M,R,B,JP,882,,A,Japan - Real - Broad (64 economies),2015-01,90.74,A,F,
M,R,B,JP,882,,A,Japan - Real - Broad (64 economies),2015-02,90.37,A,F,
M,R,B,JP,882,,A,Japan - Real - Broad (64 economies),2015-03,90.23,A,F,
M,R,B,JP,882,,A,Japan - Real - Broad (64 economies),2015-04,90.55,A,F,
M,R,B,JP,882,,A,Japan - Real - Broad (64 economies),2015-05,89.17,A,F,
M,R,B,JP,882,,A,Japan - Real - Broad (64 economies),2015-06,87.15,A,F,
M,R,B,JP,882,,A,Japan - Real - Broad (64 economies),2015-07,88.05,A,F,
M,R,B,JP,882,,A,Japan - Real - Broad (64 economies),2015-08,89.6,A,F,
M,R,B,JP,882,,A,Japan - Real - Broad (64 economies),2015-09,92.52,A,F,
M,R,B,JP,882,,A,Japan - Real - Broad (64 economies),2015-10,91.98,A,F,
M,R,B,JP,882,,A,Japan - Real - Broad (64 economies),2015-11,90.72,A,F,
M,R,B,JP,882,,A,Japan - Real - Broad (64 economies),2015-12,91.87,A,F,
M,R,B,JP,882,,A,Japan - Real - Broad (64 economies),2016-01,95.6,A,F,
M,R,B,JP,882,,A,Japan - Real - Broad (64 economies),2016-02,97.19,A,F,
M,R,B,JP,882,,A,Japan - Real - Broad (64 economies),2016-03,97.73,A,F,
M,R,B,JP,882,,A,Japan - Real - Broad (64 economies),2016-04,99.76,A,F,
M,R,B,JP,882,,A,Japan - Real - Broad (64 economies),2016-05,101.18,A,F,
M,R,B,JP,882,,A,Japan - Real - Broad (64 economies),2016-06,104.56,A,F,
M,R,B,JP,882,,A,Japan - Real - Broad (64 economies),2016-07,106.16,A,F,
M,R,B,JP,882,,A,Japan - Real - Broad (64 economies),2016-08,108.34,A,F,
M,R,B,JP,882,,A,Japan - Real - Broad (64 economies),2016-09,107.78,A,F,
M,R,B,JP,882,,A,Japan - Real - Broad (64 economies),2016-10,107.11,A,F,
M,R,B,JP,882,,A,Japan - Real - Broad (64 economies),2016-11,104.2,A,F,
M,R,B,JP,882,,A,Japan - Real - Broad (64 economies),2016-12,97.91,A,F,
M,R,B,JP,882,,A,Japan - Real - Broad (64 economies),2017-01,97.88,A,F,
M,R,B,JP,882,,A,Japan - Real - Broad (64 economies),2017-02,98.54,A,F,
M,R,B,JP,882,,A,Japan - Real - Broad (64 economies),2017-03,98.44,A,F,
M,R,B,JP,882,,A,Japan - Real - Broad (64 economies),2017-04,100.91,A,F,
M,R,B,JP,882,,A,Japan - Real - Broad (64 economies),2017-05,98.51,A,F,
M,R,B,JP,882,,A,Japan - Real - Broad (64 economies),2017-06,98.74,A,F,
M,R,B,JP,882,,A,Japan - Real - Broad (64 economies),2017-07,96.5,A,F,
M,R,B,JP,882,,A,Japan - Real - Broad (64 economies),2017-08,97.71,A,F,
M,R,B,JP,882,,A,Japan - Real - Broad (64 economies),2017-09,95.98,A,F,
M,R,B,JP,882,,A,Japan - Real - Broad (64 economies),2017-10,94.88,A,F,
M,R,B,JP,882,,A,Japan - Real - Broad (64 economies),2017-11,95.13,A,F,
M,R,B,JP,882,,A,Japan - Real - Broad (64 economies),2017-12,94.48,A,F,
M,R,B,JP,882,,A,Japan - Real - Broad (64 economies),2018-01,94.24,A,F,
M,R,B,JP,882,,A,Japan - Real - Broad (64 economies),2018-02,95.42,A,F,
M,R,B,JP,882,,A,Japan - Real - Broad (64 economies),2018-03,97.1,A,F,
M,R,B,JP,882,,A,Japan - Real - Broad (64 economies),2018-04,95.62,A,F,
M,R,B,JP,882,,A,Japan - Real - Broad (64 economies),2018-05,95.47,A,F,
M,R,B,JP,882,,A,Japan - Real - Broad (64 economies),2018-06,96.02,A,F,
M,R,B,JP,882,,A,Japan - Real - Broad (64 economies),2018-07,96.27,A,F,
M,R,B,JP,882,,A,Japan - Real - Broad (64 economies),2018-08,97.91,A,F,
M,R,B,JP,882,,A,Japan - Real - Broad (64 economies),2018-09,96.86,A,F,
M,R,B,JP,882,,A,Japan - Real - Broad (64 economies),2018-10,96.89,A,F,
M,R,B,JP,882,,A,Japan - Real - Broad (64 economies),2018-11,96.69,A,F,
M,R,B,JP,882,,A,Japan - Real - Broad (64 economies),2018-12,97.14,A,F,
M,R,B,JP,882,,A,Japan - Real - Broad (64 economies),2019-01,99.35,A,F,
M,R,B,JP,882,,A,Japan - Real - Broad (64 economies),2019-02,97.07,A,F,
M,R,B,JP,882,,A,Japan - Real - Broad (64 economies),2019-03,96.37,A,F,
M,R,B,JP,882,,A,Japan - Real - Broad (64 economies),2019-04,96.08,A,F,
M,R,B,JP,882,,A,Japan - Real - Broad (64 economies),2019-05,98.59,A,F,
M,R,B,JP,882,,A,Japan - Real - Broad (64 economies),2019-06,99.96,A,F,
M,R,B,JP,882,,A,Japan - Real - Broad (64 economies),2019-07,99.39,A,F,
M,R,B,JP,882,,A,Japan - Real - Broad (64 economies),2019-08,103.07,A,F,
M,R,B,JP,882,,A,Japan - Real - Broad (64 economies),2019-09,101.74,A,F,
M,R,B,JP,882,,A,Japan - Real - Broad (64 economies),2019-10,100.61,A,F,
M,R,B,JP,882,,A,Japan - Real - Broad (64 economies),2019-11,99.34,A,F,
M,R,B,JP,882,,A,Japan - Real - Broad (64 economies),2019-12,98.59,A,F,
M,R,B,JP,882,,A,Japan - Real - Broad (64 economies),2020-01,97.53,A,F,
M,R,B,JP,882,,A,Japan - Real - Broad (64 economies),2020-02,97.44,A,F,
M,R,B,JP,882,,A,Japan - Real - Broad (64 economies),2020-03,101.59,A,F,
M,R,B,JP,882,,A,Japan - Real - Broad (64 economies),2020-04,103.12,A,F,
M,R,B,JP,882,,A,Japan - Real - Broad (64 economies),2020-05,103.7,A,F,
M,R,B,JP,882,,A,Japan - Real - Broad (64 economies),2020-06,101.13,A,F,
M,R,B,JP,882,,A,Japan - Real - Broad (64 economies),2020-07,100.72,A,F,
M,R,B,JP,882,,A,Japan - Real - Broad (64 economies),2020-08,100.12,A,F,
M,R,B,JP,882,,A,Japan - Real - Broad (64 economies),2020-09,99.63,A,F,
M,R,B,JP,882,,A,Japan - Real - Broad (64 economies),2020-10,99.33,A,F,
M,R,B,JP,882,,A,Japan - Real - Broad (64 economies),2020-11,98.55,A,F,
M,R,B,JP,882,,A,Japan - Real - Broad (64 economies),2020-12,97.15,A,F,
M,R,B,JP,882,,A,Japan - Real - Broad (64 economies),2021-01,96.77,A,F,
M,R,B,JP,882,,A,Japan - Real - Broad (64 economies),2021-02,94.57,A,F,
M,R,B,JP,882,,A,Japan - Real - Broad (64 economies),2021-03,92.89,A,F,
M,R,B,JP,882,,A,Japan - Real - Broad (64 economies),2021-04,91.65,A,F,
M,R,B,JP,882,,A,Japan - Real - Broad (64 economies),2021-05,90.84,A,F,
M,R,B,JP,882,,A,Japan - Real - Broad (64 economies),2021-06,90.09,A,F,
M,R,B,JP,882,,A,Japan - Real - Broad (64 economies),2021-07,91.07,A,F,
M,R,B,JP,882,,A,Japan - Real - Broad (64 economies),2021-08,91.37,A,F,
M,R,B,JP,882,,A,Japan - Real - Broad (64 economies),2021-09,90.99,A,F,
M,R,B,JP,882,,A,Japan - Real - Broad (64 economies),2021-10,88.23,A,F,
M,R,B,JP,882,,A,Japan - Real - Broad (64 economies),2021-11,87.55,A,F,
M,R,B,JP,882,,A,Japan - Real - Broad (64 economies),2021-12,87.73,A,F,
M,R,B,JP,882,,A,Japan - Real - Broad (64 economies),2022-01,86.59,A,F,
M,R,B,JP,882,,A,Japan - Real - Broad (64 economies),2022-02,85.85,A,F,
M,R,B,JP,882,,A,Japan - Real - Broad (64 economies),2022-03,84.07,A,F,
M,R,B,JP,882,,A,Japan - Real - Broad (64 economies),2022-04,79.54,A,F,
M,R,B,JP,882,,A,Japan - Real - Broad (64 economies),2022-05,79.98,A,F,
M,R,B,JP,882,,A,Japan - Real - Broad (64 economies),2022-06,76.52,A,F,
M,R,B,JP,882,,A,Japan - Real - Broad (64 economies),2022-07,76.25,A,F,
M,R,B,JP,882,,A,Japan - Real - Broad (64 economies),2022-08,77.55,A,F,
M,R,B,JP,882,,A,Japan - Real - Broad (64 economies),2022-09,75.26,A,F,
M,R,B,JP,882,,A,Japan - Real - Broad (64 economies),2022-10,74.52,A,F,
M,R,B,JP,882,,A,Japan - Real - Broad (64 economies),2022-11,75.92,A,F,
M,R,B,JP,882,,A,Japan - Real - Broad (64 economies),2022-12,78.18,A,F,
M,R,B,JP,882,,A,Japan - Real - Broad (64 economies),2023-01,79.33,A,F,
M,R,B,JP,882,,A,Japan - Real - Broad (64 economies),2023-02,77.6,A,F,
M,R,B,JP,882,,A,Japan - Real - Broad (64 economies),2023-03,78,A,F,
M,R,B,JP,882,,A,Japan - Real - Broad (64 economies),2023-04,77.91,A,F,
M,R,B,JP,882,,A,Japan - Real - Broad (64 economies),2023-05,76.6,A,F,
M,R,B,JP,882,,A,Japan - Real - Broad (64 economies),2023-06,75.05,A,F,
M,R,B,JP,882,,A,Japan - Real - Broad (64 economies),2023-07,75.02,A,F,
M,R,B,JP,882,,A,Japan - Real - Broad (64 economies),2023-08,73.78,A,F,
M,R,B,JP,882,,A,Japan - Real - Broad (64 economies),2023-09,73.15,A,F,
M,R,B,JP,882,,A,Japan - Real - Broad (64 economies),2023-10,73.29,A,F,
M,R,B,JP,882,,A,Japan - Real - Broad (64 economies),2023-11,72.15,A,F,
M,R,B,JP,882,,A,Japan - Real - Broad (64 economies),2023-12,74.01,A,F,
M,R,B,JP,882,,A,Japan - Real - Broad (64 economies),2024-01,73.22,A,F,
M,R,B,JP,882,,A,Japan - Real - Broad (64 economies),2024-02,71.36,A,F,
M,R,B,JP,882,,A,Japan - Real - Broad (64 economies),2024-03,71.56,A,F,
M,R,B,JP,882,,A,Japan - Real - Broad (64 economies),2024-04,70.65,A,F,
M,R,B,JP,882,,A,Japan - Real - Broad (64 economies),2024-05,69.6,A,F,
M,R,B,JP,882,,A,Japan - Real - Broad (64 economies),2024-06,69,A,F,
M,R,B,JP,882,,A,Japan - Real - Broad (64 economies),2024-07,68.92,A,F,
M,R,B,JP,882,,A,Japan - Real - Broad (64 economies),2024-08,73.42,A,F,
M,R,B,JP,882,,A,Japan - Real - Broad (64 economies),2024-09,73.92,A,F,
M,R,B,JP,882,,A,Japan - Real - Broad (64 economies),2024-10,71.75,A,F,
M,R,B,JP,882,,A,Japan - Real - Broad (64 economies),2024-11,71.67,A,F,
M,R,B,JP,882,,A,Japan - Real - Broad (64 economies),2024-12,72.4,A,F,
M,R,B,JP,882,,A,Japan - Real - Broad (64 economies),2025-01,71.89,A,F,
M,R,B,JP,882,,A,Japan - Real - Broad (64 economies),2025-02,73.07,A,F,
M,R,B,JP,882,,A,Japan - Real - Broad (64 economies),2025-03,73.93,A,F,
M,R,B,JP,882,,A,Japan - Real - Broad (64 economies),2025-04,76.38,A,F,
M,R,B,JP,882,,A,Japan - Real - Broad (64 economies),2025-05,74.98,A,F,
M,R,B,JP,882,,A,Japan - Real - Broad (64 economies),2025-06,74.11,A,F,
M,R,B,JP,882,,A,Japan - Real - Broad (64 economies),2025-07,72.58,A,F,
M,R,B,JP,882,,A,Japan - Real - Broad (64 economies),2025-08,72.52,A,F,
M,R,B,JP,882,,A,Japan - Real - Broad (64 economies),2025-09,71.82,A,F,
M,R,B,JP,882,,A,Japan - Real - Broad (64 economies),2025-10,70.76,A,F,
M,R,B,JP,882,,A,Japan - Real - Broad (64 economies),2025-11,69.57,A,F,
M,R,B,JP,882,,A,Japan - Real - Broad (64 economies),2025-12,68.42,A,F,
M,R,B,JP,882,,A,Japan - Real - Broad (64 economies),2026-01,67.67,A,F,
M,R,B,JP,882,,A,Japan - Real - Broad (64 economies),2026-02,66.82,A,F,
M,R,B,JP,882,,A,Japan - Real - Broad (64 economies),2026-03,66.25,A,F,
M,R,B,JP,882,,A,Japan - Real - Broad (64 economies),2026-04,65.57,A,F,
M,R,B,JP,882,,A,Japan - Real - Broad (64 economies),2026-05,66.09,A,F,
M,R,B,JP,882,,A,Japan - Real - Broad (64 economies),2026-06,65.49,A,F,
M,R,B,JP,882,,A,Japan - Real - Broad (64 economies),2026-07,65.24,A,F,
M,R,B,JP,882,,A,Japan - Real - Broad (64 economies),2026-08,66.02,A,F,
M,R,B,MY,882,,A,Malaysia - Real - Broad (64 economies),1994-01,136.87,A,F,
M,R,B,MY,882,,A,Malaysia - Real - Broad (64 economies),1994-02,133.49,A,F,
M,R,B,MY,882,,A,Malaysia - Real - Broad (64 economies),1994-03,134.2,A,F,
M,R,B,MY,882,,A,Malaysia - Real - Broad (64 economies),1994-04,134.45,A,F,
M,R,B,MY,882,,A,Malaysia - Real - Broad (64 economies),1994-05,137.29,A,F,
M,R,B,MY,882,,A,Malaysia - Real - Broad (64 economies),1994-06,137.1,A,F,
M,R,B,MY,882,,A,Malaysia - Real - Broad (64 economies),1994-07,135.64,A,F,
M,R,B,MY,882,,A,Malaysia - Real - Broad (64 economies),1994-08,136.93,A,F,
M,R,B,MY,882,,A,Malaysia - Real - Broad (64 economies),1994-09,136.42,A,F,
M,R,B,MY,882,,A,Malaysia - Real - Broad (64 economies),1994-10,135.4,A,F,
M,R,B,MY,882,,A,Malaysia - Real - Broad (64 economies),1994-11,135.99,A,F,
M,R,B,MY,882,,A,Malaysia - Real - Broad (64 economies),1994-12,137.61,A,F,
M,R,B,MY,882,,A,Malaysia - Real - Broad (64 economies),1995-01,137.44,A,F,
M,R,B,MY,882,,A,Malaysia - Real - Broad (64 economies),1995-02,137.36,A,F,
M,R,B,MY,882,,A,Malaysia - Real - Broad (64 economies),1995-03,133.24,A,F,
M,R,B,MY,882,,A,Malaysia - Real - Broad (64 economies),1995-04,132.67,A,F,
M,R,B,MY,882,,A,Malaysia - Real - Broad (64 economies),1995-05,134.39,A,F,
M,R,B,MY,882,,A,Malaysia - Real - Broad (64 economies),1995-06,135.48,A,F,
M,R,B,MY,882,,A,Malaysia - Real - Broad (64 economies),1995-07,136.14,A,F,
M,R,B,MY,882,,A,Malaysia - Real - Broad (64 economies),1995-08,138.05,A,F,
M,R,B,MY,882,,A,Malaysia - Real - Broad (64 economies),1995-09,138.96,A,F,
M,R,B,MY,882,,A,Malaysia - Real - Broad (64 economies),1995-10,137.21,A,F,
M,R,B,MY,882,,A,Malaysia - Real - Broad (64 economies),1995-11,137.84,A,F,
M,R,B,MY,882,,A,Malaysia - Real - Broad (64 economies),1995-12,138.6,A,F,
M,R,B,MY,882,,A,Malaysia - Real - Broad (64 economies),1996-01,139.48,A,F,
M,R,B,MY,882,,A,Malaysia - Real - Broad (64 economies),1996-02,140.22,A,F,
M,R,B,MY,882,,A,Malaysia - Real - Broad (64 economies),1996-03,139.78,A,F,
M,R,B,MY,882,,A,Malaysia - Real - Broad (64 economies),1996-04,142.14,A,F,
M,R,B,MY,882,,A,Malaysia - Real - Broad (64 economies),1996-05,143.51,A,F,
M,R,B,MY,882,,A,Malaysia - Real - Broad (64 economies),1996-06,144.29,A,F,
M,R,B,MY,882,,A,Malaysia - Real - Broad (64 economies),1996-07,145.04,A,F,
M,R,B,MY,882,,A,Malaysia - Real - Broad (64 economies),1996-08,143.83,A,F,
M,R,B,MY,882,,A,Malaysia - Real - Broad (64 economies),1996-09,144.31,A,F,
M,R,B,MY,882,,A,Malaysia - Real - Broad (64 economies),1996-10,144.59,A,F,
M,R,B,MY,882,,A,Malaysia - Real - Broad (64 economies),1996-11,143.33,A,F,
M,R,B,MY,882,,A,Malaysia - Real - Broad (64 economies),1996-12,144.46,A,F,
M,R,B,MY,882,,A,Malaysia - Real - Broad (64 economies),1997-01,148.72,A,F,
M,R,B,MY,882,,A,Malaysia - Real - Broad (64 economies),1997-02,152.06,A,F,
M,R,B,MY,882,,A,Malaysia - Real - Broad (64 economies),1997-03,153.15,A,F,
M,R,B,MY,882,,A,Malaysia - Real - Broad (64 economies),1997-04,151.42,A,F,
M,R,B,MY,882,,A,Malaysia - Real - Broad (64 economies),1997-05,149.68,A,F,
M,R,B,MY,882,,A,Malaysia - Real - Broad (64 economies),1997-06,147.51,A,F,
M,R,B,MY,882,,A,Malaysia - Real - Broad (64 economies),1997-07,146.16,A,F,
M,R,B,MY,882,,A,Malaysia - Real - Broad (64 economies),1997-08,139.58,A,F,
M,R,B,MY,882,,A,Malaysia - Real - Broad (64 economies),1997-09,128.23,A,F,
M,R,B,MY,882,,A,Malaysia - Real - Broad (64 economies),1997-10,119.02,A,F,
M,R,B,MY,882,,A,Malaysia - Real - Broad (64 economies),1997-11,118.27,A,F,
M,R,B,MY,882,,A,Malaysia - Real - Broad (64 economies),1997-12,110.89,A,F,
M,R,B,MY,882,,A,Malaysia - Real - Broad (64 economies),1998-01,99.51,A,F,
M,R,B,MY,882,,A,Malaysia - Real - Broad (64 economies),1998-02,113.6,A,F,
M,R,B,MY,882,,A,Malaysia - Real - Broad (64 economies),1998-03,115.69,A,F,
M,R,B,MY,882,,A,Malaysia - Real - Broad (64 economies),1998-04,115.31,A,F,
M,R,B,MY,882,,A,Malaysia - Real - Broad (64 economies),1998-05,114.09,A,F,
M,R,B,MY,882,,A,Malaysia - Real - Broad (64 economies),1998-06,112.36,A,F,
M,R,B,MY,882,,A,Malaysia - Real - Broad (64 economies),1998-07,107.79,A,F,
M,R,B,MY,882,,A,Malaysia - Real - Broad (64 economies),1998-08,107.85,A,F,
M,R,B,MY,882,,A,Malaysia - Real - Broad (64 economies),1998-09,116.06,A,F,
M,R,B,MY,882,,A,Malaysia - Real - Broad (64 economies),1998-10,111.01,A,F,
M,R,B,MY,882,,A,Malaysia - Real - Broad (64 economies),1998-11,111.47,A,F,
M,R,B,MY,882,,A,Malaysia - Real - Broad (64 economies),1998-12,110.84,A,F,
M,R,B,MY,882,,A,Malaysia - Real - Broad (64 economies),1999-01,111.62,A,F,
M,R,B,MY,882,,A,Malaysia - Real - Broad (64 economies),1999-02,113.27,A,F,
M,R,B,MY,882,,A,Malaysia - Real - Broad (64 economies),1999-03,114.78,A,F,
M,R,B,MY,882,,A,Malaysia - Real - Broad (64 economies),1999-04,114.14,A,F,
M,R,B,MY,882,,A,Malaysia - Real - Broad (64 economies),1999-05,114.68,A,F,
M,R,B,MY,882,,A,Malaysia - Real - Broad (64 economies),1999-06,114.54,A,F,
M,R,B,MY,882,,A,Malaysia - Real - Broad (64 economies),1999-07,114.37,A,F,
M,R,B,MY,882,,A,Malaysia - Real - Broad (64 economies),1999-08,112.59,A,F,
M,R,B,MY,882,,A,Malaysia - Real - Broad (64 economies),1999-09,111.65,A,F,
M,R,B,MY,882,,A,Malaysia - Real - Broad (64 economies),1999-10,110.54,A,F,
M,R,B,MY,882,,A,Malaysia - Real - Broad (64 economies),1999-11,110.99,A,F,
M,R,B,MY,882,,A,Malaysia - Real - Broad (64 economies),1999-12,111.88,A,F,
M,R,B,MY,882,,A,Malaysia - Real - Broad (64 economies),2000-01,111.72,A,F,
M,R,B,MY,882,,A,Malaysia - Real - Broad (64 economies),2000-02,113.26,A,F,
M,R,B,MY,882,,A,Malaysia - Real - Broad (64 economies),2000-03,112.86,A,F,
M,R,B,MY,882,,A,Malaysia - Real - Broad (64 economies),2000-04,112.86,A,F,
M,R,B,MY,882,,A,Malaysia - Real - Broad (64 economies),2000-05,115.09,A,F,
M,R,B,MY,882,,A,Malaysia - Real - Broad (64 economies),2000-06,113.73,A,F,
M,R,B,MY,882,,A,Malaysia - Real - Broad (64 economies),2000-07,114.65,A,F,
M,R,B,MY,882,,A,Malaysia - Real - Broad (64 economies),2000-08,114.87,A,F,
M,R,B,MY,882,,A,Malaysia - Real - Broad (64 economies),2000-09,115.32,A,F,
M,R,B,MY,882,,A,Malaysia - Real - Broad (64 economies),2000-10,116.8,A,F,
M,R,B,MY,882,,A,Malaysia - Real - Broad (64 economies),2000-11,117.61,A,F,
M,R,B,MY,882,,A,Malaysia - Real - Broad (64 economies),2000-12,117.82,A,F,
M,R,B,MY,882,,A,Malaysia - Real - Broad (64 economies),2001-01,118.25,A,F,
M,R,B,MY,882,,A,Malaysia - Real - Broad (64 economies),2001-02,118.55,A,F,
M,R,B,MY,882,,A,Malaysia - Real - Broad (64 economies),2001-03,120.4,A,F,
M,R,B,MY,882,,A,Malaysia - Real - Broad (64 economies),2001-04,121.81,A,F,
M,R,B,MY,882,,A,Malaysia - Real - Broad (64 economies),2001-05,121.42,A,F,
M,R,B,MY,882,,A,Malaysia - Real - Broad (64 economies),2001-06,122.29,A,F,
M,R,B,MY,882,,A,Malaysia - Real - Broad (64 economies),2001-07,122.93,A,F,
M,R,B,MY,882,,A,Malaysia - Real - Broad (64 economies),2001-08,119.96,A,F,
M,R,B,MY,882,,A,Malaysia - Real - Broad (64 economies),2001-09,119.24,A,F,
M,R,B,MY,882,,A,Malaysia - Real - Broad (64 economies),2001-10,120.57,A,F,
M,R,B,MY,882,,A,Malaysia - Real - Broad (64 economies),2001-11,122.39,A,F,
M,R,B,MY,882,,A,Malaysia - Real - Broad (64 economies),2001-12,123.45,A,F,
M,R,B,MY,882,,A,Malaysia - Real - Broad (64 economies),2002-01,124.75,A,F,
M,R,B,MY,882,,A,Malaysia - Real - Broad (64 economies),2002-02,125.13,A,F,
M,R,B,MY,882,,A,Malaysia - Real - Broad (64 economies),2002-03,125.15,A,F,
M,R,B,MY,882,,A,Malaysia - Real - Broad (64 economies),2002-04,123.99,A,F,
M,R,B,MY,882,,A,Malaysia - Real - Broad (64 economies),2002-05,121.91,A,F,
M,R,B,MY,882,,A,Malaysia - Real - Broad (64 economies),2002-06,120.31,A,F,
M,R,B,MY,882,,A,Malaysia - Real - Broad (64 economies),2002-07,118.38,A,F,
M,R,B,MY,882,,A,Malaysia - Real - Broad (64 economies),2002-08,118.88,A,F,
M,R,B,MY,882,,A,Malaysia - Real - Broad (64 economies),2002-09,119.33,A,F,
M,R,B,MY,882,,A,Malaysia - Real - Broad (64 economies),2002-10,120.08,A,F,
M,R,B,MY,882,,A,Malaysia - Real - Broad (64 economies),2002-11,118.99,A,F,
M,R,B,MY,882,,A,Malaysia - Real - Broad (64 economies),2002-12,118.58,A,F,
M,R,B,MY,882,,A,Malaysia - Real - Broad (64 economies),2003-01,116.78,A,F,
M,R,B,MY,882,,A,Malaysia - Real - Broad (64 economies),2003-02,116.81,A,F,
M,R,B,MY,882,,A,Malaysia - Real - Broad (64 economies),2003-03,116.25,A,F,
M,R,B,MY,882,,A,Malaysia - Real - Broad (64 economies),2003-04,116.45,A,F,
M,R,B,MY,882,,A,Malaysia - Real - Broad (64 economies),2003-05,114.16,A,F,
M,R,B,MY,882,,A,Malaysia - Real - Broad (64 economies),2003-06,114.09,A,F,
M,R,B,MY,882,,A,Malaysia - Real - Broad (64 economies),2003-07,114.91,A,F,
M,R,B,MY,882,,A,Malaysia - Real - Broad (64 economies),2003-08,115.16,A,F,
M,R,B,MY,882,,A,Malaysia - Real - Broad (64 economies),2003-09,113.84,A,F,
M,R,B,MY,882,,A,Malaysia - Real - Broad (64 economies),2003-10,111.78,A,F,
M,R,B,MY,882,,A,Malaysia - Real - Broad (64 economies),2003-11,111.87,A,F,
M,R,B,MY,882,,A,Malaysia - Real - Broad (64 economies),2003-12,110.64,A,F,
M,R,B,MY,882,,A,Malaysia - Real - Broad (64 economies),2004-01,109.1,A,F,
M,R,B,MY,882,,A,Malaysia - Real - Broad (64 economies),2004-02,108.6,A,F,
M,R,B,MY,882,,A,Malaysia - Real - Broad (64 economies),2004-03,109.3,A,F,
M,R,B,MY,882,,A,Malaysia - Real - Broad (64 economies),2004-04,109.2,A,F,
M,R,B,MY,882,,A,Malaysia - Real - Broad (64 economies),2004-05,110.7,A,F,
M,R,B,MY,882,,A,Malaysia - Real - Broad (64 economies),2004-06,110.16,A,F,
M,R,B,MY,882,,A,Malaysia - Real - Broad (64 economies),2004-07,109.93,A,F,
M,R,B,MY,882,,A,Malaysia - Real - Broad (64 economies),2004-08,110.26,A,F,
M,R,B,MY,882,,A,Malaysia - Real - Broad (64 economies),2004-09,109.99,A,F,
M,R,B,MY,882,,A,Malaysia - Real - Broad (64 economies),2004-10,109.35,A,F,
M,R,B,MY,882,,A,Malaysia - Real - Broad (64 economies),2004-11,107.35,A,F,
M,R,B,MY,882,,A,Malaysia - Real - Broad (64 economies),2004-12,106.31,A,F,
M,R,B,MY,882,,A,Malaysia - Real - Broad (64 economies),2005-01,106.82,A,F,
M,R,B,MY,882,,A,Malaysia - Real - Broad (64 economies),2005-02,106.42,A,F,
M,R,B,MY,882,,A,Malaysia - Real - Broad (64 economies),2005-03,105.71,A,F,
M,R,B,MY,882,,A,Malaysia - Real - Broad (64 economies),2005-04,106.64,A,F,
M,R,B,MY,882,,A,Malaysia - Real - Broad (64 economies),2005-05,107.65,A,F,
M,R,B,MY,882,,A,Malaysia - Real - Broad (64 economies),2005-06,109.35,A,F,
M,R,B,MY,882,,A,Malaysia - Real - Broad (64 economies),2005-07,110.35,A,F,
M,R,B,MY,882,,A,Malaysia - Real - Broad (64 economies),2005-08,110.46,A,F,
M,R,B,MY,882,,A,Malaysia - Real - Broad (64 economies),2005-09,110.21,A,F,
M,R,B,MY,882,,A,Malaysia - Real - Broad (64 economies),2005-10,111.1,A,F,
M,R,B,MY,882,,A,Malaysia - Real - Broad (64 economies),2005-11,112.5,A,F,
M,R,B,MY,882,,A,Malaysia - Real - Broad (64 economies),2005-12,111.99,A,F,
M,R,B,MY,882,,A,Malaysia - Real - Broad (64 economies),2006-01,110.81,A,F,
M,R,B,MY,882,,A,Malaysia - Real - Broad (64 economies),2006-02,111.81,A,F,
M,R,B,MY,882,,A,Malaysia - Real - Broad (64 economies),2006-03,113.79,A,F,
M,R,B,MY,882,,A,Malaysia - Real - Broad (64 economies),2006-04,113.5,A,F,
M,R,B,MY,882,,A,Malaysia - Real - Broad (64 economies),2006-05,113.1,A,F,
M,R,B,MY,882,,A,Malaysia - Real - Broad (64 economies),2006-06,112.99,A,F,
M,R,B,MY,882,,A,Malaysia - Real - Broad (64 economies),2006-07,112.66,A,F,
M,R,B,MY,882,,A,Malaysia - Real - Broad (64 economies),2006-08,111.66,A,F,
M,R,B,MY,882,,A,Malaysia - Real - Broad (64 economies),2006-09,112.2,A,F,
M,R,B,MY,882,,A,Malaysia - Real - Broad (64 economies),2006-10,112.34,A,F,
M,R,B,MY,882,,A,Malaysia - Real - Broad (64 economies),2006-11,112.57,A,F,
M,R,B,MY,882,,A,Malaysia - Real - Broad (64 economies),2006-12,114.26,A,F,
M,R,B,MY,882,,A,Malaysia - Real - Broad (64 economies),2007-01,117.01,A,F,
M,R,B,MY,882,,A,Malaysia - Real - Broad (64 economies),2007-02,116.52,A,F,
M,R,B,MY,882,,A,Malaysia - Real - Broad (64 economies),2007-03,115.4,A,F,
M,R,B,MY,882,,A,Malaysia - Real - Broad (64 economies),2007-04,115.9,A,F,
M,R,B,MY,882,,A,Malaysia - Real - Broad (64 economies),2007-05,116.76,A,F,
M,R,B,MY,882,,A,Malaysia - Real - Broad (64 economies),2007-06,115.59,A,F,
M,R,B,MY,882,,A,Malaysia - Real - Broad (64 economies),2007-07,114.36,A,F,
M,R,B,MY,882,,A,Malaysia - Real - Broad (64 economies),2007-08,113.03,A,F,
M,R,B,MY,882,,A,Malaysia - Real - Broad (64 economies),2007-09,112.29,A,F,
M,R,B,MY,882,,A,Malaysia - Real - Broad (64 economies),2007-10,113.54,A,F,
M,R,B,MY,882,,A,Malaysia - Real - Broad (64 economies),2007-11,112.75,A,F,
M,R,B,MY,882,,A,Malaysia - Real - Broad (64 economies),2007-12,113.84,A,F,
M,R,B,MY,882,,A,Malaysia - Real - Broad (64 economies),2008-01,114.92,A,F,
M,R,B,MY,882,,A,Malaysia - Real - Broad (64 economies),2008-02,115.22,A,F,
M,R,B,MY,882,,A,Malaysia - Real - Broad (64 economies),2008-03,113.95,A,F,
M,R,B,MY,882,,A,Malaysia - Real - Broad (64 economies),2008-04,114.09,A,F,
M,R,B,MY,882,,A,Malaysia - Real - Broad (64 economies),2008-05,113.27,A,F,
M,R,B,MY,882,,A,Malaysia - Real - Broad (64 economies),2008-06,116.1,A,F,
M,R,B,MY,882,,A,Malaysia - Real - Broad (64 economies),2008-07,116.45,A,F,
M,R,B,MY,882,,A,Malaysia - Real - Broad (64 economies),2008-08,116.5,A,F,
M,R,B,MY,882,,A,Malaysia - Real - Broad (64 economies),2008-09,114.29,A,F,
M,R,B,MY,882,,A,Malaysia - Real - Broad (64 economies),2008-10,114.72,A,F,
M,R,B,MY,882,,A,Malaysia - Real - Broad (64 economies),2008-11,114.14,A,F,
M,R,B,MY,882,,A,Malaysia - Real - Broad (64 economies),2008-12,112.91,A,F,
M,R,B,MY,882,,A,Malaysia - Real - Broad (64 economies),2009-01,112.34,A,F,
M,R,B,MY,882,,A,Malaysia - Real - Broad (64 economies),2009-02,112.69,A,F,
M,R,B,MY,882,,A,Malaysia - Real - Broad (64 economies),2009-03,111.91,A,F,
M,R,B,MY,882,,A,Malaysia - Real - Broad (64 economies),2009-04,111.96,A,F,
M,R,B,MY,882,,A,Malaysia - Real - Broad (64 economies),2009-05,112.15,A,F,
M,R,B,MY,882,,A,Malaysia - Real - Broad (64 economies),2009-06,111.35,A,F,
M,R,B,MY,882,,A,Malaysia - Real - Broad (64 economies),2009-07,110.06,A,F,
M,R,B,MY,882,,A,Malaysia - Real - Broad (64 economies),2009-08,110.04,A,F,
M,R,B,MY,882,,A,Malaysia - Real - Broad (64 economies),2009-09,109.67,A,F,
M,R,B,MY,882,,A,Malaysia - Real - Broad (64 economies),2009-10,111.16,A,F,
M,R,B,MY,882,,A,Malaysia - Real - Broad (64 economies),2009-11,111.09,A,F,
M,R,B,MY,882,,A,Malaysia - Real - Broad (64 economies),2009-12,111.03,A,F,
M,R,B,MY,882,,A,Malaysia - Real - Broad (64 economies),2010-01,112.5,A,F,
M,R,B,MY,882,,A,Malaysia - Real - Broad (64 economies),2010-02,111.75,A,F,
M,R,B,MY,882,,A,Malaysia - Real - Broad (64 economies),2010-03,114.31,A,F,
M,R,B,MY,882,,A,Malaysia - Real - Broad (64 economies),2010-04,118.13,A,F,
M,R,B,MY,882,,A,Malaysia - Real - Broad (64 economies),2010-05,118.4,A,F,
M,R,B,MY,882,,A,Malaysia - Real - Broad (64 economies),2010-06,119.05,A,F,
M,R,B,MY,882,,A,Malaysia - Real - Broad (64 economies),2010-07,119.36,A,F,
M,R,B,MY,882,,A,Malaysia - Real - Broad (64 economies),2010-08,120.06,A,F,
M,R,B,MY,882,,A,Malaysia - Real - Broad (64 economies),2010-09,120.4,A,F,
M,R,B,MY,882,,A,Malaysia - Real - Broad (64 economies),2010-10,117.36,A,F,
M,R,B,MY,882,,A,Malaysia - Real - Broad (64 economies),2010-11,116.94,A,F,
M,R,B,MY,882,,A,Malaysia - Real - Broad (64 economies),2010-12,117.67,A,F,
M,R,B,MY,882,,A,Malaysia - Real - Broad (64 economies),2011-01,119.36,A,F,
M,R,B,MY,882,,A,Malaysia - Real - Broad (64 economies),2011-02,119.34,A,F,
M,R,B,MY,882,,A,Malaysia - Real - Broad (64 economies),2011-03,118.49,A,F,
M,R,B,MY,882,,A,Malaysia - Real - Broad (64 economies),2011-04,117.84,A,F,
M,R,B,MY,882,,A,Malaysia - Real - Broad (64 economies),2011-05,117.25,A,F,
M,R,B,MY,882,,A,Malaysia - Real - Broad (64 economies),2011-06,116.81,A,F,
M,R,B,MY,882,,A,Malaysia - Real - Broad (64 economies),2011-07,117.49,A,F,
M,R,B,MY,882,,A,Malaysia - Real - Broad (64 economies),2011-08,117.19,A,F,
M,R,B,MY,882,,A,Malaysia - Real - Broad (64 economies),2011-09,115.56,A,F,
M,R,B,MY,882,,A,Malaysia - Real - Broad (64 economies),2011-10,114.52,A,F,
M,R,B,MY,882,,A,Malaysia - Real - Broad (64 economies),2011-11,114.4,A,F,
M,R,B,MY,882,,A,Malaysia - Real - Broad (64 economies),2011-12,115,A,F,
M,R,B,MY,882,,A,Malaysia - Real - Broad (64 economies),2012-01,116.33,A,F,
M,R,B,MY,882,,A,Malaysia - Real - Broad (64 economies),2012-02,118.25,A,F,
M,R,B,MY,882,,A,Malaysia - Real - Broad (64 economies),2012-03,117.76,A,F,
M,R,B,MY,882,,A,Malaysia - Real - Broad (64 economies),2012-04,116.89,A,F,
M,R,B,MY,882,,A,Malaysia - Real - Broad (64 economies),2012-05,116.6,A,F,
M,R,B,MY,882,,A,Malaysia - Real - Broad (64 economies),2012-06,115.09,A,F,
M,R,B,MY,882,,A,Malaysia - Real - Broad (64 economies),2012-07,115.41,A,F,
M,R,B,MY,882,,A,Malaysia - Real - Broad (64 economies),2012-08,116.38,A,F,
M,R,B,MY,882,,A,Malaysia - Real - Broad (64 economies),2012-09,116.18,A,F,
M,R,B,MY,882,,A,Malaysia - Real - Broad (64 economies),2012-10,116.78,A,F,
M,R,B,MY,882,,A,Malaysia - Real - Broad (64 economies),2012-11,117.37,A,F,
M,R,B,MY,882,,A,Malaysia - Real - Broad (64 economies),2012-12,116.94,A,F,
M,R,B,MY,882,,A,Malaysia - Real - Broad (64 economies),2013-01,118.26,A,F,
M,R,B,MY,882,,A,Malaysia - Real - Broad (64 economies),2013-02,116.42,A,F,
M,R,B,MY,882,,A,Malaysia - Real - Broad (64 economies),2013-03,117.18,A,F,
M,R,B,MY,882,,A,Malaysia - Real - Broad (64 economies),2013-04,119.82,A,F,
M,R,B,MY,882,,A,Malaysia - Real - Broad (64 economies),2013-05,122,A,F,
M,R,B,MY,882,,A,Malaysia - Real - Broad (64 economies),2013-06,117.15,A,F,
M,R,B,MY,882,,A,Malaysia - Real - Broad (64 economies),2013-07,116.31,A,F,
M,R,B,MY,882,,A,Malaysia - Real - Broad (64 economies),2013-08,112.87,A,F,
M,R,B,MY,882,,A,Malaysia - Real - Broad (64 economies),2013-09,114.17,A,F,
M,R,B,MY,882,,A,Malaysia - Real - Broad (64 economies),2013-10,116.01,A,F,
M,R,B,MY,882,,A,Malaysia - Real - Broad (64 economies),2013-11,116.26,A,F,
M,R,B,MY,882,,A,Malaysia - Real - Broad (64 economies),2013-12,115.14,A,F,
M,R,B,MY,882,,A,Malaysia - Real - Broad (64 economies),2014-01,114.32,A,F,
M,R,B,MY,882,,A,Malaysia - Real - Broad (64 economies),2014-02,113.92,A,F,
M,R,B,MY,882,,A,Malaysia - Real - Broad (64 economies),2014-03,114.75,A,F,
M,R,B,MY,882,,A,Malaysia - Real - Broad (64 economies),2014-04,115.16,A,F,
M,R,B,MY,882,,A,Malaysia - Real - Broad (64 economies),2014-05,115.81,A,F,
M,R,B,MY,882,,A,Malaysia - Real - Broad (64 economies),2014-06,116.57,A,F,
M,R,B,MY,882,,A,Malaysia - Real - Broad (64 economies),2014-07,117.65,A,F,
M,R,B,MY,882,,A,Malaysia - Real - Broad (64 economies),2014-08,118.41,A,F,
M,R,B,MY,882,,A,Malaysia - Real - Broad (64 economies),2014-09,118.29,A,F,
M,R,B,MY,882,,A,Malaysia - Real - Broad (64 economies),2014-10,118.12,A,F,
M,R,B,MY,882,,A,Malaysia - Real - Broad (64 economies),2014-11,118,A,F,
M,R,B,MY,882,,A,Malaysia - Real - Broad (64 economies),2014-12,114.94,A,F,
M,R,B,MY,882,,A,Malaysia - Real - Broad (64 economies),2015-01,112.11,A,F,
M,R,B,MY,882,,A,Malaysia - Real - Broad (64 economies),2015-02,111.18,A,F,
M,R,B,MY,882,,A,Malaysia - Real - Broad (64 economies),2015-03,110.69,A,F,
M,R,B,MY,882,,A,Malaysia - Real - Broad (64 economies),2015-04,112.45,A,F,
M,R,B,MY,882,,A,Malaysia - Real - Broad (64 economies),2015-05,112.97,A,F,
M,R,B,MY,882,,A,Malaysia - Real - Broad (64 economies),2015-06,110.03,A,F,
M,R,B,MY,882,,A,Malaysia - Real - Broad (64 economies),2015-07,110.01,A,F,
M,R,B,MY,882,,A,Malaysia - Real - Broad (64 economies),2015-08,104.19,A,F,
M,R,B,MY,882,,A,Malaysia - Real - Broad (64 economies),2015-09,98.52,A,F,
M,R,B,MY,882,,A,Malaysia - Real - Broad (64 economies),2015-10,99.34,A,F,
M,R,B,MY,882,,A,Malaysia - Real - Broad (64 economies),2015-11,99.9,A,F,
M,R,B,MY,882,,A,Malaysia - Real - Broad (64 economies),2015-12,100.86,A,F,
M,R,B,MY,882,,A,Malaysia - Real - Broad (64 economies),2016-01,100.44,A,F,
M,R,B,MY,882,,A,Malaysia - Real - Broad (64 economies),2016-02,102.59,A,F,
M,R,B,MY,882,,A,Malaysia - Real - Broad (64 economies),2016-03,103.57,A,F,
M,R,B,MY,882,,A,Malaysia - Real - Broad (64 economies),2016-04,106.94,A,F,
M,R,B,MY,882,,A,Malaysia - Real - Broad (64 economies),2016-05,104.11,A,F,
M,R,B,MY,882,,A,Malaysia - Real - Broad (64 economies),2016-06,103.19,A,F,
M,R,B,MY,882,,A,Malaysia - Real - Broad (64 economies),2016-07,105.22,A,F,
M,R,B,MY,882,,A,Malaysia - Real - Broad (64 economies),2016-08,104.41,A,F,
M,R,B,MY,882,,A,Malaysia - Real - Broad (64 economies),2016-09,101.9,A,F,
M,R,B,MY,882,,A,Malaysia - Real - Broad (64 economies),2016-10,101.54,A,F,
M,R,B,MY,882,,A,Malaysia - Real - Broad (64 economies),2016-11,100.36,A,F,
M,R,B,MY,882,,A,Malaysia - Real - Broad (64 economies),2016-12,99.23,A,F,
M,R,B,MY,882,,A,Malaysia - Real - Broad (64 economies),2017-01,99.71,A,F,
M,R,B,MY,882,,A,Malaysia - Real - Broad (64 economies),2017-02,100.14,A,F,
M,R,B,MY,882,,A,Malaysia - Real - Broad (64 economies),2017-03,99.95,A,F,
M,R,B,MY,882,,A,Malaysia - Real - Broad (64 economies),2017-04,99.78,A,F,
M,R,B,MY,882,,A,Malaysia - Real - Broad (64 economies),2017-05,101.21,A,F,
M,R,B,MY,882,,A,Malaysia - Real - Broad (64 economies),2017-06,101.03,A,F,
M,R,B,MY,882,,A,Malaysia - Real - Broad (64 economies),2017-07,100.23,A,F,
M,R,B,MY,882,,A,Malaysia - Real - Broad (64 economies),2017-08,99.86,A,F,
M,R,B,MY,882,,A,Malaysia - Real - Broad (64 economies),2017-09,100.85,A,F,
M,R,B,MY,882,,A,Malaysia - Real - Broad (64 economies),2017-10,101.2,A,F,
M,R,B,MY,882,,A,Malaysia - Real - Broad (64 economies),2017-11,103.12,A,F,
M,R,B,MY,882,,A,Malaysia - Real - Broad (64 economies),2017-12,104.79,A,F,
M,R,B,MY,882,,A,Malaysia - Real - Broad (64 economies),2018-01,106.2,A,F,
M,R,B,MY,882,,A,Malaysia - Real - Broad (64 economies),2018-02,105.78,A,F,
M,R,B,MY,882,,A,Malaysia - Real - Broad (64 economies),2018-03,105.9,A,F,
M,R,B,MY,882,,A,Malaysia - Real - Broad (64 economies),2018-04,106.45,A,F,
M,R,B,MY,882,,A,Malaysia - Real - Broad (64 economies),2018-05,106.08,A,F,
M,R,B,MY,882,,A,Malaysia - Real - Broad (64 economies),2018-06,104.86,A,F,
M,R,B,MY,882,,A,Malaysia - Real - Broad (64 economies),2018-07,105.26,A,F,
M,R,B,MY,882,,A,Malaysia - Real - Broad (64 economies),2018-08,104.85,A,F,
M,R,B,MY,882,,A,Malaysia - Real - Broad (64 economies),2018-09,103.93,A,F,
M,R,B,MY,882,,A,Malaysia - Real - Broad (64 economies),2018-10,104.21,A,F,
M,R,B,MY,882,,A,Malaysia - Real - Broad (64 economies),2018-11,104.16,A,F,
M,R,B,MY,882,,A,Malaysia - Real - Broad (64 economies),2018-12,104.28,A,F,
M,R,B,MY,882,,A,Malaysia - Real - Broad (64 economies),2019-01,104.1,A,F,
M,R,B,MY,882,,A,Malaysia - Real - Broad (64 economies),2019-02,104.62,A,F,
M,R,B,MY,882,,A,Malaysia - Real - Broad (64 economies),2019-03,104.93,A,F,
M,R,B,MY,882,,A,Malaysia - Real - Broad (64 economies),2019-04,103.84,A,F,
M,R,B,MY,882,,A,Malaysia - Real - Broad (64 economies),2019-05,103.53,A,F,
M,R,B,MY,882,,A,Malaysia - Real - Broad (64 economies),2019-06,103.38,A,F,
M,R,B,MY,882,,A,Malaysia - Real - Broad (64 economies),2019-07,104.08,A,F,
M,R,B,MY,882,,A,Malaysia - Real - Broad (64 economies),2019-08,103.8,A,F,
M,R,B,MY,882,,A,Malaysia - Real - Broad (64 economies),2019-09,103.81,A,F,
M,R,B,MY,882,,A,Malaysia - Real - Broad (64 economies),2019-10,103.19,A,F,
M,R,B,MY,882,,A,Malaysia - Real - Broad (64 economies),2019-11,103.45,A,F,
M,R,B,MY,882,,A,Malaysia - Real - Broad (64 economies),2019-12,103.46,A,F,
M,R,B,MY,882,,A,Malaysia - Real - Broad (64 economies),2020-01,104.4,A,F,
M,R,B,MY,882,,A,Malaysia - Real - Broad (64 economies),2020-02,103.38,A,F,
M,R,B,MY,882,,A,Malaysia - Real - Broad (64 economies),2020-03,100.4,A,F,
M,R,B,MY,882,,A,Malaysia - Real - Broad (64 economies),2020-04,97.88,A,F,
M,R,B,MY,882,,A,Malaysia - Real - Broad (64 economies),2020-05,98.22,A,F,
M,R,B,MY,882,,A,Malaysia - Real - Broad (64 economies),2020-06,99.07,A,F,
M,R,B,MY,882,,A,Malaysia - Real - Broad (64 economies),2020-07,99.02,A,F,
M,R,B,MY,882,,A,Malaysia - Real - Broad (64 economies),2020-08,99.72,A,F,
M,R,B,MY,882,,A,Malaysia - Real - Broad (64 economies),2020-09,100,A,F,
M,R,B,MY,882,,A,Malaysia - Real - Broad (64 economies),2020-10,99.42,A,F,
M,R,B,MY,882,,A,Malaysia - Real - Broad (64 economies),2020-11,99.09,A,F,
M,R,B,MY,882,,A,Malaysia - Real - Broad (64 economies),2020-12,99.42,A,F,
M,R,B,MY,882,,A,Malaysia - Real - Broad (64 economies),2021-01,100.2,A,F,
M,R,B,MY,882,,A,Malaysia - Real - Broad (64 economies),2021-02,99.95,A,F,
M,R,B,MY,882,,A,Malaysia - Real - Broad (64 economies),2021-03,100.06,A,F,
M,R,B,MY,882,,A,Malaysia - Real - Broad (64 economies),2021-04,99.85,A,F,
M,R,B,MY,882,,A,Malaysia - Real - Broad (64 economies),2021-05,98.64,A,F,
M,R,B,MY,882,,A,Malaysia - Real - Broad (64 economies),2021-06,98.59,A,F,
M,R,B,MY,882,,A,Malaysia - Real - Broad (64 economies),2021-07,97.37,A,F,
M,R,B,MY,882,,A,Malaysia - Real - Broad (64 economies),2021-08,96.8,A,F,
M,R,B,MY,882,,A,Malaysia - Real - Broad (64 economies),2021-09,97.77,A,F,
M,R,B,MY,882,,A,Malaysia - Real - Broad (64 economies),2021-10,98.57,A,F,
M,R,B,MY,882,,A,Malaysia - Real - Broad (64 economies),2021-11,98.32,A,F,
M,R,B,MY,882,,A,Malaysia - Real - Broad (64 economies),2021-12,98.1,A,F,
M,R,B,MY,882,,A,Malaysia - Real - Broad (64 economies),2022-01,98.26,A,F,
M,R,B,MY,882,,A,Malaysia - Real - Broad (64 economies),2022-02,97.66,A,F,
M,R,B,MY,882,,A,Malaysia - Real - Broad (64 economies),2022-03,98.29,A,F,
M,R,B,MY,882,,A,Malaysia - Real - Broad (64 economies),2022-04,97.73,A,F,
M,R,B,MY,882,,A,Malaysia - Real - Broad (64 economies),2022-05,97.51,A,F,
M,R,B,MY,882,,A,Malaysia - Real - Broad (64 economies),2022-06,97.63,A,F,
M,R,B,MY,882,,A,Malaysia - Real - Broad (64 economies),2022-07,98.27,A,F,
M,R,B,MY,882,,A,Malaysia - Real - Broad (64 economies),2022-08,97.78,A,F,
M,R,B,MY,882,,A,Malaysia - Real - Broad (64 economies),2022-09,98.48,A,F,
M,R,B,MY,882,,A,Malaysia - Real - Broad (64 economies),2022-10,97.03,A,F,
M,R,B,MY,882,,A,Malaysia - Real - Broad (64 economies),2022-11,97.08,A,F,
M,R,B,MY,882,,A,Malaysia - Real - Broad (64 economies),2022-12,98.7,A,F,
M,R,B,MY,882,,A,Malaysia - Real - Broad (64 economies),2023-01,98.42,A,F,
M,R,B,MY,882,,A,Malaysia - Real - Broad (64 economies),2023-02,98.07,A,F,
M,R,B,MY,882,,A,Malaysia - Real - Broad (64 economies),2023-03,96.45,A,F,
M,R,B,MY,882,,A,Malaysia - Real - Broad (64 economies),2023-04,96.74,A,F,
M,R,B,MY,882,,A,Malaysia - Real - Broad (64 economies),2023-05,95.61,A,F,
M,R,B,MY,882,,A,Malaysia - Real - Broad (64 economies),2023-06,94.26,A,F,
M,R,B,MY,882,,A,Malaysia - Real - Broad (64 economies),2023-07,94.68,A,F,
M,R,B,MY,882,,A,Malaysia - Real - Broad (64 economies),2023-08,95.22,A,F,
M,R,B,MY,882,,A,Malaysia - Real - Broad (64 economies),2023-09,94.57,A,F,
M,R,B,MY,882,,A,Malaysia - Real - Broad (64 economies),2023-10,93.9,A,F,
M,R,B,MY,882,,A,Malaysia - Real - Broad (64 economies),2023-11,94.03,A,F,
M,R,B,MY,882,,A,Malaysia - Real - Broad (64 economies),2023-12,93.42,A,F,
M,R,B,MY,882,,A,Malaysia - Real - Broad (64 economies),2024-01,93.45,A,F,
M,R,B,MY,882,,A,Malaysia - Real - Broad (64 economies),2024-02,92.21,A,F,
M,R,B,MY,882,,A,Malaysia - Real - Broad (64 economies),2024-03,93.46,A,F,
M,R,B,MY,882,,A,Malaysia - Real - Broad (64 economies),2024-04,93.65,A,F,
M,R,B,MY,882,,A,Malaysia - Real - Broad (64 economies),2024-05,94.61,A,F,
M,R,B,MY,882,,A,Malaysia - Real - Broad (64 economies),2024-06,95.18,A,F,
M,R,B,MY,882,,A,Malaysia - Real - Broad (64 economies),2024-07,95.48,A,F,
M,R,B,MY,882,,A,Malaysia - Real - Broad (64 economies),2024-08,98.89,A,F,
M,R,B,MY,882,,A,Malaysia - Real - Broad (64 economies),2024-09,101.06,A,F,
M,R,B,MY,882,,A,Malaysia - Real - Broad (64 economies),2024-10,101.43,A,F,
M,R,B,MY,882,,A,Malaysia - Real - Broad (64 economies),2024-11,100.12,A,F,
M,R,B,MY,882,,A,Malaysia - Real - Broad (64 economies),2024-12,100.27,A,F,
M,R,B,MY,882,,A,Malaysia - Real - Broad (64 economies),2025-01,100.9,A,F,
M,R,B,MY,882,,A,Malaysia - Real - Broad (64 economies),2025-02,100.76,A,F,
M,R,B,MY,882,,A,Malaysia - Real - Broad (64 economies),2025-03,100.08,A,F,
M,R,B,MY,882,,A,Malaysia - Real - Broad (64 economies),2025-04,99.73,A,F,
M,R,B,MY,882,,A,Malaysia - Real - Broad (64 economies),2025-05,101.47,A,F,
M,R,B,MY,882,,A,Malaysia - Real - Broad (64 economies),2025-06,101.07,A,F,
M,R,B,MY,882,,A,Malaysia - Real - Broad (64 economies),2025-07,100.96,A,F,
M,R,B,MY,882,,A,Malaysia - Real - Broad (64 economies),2025-08,101.63,A,F,
M,R,B,MY,882,,A,Malaysia - Real - Broad (64 economies),2025-09,101.81,A,F,
M,R,B,MY,882,,A,Malaysia - Real - Broad (64 economies),2025-10,102.17,A,F,
M,R,B,MY,882,,A,Malaysia - Real - Broad (64 economies),2025-11,104.32,A,F,
M,R,B,MY,882,,A,Malaysia - Real - Broad (64 economies),2025-12,105.42,A,F,
M,R,B,MY,882,,A,Malaysia - Real - Broad (64 economies),2026-01,106.93,A,F,
M,R,B,MY,882,,A,Malaysia - Real - Broad (64 economies),2026-02,108.81,A,F,
M,R,B,MY,882,,A,Malaysia - Real - Broad (64 economies),2026-03,109.13,A,F,
M,R,B,MY,882,,A,Malaysia - Real - Broad (64 economies),2026-04,107.91,A,F,
M,R,B,MY,882,,A,Malaysia - Real - Broad (64 economies),2026-05,108.37,A,F,
M,R,B,MY,882,,A,Malaysia - Real - Broad (64 economies),2026-06,105.93,A,F,
M,R,B,MY,882,,A,Malaysia - Real - Broad (64 economies),2026-07,106,A,F,
M,R,B,MY,882,,A,Malaysia - Real - Broad (64 economies),2026-08,105.04,A,F,
M,R,B,SG,882,,A,Singapore - Real - Broad (64 economies),1994-01,95.35,A,F,
M,R,B,SG,882,,A,Singapore - Real - Broad (64 economies),1994-02,95.31,A,F,
M,R,B,SG,882,,A,Singapore - Real - Broad (64 economies),1994-03,94.19,A,F,
M,R,B,SG,882,,A,Singapore - Real - Broad (64 economies),1994-04,95.4,A,F,
M,R,B,SG,882,,A,Singapore - Real - Broad (64 economies),1994-05,95.99,A,F,
M,R,B,SG,882,,A,Singapore - Real - Broad (64 economies),1994-06,96.67,A,F,
M,R,B,SG,882,,A,Singapore - Real - Broad (64 economies),1994-07,96.33,A,F,
M,R,B,SG,882,,A,Singapore - Real - Broad (64 economies),1994-08,96.49,A,F,
M,R,B,SG,882,,A,Singapore - Real - Broad (64 economies),1994-09,96.58,A,F,
M,R,B,SG,882,,A,Singapore - Real - Broad (64 economies),1994-10,97.05,A,F,
M,R,B,SG,882,,A,Singapore - Real - Broad (64 economies),1994-11,97.87,A,F,
M,R,B,SG,882,,A,Singapore - Real - Broad (64 economies),1994-12,98.56,A,F,
M,R,B,SG,882,,A,Singapore - Real - Broad (64 economies),1995-01,98.76,A,F,
M,R,B,SG,882,,A,Singapore - Real - Broad (64 economies),1995-02,97.96,A,F,
M,R,B,SG,882,,A,Singapore - Real - Broad (64 economies),1995-03,97.19,A,F,
M,R,B,SG,882,,A,Singapore - Real - Broad (64 economies),1995-04,96.34,A,F,
M,R,B,SG,882,,A,Singapore - Real - Broad (64 economies),1995-05,97.02,A,F,
M,R,B,SG,882,,A,Singapore - Real - Broad (64 economies),1995-06,96.61,A,F,
M,R,B,SG,882,,A,Singapore - Real - Broad (64 economies),1995-07,96.82,A,F,
M,R,B,SG,882,,A,Singapore - Real - Broad (64 economies),1995-08,98.17,A,F,
M,R,B,SG,882,,A,Singapore - Real - Broad (64 economies),1995-09,97.83,A,F,
M,R,B,SG,882,,A,Singapore - Real - Broad (64 economies),1995-10,98.14,A,F,
M,R,B,SG,882,,A,Singapore - Real - Broad (64 economies),1995-11,99.42,A,F,
M,R,B,SG,882,,A,Singapore - Real - Broad (64 economies),1995-12,99.11,A,F,
M,R,B,SG,882,,A,Singapore - Real - Broad (64 economies),1996-01,99.47,A,F,
M,R,B,SG,882,,A,Singapore - Real - Broad (64 economies),1996-02,100.54,A,F,
M,R,B,SG,882,,A,Singapore - Real - Broad (64 economies),1996-03,100.04,A,F,
M,R,B,SG,882,,A,Singapore - Real - Broad (64 economies),1996-04,99.91,A,F,
M,R,B,SG,882,,A,Singapore - Real - Broad (64 economies),1996-05,100.29,A,F,
M,R,B,SG,882,,A,Singapore - Real - Broad (64 economies),1996-06,100.73,A,F,
M,R,B,SG,882,,A,Singapore - Real - Broad (64 economies),1996-07,100.11,A,F,
M,R,B,SG,882,,A,Singapore - Real - Broad (64 economies),1996-08,99.78,A,F,
M,R,B,SG,882,,A,Singapore - Real - Broad (64 economies),1996-09,100.27,A,F,
M,R,B,SG,882,,A,Singapore - Real - Broad (64 economies),1996-10,100.43,A,F,
M,R,B,SG,882,,A,Singapore - Real - Broad (64 economies),1996-11,101,A,F,
M,R,B,SG,882,,A,Singapore - Real - Broad (64 economies),1996-12,101.96,A,F,
M,R,B,SG,882,,A,Singapore - Real - Broad (64 economies),1997-01,102.53,A,F,
M,R,B,SG,882,,A,Singapore - Real - Broad (64 economies),1997-02,103.43,A,F,
M,R,B,SG,882,,A,Singapore - Real - Broad (64 economies),1997-03,101.84,A,F,
M,R,B,SG,882,,A,Singapore - Real - Broad (64 economies),1997-04,102.17,A,F,
M,R,B,SG,882,,A,Singapore - Real - Broad (64 economies),1997-05,101.48,A,F,
M,R,B,SG,882,,A,Singapore - Real - Broad (64 economies),1997-06,101.63,A,F,
M,R,B,SG,882,,A,Singapore - Real - Broad (64 economies),1997-07,102.22,A,F,
M,R,B,SG,882,,A,Singapore - Real - Broad (64 economies),1997-08,101.65,A,F,
M,R,B,SG,882,,A,Singapore - Real - Broad (64 economies),1997-09,102.04,A,F,
M,R,B,SG,882,,A,Singapore - Real - Broad (64 economies),1997-10,100.74,A,F,
M,R,B,SG,882,,A,Singapore - Real - Broad (64 economies),1997-11,100.78,A,F,
M,R,B,SG,882,,A,Singapore - Real - Broad (64 economies),1997-12,101.78,A,F,
M,R,B,SG,882,,A,Singapore - Real - Broad (64 economies),1998-01,100.79,A,F,
M,R,B,SG,882,,A,Singapore - Real - Broad (64 economies),1998-02,102.49,A,F,
M,R,B,SG,882,,A,Singapore - Real - Broad (64 economies),1998-03,103.04,A,F,
M,R,B,SG,882,,A,Singapore - Real - Broad (64 economies),1998-04,103.32,A,F,
M,R,B,SG,882,,A,Singapore - Real - Broad (64 economies),1998-05,101.58,A,F,
M,R,B,SG,882,,A,Singapore - Real - Broad (64 economies),1998-06,100.69,A,F,
M,R,B,SG,882,,A,Singapore - Real - Broad (64 economies),1998-07,100.25,A,F,
M,R,B,SG,882,,A,Singapore - Real - Broad (64 economies),1998-08,97.68,A,F,
M,R,B,SG,882,,A,Singapore - Real - Broad (64 economies),1998-09,95.95,A,F,
M,R,B,SG,882,,A,Singapore - Real - Broad (64 economies),1998-10,96.81,A,F,
M,R,B,SG,882,,A,Singapore - Real - Broad (64 economies),1998-11,96.49,A,F,
M,R,B,SG,882,,A,Singapore - Real - Broad (64 economies),1998-12,94.76,A,F,
M,R,B,SG,882,,A,Singapore - Real - Broad (64 economies),1999-01,92.99,A,F,
M,R,B,SG,882,,A,Singapore - Real - Broad (64 economies),1999-02,93.1,A,F,
M,R,B,SG,882,,A,Singapore - Real - Broad (64 economies),1999-03,92.44,A,F,
M,R,B,SG,882,,A,Singapore - Real - Broad (64 economies),1999-04,93.18,A,F,
M,R,B,SG,882,,A,Singapore - Real - Broad (64 economies),1999-05,93.41,A,F,
M,R,B,SG,882,,A,Singapore - Real - Broad (64 economies),1999-06,93.4,A,F,
M,R,B,SG,882,,A,Singapore - Real - Broad (64 economies),1999-07,94.17,A,F,
M,R,B,SG,882,,A,Singapore - Real - Broad (64 economies),1999-08,94.23,A,F,
M,R,B,SG,882,,A,Singapore - Real - Broad (64 economies),1999-09,92.59,A,F,
M,R,B,SG,882,,A,Singapore - Real - Broad (64 economies),1999-10,92.74,A,F,
M,R,B,SG,882,,A,Singapore - Real - Broad (64 economies),1999-11,93.13,A,F,
M,R,B,SG,882,,A,Singapore - Real - Broad (64 economies),1999-12,92.69,A,F,
M,R,B,SG,882,,A,Singapore - Real - Broad (64 economies),2000-01,92.97,A,F,
M,R,B,SG,882,,A,Singapore - Real - Broad (64 economies),2000-02,92.85,A,F,
M,R,B,SG,882,,A,Singapore - Real - Broad (64 economies),2000-03,91.62,A,F,
M,R,B,SG,882,,A,Singapore - Real - Broad (64 economies),2000-04,92.16,A,F,
M,R,B,SG,882,,A,Singapore - Real - Broad (64 economies),2000-05,92.44,A,F,
M,R,B,SG,882,,A,Singapore - Real - Broad (64 economies),2000-06,91.61,A,F,
M,R,B,SG,882,,A,Singapore - Real - Broad (64 economies),2000-07,92.1,A,F,
M,R,B,SG,882,,A,Singapore - Real - Broad (64 economies),2000-08,93.98,A,F,
M,R,B,SG,882,,A,Singapore - Real - Broad (64 economies),2000-09,93.33,A,F,
M,R,B,SG,882,,A,Singapore - Real - Broad (64 economies),2000-10,93.71,A,F,
M,R,B,SG,882,,A,Singapore - Real - Broad (64 economies),2000-11,94.52,A,F,
M,R,B,SG,882,,A,Singapore - Real - Broad (64 economies),2000-12,95.08,A,F,
M,R,B,SG,882,,A,Singapore - Real - Broad (64 economies),2001-01,95.26,A,F,
M,R,B,SG,882,,A,Singapore - Real - Broad (64 economies),2001-02,94.8,A,F,
M,R,B,SG,882,,A,Singapore - Real - Broad (64 economies),2001-03,94.82,A,F,
M,R,B,SG,882,,A,Singapore - Real - Broad (64 economies),2001-04,93.85,A,F,
M,R,B,SG,882,,A,Singapore - Real - Broad (64 economies),2001-05,93.15,A,F,
M,R,B,SG,882,,A,Singapore - Real - Broad (64 economies),2001-06,93.09,A,F,
M,R,B,SG,882,,A,Singapore - Real - Broad (64 economies),2001-07,93.66,A,F,
M,R,B,SG,882,,A,Singapore - Real - Broad (64 economies),2001-08,94.89,A,F,
M,R,B,SG,882,,A,Singapore - Real - Broad (64 economies),2001-09,94.84,A,F,
M,R,B,SG,882,,A,Singapore - Real - Broad (64 economies),2001-10,92.11,A,F,
M,R,B,SG,882,,A,Singapore - Real - Broad (64 economies),2001-11,91.41,A,F,
M,R,B,SG,882,,A,Singapore - Real - Broad (64 economies),2001-12,91.38,A,F,
M,R,B,SG,882,,A,Singapore - Real - Broad (64 economies),2002-01,91.74,A,F,
M,R,B,SG,882,,A,Singapore - Real - Broad (64 economies),2002-02,92.41,A,F,
M,R,B,SG,882,,A,Singapore - Real - Broad (64 economies),2002-03,91.74,A,F,
M,R,B,SG,882,,A,Singapore - Real - Broad (64 economies),2002-04,91.08,A,F,
M,R,B,SG,882,,A,Singapore - Real - Broad (64 economies),2002-05,91.16,A,F,
M,R,B,SG,882,,A,Singapore - Real - Broad (64 economies),2002-06,90.65,A,F,
M,R,B,SG,882,,A,Singapore - Real - Broad (64 economies),2002-07,90.88,A,F,
M,R,B,SG,882,,A,Singapore - Real - Broad (64 economies),2002-08,91.2,A,F,
M,R,B,SG,882,,A,Singapore - Real - Broad (64 economies),2002-09,90.63,A,F,
M,R,B,SG,882,,A,Singapore - Real - Broad (64 economies),2002-10,90.21,A,F,
M,R,B,SG,882,,A,Singapore - Real - Broad (64 economies),2002-11,90.49,A,F,
M,R,B,SG,882,,A,Singapore - Real - Broad (64 economies),2002-12,90.58,A,F,
M,R,B,SG,882,,A,Singapore - Real - Broad (64 economies),2003-01,90.22,A,F,
M,R,B,SG,882,,A,Singapore - Real - Broad (64 economies),2003-02,89.25,A,F,
M,R,B,SG,882,,A,Singapore - Real - Broad (64 economies),2003-03,88.9,A,F,
M,R,B,SG,882,,A,Singapore - Real - Broad (64 economies),2003-04,87.67,A,F,
M,R,B,SG,882,,A,Singapore - Real - Broad (64 economies),2003-05,87.53,A,F,
M,R,B,SG,882,,A,Singapore - Real - Broad (64 economies),2003-06,87.13,A,F,
M,R,B,SG,882,,A,Singapore - Real - Broad (64 economies),2003-07,87.23,A,F,
M,R,B,SG,882,,A,Singapore - Real - Broad (64 economies),2003-08,87.67,A,F,
M,R,B,SG,882,,A,Singapore - Real - Broad (64 economies),2003-09,87.01,A,F,
M,R,B,SG,882,,A,Singapore - Real - Broad (64 economies),2003-10,85.91,A,F,
M,R,B,SG,882,,A,Singapore - Real - Broad (64 economies),2003-11,86.29,A,F,
M,R,B,SG,882,,A,Singapore - Real - Broad (64 economies),2003-12,86.17,A,F,
M,R,B,SG,882,,A,Singapore - Real - Broad (64 economies),2004-01,85.85,A,F,
M,R,B,SG,882,,A,Singapore - Real - Broad (64 economies),2004-02,87.2,A,F,
M,R,B,SG,882,,A,Singapore - Real - Broad (64 economies),2004-03,86.42,A,F,
M,R,B,SG,882,,A,Singapore - Real - Broad (64 economies),2004-04,87.59,A,F,
M,R,B,SG,882,,A,Singapore - Real - Broad (64 economies),2004-05,87.29,A,F,
M,R,B,SG,882,,A,Singapore - Real - Broad (64 economies),2004-06,86.05,A,F,
M,R,B,SG,882,,A,Singapore - Real - Broad (64 economies),2004-07,86.38,A,F,
M,R,B,SG,882,,A,Singapore - Real - Broad (64 economies),2004-08,86.37,A,F,
M,R,B,SG,882,,A,Singapore - Real - Broad (64 economies),2004-09,87.12,A,F,
M,R,B,SG,882,,A,Singapore - Real - Broad (64 economies),2004-10,87.09,A,F,
M,R,B,SG,882,,A,Singapore - Real - Broad (64 economies),2004-11,86.7,A,F,
M,R,B,SG,882,,A,Singapore - Real - Broad (64 economies),2004-12,86.04,A,F,
M,R,B,SG,882,,A,Singapore - Real - Broad (64 economies),2005-01,85.55,A,F,
M,R,B,SG,882,,A,Singapore - Real - Broad (64 economies),2005-02,85.81,A,F,
M,R,B,SG,882,,A,Singapore - Real - Broad (64 economies),2005-03,85.43,A,F,
M,R,B,SG,882,,A,Singapore - Real - Broad (64 economies),2005-04,85.3,A,F,
M,R,B,SG,882,,A,Singapore - Real - Broad (64 economies),2005-05,85.25,A,F,
M,R,B,SG,882,,A,Singapore - Real - Broad (64 economies),2005-06,84.47,A,F,
M,R,B,SG,882,,A,Singapore - Real - Broad (64 economies),2005-07,85.33,A,F,
M,R,B,SG,882,,A,Singapore - Real - Broad (64 economies),2005-08,85.74,A,F,
M,R,B,SG,882,,A,Singapore - Real - Broad (64 economies),2005-09,84.74,A,F,
M,R,B,SG,882,,A,Singapore - Real - Broad (64 economies),2005-10,84.86,A,F,
M,R,B,SG,882,,A,Singapore - Real - Broad (64 economies),2005-11,85.18,A,F,
M,R,B,SG,882,,A,Singapore - Real - Broad (64 economies),2005-12,85.99,A,F,
M,R,B,SG,882,,A,Singapore - Real - Broad (64 economies),2006-01,86.22,A,F,
M,R,B,SG,882,,A,Singapore - Real - Broad (64 economies),2006-02,86.54,A,F,
M,R,B,SG,882,,A,Singapore - Real - Broad (64 economies),2006-03,86.25,A,F,
M,R,B,SG,882,,A,Singapore - Real - Broad (64 economies),2006-04,86.6,A,F,
M,R,B,SG,882,,A,Singapore - Real - Broad (64 economies),2006-05,86.16,A,F,
M,R,B,SG,882,,A,Singapore - Real - Broad (64 economies),2006-06,85.83,A,F,
M,R,B,SG,882,,A,Singapore - Real - Broad (64 economies),2006-07,86.69,A,F,
M,R,B,SG,882,,A,Singapore - Real - Broad (64 economies),2006-08,86.71,A,F,
M,R,B,SG,882,,A,Singapore - Real - Broad (64 economies),2006-09,86.47,A,F,
M,R,B,SG,882,,A,Singapore - Real - Broad (64 economies),2006-10,87.14,A,F,
M,R,B,SG,882,,A,Singapore - Real - Broad (64 economies),2006-11,87.4,A,F,
M,R,B,SG,882,,A,Singapore - Real - Broad (64 economies),2006-12,87.26,A,F,
M,R,B,SG,882,,A,Singapore - Real - Broad (64 economies),2007-01,86.38,A,F,
M,R,B,SG,882,,A,Singapore - Real - Broad (64 economies),2007-02,86.66,A,F,
M,R,B,SG,882,,A,Singapore - Real - Broad (64 economies),2007-03,86.35,A,F,
M,R,B,SG,882,,A,Singapore - Real - Broad (64 economies),2007-04,86.56,A,F,
M,R,B,SG,882,,A,Singapore - Real - Broad (64 economies),2007-05,86.16,A,F,
M,R,B,SG,882,,A,Singapore - Real - Broad (64 economies),2007-06,85.3,A,F,
M,R,B,SG,882,,A,Singapore - Real - Broad (64 economies),2007-07,87.13,A,F,
M,R,B,SG,882,,A,Singapore - Real - Broad (64 economies),2007-08,87.22,A,F,
M,R,B,SG,882,,A,Singapore - Real - Broad (64 economies),2007-09,86.4,A,F,
M,R,B,SG,882,,A,Singapore - Real - Broad (64 economies),2007-10,88.85,A,F,
M,R,B,SG,882,,A,Singapore - Real - Broad (64 economies),2007-11,89.18,A,F,
M,R,B,SG,882,,A,Singapore - Real - Broad (64 economies),2007-12,88.36,A,F,
M,R,B,SG,882,,A,Singapore - Real - Broad (64 economies),2008-01,89.15,A,F,
M,R,B,SG,882,,A,Singapore - Real - Broad (64 economies),2008-02,89.74,A,F,
M,R,B,SG,882,,A,Singapore - Real - Broad (64 economies),2008-03,89.65,A,F,
M,R,B,SG,882,,A,Singapore - Real - Broad (64 economies),2008-04,91.71,A,F,
M,R,B,SG,882,,A,Singapore - Real - Broad (64 economies),2008-05,92.56,A,F,
M,R,B,SG,882,,A,Singapore - Real - Broad (64 economies),2008-06,91.71,A,F,
M,R,B,SG,882,,A,Singapore - Real - Broad (64 economies),2008-07,92.32,A,F,
M,R,B,SG,882,,A,Singapore - Real - Broad (64 economies),2008-08,91.62,A,F,
M,R,B,SG,882,,A,Singapore - Real - Broad (64 economies),2008-09,91.53,A,F,
M,R,B,SG,882,,A,Singapore - Real - Broad (64 economies),2008-10,92.7,A,F,
M,R,B,SG,882,,A,Singapore - Real - Broad (64 economies),2008-11,93.73,A,F,
M,R,B,SG,882,,A,Singapore - Real - Broad (64 economies),2008-12,93.55,A,F,
M,R,B,SG,882,,A,Singapore - Real - Broad (64 economies),2009-01,92.88,A,F,
M,R,B,SG,882,,A,Singapore - Real - Broad (64 economies),2009-02,92.7,A,F,
M,R,B,SG,882,,A,Singapore - Real - Broad (64 economies),2009-03,91.98,A,F,
M,R,B,SG,882,,A,Singapore - Real - Broad (64 economies),2009-04,91.21,A,F,
M,R,B,SG,882,,A,Singapore - Real - Broad (64 economies),2009-05,91.99,A,F,
M,R,B,SG,882,,A,Singapore - Real - Broad (64 economies),2009-06,91.29,A,F,
M,R,B,SG,882,,A,Singapore - Real - Broad (64 economies),2009-07,91.99,A,F,
M,R,B,SG,882,,A,Singapore - Real - Broad (64 economies),2009-08,91.9,A,F,
M,R,B,SG,882,,A,Singapore - Real - Broad (64 economies),2009-09,91.58,A,F,
M,R,B,SG,882,,A,Singapore - Real - Broad (64 economies),2009-10,92.38,A,F,
M,R,B,SG,882,,A,Singapore - Real - Broad (64 economies),2009-11,92.47,A,F,
M,R,B,SG,882,,A,Singapore - Real - Broad (64 economies),2009-12,91.72,A,F,
M,R,B,SG,882,,A,Singapore - Real - Broad (64 economies),2010-01,92.12,A,F,
M,R,B,SG,882,,A,Singapore - Real - Broad (64 economies),2010-02,92.04,A,F,
M,R,B,SG,882,,A,Singapore - Real - Broad (64 economies),2010-03,92.36,A,F,
M,R,B,SG,882,,A,Singapore - Real - Broad (64 economies),2010-04,93.92,A,F,
M,R,B,SG,882,,A,Singapore - Real - Broad (64 economies),2010-05,95.33,A,F,
M,R,B,SG,882,,A,Singapore - Real - Broad (64 economies),2010-06,94.71,A,F,
M,R,B,SG,882,,A,Singapore - Real - Broad (64 economies),2010-07,95.72,A,F,
M,R,B,SG,882,,A,Singapore - Real - Broad (64 economies),2010-08,96.42,A,F,
M,R,B,SG,882,,A,Singapore - Real - Broad (64 economies),2010-09,96.72,A,F,
M,R,B,SG,882,,A,Singapore - Real - Broad (64 economies),2010-10,96.85,A,F,
M,R,B,SG,882,,A,Singapore - Real - Broad (64 economies),2010-11,97.62,A,F,
M,R,B,SG,882,,A,Singapore - Real - Broad (64 economies),2010-12,97.6,A,F,
M,R,B,SG,882,,A,Singapore - Real - Broad (64 economies),2011-01,99.42,A,F,
M,R,B,SG,882,,A,Singapore - Real - Broad (64 economies),2011-02,99,A,F,
M,R,B,SG,882,,A,Singapore - Real - Broad (64 economies),2011-03,98.74,A,F,
M,R,B,SG,882,,A,Singapore - Real - Broad (64 economies),2011-04,99.22,A,F,
M,R,B,SG,882,,A,Singapore - Real - Broad (64 economies),2011-05,100.1,A,F,
M,R,B,SG,882,,A,Singapore - Real - Broad (64 economies),2011-06,99.87,A,F,
M,R,B,SG,882,,A,Singapore - Real - Broad (64 economies),2011-07,102.23,A,F,
M,R,B,SG,882,,A,Singapore - Real - Broad (64 economies),2011-08,103.05,A,F,
M,R,B,SG,882,,A,Singapore - Real - Broad (64 economies),2011-09,101.08,A,F,
M,R,B,SG,882,,A,Singapore - Real - Broad (64 economies),2011-10,100,A,F,
M,R,B,SG,882,,A,Singapore - Real - Broad (64 economies),2011-11,99.95,A,F,
M,R,B,SG,882,,A,Singapore - Real - Broad (64 economies),2011-12,100.1,A,F,
M,R,B,SG,882,,A,Singapore - Real - Broad (64 economies),2012-01,101.67,A,F,
M,R,B,SG,882,,A,Singapore - Real - Broad (64 economies),2012-02,102.06,A,F,
M,R,B,SG,882,,A,Singapore - Real - Broad (64 economies),2012-03,102.82,A,F,
M,R,B,SG,882,,A,Singapore - Real - Broad (64 economies),2012-04,103.9,A,F,
M,R,B,SG,882,,A,Singapore - Real - Broad (64 economies),2012-05,104.18,A,F,
M,R,B,SG,882,,A,Singapore - Real - Broad (64 economies),2012-06,104.06,A,F,
M,R,B,SG,882,,A,Singapore - Real - Broad (64 economies),2012-07,105.79,A,F,
M,R,B,SG,882,,A,Singapore - Real - Broad (64 economies),2012-08,106.52,A,F,
M,R,B,SG,882,,A,Singapore - Real - Broad (64 economies),2012-09,107,A,F,
M,R,B,SG,882,,A,Singapore - Real - Broad (64 economies),2012-10,106.82,A,F,
M,R,B,SG,882,,A,Singapore - Real - Broad (64 economies),2012-11,107.43,A,F,
M,R,B,SG,882,,A,Singapore - Real - Broad (64 economies),2012-12,107.97,A,F,
M,R,B,SG,882,,A,Singapore - Real - Broad (64 economies),2013-01,107.53,A,F,
M,R,B,SG,882,,A,Singapore - Real - Broad (64 economies),2013-02,107.94,A,F,
M,R,B,SG,882,,A,Singapore - Real - Broad (64 economies),2013-03,107.56,A,F,
M,R,B,SG,882,,A,Singapore - Real - Broad (64 economies),2013-04,106.59,A,F,
M,R,B,SG,882,,A,Singapore - Real - Broad (64 economies),2013-05,106.32,A,F,
M,R,B,SG,882,,A,Singapore - Real - Broad (64 economies),2013-06,105.89,A,F,
M,R,B,SG,882,,A,Singapore - Real - Broad (64 economies),2013-07,105.95,A,F,
M,R,B,SG,882,,A,Singapore - Real - Broad (64 economies),2013-08,106.44,A,F,
M,R,B,SG,882,,A,Singapore - Real - Broad (64 economies),2013-09,106.88,A,F,
M,R,B,SG,882,,A,Singapore - Real - Broad (64 economies),2013-10,107.3,A,F,
M,R,B,SG,882,,A,Singapore - Real - Broad (64 economies),2013-11,108.58,A,F,
M,R,B,SG,882,,A,Singapore - Real - Broad (64 economies),2013-12,107.56,A,F,
M,R,B,SG,882,,A,Singapore - Real - Broad (64 economies),2014-01,106.88,A,F,
M,R,B,SG,882,,A,Singapore - Real - Broad (64 economies),2014-02,106.88,A,F,
M,R,B,SG,882,,A,Singapore - Real - Broad (64 economies),2014-03,106.77,A,F,
M,R,B,SG,882,,A,Singapore - Real - Broad (64 economies),2014-04,106.83,A,F,
M,R,B,SG,882,,A,Singapore - Real - Broad (64 economies),2014-05,107.13,A,F,
M,R,B,SG,882,,A,Singapore - Real - Broad (64 economies),2014-06,107.12,A,F,
M,R,B,SG,882,,A,Singapore - Real - Broad (64 economies),2014-07,107.11,A,F,
M,R,B,SG,882,,A,Singapore - Real - Broad (64 economies),2014-08,107.53,A,F,
M,R,B,SG,882,,A,Singapore - Real - Broad (64 economies),2014-09,106.99,A,F,
M,R,B,SG,882,,A,Singapore - Real - Broad (64 economies),2014-10,106.6,A,F,
M,R,B,SG,882,,A,Singapore - Real - Broad (64 economies),2014-11,106.67,A,F,
M,R,B,SG,882,,A,Singapore - Real - Broad (64 economies),2014-12,106.51,A,F,
M,R,B,SG,882,,A,Singapore - Real - Broad (64 economies),2015-01,106.17,A,F,
M,R,B,SG,882,,A,Singapore - Real - Broad (64 economies),2015-02,105.07,A,F,
M,R,B,SG,882,,A,Singapore - Real - Broad (64 economies),2015-03,104.79,A,F,
M,R,B,SG,882,,A,Singapore - Real - Broad (64 economies),2015-04,105.36,A,F,
M,R,B,SG,882,,A,Singapore - Real - Broad (64 economies),2015-05,106.37,A,F,
M,R,B,SG,882,,A,Singapore - Real - Broad (64 economies),2015-06,105.97,A,F,
M,R,B,SG,882,,A,Singapore - Real - Broad (64 economies),2015-07,105.14,A,F,
M,R,B,SG,882,,A,Singapore - Real - Broad (64 economies),2015-08,104.08,A,F,
M,R,B,SG,882,,A,Singapore - Real - Broad (64 economies),2015-09,103.57,A,F,
M,R,B,SG,882,,A,Singapore - Real - Broad (64 economies),2015-10,103.32,A,F,
M,R,B,SG,882,,A,Singapore - Real - Broad (64 economies),2015-11,103.82,A,F,
M,R,B,SG,882,,A,Singapore - Real - Broad (64 economies),2015-12,104.47,A,F,
M,R,B,SG,882,,A,Singapore - Real - Broad (64 economies),2016-01,103.69,A,F,
M,R,B,SG,882,,A,Singapore - Real - Broad (64 economies),2016-02,103.72,A,F,
M,R,B,SG,882,,A,Singapore - Real - Broad (64 economies),2016-03,104.91,A,F,
M,R,B,SG,882,,A,Singapore - Real - Broad (64 economies),2016-04,105.11,A,F,
M,R,B,SG,882,,A,Singapore - Real - Broad (64 economies),2016-05,103.72,A,F,
M,R,B,SG,882,,A,Singapore - Real - Broad (64 economies),2016-06,105.55,A,F,
M,R,B,SG,882,,A,Singapore - Real - Broad (64 economies),2016-07,105.64,A,F,
M,R,B,SG,882,,A,Singapore - Real - Broad (64 economies),2016-08,105.43,A,F,
M,R,B,SG,882,,A,Singapore - Real - Broad (64 economies),2016-09,104.5,A,F,
M,R,B,SG,882,,A,Singapore - Real - Broad (64 economies),2016-10,103.1,A,F,
M,R,B,SG,882,,A,Singapore - Real - Broad (64 economies),2016-11,103.23,A,F,
M,R,B,SG,882,,A,Singapore - Real - Broad (64 economies),2016-12,103.15,A,F,
M,R,B,SG,882,,A,Singapore - Real - Broad (64 economies),2017-01,103.12,A,F,
M,R,B,SG,882,,A,Singapore - Real - Broad (64 economies),2017-02,103.03,A,F,
M,R,B,SG,882,,A,Singapore - Real - Broad (64 economies),2017-03,103.68,A,F,
M,R,B,SG,882,,A,Singapore - Real - Broad (64 economies),2017-04,103.08,A,F,
M,R,B,SG,882,,A,Singapore - Real - Broad (64 economies),2017-05,103.08,A,F,
M,R,B,SG,882,,A,Singapore - Real - Broad (64 economies),2017-06,103,A,F,
M,R,B,SG,882,,A,Singapore - Real - Broad (64 economies),2017-07,103.26,A,F,
M,R,B,SG,882,,A,Singapore - Real - Broad (64 economies),2017-08,103.05,A,F,
M,R,B,SG,882,,A,Singapore - Real - Broad (64 economies),2017-09,102.86,A,F,
M,R,B,SG,882,,A,Singapore - Real - Broad (64 economies),2017-10,102.52,A,F,
M,R,B,SG,882,,A,Singapore - Real - Broad (64 economies),2017-11,103.07,A,F,
M,R,B,SG,882,,A,Singapore - Real - Broad (64 economies),2017-12,102.87,A,F,
M,R,B,SG,882,,A,Singapore - Real - Broad (64 economies),2018-01,102.44,A,F,
M,R,B,SG,882,,A,Singapore - Real - Broad (64 economies),2018-02,101.7,A,F,
M,R,B,SG,882,,A,Singapore - Real - Broad (64 economies),2018-03,102.06,A,F,
M,R,B,SG,882,,A,Singapore - Real - Broad (64 economies),2018-04,101.58,A,F,
M,R,B,SG,882,,A,Singapore - Real - Broad (64 economies),2018-05,102.03,A,F,
M,R,B,SG,882,,A,Singapore - Real - Broad (64 economies),2018-06,102.33,A,F,
M,R,B,SG,882,,A,Singapore - Real - Broad (64 economies),2018-07,102.39,A,F,
M,R,B,SG,882,,A,Singapore - Real - Broad (64 economies),2018-08,102.99,A,F,
M,R,B,SG,882,,A,Singapore - Real - Broad (64 economies),2018-09,102.65,A,F,
M,R,B,SG,882,,A,Singapore - Real - Broad (64 economies),2018-10,102.27,A,F,
M,R,B,SG,882,,A,Singapore - Real - Broad (64 economies),2018-11,103.03,A,F,
M,R,B,SG,882,,A,Singapore - Real - Broad (64 economies),2018-12,103.2,A,F,
M,R,B,SG,882,,A,Singapore - Real - Broad (64 economies),2019-01,103.07,A,F,
M,R,B,SG,882,,A,Singapore - Real - Broad (64 economies),2019-02,103.13,A,F,
M,R,B,SG,882,,A,Singapore - Real - Broad (64 economies),2019-03,103.14,A,F,
M,R,B,SG,882,,A,Singapore - Real - Broad (64 economies),2019-04,102.68,A,F,
M,R,B,SG,882,,A,Singapore - Real - Broad (64 economies),2019-05,102.95,A,F,
M,R,B,SG,882,,A,Singapore - Real - Broad (64 economies),2019-06,102.8,A,F,
M,R,B,SG,882,,A,Singapore - Real - Broad (64 economies),2019-07,102.11,A,F,
M,R,B,SG,882,,A,Singapore - Real - Broad (64 economies),2019-08,102.03,A,F,
M,R,B,SG,882,,A,Singapore - Real - Broad (64 economies),2019-09,102.29,A,F,
M,R,B,SG,882,,A,Singapore - Real - Broad (64 economies),2019-10,102.05,A,F,
M,R,B,SG,882,,A,Singapore - Real - Broad (64 economies),2019-11,102.52,A,F,
M,R,B,SG,882,,A,Singapore - Real - Broad (64 economies),2019-12,102.65,A,F,
M,R,B,SG,882,,A,Singapore - Real - Broad (64 economies),2020-01,101.88,A,F,
M,R,B,SG,882,,A,Singapore - Real - Broad (64 economies),2020-02,100.12,A,F,
M,R,B,SG,882,,A,Singapore - Real - Broad (64 economies),2020-03,99.5,A,F,
M,R,B,SG,882,,A,Singapore - Real - Broad (64 economies),2020-04,99.72,A,F,
M,R,B,SG,882,,A,Singapore - Real - Broad (64 economies),2020-05,100.36,A,F,
M,R,B,SG,882,,A,Singapore - Real - Broad (64 economies),2020-06,100.28,A,F,
M,R,B,SG,882,,A,Singapore - Real - Broad (64 economies),2020-07,99.31,A,F,
M,R,B,SG,882,,A,Singapore - Real - Broad (64 economies),2020-08,99.94,A,F,
M,R,B,SG,882,,A,Singapore - Real - Broad (64 economies),2020-09,100.04,A,F,
M,R,B,SG,882,,A,Singapore - Real - Broad (64 economies),2020-10,99.42,A,F,
M,R,B,SG,882,,A,Singapore - Real - Broad (64 economies),2020-11,99.79,A,F,
M,R,B,SG,882,,A,Singapore - Real - Broad (64 economies),2020-12,99.63,A,F,
M,R,B,SG,882,,A,Singapore - Real - Broad (64 economies),2021-01,99.16,A,F,
M,R,B,SG,882,,A,Singapore - Real - Broad (64 economies),2021-02,99.29,A,F,
M,R,B,SG,882,,A,Singapore - Real - Broad (64 economies),2021-03,99.67,A,F,
M,R,B,SG,882,,A,Singapore - Real - Broad (64 economies),2021-04,99.87,A,F,
M,R,B,SG,882,,A,Singapore - Real - Broad (64 economies),2021-05,100.03,A,F,
M,R,B,SG,882,,A,Singapore - Real - Broad (64 economies),2021-06,99.7,A,F,
M,R,B,SG,882,,A,Singapore - Real - Broad (64 economies),2021-07,98.93,A,F,
M,R,B,SG,882,,A,Singapore - Real - Broad (64 economies),2021-08,99.34,A,F,
M,R,B,SG,882,,A,Singapore - Real - Broad (64 economies),2021-09,99.76,A,F,
M,R,B,SG,882,,A,Singapore - Real - Broad (64 economies),2021-10,99.76,A,F,
M,R,B,SG,882,,A,Singapore - Real - Broad (64 economies),2021-11,100.26,A,F,
M,R,B,SG,882,,A,Singapore - Real - Broad (64 economies),2021-12,100.47,A,F,
M,R,B,SG,882,,A,Singapore - Real - Broad (64 economies),2022-01,100.71,A,F,
M,R,B,SG,882,,A,Singapore - Real - Broad (64 economies),2022-02,101.27,A,F,
M,R,B,SG,882,,A,Singapore - Real - Broad (64 economies),2022-03,102.23,A,F,
M,R,B,SG,882,,A,Singapore - Real - Broad (64 economies),2022-04,102.44,A,F,
M,R,B,SG,882,,A,Singapore - Real - Broad (64 economies),2022-05,104.02,A,F,
M,R,B,SG,882,,A,Singapore - Real - Broad (64 economies),2022-06,104.8,A,F,
M,R,B,SG,882,,A,Singapore - Real - Broad (64 economies),2022-07,105.3,A,F,
M,R,B,SG,882,,A,Singapore - Real - Broad (64 economies),2022-08,107.33,A,F,
M,R,B,SG,882,,A,Singapore - Real - Broad (64 economies),2022-09,107.96,A,F,
M,R,B,SG,882,,A,Singapore - Real - Broad (64 economies),2022-10,108.28,A,F,
M,R,B,SG,882,,A,Singapore - Real - Broad (64 economies),2022-11,110.17,A,F,
M,R,B,SG,882,,A,Singapore - Real - Broad (64 economies),2022-12,109.97,A,F,
M,R,B,SG,882,,A,Singapore - Real - Broad (64 economies),2023-01,109.8,A,F,
M,R,B,SG,882,,A,Singapore - Real - Broad (64 economies),2023-02,110.37,A,F,
M,R,B,SG,882,,A,Singapore - Real - Broad (64 economies),2023-03,110.8,A,F,
M,R,B,SG,882,,A,Singapore - Real - Broad (64 economies),2023-04,110.61,A,F,
M,R,B,SG,882,,A,Singapore - Real - Broad (64 economies),2023-05,111.31,A,F,
M,R,B,SG,882,,A,Singapore - Real - Broad (64 economies),2023-06,112.16,A,F,
M,R,B,SG,882,,A,Singapore - Real - Broad (64 economies),2023-07,112.22,A,F,
M,R,B,SG,882,,A,Singapore - Real - Broad (64 economies),2023-08,112.77,A,F,
M,R,B,SG,882,,A,Singapore - Real - Broad (64 economies),2023-09,113.29,A,F,
M,R,B,SG,882,,A,Singapore - Real - Broad (64 economies),2023-10,113.83,A,F,
M,R,B,SG,882,,A,Singapore - Real - Broad (64 economies),2023-11,114.06,A,F,
M,R,B,SG,882,,A,Singapore - Real - Broad (64 economies),2023-12,114.4,A,F,
M,R,B,SG,882,,A,Singapore - Real - Broad (64 economies),2024-01,113.91,A,F,
M,R,B,SG,882,,A,Singapore - Real - Broad (64 economies),2024-02,114.44,A,F,
M,R,B,SG,882,,A,Singapore - Real - Broad (64 economies),2024-03,114.68,A,F,
M,R,B,SG,882,,A,Singapore - Real - Broad (64 economies),2024-04,114.19,A,F,
M,R,B,SG,882,,A,Singapore - Real - Broad (64 economies),2024-05,115.08,A,F,
M,R,B,SG,882,,A,Singapore - Real - Broad (64 economies),2024-06,115.15,A,F,
M,R,B,SG,882,,A,Singapore - Real - Broad (64 economies),2024-07,114.8,A,F,
M,R,B,SG,882,,A,Singapore - Real - Broad (64 economies),2024-08,115.23,A,F,
M,R,B,SG,882,,A,Singapore - Real - Broad (64 economies),2024-09,115.56,A,F,
M,R,B,SG,882,,A,Singapore - Real - Broad (64 economies),2024-10,114.82,A,F,
M,R,B,SG,882,,A,Singapore - Real - Broad (64 economies),2024-11,115.02,A,F,
M,R,B,SG,882,,A,Singapore - Real - Broad (64 economies),2024-12,114.86,A,F,
M,R,B,SG,882,,A,Singapore - Real - Broad (64 economies),2025-01,113.59,A,F,
M,R,B,SG,882,,A,Singapore - Real - Broad (64 economies),2025-02,114.76,A,F,
M,R,B,SG,882,,A,Singapore - Real - Broad (64 economies),2025-03,114.56,A,F,
M,R,B,SG,882,,A,Singapore - Real - Broad (64 economies),2025-04,113.89,A,F,
M,R,B,SG,882,,A,Singapore - Real - Broad (64 economies),2025-05,114.73,A,F,
M,R,B,SG,882,,A,Singapore - Real - Broad (64 economies),2025-06,114.34,A,F,
M,R,B,SG,882,,A,Singapore - Real - Broad (64 economies),2025-07,113.43,A,F,
M,R,B,SG,882,,A,Singapore - Real - Broad (64 economies),2025-08,114.04,A,F,
M,R,B,SG,882,,A,Singapore - Real - Broad (64 economies),2025-09,114.13,A,F,
M,R,B,SG,882,,A,Singapore - Real - Broad (64 economies),2025-10,113.65,A,F,
M,R,B,SG,882,,A,Singapore - Real - Broad (64 economies),2025-11,113.95,A,F,
M,R,B,SG,882,,A,Singapore - Real - Broad (64 economies),2025-12,114.42,A,F,
M,R,B,SG,882,,A,Singapore - Real - Broad (64 economies),2026-01,114.3,A,F,
M,R,B,SG,882,,A,Singapore - Real - Broad (64 economies),2026-02,114.43,A,F,
M,R,B,SG,882,,A,Singapore - Real - Broad (64 economies),2026-03,114.99,A,F,
M,R,B,SG,882,,A,Singapore - Real - Broad (64 economies),2026-04,113.84,A,F,
M,R,B,SG,882,,A,Singapore - Real - Broad (64 economies),2026-05,114.39,A,F,
M,R,B,SG,882,,A,Singapore - Real - Broad (64 economies),2026-06,114.42,A,F,
M,R,B,SG,882,,A,Singapore - Real - Broad (64 economies),2026-07,114.37,A,F,
M,R,B,SG,882,,A,Singapore - Real - Broad (64 economies),2026-08,114.81,A,F,
M,R,B,TH,882,,A,Thailand - Real - Broad (64 economies),1994-01,99.51,A,F,
M,R,B,TH,882,,A,Thailand - Real - Broad (64 economies),1994-02,98.43,A,F,
M,R,B,TH,882,,A,Thailand - Real - Broad (64 economies),1994-03,98.41,A,F,
M,R,B,TH,882,,A,Thailand - Real - Broad (64 economies),1994-04,98.13,A,F,
M,R,B,TH,882,,A,Thailand - Real - Broad (64 economies),1994-05,98.34,A,F,
M,R,B,TH,882,,A,Thailand - Real - Broad (64 economies),1994-06,98.55,A,F,
M,R,B,TH,882,,A,Thailand - Real - Broad (64 economies),1994-07,97.34,A,F,
M,R,B,TH,882,,A,Thailand - Real - Broad (64 economies),1994-08,97.17,A,F,
M,R,B,TH,882,,A,Thailand - Real - Broad (64 economies),1994-09,97.41,A,F,
M,R,B,TH,882,,A,Thailand - Real - Broad (64 economies),1994-10,96.68,A,F,
M,R,B,TH,882,,A,Thailand - Real - Broad (64 economies),1994-11,96.27,A,F,
M,R,B,TH,882,,A,Thailand - Real - Broad (64 economies),1994-12,96.51,A,F,
M,R,B,TH,882,,A,Thailand - Real - Broad (64 economies),1995-01,96.2,A,F,
M,R,B,TH,882,,A,Thailand - Real - Broad (64 economies),1995-02,96.13,A,F,
M,R,B,TH,882,,A,Thailand - Real - Broad (64 economies),1995-03,94.18,A,F,
M,R,B,TH,882,,A,Thailand - Real - Broad (64 economies),1995-04,92.21,A,F,
M,R,B,TH,882,,A,Thailand - Real - Broad (64 economies),1995-05,92.95,A,F,
M,R,B,TH,882,,A,Thailand - Real - Broad (64 economies),1995-06,93.09,A,F,
M,R,B,TH,882,,A,Thailand - Real - Broad (64 economies),1995-07,93.96,A,F,
M,R,B,TH,882,,A,Thailand - Real - Broad (64 economies),1995-08,96.97,A,F,
M,R,B,TH,882,,A,Thailand - Real - Broad (64 economies),1995-09,98.87,A,F,
M,R,B,TH,882,,A,Thailand - Real - Broad (64 economies),1995-10,99.39,A,F,
M,R,B,TH,882,,A,Thailand - Real - Broad (64 economies),1995-11,99.56,A,F,
M,R,B,TH,882,,A,Thailand - Real - Broad (64 economies),1995-12,99.86,A,F,
M,R,B,TH,882,,A,Thailand - Real - Broad (64 economies),1996-01,100.79,A,F,
M,R,B,TH,882,,A,Thailand - Real - Broad (64 economies),1996-02,101.32,A,F,
M,R,B,TH,882,,A,Thailand - Real - Broad (64 economies),1996-03,101.32,A,F,
M,R,B,TH,882,,A,Thailand - Real - Broad (64 economies),1996-04,101.63,A,F,
M,R,B,TH,882,,A,Thailand - Real - Broad (64 economies),1996-05,101.82,A,F,
M,R,B,TH,882,,A,Thailand - Real - Broad (64 economies),1996-06,102.21,A,F,
M,R,B,TH,882,,A,Thailand - Real - Broad (64 economies),1996-07,102.34,A,F,
M,R,B,TH,882,,A,Thailand - Real - Broad (64 economies),1996-08,102.83,A,F,
M,R,B,TH,882,,A,Thailand - Real - Broad (64 economies),1996-09,102.86,A,F,
M,R,B,TH,882,,A,Thailand - Real - Broad (64 economies),1996-10,103.57,A,F,
M,R,B,TH,882,,A,Thailand - Real - Broad (64 economies),1996-11,103.91,A,F,
M,R,B,TH,882,,A,Thailand - Real - Broad (64 economies),1996-12,104.07,A,F,
M,R,B,TH,882,,A,Thailand - Real - Broad (64 economies),1997-01,105.05,A,F,
M,R,B,TH,882,,A,Thailand - Real - Broad (64 economies),1997-02,106.74,A,F,
M,R,B,TH,882,,A,Thailand - Real - Broad (64 economies),1997-03,107.65,A,F,
M,R,B,TH,882,,A,Thailand - Real - Broad (64 economies),1997-04,107.48,A,F,
M,R,B,TH,882,,A,Thailand - Real - Broad (64 economies),1997-05,107.33,A,F,
M,R,B,TH,882,,A,Thailand - Real - Broad (64 economies),1997-06,111.84,A,F,
M,R,B,TH,882,,A,Thailand - Real - Broad (64 economies),1997-07,92.2,A,F,
M,R,B,TH,882,,A,Thailand - Real - Broad (64 economies),1997-08,90.06,A,F,
M,R,B,TH,882,,A,Thailand - Real - Broad (64 economies),1997-09,83.53,A,F,
M,R,B,TH,882,,A,Thailand - Real - Broad (64 economies),1997-10,79.65,A,F,
M,R,B,TH,882,,A,Thailand - Real - Broad (64 economies),1997-11,78.17,A,F,
M,R,B,TH,882,,A,Thailand - Real - Broad (64 economies),1997-12,71.81,A,F,
M,R,B,TH,882,,A,Thailand - Real - Broad (64 economies),1998-01,62.48,A,F,
M,R,B,TH,882,,A,Thailand - Real - Broad (64 economies),1998-02,70.84,A,F,
M,R,B,TH,882,,A,Thailand - Real - Broad (64 economies),1998-03,79.28,A,F,
M,R,B,TH,882,,A,Thailand - Real - Broad (64 economies),1998-04,83.17,A,F,
M,R,B,TH,882,,A,Thailand - Real - Broad (64 economies),1998-05,85.33,A,F,
M,R,B,TH,882,,A,Thailand - Real - Broad (64 economies),1998-06,81.11,A,F,
M,R,B,TH,882,,A,Thailand - Real - Broad (64 economies),1998-07,83.55,A,F,
M,R,B,TH,882,,A,Thailand - Real - Broad (64 economies),1998-08,83.92,A,F,
M,R,B,TH,882,,A,Thailand - Real - Broad (64 economies),1998-09,83.46,A,F,
M,R,B,TH,882,,A,Thailand - Real - Broad (64 economies),1998-10,84.29,A,F,
M,R,B,TH,882,,A,Thailand - Real - Broad (64 economies),1998-11,87.46,A,F,
M,R,B,TH,882,,A,Thailand - Real - Broad (64 economies),1998-12,87.25,A,F,
M,R,B,TH,882,,A,Thailand - Real - Broad (64 economies),1999-01,86.11,A,F,
M,R,B,TH,882,,A,Thailand - Real - Broad (64 economies),1999-02,86.45,A,F,
M,R,B,TH,882,,A,Thailand - Real - Broad (64 economies),1999-03,86.49,A,F,
M,R,B,TH,882,,A,Thailand - Real - Broad (64 economies),1999-04,85.81,A,F,
M,R,B,TH,882,,A,Thailand - Real - Broad (64 economies),1999-05,86.98,A,F,
M,R,B,TH,882,,A,Thailand - Real - Broad (64 economies),1999-06,87.13,A,F,
M,R,B,TH,882,,A,Thailand - Real - Broad (64 economies),1999-07,86.77,A,F,
M,R,B,TH,882,,A,Thailand - Real - Broad (64 economies),1999-08,83.55,A,F,
M,R,B,TH,882,,A,Thailand - Real - Broad (64 economies),1999-09,78.38,A,F,
M,R,B,TH,882,,A,Thailand - Real - Broad (64 economies),1999-10,78.71,A,F,
M,R,B,TH,882,,A,Thailand - Real - Broad (64 economies),1999-11,80.4,A,F,
M,R,B,TH,882,,A,Thailand - Real - Broad (64 economies),1999-12,81.67,A,F,
M,R,B,TH,882,,A,Thailand - Real - Broad (64 economies),2000-01,83.89,A,F,
M,R,B,TH,882,,A,Thailand - Real - Broad (64 economies),2000-02,84.5,A,F,
M,R,B,TH,882,,A,Thailand - Real - Broad (64 economies),2000-03,83.87,A,F,
M,R,B,TH,882,,A,Thailand - Real - Broad (64 economies),2000-04,83.46,A,F,
M,R,B,TH,882,,A,Thailand - Real - Broad (64 economies),2000-05,83.02,A,F,
M,R,B,TH,882,,A,Thailand - Real - Broad (64 economies),2000-06,81.79,A,F,
M,R,B,TH,882,,A,Thailand - Real - Broad (64 economies),2000-07,80.06,A,F,
M,R,B,TH,882,,A,Thailand - Real - Broad (64 economies),2000-08,79.72,A,F,
M,R,B,TH,882,,A,Thailand - Real - Broad (64 economies),2000-09,78.06,A,F,
M,R,B,TH,882,,A,Thailand - Real - Broad (64 economies),2000-10,76.15,A,F,
M,R,B,TH,882,,A,Thailand - Real - Broad (64 economies),2000-11,75.75,A,F,
M,R,B,TH,882,,A,Thailand - Real - Broad (64 economies),2000-12,76.48,A,F,
M,R,B,TH,882,,A,Thailand - Real - Broad (64 economies),2001-01,76.87,A,F,
M,R,B,TH,882,,A,Thailand - Real - Broad (64 economies),2001-02,78.28,A,F,
M,R,B,TH,882,,A,Thailand - Real - Broad (64 economies),2001-03,77.26,A,F,
M,R,B,TH,882,,A,Thailand - Real - Broad (64 economies),2001-04,75.89,A,F,
M,R,B,TH,882,,A,Thailand - Real - Broad (64 economies),2001-05,75.81,A,F,
M,R,B,TH,882,,A,Thailand - Real - Broad (64 economies),2001-06,76.59,A,F,
M,R,B,TH,882,,A,Thailand - Real - Broad (64 economies),2001-07,76.48,A,F,
M,R,B,TH,882,,A,Thailand - Real - Broad (64 economies),2001-08,76.03,A,F,
M,R,B,TH,882,,A,Thailand - Real - Broad (64 economies),2001-09,76.6,A,F,
M,R,B,TH,882,,A,Thailand - Real - Broad (64 economies),2001-10,76.36,A,F,
M,R,B,TH,882,,A,Thailand - Real - Broad (64 economies),2001-11,77.3,A,F,
M,R,B,TH,882,,A,Thailand - Real - Broad (64 economies),2001-12,78.63,A,F,
M,R,B,TH,882,,A,Thailand - Real - Broad (64 economies),2002-01,79.57,A,F,
M,R,B,TH,882,,A,Thailand - Real - Broad (64 economies),2002-02,80.28,A,F,
M,R,B,TH,882,,A,Thailand - Real - Broad (64 economies),2002-03,80.51,A,F,
M,R,B,TH,882,,A,Thailand - Real - Broad (64 economies),2002-04,80.25,A,F,
M,R,B,TH,882,,A,Thailand - Real - Broad (64 economies),2002-05,79.99,A,F,
M,R,B,TH,882,,A,Thailand - Real - Broad (64 economies),2002-06,79.73,A,F,
M,R,B,TH,882,,A,Thailand - Real - Broad (64 economies),2002-07,80.01,A,F,
M,R,B,TH,882,,A,Thailand - Real - Broad (64 economies),2002-08,78.67,A,F,
M,R,B,TH,882,,A,Thailand - Real - Broad (64 economies),2002-09,78.01,A,F,
M,R,B,TH,882,,A,Thailand - Real - Broad (64 economies),2002-10,77.55,A,F,
M,R,B,TH,882,,A,Thailand - Real - Broad (64 economies),2002-11,76.9,A,F,
M,R,B,TH,882,,A,Thailand - Real - Broad (64 economies),2002-12,76.56,A,F,
M,R,B,TH,882,,A,Thailand - Real - Broad (64 economies),2003-01,76.76,A,F,
M,R,B,TH,882,,A,Thailand - Real - Broad (64 economies),2003-02,76.27,A,F,
M,R,B,TH,882,,A,Thailand - Real - Broad (64 economies),2003-03,76.22,A,F,
M,R,B,TH,882,,A,Thailand - Real - Broad (64 economies),2003-04,76.18,A,F,
M,R,B,TH,882,,A,Thailand - Real - Broad (64 economies),2003-05,76.18,A,F,
M,R,B,TH,882,,A,Thailand - Real - Broad (64 economies),2003-06,76.89,A,F,
M,R,B,TH,882,,A,Thailand - Real - Broad (64 economies),2003-07,77.15,A,F,
M,R,B,TH,882,,A,Thailand - Real - Broad (64 economies),2003-08,78.04,A,F,
M,R,B,TH,882,,A,Thailand - Real - Broad (64 economies),2003-09,79.02,A,F,
M,R,B,TH,882,,A,Thailand - Real - Broad (64 economies),2003-10,78.82,A,F,
M,R,B,TH,882,,A,Thailand - Real - Broad (64 economies),2003-11,78.52,A,F,
M,R,B,TH,882,,A,Thailand - Real - Broad (64 economies),2003-12,77.72,A,F,
M,R,B,TH,882,,A,Thailand - Real - Broad (64 economies),2004-01,78.23,A,F,
M,R,B,TH,882,,A,Thailand - Real - Broad (64 economies),2004-02,78.48,A,F,
M,R,B,TH,882,,A,Thailand - Real - Broad (64 economies),2004-03,78.65,A,F,
M,R,B,TH,882,,A,Thailand - Real - Broad (64 economies),2004-04,78.77,A,F,
M,R,B,TH,882,,A,Thailand - Real - Broad (64 economies),2004-05,77.99,A,F,
M,R,B,TH,882,,A,Thailand - Real - Broad (64 economies),2004-06,77,A,F,
M,R,B,TH,882,,A,Thailand - Real - Broad (64 economies),2004-07,76.53,A,F,
M,R,B,TH,882,,A,Thailand - Real - Broad (64 economies),2004-08,75.95,A,F,
M,R,B,TH,882,,A,Thailand - Real - Broad (64 economies),2004-09,75.78,A,F,
M,R,B,TH,882,,A,Thailand - Real - Broad (64 economies),2004-10,75.14,A,F,
M,R,B,TH,882,,A,Thailand - Real - Broad (64 economies),2004-11,75.07,A,F,
M,R,B,TH,882,,A,Thailand - Real - Broad (64 economies),2004-12,76.34,A,F,
M,R,B,TH,882,,A,Thailand - Real - Broad (64 economies),2005-01,77.33,A,F,
M,R,B,TH,882,,A,Thailand - Real - Broad (64 economies),2005-02,78.12,A,F,
M,R,B,TH,882,,A,Thailand - Real - Broad (64 economies),2005-03,78.34,A,F,
M,R,B,TH,882,,A,Thailand - Real - Broad (64 economies),2005-04,77.46,A,F,
M,R,B,TH,882,,A,Thailand - Real - Broad (64 economies),2005-05,77.44,A,F,
M,R,B,TH,882,,A,Thailand - Real - Broad (64 economies),2005-06,76.65,A,F,
M,R,B,TH,882,,A,Thailand - Real - Broad (64 economies),2005-07,77.07,A,F,
M,R,B,TH,882,,A,Thailand - Real - Broad (64 economies),2005-08,77.55,A,F,
M,R,B,TH,882,,A,Thailand - Real - Broad (64 economies),2005-09,78.16,A,F,
M,R,B,TH,882,,A,Thailand - Real - Broad (64 economies),2005-10,79.48,A,F,
M,R,B,TH,882,,A,Thailand - Real - Broad (64 economies),2005-11,79.44,A,F,
M,R,B,TH,882,,A,Thailand - Real - Broad (64 economies),2005-12,78.96,A,F,
M,R,B,TH,882,,A,Thailand - Real - Broad (64 economies),2006-01,80.48,A,F,
M,R,B,TH,882,,A,Thailand - Real - Broad (64 economies),2006-02,81.33,A,F,
M,R,B,TH,882,,A,Thailand - Real - Broad (64 economies),2006-03,82.86,A,F,
M,R,B,TH,882,,A,Thailand - Real - Broad (64 economies),2006-04,84.89,A,F,
M,R,B,TH,882,,A,Thailand - Real - Broad (64 economies),2006-05,83.54,A,F,
M,R,B,TH,882,,A,Thailand - Real - Broad (64 economies),2006-06,83.9,A,F,
M,R,B,TH,882,,A,Thailand - Real - Broad (64 economies),2006-07,84.84,A,F,
M,R,B,TH,882,,A,Thailand - Real - Broad (64 economies),2006-08,85.21,A,F,
M,R,B,TH,882,,A,Thailand - Real - Broad (64 economies),2006-09,85.5,A,F,
M,R,B,TH,882,,A,Thailand - Real - Broad (64 economies),2006-10,86.58,A,F,
M,R,B,TH,882,,A,Thailand - Real - Broad (64 economies),2006-11,87.41,A,F,
M,R,B,TH,882,,A,Thailand - Real - Broad (64 economies),2006-12,88.17,A,F,
M,R,B,TH,882,,A,Thailand - Real - Broad (64 economies),2007-01,89.8,A,F,
M,R,B,TH,882,,A,Thailand - Real - Broad (64 economies),2007-02,92.37,A,F,
M,R,B,TH,882,,A,Thailand - Real - Broad (64 economies),2007-03,95.52,A,F,
M,R,B,TH,882,,A,Thailand - Real - Broad (64 economies),2007-04,95.88,A,F,
M,R,B,TH,882,,A,Thailand - Real - Broad (64 economies),2007-05,95.29,A,F,
M,R,B,TH,882,,A,Thailand - Real - Broad (64 economies),2007-06,97.11,A,F,
M,R,B,TH,882,,A,Thailand - Real - Broad (64 economies),2007-07,101.81,A,F,
M,R,B,TH,882,,A,Thailand - Real - Broad (64 economies),2007-08,96.49,A,F,
M,R,B,TH,882,,A,Thailand - Real - Broad (64 economies),2007-09,95.1,A,F,
M,R,B,TH,882,,A,Thailand - Real - Broad (64 economies),2007-10,95.87,A,F,
M,R,B,TH,882,,A,Thailand - Real - Broad (64 economies),2007-11,94.73,A,F,
M,R,B,TH,882,,A,Thailand - Real - Broad (64 economies),2007-12,98.42,A,F,
M,R,B,TH,882,,A,Thailand - Real - Broad (64 economies),2008-01,97.25,A,F,
M,R,B,TH,882,,A,Thailand - Real - Broad (64 economies),2008-02,93.73,A,F,
M,R,B,TH,882,,A,Thailand - Real - Broad (64 economies),2008-03,91.14,A,F,
M,R,B,TH,882,,A,Thailand - Real - Broad (64 economies),2008-04,91.73,A,F,
M,R,B,TH,882,,A,Thailand - Real - Broad (64 economies),2008-05,92.68,A,F,
M,R,B,TH,882,,A,Thailand - Real - Broad (64 economies),2008-06,90.1,A,F,
M,R,B,TH,882,,A,Thailand - Real - Broad (64 economies),2008-07,88.79,A,F,
M,R,B,TH,882,,A,Thailand - Real - Broad (64 economies),2008-08,87.17,A,F,
M,R,B,TH,882,,A,Thailand - Real - Broad (64 economies),2008-09,87.49,A,F,
M,R,B,TH,882,,A,Thailand - Real - Broad (64 economies),2008-10,88.26,A,F,
M,R,B,TH,882,,A,Thailand - Real - Broad (64 economies),2008-11,87.57,A,F,
M,R,B,TH,882,,A,Thailand - Real - Broad (64 economies),2008-12,84.89,A,F,
M,R,B,TH,882,,A,Thailand - Real - Broad (64 economies),2009-01,85.31,A,F,
M,R,B,TH,882,,A,Thailand - Real - Broad (64 economies),2009-02,86.88,A,F,
M,R,B,TH,882,,A,Thailand - Real - Broad (64 economies),2009-03,87.01,A,F,
M,R,B,TH,882,,A,Thailand - Real - Broad (64 economies),2009-04,87.28,A,F,
M,R,B,TH,882,,A,Thailand - Real - Broad (64 economies),2009-05,86.96,A,F,
M,R,B,TH,882,,A,Thailand - Real - Broad (64 economies),2009-06,87.75,A,F,
M,R,B,TH,882,,A,Thailand - Real - Broad (64 economies),2009-07,87.5,A,F,
M,R,B,TH,882,,A,Thailand - Real - Broad (64 economies),2009-08,87.07,A,F,
M,R,B,TH,882,,A,Thailand - Real - Broad (64 economies),2009-09,86.4,A,F,
M,R,B,TH,882,,A,Thailand - Real - Broad (64 economies),2009-10,86.33,A,F,
M,R,B,TH,882,,A,Thailand - Real - Broad (64 economies),2009-11,86.34,A,F,
M,R,B,TH,882,,A,Thailand - Real - Broad (64 economies),2009-12,86.77,A,F,
M,R,B,TH,882,,A,Thailand - Real - Broad (64 economies),2010-01,87.82,A,F,
M,R,B,TH,882,,A,Thailand - Real - Broad (64 economies),2010-02,88.41,A,F,
M,R,B,TH,882,,A,Thailand - Real - Broad (64 economies),2010-03,89.91,A,F,
M,R,B,TH,882,,A,Thailand - Real - Broad (64 economies),2010-04,90.83,A,F,
M,R,B,TH,882,,A,Thailand - Real - Broad (64 economies),2010-05,92.08,A,F,
M,R,B,TH,882,,A,Thailand - Real - Broad (64 economies),2010-06,92.73,A,F,
M,R,B,TH,882,,A,Thailand - Real - Broad (64 economies),2010-07,91.36,A,F,
M,R,B,TH,882,,A,Thailand - Real - Broad (64 economies),2010-08,91.88,A,F,
M,R,B,TH,882,,A,Thailand - Real - Broad (64 economies),2010-09,93.32,A,F,
M,R,B,TH,882,,A,Thailand - Real - Broad (64 economies),2010-10,93.27,A,F,
M,R,B,TH,882,,A,Thailand - Real - Broad (64 economies),2010-11,93.84,A,F,
M,R,B,TH,882,,A,Thailand - Real - Broad (64 economies),2010-12,93.72,A,F,
M,R,B,TH,882,,A,Thailand - Real - Broad (64 economies),2011-01,91.68,A,F,
M,R,B,TH,882,,A,Thailand - Real - Broad (64 economies),2011-02,90.57,A,F,
M,R,B,TH,882,,A,Thailand - Real - Broad (64 economies),2011-03,91.07,A,F,
M,R,B,TH,882,,A,Thailand - Real - Broad (64 economies),2011-04,92.15,A,F,
M,R,B,TH,882,,A,Thailand - Real - Broad (64 economies),2011-05,91.18,A,F,
M,R,B,TH,882,,A,Thailand - Real - Broad (64 economies),2011-06,90.16,A,F,
M,R,B,TH,882,,A,Thailand - Real - Broad (64 economies),2011-07,90.91,A,F,
M,R,B,TH,882,,A,Thailand - Real - Broad (64 economies),2011-08,91.17,A,F,
M,R,B,TH,882,,A,Thailand - Real - Broad (64 economies),2011-09,90.61,A,F,
M,R,B,TH,882,,A,Thailand - Real - Broad (64 economies),2011-10,89.92,A,F,
M,R,B,TH,882,,A,Thailand - Real - Broad (64 economies),2011-11,90.3,A,F,
M,R,B,TH,882,,A,Thailand - Real - Broad (64 economies),2011-12,89.69,A,F,
M,R,B,TH,882,,A,Thailand - Real - Broad (64 economies),2012-01,88.26,A,F,
M,R,B,TH,882,,A,Thailand - Real - Broad (64 economies),2012-02,90.06,A,F,
M,R,B,TH,882,,A,Thailand - Real - Broad (64 economies),2012-03,91.35,A,F,
M,R,B,TH,882,,A,Thailand - Real - Broad (64 economies),2012-04,90.98,A,F,
M,R,B,TH,882,,A,Thailand - Real - Broad (64 economies),2012-05,90.74,A,F,
M,R,B,TH,882,,A,Thailand - Real - Broad (64 economies),2012-06,90.94,A,F,
M,R,B,TH,882,,A,Thailand - Real - Broad (64 economies),2012-07,91.14,A,F,
M,R,B,TH,882,,A,Thailand - Real - Broad (64 economies),2012-08,91.26,A,F,
M,R,B,TH,882,,A,Thailand - Real - Broad (64 economies),2012-09,91.56,A,F,
M,R,B,TH,882,,A,Thailand - Real - Broad (64 economies),2012-10,92.29,A,F,
M,R,B,TH,882,,A,Thailand - Real - Broad (64 economies),2012-11,92.52,A,F,
M,R,B,TH,882,,A,Thailand - Real - Broad (64 economies),2012-12,92.94,A,F,
M,R,B,TH,882,,A,Thailand - Real - Broad (64 economies),2013-01,95.68,A,F,
M,R,B,TH,882,,A,Thailand - Real - Broad (64 economies),2013-02,97.22,A,F,
M,R,B,TH,882,,A,Thailand - Real - Broad (64 economies),2013-03,99.27,A,F,
M,R,B,TH,882,,A,Thailand - Real - Broad (64 economies),2013-04,101.25,A,F,
M,R,B,TH,882,,A,Thailand - Real - Broad (64 economies),2013-05,99.75,A,F,
M,R,B,TH,882,,A,Thailand - Real - Broad (64 economies),2013-06,96.27,A,F,
M,R,B,TH,882,,A,Thailand - Real - Broad (64 economies),2013-07,96.14,A,F,
M,R,B,TH,882,,A,Thailand - Real - Broad (64 economies),2013-08,94.27,A,F,
M,R,B,TH,882,,A,Thailand - Real - Broad (64 economies),2013-09,93.78,A,F,
M,R,B,TH,882,,A,Thailand - Real - Broad (64 economies),2013-10,94.18,A,F,
M,R,B,TH,882,,A,Thailand - Real - Broad (64 economies),2013-11,93.84,A,F,
M,R,B,TH,882,,A,Thailand - Real - Broad (64 economies),2013-12,92.39,A,F,
M,R,B,TH,882,,A,Thailand - Real - Broad (64 economies),2014-01,91.55,A,F,
M,R,B,TH,882,,A,Thailand - Real - Broad (64 economies),2014-02,92.08,A,F,
M,R,B,TH,882,,A,Thailand - Real - Broad (64 economies),2014-03,92.79,A,F,
M,R,B,TH,882,,A,Thailand - Real - Broad (64 economies),2014-04,92.95,A,F,
M,R,B,TH,882,,A,Thailand - Real - Broad (64 economies),2014-05,92.31,A,F,
M,R,B,TH,882,,A,Thailand - Real - Broad (64 economies),2014-06,92.4,A,F,
M,R,B,TH,882,,A,Thailand - Real - Broad (64 economies),2014-07,93.18,A,F,
M,R,B,TH,882,,A,Thailand - Real - Broad (64 economies),2014-08,93.67,A,F,
M,R,B,TH,882,,A,Thailand - Real - Broad (64 economies),2014-09,94.14,A,F,
M,R,B,TH,882,,A,Thailand - Real - Broad (64 economies),2014-10,94.11,A,F,
M,R,B,TH,882,,A,Thailand - Real - Broad (64 economies),2014-11,95.02,A,F,
M,R,B,TH,882,,A,Thailand - Real - Broad (64 economies),2014-12,95.79,A,F,
M,R,B,TH,882,,A,Thailand - Real - Broad (64 economies),2015-01,96.99,A,F,
M,R,B,TH,882,,A,Thailand - Real - Broad (64 economies),2015-02,97.98,A,F,
M,R,B,TH,882,,A,Thailand - Real - Broad (64 economies),2015-03,99.01,A,F,
M,R,B,TH,882,,A,Thailand - Real - Broad (64 economies),2015-04,98.5,A,F,
M,R,B,TH,882,,A,Thailand - Real - Broad (64 economies),2015-05,95.13,A,F,
M,R,B,TH,882,,A,Thailand - Real - Broad (64 economies),2015-06,95.41,A,F,
M,R,B,TH,882,,A,Thailand - Real - Broad (64 economies),2015-07,94.3,A,F,
M,R,B,TH,882,,A,Thailand - Real - Broad (64 economies),2015-08,92.38,A,F,
M,R,B,TH,882,,A,Thailand - Real - Broad (64 economies),2015-09,91.16,A,F,
M,R,B,TH,882,,A,Thailand - Real - Broad (64 economies),2015-10,91.54,A,F,
M,R,B,TH,882,,A,Thailand - Real - Broad (64 economies),2015-11,92.23,A,F,
M,R,B,TH,882,,A,Thailand - Real - Broad (64 economies),2015-12,91.51,A,F,
M,R,B,TH,882,,A,Thailand - Real - Broad (64 economies),2016-01,91.79,A,F,
M,R,B,TH,882,,A,Thailand - Real - Broad (64 economies),2016-02,91.65,A,F,
M,R,B,TH,882,,A,Thailand - Real - Broad (64 economies),2016-03,91.54,A,F,
M,R,B,TH,882,,A,Thailand - Real - Broad (64 economies),2016-04,90.93,A,F,
M,R,B,TH,882,,A,Thailand - Real - Broad (64 economies),2016-05,91.23,A,F,
M,R,B,TH,882,,A,Thailand - Real - Broad (64 economies),2016-06,91.2,A,F,
M,R,B,TH,882,,A,Thailand - Real - Broad (64 economies),2016-07,91.59,A,F,
M,R,B,TH,882,,A,Thailand - Real - Broad (64 economies),2016-08,91.45,A,F,
M,R,B,TH,882,,A,Thailand - Real - Broad (64 economies),2016-09,91.52,A,F,
M,R,B,TH,882,,A,Thailand - Real - Broad (64 economies),2016-10,91.51,A,F,
M,R,B,TH,882,,A,Thailand - Real - Broad (64 economies),2016-11,92.61,A,F,
M,R,B,TH,882,,A,Thailand - Real - Broad (64 economies),2016-12,93.4,A,F,
M,R,B,TH,882,,A,Thailand - Real - Broad (64 economies),2017-01,93.75,A,F,
M,R,B,TH,882,,A,Thailand - Real - Broad (64 economies),2017-02,93.84,A,F,
M,R,B,TH,882,,A,Thailand - Real - Broad (64 economies),2017-03,93.7,A,F,
M,R,B,TH,882,,A,Thailand - Real - Broad (64 economies),2017-04,94.15,A,F,
M,R,B,TH,882,,A,Thailand - Real - Broad (64 economies),2017-05,93.98,A,F,
M,R,B,TH,882,,A,Thailand - Real - Broad (64 economies),2017-06,94.51,A,F,
M,R,B,TH,882,,A,Thailand - Real - Broad (64 economies),2017-07,94.8,A,F,
M,R,B,TH,882,,A,Thailand - Real - Broad (64 economies),2017-08,94.83,A,F,
M,R,B,TH,882,,A,Thailand - Real - Broad (64 economies),2017-09,94.82,A,F,
M,R,B,TH,882,,A,Thailand - Real - Broad (64 economies),2017-10,95.63,A,F,
M,R,B,TH,882,,A,Thailand - Real - Broad (64 economies),2017-11,96.39,A,F,
M,R,B,TH,882,,A,Thailand - Real - Broad (64 economies),2017-12,96.34,A,F,
M,R,B,TH,882,,A,Thailand - Real - Broad (64 economies),2018-01,96.56,A,F,
M,R,B,TH,882,,A,Thailand - Real - Broad (64 economies),2018-02,96.19,A,F,
M,R,B,TH,882,,A,Thailand - Real - Broad (64 economies),2018-03,96.9,A,F,
M,R,B,TH,882,,A,Thailand - Real - Broad (64 economies),2018-04,97.44,A,F,
M,R,B,TH,882,,A,Thailand - Real - Broad (64 economies),2018-05,97.6,A,F,
M,R,B,TH,882,,A,Thailand - Real - Broad (64 economies),2018-06,96.86,A,F,
M,R,B,TH,882,,A,Thailand - Real - Broad (64 economies),2018-07,95.82,A,F,
M,R,B,TH,882,,A,Thailand - Real - Broad (64 economies),2018-08,97.34,A,F,
M,R,B,TH,882,,A,Thailand - Real - Broad (64 economies),2018-09,99,A,F,
M,R,B,TH,882,,A,Thailand - Real - Broad (64 economies),2018-10,99.01,A,F,
M,R,B,TH,882,,A,Thailand - Real - Broad (64 economies),2018-11,98.46,A,F,
M,R,B,TH,882,,A,Thailand - Real - Broad (64 economies),2018-12,98.31,A,F,
M,R,B,TH,882,,A,Thailand - Real - Broad (64 economies),2019-01,99.87,A,F,
M,R,B,TH,882,,A,Thailand - Real - Broad (64 economies),2019-02,101.23,A,F,
M,R,B,TH,882,,A,Thailand - Real - Broad (64 economies),2019-03,100.35,A,F,
M,R,B,TH,882,,A,Thailand - Real - Broad (64 economies),2019-04,100.35,A,F,
M,R,B,TH,882,,A,Thailand - Real - Broad (64 economies),2019-05,101.7,A,F,
M,R,B,TH,882,,A,Thailand - Real - Broad (64 economies),2019-06,103.1,A,F,
M,R,B,TH,882,,A,Thailand - Real - Broad (64 economies),2019-07,103.9,A,F,
M,R,B,TH,882,,A,Thailand - Real - Broad (64 economies),2019-08,104.9,A,F,
M,R,B,TH,882,,A,Thailand - Real - Broad (64 economies),2019-09,105.7,A,F,
M,R,B,TH,882,,A,Thailand - Real - Broad (64 economies),2019-10,105.61,A,F,
M,R,B,TH,882,,A,Thailand - Real - Broad (64 economies),2019-11,105.35,A,F,
M,R,B,TH,882,,A,Thailand - Real - Broad (64 economies),2019-12,105.1,A,F,
M,R,B,TH,882,,A,Thailand - Real - Broad (64 economies),2020-01,103.45,A,F,
M,R,B,TH,882,,A,Thailand - Real - Broad (64 economies),2020-02,101.28,A,F,
M,R,B,TH,882,,A,Thailand - Real - Broad (64 economies),2020-03,99.29,A,F,
M,R,B,TH,882,,A,Thailand - Real - Broad (64 economies),2020-04,97.05,A,F,
M,R,B,TH,882,,A,Thailand - Real - Broad (64 economies),2020-05,98.68,A,F,
M,R,B,TH,882,,A,Thailand - Real - Broad (64 economies),2020-06,101.85,A,F,
M,R,B,TH,882,,A,Thailand - Real - Broad (64 economies),2020-07,100.56,A,F,
M,R,B,TH,882,,A,Thailand - Real - Broad (64 economies),2020-08,100.18,A,F,
M,R,B,TH,882,,A,Thailand - Real - Broad (64 economies),2020-09,98.81,A,F,
M,R,B,TH,882,,A,Thailand - Real - Broad (64 economies),2020-10,98.65,A,F,
M,R,B,TH,882,,A,Thailand - Real - Broad (64 economies),2020-11,100.18,A,F,
M,R,B,TH,882,,A,Thailand - Real - Broad (64 economies),2020-12,100.01,A,F,
M,R,B,TH,882,,A,Thailand - Real - Broad (64 economies),2021-01,99.38,A,F,
M,R,B,TH,882,,A,Thailand - Real - Broad (64 economies),2021-02,98.19,A,F,
M,R,B,TH,882,,A,Thailand - Real - Broad (64 economies),2021-03,97.4,A,F,
M,R,B,TH,882,,A,Thailand - Real - Broad (64 economies),2021-04,97.08,A,F,
M,R,B,TH,882,,A,Thailand - Real - Broad (64 economies),2021-05,95.44,A,F,
M,R,B,TH,882,,A,Thailand - Real - Broad (64 economies),2021-06,95.4,A,F,
M,R,B,TH,882,,A,Thailand - Real - Broad (64 economies),2021-07,92.51,A,F,
M,R,B,TH,882,,A,Thailand - Real - Broad (64 economies),2021-08,90.88,A,F,
M,R,B,TH,882,,A,Thailand - Real - Broad (64 economies),2021-09,92.03,A,F,
M,R,B,TH,882,,A,Thailand - Real - Broad (64 economies),2021-10,91.76,A,F,
M,R,B,TH,882,,A,Thailand - Real - Broad (64 economies),2021-11,93.01,A,F,
M,R,B,TH,882,,A,Thailand - Real - Broad (64 economies),2021-12,91.45,A,F,
M,R,B,TH,882,,A,Thailand - Real - Broad (64 economies),2022-01,92.99,A,F,
M,R,B,TH,882,,A,Thailand - Real - Broad (64 economies),2022-02,94.97,A,F,
M,R,B,TH,882,,A,Thailand - Real - Broad (64 economies),2022-03,94.56,A,F,
M,R,B,TH,882,,A,Thailand - Real - Broad (64 economies),2022-04,94.64,A,F,
M,R,B,TH,882,,A,Thailand - Real - Broad (64 economies),2022-05,96.27,A,F,
M,R,B,TH,882,,A,Thailand - Real - Broad (64 economies),2022-06,95.94,A,F,
M,R,B,TH,882,,A,Thailand - Real - Broad (64 economies),2022-07,93.03,A,F,
M,R,B,TH,882,,A,Thailand - Real - Broad (64 economies),2022-08,94.37,A,F,
M,R,B,TH,882,,A,Thailand - Real - Broad (64 economies),2022-09,94.03,A,F,
M,R,B,TH,882,,A,Thailand - Real - Broad (64 economies),2022-10,93.73,A,F,
M,R,B,TH,882,,A,Thailand - Real - Broad (64 economies),2022-11,95.73,A,F,
M,R,B,TH,882,,A,Thailand - Real - Broad (64 economies),2022-12,96.94,A,F,
M,R,B,TH,882,,A,Thailand - Real - Broad (64 economies),2023-01,98.99,A,F,
M,R,B,TH,882,,A,Thailand - Real - Broad (64 economies),2023-02,97.18,A,F,
M,R,B,TH,882,,A,Thailand - Real - Broad (64 economies),2023-03,96.3,A,F,
M,R,B,TH,882,,A,Thailand - Real - Broad (64 economies),2023-04,96.55,A,F,
M,R,B,TH,882,,A,Thailand - Real - Broad (64 economies),2023-05,97.07,A,F,
M,R,B,TH,882,,A,Thailand - Real - Broad (64 economies),2023-06,96.85,A,F,
M,R,B,TH,882,,A,Thailand - Real - Broad (64 economies),2023-07,97.19,A,F,
M,R,B,TH,882,,A,Thailand - Real - Broad (64 economies),2023-08,97.53,A,F,
M,R,B,TH,882,,A,Thailand - Real - Broad (64 economies),2023-09,95.73,A,F,
M,R,B,TH,882,,A,Thailand - Real - Broad (64 economies),2023-10,94.31,A,F,
M,R,B,TH,882,,A,Thailand - Real - Broad (64 economies),2023-11,95.91,A,F,
M,R,B,TH,882,,A,Thailand - Real - Broad (64 economies),2023-12,95.21,A,F,
M,R,B,TH,882,,A,Thailand - Real - Broad (64 economies),2024-01,95.21,A,F,
M,R,B,TH,882,,A,Thailand - Real - Broad (64 economies),2024-02,93.63,A,F,
M,R,B,TH,882,,A,Thailand - Real - Broad (64 economies),2024-03,93.51,A,F,
M,R,B,TH,882,,A,Thailand - Real - Broad (64 economies),2024-04,93.31,A,F,
M,R,B,TH,882,,A,Thailand - Real - Broad (64 economies),2024-05,94.06,A,F,
M,R,B,TH,882,,A,Thailand - Real - Broad (64 economies),2024-06,93.98,A,F,
M,R,B,TH,882,,A,Thailand - Real - Broad (64 economies),2024-07,94.86,A,F,
M,R,B,TH,882,,A,Thailand - Real - Broad (64 economies),2024-08,96.13,A,F,
M,R,B,TH,882,,A,Thailand - Real - Broad (64 economies),2024-09,98.8,A,F,
M,R,B,TH,882,,A,Thailand - Real - Broad (64 economies),2024-10,99.84,A,F,
M,R,B,TH,882,,A,Thailand - Real - Broad (64 economies),2024-11,98.68,A,F,
M,R,B,TH,882,,A,Thailand - Real - Broad (64 economies),2024-12,99.92,A,F,
M,R,B,TH,882,,A,Thailand - Real - Broad (64 economies),2025-01,100.36,A,F,
M,R,B,TH,882,,A,Thailand - Real - Broad (64 economies),2025-02,100.5,A,F,
M,R,B,TH,882,,A,Thailand - Real - Broad (64 economies),2025-03,99.31,A,F,
M,R,B,TH,882,,A,Thailand - Real - Broad (64 economies),2025-04,98.07,A,F,
M,R,B,TH,882,,A,Thailand - Real - Broad (64 economies),2025-05,99.2,A,F,
M,R,B,TH,882,,A,Thailand - Real - Broad (64 economies),2025-06,99.45,A,F,
M,R,B,TH,882,,A,Thailand - Real - Broad (64 economies),2025-07,99.44,A,F,
M,R,B,TH,882,,A,Thailand - Real - Broad (64 economies),2025-08,99.66,A,F,
M,R,B,TH,882,,A,Thailand - Real - Broad (64 economies),2025-09,100.67,A,F,
M,R,B,TH,882,,A,Thailand - Real - Broad (64 economies),2025-10,99.3,A,F,
M,R,B,TH,882,,A,Thailand - Real - Broad (64 economies),2025-11,100.69,A,F,
M,R,B,TH,882,,A,Thailand - Real - Broad (64 economies),2025-12,102.64,A,F,
M,R,B,TH,882,,A,Thailand - Real - Broad (64 economies),2026-01,102.89,A,F,
M,R,B,TH,882,,A,Thailand - Real - Broad (64 economies),2026-02,101.46,A,F,
M,R,B,TH,882,,A,Thailand - Real - Broad (64 economies),2026-03,99.07,A,F,
M,R,B,TH,882,,A,Thailand - Real - Broad (64 economies),2026-04,101.57,A,F,
M,R,B,TH,882,,A,Thailand - Real - Broad (64 economies),2026-05,100.7,A,F,
M,R,B,TH,882,,A,Thailand - Real - Broad (64 economies),2026-06,99.95,A,F,
M,R,B,TH,882,,A,Thailand - Real - Broad (64 economies),2026-07,97.65,A,F,
M,R,B,TH,882,,A,Thailand - Real - Broad (64 economies),2026-08,98.18,A,F,
M,R,B,XM,882,,A,Euro area - Real - Broad (64 economies),1994-01,109.08,A,F,
M,R,B,XM,882,,A,Euro area - Real - Broad (64 economies),1994-02,108.77,A,F,
M,R,B,XM,882,,A,Euro area - Real - Broad (64 economies),1994-03,110.58,A,F,
M,R,B,XM,882,,A,Euro area - Real - Broad (64 economies),1994-04,110.46,A,F,
M,R,B,XM,882,,A,Euro area - Real - Broad (64 economies),1994-05,111.99,A,F,
M,R,B,XM,882,,A,Euro area - Real - Broad (64 economies),1994-06,112.63,A,F,
M,R,B,XM,882,,A,Euro area - Real - Broad (64 economies),1994-07,114.87,A,F,
M,R,B,XM,882,,A,Euro area - Real - Broad (64 economies),1994-08,114.66,A,F,
M,R,B,XM,882,,A,Euro area - Real - Broad (64 economies),1994-09,114.27,A,F,
M,R,B,XM,882,,A,Euro area - Real - Broad (64 economies),1994-10,115.32,A,F,
M,R,B,XM,882,,A,Euro area - Real - Broad (64 economies),1994-11,113.78,A,F,
M,R,B,XM,882,,A,Euro area - Real - Broad (64 economies),1994-12,112.37,A,F,
M,R,B,XM,882,,A,Euro area - Real - Broad (64 economies),1995-01,113.53,A,F,
M,R,B,XM,882,,A,Euro area - Real - Broad (64 economies),1995-02,114.72,A,F,
M,R,B,XM,882,,A,Euro area - Real - Broad (64 economies),1995-03,117.37,A,F,
M,R,B,XM,882,,A,Euro area - Real - Broad (64 economies),1995-04,117.08,A,F,
M,R,B,XM,882,,A,Euro area - Real - Broad (64 economies),1995-05,115.45,A,F,
M,R,B,XM,882,,A,Euro area - Real - Broad (64 economies),1995-06,115.82,A,F,
M,R,B,XM,882,,A,Euro area - Real - Broad (64 economies),1995-07,117.19,A,F,
M,R,B,XM,882,,A,Euro area - Real - Broad (64 economies),1995-08,115.6,A,F,
M,R,B,XM,882,,A,Euro area - Real - Broad (64 economies),1995-09,114.7,A,F,
M,R,B,XM,882,,A,Euro area - Real - Broad (64 economies),1995-10,116.38,A,F,
M,R,B,XM,882,,A,Euro area - Real - Broad (64 economies),1995-11,116.9,A,F,
M,R,B,XM,882,,A,Euro area - Real - Broad (64 economies),1995-12,116.2,A,F,
M,R,B,XM,882,,A,Euro area - Real - Broad (64 economies),1996-01,115.36,A,F,
M,R,B,XM,882,,A,Euro area - Real - Broad (64 economies),1996-02,115.39,A,F,
M,R,B,XM,882,,A,Euro area - Real - Broad (64 economies),1996-03,114.83,A,F,
M,R,B,XM,882,,A,Euro area - Real - Broad (64 economies),1996-04,113.36,A,F,
M,R,B,XM,882,,A,Euro area - Real - Broad (64 economies),1996-05,112.27,A,F,
M,R,B,XM,882,,A,Euro area - Real - Broad (64 economies),1996-06,112.71,A,F,
M,R,B,XM,882,,A,Euro area - Real - Broad (64 economies),1996-07,114.02,A,F,
M,R,B,XM,882,,A,Euro area - Real - Broad (64 economies),1996-08,114.41,A,F,
M,R,B,XM,882,,A,Euro area - Real - Broad (64 economies),1996-09,113.21,A,F,
M,R,B,XM,882,,A,Euro area - Real - Broad (64 economies),1996-10,112.28,A,F,
M,R,B,XM,882,,A,Euro area - Real - Broad (64 economies),1996-11,112.82,A,F,
M,R,B,XM,882,,A,Euro area - Real - Broad (64 economies),1996-12,111.53,A,F,
M,R,B,XM,882,,A,Euro area - Real - Broad (64 economies),1997-01,109.83,A,F,
M,R,B,XM,882,,A,Euro area - Real - Broad (64 economies),1997-02,107.19,A,F,
M,R,B,XM,882,,A,Euro area - Real - Broad (64 economies),1997-03,106.34,A,F,
M,R,B,XM,882,,A,Euro area - Real - Broad (64 economies),1997-04,105.34,A,F,
M,R,B,XM,882,,A,Euro area - Real - Broad (64 economies),1997-05,105.29,A,F,
M,R,B,XM,882,,A,Euro area - Real - Broad (64 economies),1997-06,103.78,A,F,
M,R,B,XM,882,,A,Euro area - Real - Broad (64 economies),1997-07,101.85,A,F,
M,R,B,XM,882,,A,Euro area - Real - Broad (64 economies),1997-08,100.81,A,F,
M,R,B,XM,882,,A,Euro area - Real - Broad (64 economies),1997-09,102.88,A,F,
M,R,B,XM,882,,A,Euro area - Real - Broad (64 economies),1997-10,104.32,A,F,
M,R,B,XM,882,,A,Euro area - Real - Broad (64 economies),1997-11,106.29,A,F,
M,R,B,XM,882,,A,Euro area - Real - Broad (64 economies),1997-12,106.8,A,F,
M,R,B,XM,882,,A,Euro area - Real - Broad (64 economies),1998-01,106.5,A,F,
M,R,B,XM,882,,A,Euro area - Real - Broad (64 economies),1998-02,105.32,A,F,
M,R,B,XM,882,,A,Euro area - Real - Broad (64 economies),1998-03,104.37,A,F,
M,R,B,XM,882,,A,Euro area - Real - Broad (64 economies),1998-04,104.66,A,F,
M,R,B,XM,882,,A,Euro area - Real - Broad (64 economies),1998-05,106.98,A,F,
M,R,B,XM,882,,A,Euro area - Real - Broad (64 economies),1998-06,107.67,A,F,
M,R,B,XM,882,,A,Euro area - Real - Broad (64 economies),1998-07,107.66,A,F,
M,R,B,XM,882,,A,Euro area - Real - Broad (64 economies),1998-08,108.92,A,F,
M,R,B,XM,882,,A,Euro area - Real - Broad (64 economies),1998-09,111.89,A,F,
M,R,B,XM,882,,A,Euro area - Real - Broad (64 economies),1998-10,112.6,A,F,
M,R,B,XM,882,,A,Euro area - Real - Broad (64 economies),1998-11,110.23,A,F,
M,R,B,XM,882,,A,Euro area - Real - Broad (64 economies),1998-12,110.77,A,F,
M,R,B,XM,882,,A,Euro area - Real - Broad (64 economies),1999-01,109.93,A,F,
M,R,B,XM,882,,A,Euro area - Real - Broad (64 economies),1999-02,108.2,A,F,
M,R,B,XM,882,,A,Euro area - Real - Broad (64 economies),1999-03,106.58,A,F,
M,R,B,XM,882,,A,Euro area - Real - Broad (64 economies),1999-04,104.94,A,F,
M,R,B,XM,882,,A,Euro area - Real - Broad (64 economies),1999-05,104.2,A,F,
M,R,B,XM,882,,A,Euro area - Real - Broad (64 economies),1999-06,102.12,A,F,
M,R,B,XM,882,,A,Euro area - Real - Broad (64 economies),1999-07,102.23,A,F,
M,R,B,XM,882,,A,Euro area - Real - Broad (64 economies),1999-08,103.46,A,F,
M,R,B,XM,882,,A,Euro area - Real - Broad (64 economies),1999-09,101.64,A,F,
M,R,B,XM,882,,A,Euro area - Real - Broad (64 economies),1999-10,102.57,A,F,
M,R,B,XM,882,,A,Euro area - Real - Broad (64 economies),1999-11,100.03,A,F,
M,R,B,XM,882,,A,Euro area - Real - Broad (64 economies),1999-12,98.13,A,F,
M,R,B,XM,882,,A,Euro area - Real - Broad (64 economies),2000-01,97.97,A,F,
M,R,B,XM,882,,A,Euro area - Real - Broad (64 economies),2000-02,96.31,A,F,
M,R,B,XM,882,,A,Euro area - Real - Broad (64 economies),2000-03,94.76,A,F,
M,R,B,XM,882,,A,Euro area - Real - Broad (64 economies),2000-04,93.22,A,F,
M,R,B,XM,882,,A,Euro area - Real - Broad (64 economies),2000-05,91.43,A,F,
M,R,B,XM,882,,A,Euro area - Real - Broad (64 economies),2000-06,94.76,A,F,
M,R,B,XM,882,,A,Euro area - Real - Broad (64 economies),2000-07,94.21,A,F,
M,R,B,XM,882,,A,Euro area - Real - Broad (64 economies),2000-08,91.56,A,F,
M,R,B,XM,882,,A,Euro area - Real - Broad (64 economies),2000-09,89.36,A,F,
M,R,B,XM,882,,A,Euro area - Real - Broad (64 economies),2000-10,88.06,A,F,
M,R,B,XM,882,,A,Euro area - Real - Broad (64 economies),2000-11,88.61,A,F,
M,R,B,XM,882,,A,Euro area - Real - Broad (64 economies),2000-12,92.19,A,F,
M,R,B,XM,882,,A,Euro area - Real - Broad (64 economies),2001-01,95.22,A,F,
M,R,B,XM,882,,A,Euro area - Real - Broad (64 economies),2001-02,94.48,A,F,
M,R,B,XM,882,,A,Euro area - Real - Broad (64 economies),2001-03,94.91,A,F,
M,R,B,XM,882,,A,Euro area - Real - Broad (64 economies),2001-04,94.34,A,F,
M,R,B,XM,882,,A,Euro area - Real - Broad (64 economies),2001-05,92.49,A,F,
M,R,B,XM,882,,A,Euro area - Real - Broad (64 economies),2001-06,91.11,A,F,
M,R,B,XM,882,,A,Euro area - Real - Broad (64 economies),2001-07,92.2,A,F,
M,R,B,XM,882,,A,Euro area - Real - Broad (64 economies),2001-08,94.92,A,F,
M,R,B,XM,882,,A,Euro area - Real - Broad (64 economies),2001-09,95.59,A,F,
M,R,B,XM,882,,A,Euro area - Real - Broad (64 economies),2001-10,95.61,A,F,
M,R,B,XM,882,,A,Euro area - Real - Broad (64 economies),2001-11,93.86,A,F,
M,R,B,XM,882,,A,Euro area - Real - Broad (64 economies),2001-12,94.73,A,F,
M,R,B,XM,882,,A,Euro area - Real - Broad (64 economies),2002-01,93.96,A,F,
M,R,B,XM,882,,A,Euro area - Real - Broad (64 economies),2002-02,93.03,A,F,
M,R,B,XM,882,,A,Euro area - Real - Broad (64 economies),2002-03,93.52,A,F,
M,R,B,XM,882,,A,Euro area - Real - Broad (64 economies),2002-04,93.78,A,F,
M,R,B,XM,882,,A,Euro area - Real - Broad (64 economies),2002-05,95.98,A,F,
M,R,B,XM,882,,A,Euro area - Real - Broad (64 economies),2002-06,98.77,A,F,
M,R,B,XM,882,,A,Euro area - Real - Broad (64 economies),2002-07,100.92,A,F,
M,R,B,XM,882,,A,Euro area - Real - Broad (64 economies),2002-08,100.27,A,F,
M,R,B,XM,882,,A,Euro area - Real - Broad (64 economies),2002-09,100.32,A,F,
M,R,B,XM,882,,A,Euro area - Real - Broad (64 economies),2002-10,100.67,A,F,
M,R,B,XM,882,,A,Euro area - Real - Broad (64 economies),2002-11,101.11,A,F,
M,R,B,XM,882,,A,Euro area - Real - Broad (64 economies),2002-12,102.57,A,F,
M,R,B,XM,882,,A,Euro area - Real - Broad (64 economies),2003-01,104.91,A,F,
M,R,B,XM,882,,A,Euro area - Real - Broad (64 economies),2003-02,106.27,A,F,
M,R,B,XM,882,,A,Euro area - Real - Broad (64 economies),2003-03,107.21,A,F,
M,R,B,XM,882,,A,Euro area - Real - Broad (64 economies),2003-04,107.39,A,F,
M,R,B,XM,882,,A,Euro area - Real - Broad (64 economies),2003-05,111.34,A,F,
M,R,B,XM,882,,A,Euro area - Real - Broad (64 economies),2003-06,112.06,A,F,
M,R,B,XM,882,,A,Euro area - Real - Broad (64 economies),2003-07,110.36,A,F,
M,R,B,XM,882,,A,Euro area - Real - Broad (64 economies),2003-08,108.98,A,F,
M,R,B,XM,882,,A,Euro area - Real - Broad (64 economies),2003-09,108.81,A,F,
M,R,B,XM,882,,A,Euro area - Real - Broad (64 economies),2003-10,110.94,A,F,
M,R,B,XM,882,,A,Euro area - Real - Broad (64 economies),2003-11,110.9,A,F,
M,R,B,XM,882,,A,Euro area - Real - Broad (64 economies),2003-12,114.33,A,F,
M,R,B,XM,882,,A,Euro area - Real - Broad (64 economies),2004-01,114.89,A,F,
M,R,B,XM,882,,A,Euro area - Real - Broad (64 economies),2004-02,114.76,A,F,
M,R,B,XM,882,,A,Euro area - Real - Broad (64 economies),2004-03,112.83,A,F,
M,R,B,XM,882,,A,Euro area - Real - Broad (64 economies),2004-04,111.08,A,F,
M,R,B,XM,882,,A,Euro area - Real - Broad (64 economies),2004-05,112.34,A,F,
M,R,B,XM,882,,A,Euro area - Real - Broad (64 economies),2004-06,112.31,A,F,
M,R,B,XM,882,,A,Euro area - Real - Broad (64 economies),2004-07,112.5,A,F,
M,R,B,XM,882,,A,Euro area - Real - Broad (64 economies),2004-08,112.37,A,F,
M,R,B,XM,882,,A,Euro area - Real - Broad (64 economies),2004-09,112.51,A,F,
M,R,B,XM,882,,A,Euro area - Real - Broad (64 economies),2004-10,113.7,A,F,
M,R,B,XM,882,,A,Euro area - Real - Broad (64 economies),2004-11,115.06,A,F,
M,R,B,XM,882,,A,Euro area - Real - Broad (64 economies),2004-12,116.79,A,F,
M,R,B,XM,882,,A,Euro area - Real - Broad (64 economies),2005-01,114.17,A,F,
M,R,B,XM,882,,A,Euro area - Real - Broad (64 economies),2005-02,112.9,A,F,
M,R,B,XM,882,,A,Euro area - Real - Broad (64 economies),2005-03,114.38,A,F,
M,R,B,XM,882,,A,Euro area - Real - Broad (64 economies),2005-04,113.47,A,F,
M,R,B,XM,882,,A,Euro area - Real - Broad (64 economies),2005-05,112.27,A,F,
M,R,B,XM,882,,A,Euro area - Real - Broad (64 economies),2005-06,109.4,A,F,
M,R,B,XM,882,,A,Euro area - Real - Broad (64 economies),2005-07,109.17,A,F,
M,R,B,XM,882,,A,Euro area - Real - Broad (64 economies),2005-08,109.78,A,F,
M,R,B,XM,882,,A,Euro area - Real - Broad (64 economies),2005-09,109.21,A,F,
M,R,B,XM,882,,A,Euro area - Real - Broad (64 economies),2005-10,108.58,A,F,
M,R,B,XM,882,,A,Euro area - Real - Broad (64 economies),2005-11,107.51,A,F,
M,R,B,XM,882,,A,Euro area - Real - Broad (64 economies),2005-12,107.79,A,F,
M,R,B,XM,882,,A,Euro area - Real - Broad (64 economies),2006-01,107.51,A,F,
M,R,B,XM,882,,A,Euro area - Real - Broad (64 economies),2006-02,106.41,A,F,
M,R,B,XM,882,,A,Euro area - Real - Broad (64 economies),2006-03,107.74,A,F,
M,R,B,XM,882,,A,Euro area - Real - Broad (64 economies),2006-04,109.04,A,F,
M,R,B,XM,882,,A,Euro area - Real - Broad (64 economies),2006-05,110.81,A,F,
M,R,B,XM,882,,A,Euro area - Real - Broad (64 economies),2006-06,111.5,A,F,
M,R,B,XM,882,,A,Euro area - Real - Broad (64 economies),2006-07,111.41,A,F,
M,R,B,XM,882,,A,Euro area - Real - Broad (64 economies),2006-08,111.18,A,F,
M,R,B,XM,882,,A,Euro area - Real - Broad (64 economies),2006-09,110.78,A,F,
M,R,B,XM,882,,A,Euro area - Real - Broad (64 economies),2006-10,110.1,A,F,
M,R,B,XM,882,,A,Euro area - Real - Broad (64 economies),2006-11,110.63,A,F,
M,R,B,XM,882,,A,Euro area - Real - Broad (64 economies),2006-12,111.78,A,F,
M,R,B,XM,882,,A,Euro area - Real - Broad (64 economies),2007-01,110.26,A,F,
M,R,B,XM,882,,A,Euro area - Real - Broad (64 economies),2007-02,110.4,A,F,
M,R,B,XM,882,,A,Euro area - Real - Broad (64 economies),2007-03,111.56,A,F,
M,R,B,XM,882,,A,Euro area - Real - Broad (64 economies),2007-04,112.55,A,F,
M,R,B,XM,882,,A,Euro area - Real - Broad (64 economies),2007-05,112.21,A,F,
M,R,B,XM,882,,A,Euro area - Real - Broad (64 economies),2007-06,111.59,A,F,
M,R,B,XM,882,,A,Euro area - Real - Broad (64 economies),2007-07,111.84,A,F,
M,R,B,XM,882,,A,Euro area - Real - Broad (64 economies),2007-08,111.53,A,F,
M,R,B,XM,882,,A,Euro area - Real - Broad (64 economies),2007-09,112.48,A,F,
M,R,B,XM,882,,A,Euro area - Real - Broad (64 economies),2007-10,113.24,A,F,
M,R,B,XM,882,,A,Euro area - Real - Broad (64 economies),2007-11,114.93,A,F,
M,R,B,XM,882,,A,Euro area - Real - Broad (64 economies),2007-12,114.8,A,F,
M,R,B,XM,882,,A,Euro area - Real - Broad (64 economies),2008-01,114.19,A,F,
M,R,B,XM,882,,A,Euro area - Real - Broad (64 economies),2008-02,113.31,A,F,
M,R,B,XM,882,,A,Euro area - Real - Broad (64 economies),2008-03,117.2,A,F,
M,R,B,XM,882,,A,Euro area - Real - Broad (64 economies),2008-04,118.04,A,F,
M,R,B,XM,882,,A,Euro area - Real - Broad (64 economies),2008-05,117.29,A,F,
M,R,B,XM,882,,A,Euro area - Real - Broad (64 economies),2008-06,116.83,A,F,
M,R,B,XM,882,,A,Euro area - Real - Broad (64 economies),2008-07,116.44,A,F,
M,R,B,XM,882,,A,Euro area - Real - Broad (64 economies),2008-08,113.44,A,F,
M,R,B,XM,882,,A,Euro area - Real - Broad (64 economies),2008-09,112.04,A,F,
M,R,B,XM,882,,A,Euro area - Real - Broad (64 economies),2008-10,109.48,A,F,
M,R,B,XM,882,,A,Euro area - Real - Broad (64 economies),2008-11,108.65,A,F,
M,R,B,XM,882,,A,Euro area - Real - Broad (64 economies),2008-12,114.4,A,F,
M,R,B,XM,882,,A,Euro area - Real - Broad (64 economies),2009-01,113.39,A,F,
M,R,B,XM,882,,A,Euro area - Real - Broad (64 economies),2009-02,112.8,A,F,
M,R,B,XM,882,,A,Euro area - Real - Broad (64 economies),2009-03,115.36,A,F,
M,R,B,XM,882,,A,Euro area - Real - Broad (64 economies),2009-04,114.31,A,F,
M,R,B,XM,882,,A,Euro area - Real - Broad (64 economies),2009-05,114.74,A,F,
M,R,B,XM,882,,A,Euro area - Real - Broad (64 economies),2009-06,116.13,A,F,
M,R,B,XM,882,,A,Euro area - Real - Broad (64 economies),2009-07,115.09,A,F,
M,R,B,XM,882,,A,Euro area - Real - Broad (64 economies),2009-08,115.28,A,F,
M,R,B,XM,882,,A,Euro area - Real - Broad (64 economies),2009-09,116.35,A,F,
M,R,B,XM,882,,A,Euro area - Real - Broad (64 economies),2009-10,117.38,A,F,
M,R,B,XM,882,,A,Euro area - Real - Broad (64 economies),2009-11,117.2,A,F,
M,R,B,XM,882,,A,Euro area - Real - Broad (64 economies),2009-12,116.08,A,F,
M,R,B,XM,882,,A,Euro area - Real - Broad (64 economies),2010-01,112.13,A,F,
M,R,B,XM,882,,A,Euro area - Real - Broad (64 economies),2010-02,109.07,A,F,
M,R,B,XM,882,,A,Euro area - Real - Broad (64 economies),2010-03,108.93,A,F,
M,R,B,XM,882,,A,Euro area - Real - Broad (64 economies),2010-04,107.42,A,F,
M,R,B,XM,882,,A,Euro area - Real - Broad (64 economies),2010-05,104,A,F,
M,R,B,XM,882,,A,Euro area - Real - Broad (64 economies),2010-06,102.12,A,F,
M,R,B,XM,882,,A,Euro area - Real - Broad (64 economies),2010-07,103.74,A,F,
M,R,B,XM,882,,A,Euro area - Real - Broad (64 economies),2010-08,103.36,A,F,
M,R,B,XM,882,,A,Euro area - Real - Broad (64 economies),2010-09,103.65,A,F,
M,R,B,XM,882,,A,Euro area - Real - Broad (64 economies),2010-10,107.12,A,F,
M,R,B,XM,882,,A,Euro area - Real - Broad (64 economies),2010-11,105.64,A,F,
M,R,B,XM,882,,A,Euro area - Real - Broad (64 economies),2010-12,103.6,A,F,
M,R,B,XM,882,,A,Euro area - Real - Broad (64 economies),2011-01,102.22,A,F,
M,R,B,XM,882,,A,Euro area - Real - Broad (64 economies),2011-02,103.32,A,F,
M,R,B,XM,882,,A,Euro area - Real - Broad (64 economies),2011-03,105.98,A,F,
M,R,B,XM,882,,A,Euro area - Real - Broad (64 economies),2011-04,107.69,A,F,
M,R,B,XM,882,,A,Euro area - Real - Broad (64 economies),2011-05,106.52,A,F,
M,R,B,XM,882,,A,Euro area - Real - Broad (64 economies),2011-06,106.74,A,F,
M,R,B,XM,882,,A,Euro area - Real - Broad (64 economies),2011-07,105.08,A,F,
M,R,B,XM,882,,A,Euro area - Real - Broad (64 economies),2011-08,105.52,A,F,
M,R,B,XM,882,,A,Euro area - Real - Broad (64 economies),2011-09,105.09,A,F,
M,R,B,XM,882,,A,Euro area - Real - Broad (64 economies),2011-10,105.65,A,F,
M,R,B,XM,882,,A,Euro area - Real - Broad (64 economies),2011-11,105.11,A,F,
M,R,B,XM,882,,A,Euro area - Real - Broad (64 economies),2011-12,103.56,A,F,
M,R,B,XM,882,,A,Euro area - Real - Broad (64 economies),2012-01,100.04,A,F,
M,R,B,XM,882,,A,Euro area - Real - Broad (64 economies),2012-02,100.6,A,F,
M,R,B,XM,882,,A,Euro area - Real - Broad (64 economies),2012-03,101.76,A,F,
M,R,B,XM,882,,A,Euro area - Real - Broad (64 economies),2012-04,101.75,A,F,
M,R,B,XM,882,,A,Euro area - Real - Broad (64 economies),2012-05,100.49,A,F,
M,R,B,XM,882,,A,Euro area - Real - Broad (64 economies),2012-06,99.95,A,F,
M,R,B,XM,882,,A,Euro area - Real - Broad (64 economies),2012-07,97.44,A,F,
M,R,B,XM,882,,A,Euro area - Real - Broad (64 economies),2012-08,97.43,A,F,
M,R,B,XM,882,,A,Euro area - Real - Broad (64 economies),2012-09,99.91,A,F,
M,R,B,XM,882,,A,Euro area - Real - Broad (64 economies),2012-10,100.46,A,F,
M,R,B,XM,882,,A,Euro area - Real - Broad (64 economies),2012-11,99.73,A,F,
M,R,B,XM,882,,A,Euro area - Real - Broad (64 economies),2012-12,101.33,A,F,
M,R,B,XM,882,,A,Euro area - Real - Broad (64 economies),2013-01,101.37,A,F,
M,R,B,XM,882,,A,Euro area - Real - Broad (64 economies),2013-02,102.17,A,F,
M,R,B,XM,882,,A,Euro area - Real - Broad (64 economies),2013-03,101.72,A,F,
M,R,B,XM,882,,A,Euro area - Real - Broad (64 economies),2013-04,101.74,A,F,
M,R,B,XM,882,,A,Euro area - Real - Broad (64 economies),2013-05,101.98,A,F,
M,R,B,XM,882,,A,Euro area - Real - Broad (64 economies),2013-06,103.86,A,F,
M,R,B,XM,882,,A,Euro area - Real - Broad (64 economies),2013-07,103.15,A,F,
M,R,B,XM,882,,A,Euro area - Real - Broad (64 economies),2013-08,104.43,A,F,
M,R,B,XM,882,,A,Euro area - Real - Broad (64 economies),2013-09,104.52,A,F,
M,R,B,XM,882,,A,Euro area - Real - Broad (64 economies),2013-10,105.13,A,F,
M,R,B,XM,882,,A,Euro area - Real - Broad (64 economies),2013-11,104.95,A,F,
M,R,B,XM,882,,A,Euro area - Real - Broad (64 economies),2013-12,106.68,A,F,
M,R,B,XM,882,,A,Euro area - Real - Broad (64 economies),2014-01,105.25,A,F,
M,R,B,XM,882,,A,Euro area - Real - Broad (64 economies),2014-02,105.51,A,F,
M,R,B,XM,882,,A,Euro area - Real - Broad (64 economies),2014-03,107.44,A,F,
M,R,B,XM,882,,A,Euro area - Real - Broad (64 economies),2014-04,106.96,A,F,
M,R,B,XM,882,,A,Euro area - Real - Broad (64 economies),2014-05,105.84,A,F,
M,R,B,XM,882,,A,Euro area - Real - Broad (64 economies),2014-06,104.98,A,F,
M,R,B,XM,882,,A,Euro area - Real - Broad (64 economies),2014-07,103.78,A,F,
M,R,B,XM,882,,A,Euro area - Real - Broad (64 economies),2014-08,103.18,A,F,
M,R,B,XM,882,,A,Euro area - Real - Broad (64 economies),2014-09,101.81,A,F,
M,R,B,XM,882,,A,Euro area - Real - Broad (64 economies),2014-10,101.05,A,F,
M,R,B,XM,882,,A,Euro area - Real - Broad (64 economies),2014-11,100.98,A,F,
M,R,B,XM,882,,A,Euro area - Real - Broad (64 economies),2014-12,101.6,A,F,
M,R,B,XM,882,,A,Euro area - Real - Broad (64 economies),2015-01,96.5,A,F,
M,R,B,XM,882,,A,Euro area - Real - Broad (64 economies),2015-02,94.82,A,F,
M,R,B,XM,882,,A,Euro area - Real - Broad (64 economies),2015-03,92.85,A,F,
M,R,B,XM,882,,A,Euro area - Real - Broad (64 economies),2015-04,92.07,A,F,
M,R,B,XM,882,,A,Euro area - Real - Broad (64 economies),2015-05,94.07,A,F,
M,R,B,XM,882,,A,Euro area - Real - Broad (64 economies),2015-06,95.11,A,F,
M,R,B,XM,882,,A,Euro area - Real - Broad (64 economies),2015-07,93.58,A,F,
M,R,B,XM,882,,A,Euro area - Real - Broad (64 economies),2015-08,95.99,A,F,
M,R,B,XM,882,,A,Euro area - Real - Broad (64 economies),2015-09,97.53,A,F,
M,R,B,XM,882,,A,Euro area - Real - Broad (64 economies),2015-10,97.08,A,F,
M,R,B,XM,882,,A,Euro area - Real - Broad (64 economies),2015-11,93.86,A,F,
M,R,B,XM,882,,A,Euro area - Real - Broad (64 economies),2015-12,95.66,A,F,
M,R,B,XM,882,,A,Euro area - Real - Broad (64 economies),2016-01,95.66,A,F,
M,R,B,XM,882,,A,Euro area - Real - Broad (64 economies),2016-02,96.58,A,F,
M,R,B,XM,882,,A,Euro area - Real - Broad (64 economies),2016-03,96.69,A,F,
M,R,B,XM,882,,A,Euro area - Real - Broad (64 economies),2016-04,97.32,A,F,
M,R,B,XM,882,,A,Euro area - Real - Broad (64 economies),2016-05,98.01,A,F,
M,R,B,XM,882,,A,Euro area - Real - Broad (64 economies),2016-06,97.61,A,F,
M,R,B,XM,882,,A,Euro area - Real - Broad (64 economies),2016-07,96.82,A,F,
M,R,B,XM,882,,A,Euro area - Real - Broad (64 economies),2016-08,97.26,A,F,
M,R,B,XM,882,,A,Euro area - Real - Broad (64 economies),2016-09,97.61,A,F,
M,R,B,XM,882,,A,Euro area - Real - Broad (64 economies),2016-10,97.39,A,F,
M,R,B,XM,882,,A,Euro area - Real - Broad (64 economies),2016-11,96.62,A,F,
M,R,B,XM,882,,A,Euro area - Real - Broad (64 economies),2016-12,95.98,A,F,
M,R,B,XM,882,,A,Euro area - Real - Broad (64 economies),2017-01,95.13,A,F,
M,R,B,XM,882,,A,Euro area - Real - Broad (64 economies),2017-02,94.49,A,F,
M,R,B,XM,882,,A,Euro area - Real - Broad (64 economies),2017-03,95.6,A,F,
M,R,B,XM,882,,A,Euro area - Real - Broad (64 economies),2017-04,95.55,A,F,
M,R,B,XM,882,,A,Euro area - Real - Broad (64 economies),2017-05,97.35,A,F,
M,R,B,XM,882,,A,Euro area - Real - Broad (64 economies),2017-06,98.26,A,F,
M,R,B,XM,882,,A,Euro area - Real - Broad (64 economies),2017-07,99.38,A,F,
M,R,B,XM,882,,A,Euro area - Real - Broad (64 economies),2017-08,100.89,A,F,
M,R,B,XM,882,,A,Euro area - Real - Broad (64 economies),2017-09,101,A,F,
M,R,B,XM,882,,A,Euro area - Real - Broad (64 economies),2017-10,100.57,A,F,
M,R,B,XM,882,,A,Euro area - Real - Broad (64 economies),2017-11,100.27,A,F,
M,R,B,XM,882,,A,Euro area - Real - Broad (64 economies),2017-12,100.71,A,F,
M,R,B,XM,882,,A,Euro area - Real - Broad (64 economies),2018-01,100.19,A,F,
M,R,B,XM,882,,A,Euro area - Real - Broad (64 economies),2018-02,100.23,A,F,
M,R,B,XM,882,,A,Euro area - Real - Broad (64 economies),2018-03,101.7,A,F,
M,R,B,XM,882,,A,Euro area - Real - Broad (64 economies),2018-04,101.9,A,F,
M,R,B,XM,882,,A,Euro area - Real - Broad (64 economies),2018-05,101.15,A,F,
M,R,B,XM,882,,A,Euro area - Real - Broad (64 economies),2018-06,101.05,A,F,
M,R,B,XM,882,,A,Euro area - Real - Broad (64 economies),2018-07,101.92,A,F,
M,R,B,XM,882,,A,Euro area - Real - Broad (64 economies),2018-08,102.23,A,F,
M,R,B,XM,882,,A,Euro area - Real - Broad (64 economies),2018-09,103.29,A,F,
M,R,B,XM,882,,A,Euro area - Real - Broad (64 economies),2018-10,102.16,A,F,
M,R,B,XM,882,,A,Euro area - Real - Broad (64 economies),2018-11,100.87,A,F,
M,R,B,XM,882,,A,Euro area - Real - Broad (64 economies),2018-12,100.93,A,F,
M,R,B,XM,882,,A,Euro area - Real - Broad (64 economies),2019-01,99.27,A,F,
M,R,B,XM,882,,A,Euro area - Real - Broad (64 economies),2019-02,98.39,A,F,
M,R,B,XM,882,,A,Euro area - Real - Broad (64 economies),2019-03,98.87,A,F,
M,R,B,XM,882,,A,Euro area - Real - Broad (64 economies),2019-04,99.09,A,F,
M,R,B,XM,882,,A,Euro area - Real - Broad (64 economies),2019-05,99.64,A,F,
M,R,B,XM,882,,A,Euro area - Real - Broad (64 economies),2019-06,100.16,A,F,
M,R,B,XM,882,,A,Euro area - Real - Broad (64 economies),2019-07,98.78,A,F,
M,R,B,XM,882,,A,Euro area - Real - Broad (64 economies),2019-08,99.49,A,F,
M,R,B,XM,882,,A,Euro area - Real - Broad (64 economies),2019-09,98.74,A,F,
M,R,B,XM,882,,A,Euro area - Real - Broad (64 economies),2019-10,98.49,A,F,
M,R,B,XM,882,,A,Euro area - Real - Broad (64 economies),2019-11,97.49,A,F,
M,R,B,XM,882,,A,Euro area - Real - Broad (64 economies),2019-12,97.67,A,F,
M,R,B,XM,882,,A,Euro area - Real - Broad (64 economies),2020-01,95.74,A,F,
M,R,B,XM,882,,A,Euro area - Real - Broad (64 economies),2020-02,94.99,A,F,
M,R,B,XM,882,,A,Euro area - Real - Broad (64 economies),2020-03,99,A,F,
M,R,B,XM,882,,A,Euro area - Real - Broad (64 economies),2020-04,99.78,A,F,
M,R,B,XM,882,,A,Euro area - Real - Broad (64 economies),2020-05,99.84,A,F,
M,R,B,XM,882,,A,Euro area - Real - Broad (64 economies),2020-06,100.96,A,F,
M,R,B,XM,882,,A,Euro area - Real - Broad (64 economies),2020-07,101.02,A,F,
M,R,B,XM,882,,A,Euro area - Real - Broad (64 economies),2020-08,101.98,A,F,
M,R,B,XM,882,,A,Euro area - Real - Broad (64 economies),2020-09,101.97,A,F,
M,R,B,XM,882,,A,Euro area - Real - Broad (64 economies),2020-10,101.97,A,F,
M,R,B,XM,882,,A,Euro area - Real - Broad (64 economies),2020-11,100.89,A,F,
M,R,B,XM,882,,A,Euro area - Real - Broad (64 economies),2020-12,101.88,A,F,
M,R,B,XM,882,,A,Euro area - Real - Broad (64 economies),2021-01,100.97,A,F,
M,R,B,XM,882,,A,Euro area - Real - Broad (64 economies),2021-02,99.85,A,F,
M,R,B,XM,882,,A,Euro area - Real - Broad (64 economies),2021-03,100.78,A,F,
M,R,B,XM,882,,A,Euro area - Real - Broad (64 economies),2021-04,101.46,A,F,
M,R,B,XM,882,,A,Euro area - Real - Broad (64 economies),2021-05,101.67,A,F,
M,R,B,XM,882,,A,Euro area - Real - Broad (64 economies),2021-06,101.04,A,F,
M,R,B,XM,882,,A,Euro area - Real - Broad (64 economies),2021-07,100.07,A,F,
M,R,B,XM,882,,A,Euro area - Real - Broad (64 economies),2021-08,99.68,A,F,
M,R,B,XM,882,,A,Euro area - Real - Broad (64 economies),2021-09,99.78,A,F,
M,R,B,XM,882,,A,Euro area - Real - Broad (64 economies),2021-10,99.27,A,F,
M,R,B,XM,882,,A,Euro area - Real - Broad (64 economies),2021-11,98.78,A,F,
M,R,B,XM,882,,A,Euro area - Real - Broad (64 economies),2021-12,98.79,A,F,
M,R,B,XM,882,,A,Euro area - Real - Broad (64 economies),2022-01,97.48,A,F,
M,R,B,XM,882,,A,Euro area - Real - Broad (64 economies),2022-02,97.71,A,F,
M,R,B,XM,882,,A,Euro area - Real - Broad (64 economies),2022-03,98.62,A,F,
M,R,B,XM,882,,A,Euro area - Real - Broad (64 economies),2022-04,96.7,A,F,
M,R,B,XM,882,,A,Euro area - Real - Broad (64 economies),2022-05,97.17,A,F,
M,R,B,XM,882,,A,Euro area - Real - Broad (64 economies),2022-06,97.45,A,F,
M,R,B,XM,882,,A,Euro area - Real - Broad (64 economies),2022-07,95.43,A,F,
M,R,B,XM,882,,A,Euro area - Real - Broad (64 economies),2022-08,95.33,A,F,
M,R,B,XM,882,,A,Euro area - Real - Broad (64 economies),2022-09,96.15,A,F,
M,R,B,XM,882,,A,Euro area - Real - Broad (64 economies),2022-10,97.97,A,F,
M,R,B,XM,882,,A,Euro area - Real - Broad (64 economies),2022-11,98.8,A,F,
M,R,B,XM,882,,A,Euro area - Real - Broad (64 economies),2022-12,99.43,A,F,
M,R,B,XM,882,,A,Euro area - Real - Broad (64 economies),2023-01,98.19,A,F,
M,R,B,XM,882,,A,Euro area - Real - Broad (64 economies),2023-02,98.36,A,F,
M,R,B,XM,882,,A,Euro area - Real - Broad (64 economies),2023-03,99.24,A,F,
M,R,B,XM,882,,A,Euro area - Real - Broad (64 economies),2023-04,100.72,A,F,
M,R,B,XM,882,,A,Euro area - Real - Broad (64 economies),2023-05,100.45,A,F,
M,R,B,XM,882,,A,Euro area - Real - Broad (64 economies),2023-06,101.39,A,F,
M,R,B,XM,882,,A,Euro area - Real - Broad (64 economies),2023-07,102.39,A,F,
M,R,B,XM,882,,A,Euro area - Real - Broad (64 economies),2023-08,102.37,A,F,
M,R,B,XM,882,,A,Euro area - Real - Broad (64 economies),2023-09,101.94,A,F,
M,R,B,XM,882,,A,Euro area - Real - Broad (64 economies),2023-10,101.43,A,F,
M,R,B,XM,882,,A,Euro area - Real - Broad (64 economies),2023-11,101.41,A,F,
M,R,B,XM,882,,A,Euro area - Real - Broad (64 economies),2023-12,101.09,A,F,
M,R,B,XM,882,,A,Euro area - Real - Broad (64 economies),2024-01,100.63,A,F,
M,R,B,XM,882,,A,Euro area - Real - Broad (64 economies),2024-02,100.26,A,F,
M,R,B,XM,882,,A,Euro area - Real - Broad (64 economies),2024-03,101.68,A,F,
M,R,B,XM,882,,A,Euro area - Real - Broad (64 economies),2024-04,101.7,A,F,
M,R,B,XM,882,,A,Euro area - Real - Broad (64 economies),2024-05,101.9,A,F,
M,R,B,XM,882,,A,Euro area - Real - Broad (64 economies),2024-06,101.79,A,F,
M,R,B,XM,882,,A,Euro area - Real - Broad (64 economies),2024-07,101.83,A,F,
M,R,B,XM,882,,A,Euro area - Real - Broad (64 economies),2024-08,101.78,A,F,
M,R,B,XM,882,,A,Euro area - Real - Broad (64 economies),2024-09,101.43,A,F,
M,R,B,XM,882,,A,Euro area - Real - Broad (64 economies),2024-10,101.03,A,F,
M,R,B,XM,882,,A,Euro area - Real - Broad (64 economies),2024-11,100.09,A,F,
M,R,B,XM,882,,A,Euro area - Real - Broad (64 economies),2024-12,99.65,A,F,
M,R,B,XM,882,,A,Euro area - Real - Broad (64 economies),2025-01,98.52,A,F,
M,R,B,XM,882,,A,Euro area - Real - Broad (64 economies),2025-02,98.12,A,F,
M,R,B,XM,882,,A,Euro area - Real - Broad (64 economies),2025-03,100.68,A,F,
M,R,B,XM,882,,A,Euro area - Real - Broad (64 economies),2025-04,103.57,A,F,
M,R,B,XM,882,,A,Euro area - Real - Broad (64 economies),2025-05,102.76,A,F,
M,R,B,XM,882,,A,Euro area - Real - Broad (64 economies),2025-06,103.89,A,F,
M,R,B,XM,882,,A,Euro area - Real - Broad (64 economies),2025-07,104.42,A,F,
M,R,B,XM,882,,A,Euro area - Real - Broad (64 economies),2025-08,104.35,A,F,
M,R,B,XM,882,,A,Euro area - Real - Broad (64 economies),2025-09,104.59,A,F,
M,R,B,XM,882,,A,Euro area - Real - Broad (64 economies),2025-10,104.17,A,F,
M,R,B,XM,882,,A,Euro area - Real - Broad (64 economies),2025-11,103.68,A,F,
M,R,B,XM,882,,A,Euro area - Real - Broad (64 economies),2025-12,104.17,A,F,
M,R,B,XM,882,,A,Euro area - Real - Broad (64 economies),2026-01,102.97,A,F,
M,R,B,XM,882,,A,Euro area - Real - Broad (64 economies),2026-02,102.8,A,F,
M,R,B,XM,882,,A,Euro area - Real - Broad (64 economies),2026-03,103.1,A,F,
M,R,B,XM,882,,A,Euro area - Real - Broad (64 economies),2026-04,103.93,A,F,
M,R,B,XM,882,,A,Euro area - Real - Broad (64 economies),2026-05,103.38,A,F,
M,R,B,XM,882,,A,Euro area - Real - Broad (64 economies),2026-06,102.71,A,F,
M,R,B,XM,882,,A,Euro area - Real - Broad (64 economies),2026-07,102.55,A,F,
M,R,B,XM,882,,A,Euro area - Real - Broad (64 economies),2026-08,103.34,A,F,
M,R,B,US,882,,A,United States - Real - Broad (64 economies),1994-01,88.66,A,F,
M,R,B,US,882,,A,United States - Real - Broad (64 economies),1994-02,88.17,A,F,
M,R,B,US,882,,A,United States - Real - Broad (64 economies),1994-03,88.27,A,F,
M,R,B,US,882,,A,United States - Real - Broad (64 economies),1994-04,88.18,A,F,
M,R,B,US,882,,A,United States - Real - Broad (64 economies),1994-05,87.42,A,F,
M,R,B,US,882,,A,United States - Real - Broad (64 economies),1994-06,87.1,A,F,
M,R,B,US,882,,A,United States - Real - Broad (64 economies),1994-07,85.91,A,F,
M,R,B,US,882,,A,United States - Real - Broad (64 economies),1994-08,85.7,A,F,
M,R,B,US,882,,A,United States - Real - Broad (64 economies),1994-09,84.74,A,F,
M,R,B,US,882,,A,United States - Real - Broad (64 economies),1994-10,84.05,A,F,
M,R,B,US,882,,A,United States - Real - Broad (64 economies),1994-11,84.23,A,F,
M,R,B,US,882,,A,United States - Real - Broad (64 economies),1994-12,86.1,A,F,
M,R,B,US,882,,A,United States - Real - Broad (64 economies),1995-01,88.01,A,F,
M,R,B,US,882,,A,United States - Real - Broad (64 economies),1995-02,87.22,A,F,
M,R,B,US,882,,A,United States - Real - Broad (64 economies),1995-03,86,A,F,
M,R,B,US,882,,A,United States - Real - Broad (64 economies),1995-04,82.6,A,F,
M,R,B,US,882,,A,United States - Real - Broad (64 economies),1995-05,82.16,A,F,
M,R,B,US,882,,A,United States - Real - Broad (64 economies),1995-06,82.21,A,F,
M,R,B,US,882,,A,United States - Real - Broad (64 economies),1995-07,82.17,A,F,
M,R,B,US,882,,A,United States - Real - Broad (64 economies),1995-08,84.22,A,F,
M,R,B,US,882,,A,United States - Real - Broad (64 economies),1995-09,85.21,A,F,
M,R,B,US,882,,A,United States - Real - Broad (64 economies),1995-10,85.22,A,F,
M,R,B,US,882,,A,United States - Real - Broad (64 economies),1995-11,86.15,A,F,
M,R,B,US,882,,A,United States - Real - Broad (64 economies),1995-12,86.34,A,F,
M,R,B,US,882,,A,United States - Real - Broad (64 economies),1996-01,86.78,A,F,
M,R,B,US,882,,A,United States - Real - Broad (64 economies),1996-02,86.76,A,F,
M,R,B,US,882,,A,United States - Real - Broad (64 economies),1996-03,86.81,A,F,
M,R,B,US,882,,A,United States - Real - Broad (64 economies),1996-04,86.66,A,F,
M,R,B,US,882,,A,United States - Real - Broad (64 economies),1996-05,86.76,A,F,
M,R,B,US,882,,A,United States - Real - Broad (64 economies),1996-06,87.07,A,F,
M,R,B,US,882,,A,United States - Real - Broad (64 economies),1996-07,87.12,A,F,
M,R,B,US,882,,A,United States - Real - Broad (64 economies),1996-08,86.49,A,F,
M,R,B,US,882,,A,United States - Real - Broad (64 economies),1996-09,86.82,A,F,
M,R,B,US,882,,A,United States - Real - Broad (64 economies),1996-10,87.36,A,F,
M,R,B,US,882,,A,United States - Real - Broad (64 economies),1996-11,86.95,A,F,
M,R,B,US,882,,A,United States - Real - Broad (64 economies),1996-12,87.46,A,F,
M,R,B,US,882,,A,United States - Real - Broad (64 economies),1997-01,88.2,A,F,
M,R,B,US,882,,A,United States - Real - Broad (64 economies),1997-02,89.7,A,F,
M,R,B,US,882,,A,United States - Real - Broad (64 economies),1997-03,90.56,A,F,
M,R,B,US,882,,A,United States - Real - Broad (64 economies),1997-04,90.77,A,F,
M,R,B,US,882,,A,United States - Real - Broad (64 economies),1997-05,89.46,A,F,
M,R,B,US,882,,A,United States - Real - Broad (64 economies),1997-06,89.15,A,F,
M,R,B,US,882,,A,United States - Real - Broad (64 economies),1997-07,90.09,A,F,
M,R,B,US,882,,A,United States - Real - Broad (64 economies),1997-08,91.63,A,F,
M,R,B,US,882,,A,United States - Real - Broad (64 economies),1997-09,91.77,A,F,
M,R,B,US,882,,A,United States - Real - Broad (64 economies),1997-10,92.25,A,F,
M,R,B,US,882,,A,United States - Real - Broad (64 economies),1997-11,93.77,A,F,
M,R,B,US,882,,A,United States - Real - Broad (64 economies),1997-12,96.74,A,F,
M,R,B,US,882,,A,United States - Real - Broad (64 economies),1998-01,99.12,A,F,
M,R,B,US,882,,A,United States - Real - Broad (64 economies),1998-02,97.63,A,F,
M,R,B,US,882,,A,United States - Real - Broad (64 economies),1998-03,97.23,A,F,
M,R,B,US,882,,A,United States - Real - Broad (64 economies),1998-04,97.05,A,F,
M,R,B,US,882,,A,United States - Real - Broad (64 economies),1998-05,97.76,A,F,
M,R,B,US,882,,A,United States - Real - Broad (64 economies),1998-06,99.9,A,F,
M,R,B,US,882,,A,United States - Real - Broad (64 economies),1998-07,100.33,A,F,
M,R,B,US,882,,A,United States - Real - Broad (64 economies),1998-08,102.08,A,F,
M,R,B,US,882,,A,United States - Real - Broad (64 economies),1998-09,100.34,A,F,
M,R,B,US,882,,A,United States - Real - Broad (64 economies),1998-10,97.36,A,F,
M,R,B,US,882,,A,United States - Real - Broad (64 economies),1998-11,97.05,A,F,
M,R,B,US,882,,A,United States - Real - Broad (64 economies),1998-12,96.13,A,F,
M,R,B,US,882,,A,United States - Real - Broad (64 economies),1999-01,96.19,A,F,
M,R,B,US,882,,A,United States - Real - Broad (64 economies),1999-02,97.21,A,F,
M,R,B,US,882,,A,United States - Real - Broad (64 economies),1999-03,98.41,A,F,
M,R,B,US,882,,A,United States - Real - Broad (64 economies),1999-04,98.11,A,F,
M,R,B,US,882,,A,United States - Real - Broad (64 economies),1999-05,97.86,A,F,
M,R,B,US,882,,A,United States - Real - Broad (64 economies),1999-06,98.42,A,F,
M,R,B,US,882,,A,United States - Real - Broad (64 economies),1999-07,98.73,A,F,
M,R,B,US,882,,A,United States - Real - Broad (64 economies),1999-08,97.61,A,F,
M,R,B,US,882,,A,United States - Real - Broad (64 economies),1999-09,96.98,A,F,
M,R,B,US,882,,A,United States - Real - Broad (64 economies),1999-10,96.57,A,F,
M,R,B,US,882,,A,United States - Real - Broad (64 economies),1999-11,96.78,A,F,
M,R,B,US,882,,A,United States - Real - Broad (64 economies),1999-12,96.69,A,F,
M,R,B,US,882,,A,United States - Real - Broad (64 economies),2000-01,96.51,A,F,
M,R,B,US,882,,A,United States - Real - Broad (64 economies),2000-02,97.89,A,F,
M,R,B,US,882,,A,United States - Real - Broad (64 economies),2000-03,98.5,A,F,
M,R,B,US,882,,A,United States - Real - Broad (64 economies),2000-04,98.96,A,F,
M,R,B,US,882,,A,United States - Real - Broad (64 economies),2000-05,101.3,A,F,
M,R,B,US,882,,A,United States - Real - Broad (64 economies),2000-06,100.52,A,F,
M,R,B,US,882,,A,United States - Real - Broad (64 economies),2000-07,100.71,A,F,
M,R,B,US,882,,A,United States - Real - Broad (64 economies),2000-08,101.25,A,F,
M,R,B,US,882,,A,United States - Real - Broad (64 economies),2000-09,102.3,A,F,
M,R,B,US,882,,A,United States - Real - Broad (64 economies),2000-10,103.86,A,F,
M,R,B,US,882,,A,United States - Real - Broad (64 economies),2000-11,104.37,A,F,
M,R,B,US,882,,A,United States - Real - Broad (64 economies),2000-12,103.25,A,F,
M,R,B,US,882,,A,United States - Real - Broad (64 economies),2001-01,103.7,A,F,
M,R,B,US,882,,A,United States - Real - Broad (64 economies),2001-02,104.55,A,F,
M,R,B,US,882,,A,United States - Real - Broad (64 economies),2001-03,106.28,A,F,
M,R,B,US,882,,A,United States - Real - Broad (64 economies),2001-04,107.04,A,F,
M,R,B,US,882,,A,United States - Real - Broad (64 economies),2001-05,106.89,A,F,
M,R,B,US,882,,A,United States - Real - Broad (64 economies),2001-06,107.69,A,F,
M,R,B,US,882,,A,United States - Real - Broad (64 economies),2001-07,108,A,F,
M,R,B,US,882,,A,United States - Real - Broad (64 economies),2001-08,106.13,A,F,
M,R,B,US,882,,A,United States - Real - Broad (64 economies),2001-09,106.56,A,F,
M,R,B,US,882,,A,United States - Real - Broad (64 economies),2001-10,106.84,A,F,
M,R,B,US,882,,A,United States - Real - Broad (64 economies),2001-11,107.37,A,F,
M,R,B,US,882,,A,United States - Real - Broad (64 economies),2001-12,106.94,A,F,
M,R,B,US,882,,A,United States - Real - Broad (64 economies),2002-01,108.04,A,F,
M,R,B,US,882,,A,United States - Real - Broad (64 economies),2002-02,108.72,A,F,
M,R,B,US,882,,A,United States - Real - Broad (64 economies),2002-03,108.47,A,F,
M,R,B,US,882,,A,United States - Real - Broad (64 economies),2002-04,108.21,A,F,
M,R,B,US,882,,A,United States - Real - Broad (64 economies),2002-05,106.71,A,F,
M,R,B,US,882,,A,United States - Real - Broad (64 economies),2002-06,105.49,A,F,
M,R,B,US,882,,A,United States - Real - Broad (64 economies),2002-07,104.06,A,F,
M,R,B,US,882,,A,United States - Real - Broad (64 economies),2002-08,105.3,A,F,
M,R,B,US,882,,A,United States - Real - Broad (64 economies),2002-09,105.8,A,F,
M,R,B,US,882,,A,United States - Real - Broad (64 economies),2002-10,106.55,A,F,
M,R,B,US,882,,A,United States - Real - Broad (64 economies),2002-11,105.2,A,F,
M,R,B,US,882,,A,United States - Real - Broad (64 economies),2002-12,104.26,A,F,
M,R,B,US,882,,A,United States - Real - Broad (64 economies),2003-01,102.9,A,F,
M,R,B,US,882,,A,United States - Real - Broad (64 economies),2003-02,103.23,A,F,
M,R,B,US,882,,A,United States - Real - Broad (64 economies),2003-03,103.09,A,F,
M,R,B,US,882,,A,United States - Real - Broad (64 economies),2003-04,102.08,A,F,
M,R,B,US,882,,A,United States - Real - Broad (64 economies),2003-05,98.45,A,F,
M,R,B,US,882,,A,United States - Real - Broad (64 economies),2003-06,98.42,A,F,
M,R,B,US,882,,A,United States - Real - Broad (64 economies),2003-07,99.5,A,F,
M,R,B,US,882,,A,United States - Real - Broad (64 economies),2003-08,100.85,A,F,
M,R,B,US,882,,A,United States - Real - Broad (64 economies),2003-09,99.75,A,F,
M,R,B,US,882,,A,United States - Real - Broad (64 economies),2003-10,97.46,A,F,
M,R,B,US,882,,A,United States - Real - Broad (64 economies),2003-11,96.77,A,F,
M,R,B,US,882,,A,United States - Real - Broad (64 economies),2003-12,95.1,A,F,
M,R,B,US,882,,A,United States - Real - Broad (64 economies),2004-01,93.74,A,F,
M,R,B,US,882,,A,United States - Real - Broad (64 economies),2004-02,94.41,A,F,
M,R,B,US,882,,A,United States - Real - Broad (64 economies),2004-03,95.66,A,F,
M,R,B,US,882,,A,United States - Real - Broad (64 economies),2004-04,96.36,A,F,
M,R,B,US,882,,A,United States - Real - Broad (64 economies),2004-05,98.24,A,F,
M,R,B,US,882,,A,United States - Real - Broad (64 economies),2004-06,97.57,A,F,
M,R,B,US,882,,A,United States - Real - Broad (64 economies),2004-07,96.66,A,F,
M,R,B,US,882,,A,United States - Real - Broad (64 economies),2004-08,96.73,A,F,
M,R,B,US,882,,A,United States - Real - Broad (64 economies),2004-09,96.17,A,F,
M,R,B,US,882,,A,United States - Real - Broad (64 economies),2004-10,95.02,A,F,
M,R,B,US,882,,A,United States - Real - Broad (64 economies),2004-11,92.39,A,F,
M,R,B,US,882,,A,United States - Real - Broad (64 economies),2004-12,90.88,A,F,
M,R,B,US,882,,A,United States - Real - Broad (64 economies),2005-01,91.58,A,F,
M,R,B,US,882,,A,United States - Real - Broad (64 economies),2005-02,91.75,A,F,
M,R,B,US,882,,A,United States - Real - Broad (64 economies),2005-03,91.67,A,F,
M,R,B,US,882,,A,United States - Real - Broad (64 economies),2005-04,92.93,A,F,
M,R,B,US,882,,A,United States - Real - Broad (64 economies),2005-05,93.17,A,F,
M,R,B,US,882,,A,United States - Real - Broad (64 economies),2005-06,94.27,A,F,
M,R,B,US,882,,A,United States - Real - Broad (64 economies),2005-07,94.89,A,F,
M,R,B,US,882,,A,United States - Real - Broad (64 economies),2005-08,93.91,A,F,
M,R,B,US,882,,A,United States - Real - Broad (64 economies),2005-09,94.49,A,F,
M,R,B,US,882,,A,United States - Real - Broad (64 economies),2005-10,95.59,A,F,
M,R,B,US,882,,A,United States - Real - Broad (64 economies),2005-11,95.53,A,F,
M,R,B,US,882,,A,United States - Real - Broad (64 economies),2005-12,94.36,A,F,
M,R,B,US,882,,A,United States - Real - Broad (64 economies),2006-01,93.49,A,F,
M,R,B,US,882,,A,United States - Real - Broad (64 economies),2006-02,93.63,A,F,
M,R,B,US,882,,A,United States - Real - Broad (64 economies),2006-03,94.2,A,F,
M,R,B,US,882,,A,United States - Real - Broad (64 economies),2006-04,93.93,A,F,
M,R,B,US,882,,A,United States - Real - Broad (64 economies),2006-05,92.26,A,F,
M,R,B,US,882,,A,United States - Real - Broad (64 economies),2006-06,93.72,A,F,
M,R,B,US,882,,A,United States - Real - Broad (64 economies),2006-07,93.68,A,F,
M,R,B,US,882,,A,United States - Real - Broad (64 economies),2006-08,93,A,F,
M,R,B,US,882,,A,United States - Real - Broad (64 economies),2006-09,92.62,A,F,
M,R,B,US,882,,A,United States - Real - Broad (64 economies),2006-10,92.42,A,F,
M,R,B,US,882,,A,United States - Real - Broad (64 economies),2006-11,91.3,A,F,
M,R,B,US,882,,A,United States - Real - Broad (64 economies),2006-12,90.22,A,F,
M,R,B,US,882,,A,United States - Real - Broad (64 economies),2007-01,91.43,A,F,
M,R,B,US,882,,A,United States - Real - Broad (64 economies),2007-02,91.21,A,F,
M,R,B,US,882,,A,United States - Real - Broad (64 economies),2007-03,91.29,A,F,
M,R,B,US,882,,A,United States - Real - Broad (64 economies),2007-04,90.36,A,F,
M,R,B,US,882,,A,United States - Real - Broad (64 economies),2007-05,89.98,A,F,
M,R,B,US,882,,A,United States - Real - Broad (64 economies),2007-06,89.88,A,F,
M,R,B,US,882,,A,United States - Real - Broad (64 economies),2007-07,88.5,A,F,
M,R,B,US,882,,A,United States - Real - Broad (64 economies),2007-08,88.47,A,F,
M,R,B,US,882,,A,United States - Real - Broad (64 economies),2007-09,87.2,A,F,
M,R,B,US,882,,A,United States - Real - Broad (64 economies),2007-10,85.3,A,F,
M,R,B,US,882,,A,United States - Real - Broad (64 economies),2007-11,84.03,A,F,
M,R,B,US,882,,A,United States - Real - Broad (64 economies),2007-12,84.41,A,F,
M,R,B,US,882,,A,United States - Real - Broad (64 economies),2008-01,83.89,A,F,
M,R,B,US,882,,A,United States - Real - Broad (64 economies),2008-02,82.74,A,F,
M,R,B,US,882,,A,United States - Real - Broad (64 economies),2008-03,81.48,A,F,
M,R,B,US,882,,A,United States - Real - Broad (64 economies),2008-04,81.25,A,F,
M,R,B,US,882,,A,United States - Real - Broad (64 economies),2008-05,81.87,A,F,
M,R,B,US,882,,A,United States - Real - Broad (64 economies),2008-06,82.39,A,F,
M,R,B,US,882,,A,United States - Real - Broad (64 economies),2008-07,81.9,A,F,
M,R,B,US,882,,A,United States - Real - Broad (64 economies),2008-08,83.56,A,F,
M,R,B,US,882,,A,United States - Real - Broad (64 economies),2008-09,85.32,A,F,
M,R,B,US,882,,A,United States - Real - Broad (64 economies),2008-10,90.14,A,F,
M,R,B,US,882,,A,United States - Real - Broad (64 economies),2008-11,91.06,A,F,
M,R,B,US,882,,A,United States - Real - Broad (64 economies),2008-12,89.54,A,F,
M,R,B,US,882,,A,United States - Real - Broad (64 economies),2009-01,90.47,A,F,
M,R,B,US,882,,A,United States - Real - Broad (64 economies),2009-02,92.91,A,F,
M,R,B,US,882,,A,United States - Real - Broad (64 economies),2009-03,93.46,A,F,
M,R,B,US,882,,A,United States - Real - Broad (64 economies),2009-04,91.26,A,F,
M,R,B,US,882,,A,United States - Real - Broad (64 economies),2009-05,88.69,A,F,
M,R,B,US,882,,A,United States - Real - Broad (64 economies),2009-06,88.34,A,F,
M,R,B,US,882,,A,United States - Real - Broad (64 economies),2009-07,87.96,A,F,
M,R,B,US,882,,A,United States - Real - Broad (64 economies),2009-08,86.74,A,F,
M,R,B,US,882,,A,United States - Real - Broad (64 economies),2009-09,85.97,A,F,
M,R,B,US,882,,A,United States - Real - Broad (64 economies),2009-10,84.74,A,F,
M,R,B,US,882,,A,United States - Real - Broad (64 economies),2009-11,84.15,A,F,
M,R,B,US,882,,A,United States - Real - Broad (64 economies),2009-12,84.1,A,F,
M,R,B,US,882,,A,United States - Real - Broad (64 economies),2010-01,84.36,A,F,
M,R,B,US,882,,A,United States - Real - Broad (64 economies),2010-02,85.15,A,F,
M,R,B,US,882,,A,United States - Real - Broad (64 economies),2010-03,84.66,A,F,
M,R,B,US,882,,A,United States - Real - Broad (64 economies),2010-04,84.2,A,F,
M,R,B,US,882,,A,United States - Real - Broad (64 economies),2010-05,86.72,A,F,
M,R,B,US,882,,A,United States - Real - Broad (64 economies),2010-06,87.35,A,F,
M,R,B,US,882,,A,United States - Real - Broad (64 economies),2010-07,85.84,A,F,
M,R,B,US,882,,A,United States - Real - Broad (64 economies),2010-08,84.95,A,F,
M,R,B,US,882,,A,United States - Real - Broad (64 economies),2010-09,83.93,A,F,
M,R,B,US,882,,A,United States - Real - Broad (64 economies),2010-10,81.24,A,F,
M,R,B,US,882,,A,United States - Real - Broad (64 economies),2010-11,81.2,A,F,
M,R,B,US,882,,A,United States - Real - Broad (64 economies),2010-12,81.69,A,F,
M,R,B,US,882,,A,United States - Real - Broad (64 economies),2011-01,80.9,A,F,
M,R,B,US,882,,A,United States - Real - Broad (64 economies),2011-02,80.23,A,F,
M,R,B,US,882,,A,United States - Real - Broad (64 economies),2011-03,79.87,A,F,
M,R,B,US,882,,A,United States - Real - Broad (64 economies),2011-04,78.82,A,F,
M,R,B,US,882,,A,United States - Real - Broad (64 economies),2011-05,78.98,A,F,
M,R,B,US,882,,A,United States - Real - Broad (64 economies),2011-06,78.95,A,F,
M,R,B,US,882,,A,United States - Real - Broad (64 economies),2011-07,78.42,A,F,
M,R,B,US,882,,A,United States - Real - Broad (64 economies),2011-08,78.84,A,F,
M,R,B,US,882,,A,United States - Real - Broad (64 economies),2011-09,80.96,A,F,
M,R,B,US,882,,A,United States - Real - Broad (64 economies),2011-10,81.45,A,F,
M,R,B,US,882,,A,United States - Real - Broad (64 economies),2011-11,81.77,A,F,
M,R,B,US,882,,A,United States - Real - Broad (64 economies),2011-12,82.09,A,F,
M,R,B,US,882,,A,United States - Real - Broad (64 economies),2012-01,81.81,A,F,
M,R,B,US,882,,A,United States - Real - Broad (64 economies),2012-02,80.49,A,F,
M,R,B,US,882,,A,United States - Real - Broad (64 economies),2012-03,81.21,A,F,
M,R,B,US,882,,A,United States - Real - Broad (64 economies),2012-04,81.55,A,F,
M,R,B,US,882,,A,United States - Real - Broad (64 economies),2012-05,83,A,F,
M,R,B,US,882,,A,United States - Real - Broad (64 economies),2012-06,84.18,A,F,
M,R,B,US,882,,A,United States - Real - Broad (64 economies),2012-07,83.62,A,F,
M,R,B,US,882,,A,United States - Real - Broad (64 economies),2012-08,83.05,A,F,
M,R,B,US,882,,A,United States - Real - Broad (64 economies),2012-09,81.79,A,F,
M,R,B,US,882,,A,United States - Real - Broad (64 economies),2012-10,81.31,A,F,
M,R,B,US,882,,A,United States - Real - Broad (64 economies),2012-11,81.47,A,F,
M,R,B,US,882,,A,United States - Real - Broad (64 economies),2012-12,80.49,A,F,
M,R,B,US,882,,A,United States - Real - Broad (64 economies),2013-01,80.69,A,F,
M,R,B,US,882,,A,United States - Real - Broad (64 economies),2013-02,81.37,A,F,
M,R,B,US,882,,A,United States - Real - Broad (64 economies),2013-03,82.26,A,F,
M,R,B,US,882,,A,United States - Real - Broad (64 economies),2013-04,81.78,A,F,
M,R,B,US,882,,A,United States - Real - Broad (64 economies),2013-05,82.37,A,F,
M,R,B,US,882,,A,United States - Real - Broad (64 economies),2013-06,83.05,A,F,
M,R,B,US,882,,A,United States - Real - Broad (64 economies),2013-07,83.5,A,F,
M,R,B,US,882,,A,United States - Real - Broad (64 economies),2013-08,83.25,A,F,
M,R,B,US,882,,A,United States - Real - Broad (64 economies),2013-09,82.85,A,F,
M,R,B,US,882,,A,United States - Real - Broad (64 economies),2013-10,81.68,A,F,
M,R,B,US,882,,A,United States - Real - Broad (64 economies),2013-11,82.09,A,F,
M,R,B,US,882,,A,United States - Real - Broad (64 economies),2013-12,82.04,A,F,
M,R,B,US,882,,A,United States - Real - Broad (64 economies),2014-01,82.95,A,F,
M,R,B,US,882,,A,United States - Real - Broad (64 economies),2014-02,83.03,A,F,
M,R,B,US,882,,A,United States - Real - Broad (64 economies),2014-03,83.32,A,F,
M,R,B,US,882,,A,United States - Real - Broad (64 economies),2014-04,83.16,A,F,
M,R,B,US,882,,A,United States - Real - Broad (64 economies),2014-05,83.08,A,F,
M,R,B,US,882,,A,United States - Real - Broad (64 economies),2014-06,83.36,A,F,
M,R,B,US,882,,A,United States - Real - Broad (64 economies),2014-07,83.13,A,F,
M,R,B,US,882,,A,United States - Real - Broad (64 economies),2014-08,83.6,A,F,
M,R,B,US,882,,A,United States - Real - Broad (64 economies),2014-09,84.61,A,F,
M,R,B,US,882,,A,United States - Real - Broad (64 economies),2014-10,85.38,A,F,
M,R,B,US,882,,A,United States - Real - Broad (64 economies),2014-11,86.33,A,F,
M,R,B,US,882,,A,United States - Real - Broad (64 economies),2014-12,87.75,A,F,
M,R,B,US,882,,A,United States - Real - Broad (64 economies),2015-01,89.44,A,F,
M,R,B,US,882,,A,United States - Real - Broad (64 economies),2015-02,90.54,A,F,
M,R,B,US,882,,A,United States - Real - Broad (64 economies),2015-03,92.42,A,F,
M,R,B,US,882,,A,United States - Real - Broad (64 economies),2015-04,91.91,A,F,
M,R,B,US,882,,A,United States - Real - Broad (64 economies),2015-05,91.51,A,F,
M,R,B,US,882,,A,United States - Real - Broad (64 economies),2015-06,92.38,A,F,
M,R,B,US,882,,A,United States - Real - Broad (64 economies),2015-07,93.86,A,F,
M,R,B,US,882,,A,United States - Real - Broad (64 economies),2015-08,95.17,A,F,
M,R,B,US,882,,A,United States - Real - Broad (64 economies),2015-09,95.53,A,F,
M,R,B,US,882,,A,United States - Real - Broad (64 economies),2015-10,94.61,A,F,
M,R,B,US,882,,A,United States - Real - Broad (64 economies),2015-11,95.93,A,F,
M,R,B,US,882,,A,United States - Real - Broad (64 economies),2015-12,96.41,A,F,
M,R,B,US,882,,A,United States - Real - Broad (64 economies),2016-01,98.72,A,F,
M,R,B,US,882,,A,United States - Real - Broad (64 economies),2016-02,97.33,A,F,
M,R,B,US,882,,A,United States - Real - Broad (64 economies),2016-03,95.71,A,F,
M,R,B,US,882,,A,United States - Real - Broad (64 economies),2016-04,94.47,A,F,
M,R,B,US,882,,A,United States - Real - Broad (64 economies),2016-05,95.8,A,F,
M,R,B,US,882,,A,United States - Real - Broad (64 economies),2016-06,96.42,A,F,
M,R,B,US,882,,A,United States - Real - Broad (64 economies),2016-07,96.83,A,F,
M,R,B,US,882,,A,United States - Real - Broad (64 economies),2016-08,95.97,A,F,
M,R,B,US,882,,A,United States - Real - Broad (64 economies),2016-09,96.59,A,F,
M,R,B,US,882,,A,United States - Real - Broad (64 economies),2016-10,97.37,A,F,
M,R,B,US,882,,A,United States - Real - Broad (64 economies),2016-11,99.63,A,F,
M,R,B,US,882,,A,United States - Real - Broad (64 economies),2016-12,101.14,A,F,
M,R,B,US,882,,A,United States - Real - Broad (64 economies),2017-01,101.34,A,F,
M,R,B,US,882,,A,United States - Real - Broad (64 economies),2017-02,99.82,A,F,
M,R,B,US,882,,A,United States - Real - Broad (64 economies),2017-03,99.27,A,F,
M,R,B,US,882,,A,United States - Real - Broad (64 economies),2017-04,98.53,A,F,
M,R,B,US,882,,A,United States - Real - Broad (64 economies),2017-05,98.12,A,F,
M,R,B,US,882,,A,United States - Real - Broad (64 economies),2017-06,96.83,A,F,
M,R,B,US,882,,A,United States - Real - Broad (64 economies),2017-07,95.45,A,F,
M,R,B,US,882,,A,United States - Real - Broad (64 economies),2017-08,94.26,A,F,
M,R,B,US,882,,A,United States - Real - Broad (64 economies),2017-09,93.56,A,F,
M,R,B,US,882,,A,United States - Real - Broad (64 economies),2017-10,95.01,A,F,
M,R,B,US,882,,A,United States - Real - Broad (64 economies),2017-11,94.99,A,F,
M,R,B,US,882,,A,United States - Real - Broad (64 economies),2017-12,94.37,A,F,
M,R,B,US,882,,A,United States - Real - Broad (64 economies),2018-01,92.68,A,F,
M,R,B,US,882,,A,United States - Real - Broad (64 economies),2018-02,91.67,A,F,
M,R,B,US,882,,A,United States - Real - Broad (64 economies),2018-03,92.16,A,F,
M,R,B,US,882,,A,United States - Real - Broad (64 economies),2018-04,92.41,A,F,
M,R,B,US,882,,A,United States - Real - Broad (64 economies),2018-05,95.28,A,F,
M,R,B,US,882,,A,United States - Real - Broad (64 economies),2018-06,96.89,A,F,
M,R,B,US,882,,A,United States - Real - Broad (64 economies),2018-07,97.14,A,F,
M,R,B,US,882,,A,United States - Real - Broad (64 economies),2018-08,97.62,A,F,
M,R,B,US,882,,A,United States - Real - Broad (64 economies),2018-09,97.61,A,F,
M,R,B,US,882,,A,United States - Real - Broad (64 economies),2018-10,98.15,A,F,
M,R,B,US,882,,A,United States - Real - Broad (64 economies),2018-11,99.03,A,F,
M,R,B,US,882,,A,United States - Real - Broad (64 economies),2018-12,98.54,A,F,
M,R,B,US,882,,A,United States - Real - Broad (64 economies),2019-01,97.37,A,F,
M,R,B,US,882,,A,United States - Real - Broad (64 economies),2019-02,97.09,A,F,
M,R,B,US,882,,A,United States - Real - Broad (64 economies),2019-03,97.67,A,F,
M,R,B,US,882,,A,United States - Real - Broad (64 economies),2019-04,98.01,A,F,
M,R,B,US,882,,A,United States - Real - Broad (64 economies),2019-05,99.1,A,F,
M,R,B,US,882,,A,United States - Real - Broad (64 economies),2019-06,98.73,A,F,
M,R,B,US,882,,A,United States - Real - Broad (64 economies),2019-07,98.37,A,F,
M,R,B,US,882,,A,United States - Real - Broad (64 economies),2019-08,99.96,A,F,
M,R,B,US,882,,A,United States - Real - Broad (64 economies),2019-09,100.09,A,F,
M,R,B,US,882,,A,United States - Real - Broad (64 economies),2019-10,99.41,A,F,
M,R,B,US,882,,A,United States - Real - Broad (64 economies),2019-11,98.87,A,F,
M,R,B,US,882,,A,United States - Real - Broad (64 economies),2019-12,98.11,A,F,
M,R,B,US,882,,A,United States - Real - Broad (64 economies),2020-01,97.58,A,F,
M,R,B,US,882,,A,United States - Real - Broad (64 economies),2020-02,98.71,A,F,
M,R,B,US,882,,A,United States - Real - Broad (64 economies),2020-03,102.43,A,F,
M,R,B,US,882,,A,United States - Real - Broad (64 economies),2020-04,104.59,A,F,
M,R,B,US,882,,A,United States - Real - Broad (64 economies),2020-05,103.99,A,F,
M,R,B,US,882,,A,United States - Real - Broad (64 economies),2020-06,101.81,A,F,
M,R,B,US,882,,A,United States - Real - Broad (64 economies),2020-07,101.25,A,F,
M,R,B,US,882,,A,United States - Real - Broad (64 economies),2020-08,99.92,A,F,
M,R,B,US,882,,A,United States - Real - Broad (64 economies),2020-09,99.26,A,F,
M,R,B,US,882,,A,United States - Real - Broad (64 economies),2020-10,98.53,A,F,
M,R,B,US,882,,A,United States - Real - Broad (64 economies),2020-11,96.95,A,F,
M,R,B,US,882,,A,United States - Real - Broad (64 economies),2020-12,94.98,A,F,
M,R,B,US,882,,A,United States - Real - Broad (64 economies),2021-01,94.52,A,F,
M,R,B,US,882,,A,United States - Real - Broad (64 economies),2021-02,94.89,A,F,
M,R,B,US,882,,A,United States - Real - Broad (64 economies),2021-03,96.81,A,F,
M,R,B,US,882,,A,United States - Real - Broad (64 economies),2021-04,96.84,A,F,
M,R,B,US,882,,A,United States - Real - Broad (64 economies),2021-05,96.29,A,F,
M,R,B,US,882,,A,United States - Real - Broad (64 economies),2021-06,97.26,A,F,
M,R,B,US,882,,A,United States - Real - Broad (64 economies),2021-07,98.63,A,F,
M,R,B,US,882,,A,United States - Real - Broad (64 economies),2021-08,98.82,A,F,
M,R,B,US,882,,A,United States - Real - Broad (64 economies),2021-09,98.69,A,F,
M,R,B,US,882,,A,United States - Real - Broad (64 economies),2021-10,99.6,A,F,
M,R,B,US,882,,A,United States - Real - Broad (64 economies),2021-11,100.45,A,F,
M,R,B,US,882,,A,United States - Real - Broad (64 economies),2021-12,101.15,A,F,
M,R,B,US,882,,A,United States - Real - Broad (64 economies),2022-01,100.94,A,F,
M,R,B,US,882,,A,United States - Real - Broad (64 economies),2022-02,100.89,A,F,
M,R,B,US,882,,A,United States - Real - Broad (64 economies),2022-03,102.7,A,F,
M,R,B,US,882,,A,United States - Real - Broad (64 economies),2022-04,103.37,A,F,
M,R,B,US,882,,A,United States - Real - Broad (64 economies),2022-05,106.44,A,F,
M,R,B,US,882,,A,United States - Real - Broad (64 economies),2022-06,107.65,A,F,
M,R,B,US,882,,A,United States - Real - Broad (64 economies),2022-07,109.45,A,F,
M,R,B,US,882,,A,United States - Real - Broad (64 economies),2022-08,108.94,A,F,
M,R,B,US,882,,A,United States - Real - Broad (64 economies),2022-09,111.42,A,F,
M,R,B,US,882,,A,United States - Real - Broad (64 economies),2022-10,113.14,A,F,
M,R,B,US,882,,A,United States - Real - Broad (64 economies),2022-11,110.21,A,F,
M,R,B,US,882,,A,United States - Real - Broad (64 economies),2022-12,107.33,A,F,
M,R,B,US,882,,A,United States - Real - Broad (64 economies),2023-01,105.47,A,F,
M,R,B,US,882,,A,United States - Real - Broad (64 economies),2023-02,105.94,A,F,
M,R,B,US,882,,A,United States - Real - Broad (64 economies),2023-03,106.52,A,F,
M,R,B,US,882,,A,United States - Real - Broad (64 economies),2023-04,105.65,A,F,
M,R,B,US,882,,A,United States - Real - Broad (64 economies),2023-05,106.43,A,F,
M,R,B,US,882,,A,United States - Real - Broad (64 economies),2023-06,106.99,A,F,
M,R,B,US,882,,A,United States - Real - Broad (64 economies),2023-07,105.95,A,F,
M,R,B,US,882,,A,United States - Real - Broad (64 economies),2023-08,107.34,A,F,
M,R,B,US,882,,A,United States - Real - Broad (64 economies),2023-09,108.83,A,F,
M,R,B,US,882,,A,United States - Real - Broad (64 economies),2023-10,110.16,A,F,
M,R,B,US,882,,A,United States - Real - Broad (64 economies),2023-11,108.04,A,F,
M,R,B,US,882,,A,United States - Real - Broad (64 economies),2023-12,106.23,A,F,
M,R,B,US,882,,A,United States - Real - Broad (64 economies),2024-01,106.93,A,F,
M,R,B,US,882,,A,United States - Real - Broad (64 economies),2024-02,107.58,A,F,
M,R,B,US,882,,A,United States - Real - Broad (64 economies),2024-03,107.95,A,F,
M,R,B,US,882,,A,United States - Real - Broad (64 economies),2024-04,109.29,A,F,
M,R,B,US,882,,A,United States - Real - Broad (64 economies),2024-05,109.09,A,F,
M,R,B,US,882,,A,United States - Real - Broad (64 economies),2024-06,110.61,A,F,
M,R,B,US,882,,A,United States - Real - Broad (64 economies),2024-07,109.92,A,F,
M,R,B,US,882,,A,United States - Real - Broad (64 economies),2024-08,108.86,A,F,
M,R,B,US,882,,A,United States - Real - Broad (64 economies),2024-09,108.29,A,F,
M,R,B,US,882,,A,United States - Real - Broad (64 economies),2024-10,109.47,A,F,
M,R,B,US,882,,A,United States - Real - Broad (64 economies),2024-11,111.98,A,F,
M,R,B,US,882,,A,United States - Real - Broad (64 economies),2024-12,112.85,A,F,
M,R,B,US,882,,A,United States - Real - Broad (64 economies),2025-01,114.5,A,F,
M,R,B,US,882,,A,United States - Real - Broad (64 economies),2025-02,113.71,A,F,
M,R,B,US,882,,A,United States - Real - Broad (64 economies),2025-03,112.36,A,F,
M,R,B,US,882,,A,United States - Real - Broad (64 economies),2025-04,110.86,A,F,
M,R,B,US,882,,A,United States - Real - Broad (64 economies),2025-05,109.25,A,F,
M,R,B,US,882,,A,United States - Real - Broad (64 economies),2025-06,108.04,A,F,
M,R,B,US,882,,A,United States - Real - Broad (64 economies),2025-07,107.28,A,F,
M,R,B,US,882,,A,United States - Real - Broad (64 economies),2025-08,107.94,A,F,
M,R,B,US,882,,A,United States - Real - Broad (64 economies),2025-09,107.49,A,F,
M,R,B,US,882,,A,United States - Real - Broad (64 economies),2025-10,107.69,A,F,
M,R,B,US,882,,A,United States - Real - Broad (64 economies),2025-11,108.02,A,F,
M,R,B,US,882,,A,United States - Real - Broad (64 economies),2025-12,106.71,A,F,
M,R,B,US,882,,A,United States - Real - Broad (64 economies),2026-01,106.36,A,F,
M,R,B,US,882,,A,United States - Real - Broad (64 economies),2026-02,104.94,A,F,
M,R,B,US,882,,A,United States - Real - Broad (64 economies),2026-03,107.39,A,F,
M,R,B,US,882,,A,United States - Real - Broad (64 economies),2026-04,106.97,A,F,
M,R,B,US,882,,A,United States - Real - Broad (64 economies),2026-05,107.2,A,F,
M,R,B,US,882,,A,United States - Real - Broad (64 economies),2026-06,107.83,A,F,
M,R,B,US,882,,A,United States - Real - Broad (64 economies),2026-07,108.22,A,F,
M,R,B,US,882,,A,United States - Real - Broad (64 economies),2026-08,106.7,A,F,
