FREQ,REF_AREA,CURRENCY,COLLECTION,UNIT_MULT,DECIMALS,AVAILABILITY,TITLE,TIME_PERIOD,OBS_VALUE,OBS_STATUS,OBS_PRE_BREAK,OBS_CONF
M,KR,KRW,E,0,6,A, Exchange rates against USD Korea - Won - Monthly - End of period,1957-01,50,A,,F
M,KR,KRW,E,0,6,A, Exchange rates against USD Korea - Won - Monthly - End of period,1957-02,50,A,,F
M,KR,KRW,E,0,6,A, Exchange rates against USD Korea - Won - Monthly - End of period,1957-03,50,A,,F
M,KR,KRW,E,0,6,A, Exchange rates against USD Korea - Won - Monthly - End of period,1957-04,50,A,,F
M,KR,KRW,E,0,6,A, Exchange rates against USD Korea - Won - Monthly - End of period,1957-05,50,A,,F
M,KR,KRW,E,0,6,A, Exchange rates against USD Korea - Won - Monthly - End of period,1957-06,50,A,,F
M,KR,KRW,E,0,6,A, Exchange rates against USD Korea - Won - Monthly - End of period,1957-07,50,A,,F
M,KR,KRW,E,0,6,A, Exchange rates against USD Korea - Won - Monthly - End of period,1957-08,50,A,,F
M,KR,KRW,E,0,6,A, Exchange rates against USD Korea - Won - Monthly - End of period,1957-09,50,A,,F
M,KR,KRW,E,0,6,A, Exchange rates against USD Korea - Won - Monthly - End of period,1957-10,50,A,,F
M,KR,KRW,E,0,6,A, Exchange rates against USD Korea - Won - Monthly - End of period,1957-11,50,A,,F
M,KR,KRW,E,0,6,A, Exchange rates against USD Korea - Won - Monthly - End of period,1957-12,50,A,,F
M,KR,KRW,E,0,6,A, Exchange rates against USD Korea - Won - Monthly - End of period,1958-01,50,A,,F
M,KR,KRW,E,0,6,A, Exchange rates against USD Korea - Won - Monthly - End of period,1958-02,50,A,,F
M,KR,KRW,E,0,6,A, Exchange rates against USD Korea - Won - Monthly - End of period,1958-03,50,A,,F
M,KR,KRW,E,0,6,A, Exchange rates against USD Korea - Won - Monthly - End of period,1958-04,50,A,,F
M,KR,KRW,E,0,6,A, Exchange rates against USD Korea - Won - Monthly - End of period,1958-05,50,A,,F
M,KR,KRW,E,0,6,A, Exchange rates against USD Korea - Won - Monthly - End of period,1958-06,50,A,,F
M,KR,KRW,E,0,6,A, Exchange rates against USD Korea - Won - Monthly - End of period,1958-07,50,A,,F
M,KR,KRW,E,0,6,A, Exchange rates against USD Korea - Won - Monthly - End of period,1958-08,50,A,,F
M,KR,KRW,E,0,6,A, Exchange rates against USD Korea - Won - Monthly - End of period,1958-09,50,A,,F
M,KR,KRW,E,0,6,A, Exchange rates against USD Korea - Won - Monthly - End of period,1958-10,50,A,,F
M,KR,KRW,E,0,6,A, Exchange rates against USD Korea - Won - Monthly - End of period,1958-11,50,A,,F
M,KR,KRW,E,0,6,A, Exchange rates against USD Korea - Won - Monthly - End of period,1958-12,50,A,,F
M,KR,KRW,E,0,6,A, Exchange rates against USD Korea - Won - Monthly - End of period,1959-01,50,A,,F
M,KR,KRW,E,0,6,A, Exchange rates against USD Korea - Won - Monthly - End of period,1959-02,50,A,,F
M,KR,KRW,E,0,6,A, Exchange rates against USD Korea - Won - Monthly - End of period,1959-03,50,A,,F
M,KR,KRW,E,0,6,A, Exchange rates against USD Korea - Won - Monthly - End of period,1959-04,50,A,,F
M,KR,KRW,E,0,6,A, Exchange rates against USD Korea - Won - Monthly - End of period,1959-05,50,A,,F
M,KR,KRW,E,0,6,A, Exchange rates against USD Korea - Won - Monthly - End of period,1959-06,50,A,,F
M,KR,KRW,E,0,6,A, Exchange rates against USD Korea - Won - Monthly - End of period,1959-07,50,A,,F
M,KR,KRW,E,0,6,A, Exchange rates against USD Korea - Won - Monthly - End of period,1959-08,50,A,,F
M,KR,KRW,E,0,6,A, Exchange rates against USD Korea - Won - Monthly - End of period,1959-09,50,A,,F
M,KR,KRW,E,0,6,A, Exchange rates against USD Korea - Won - Monthly - End of period,1959-10,50,A,,F
M,KR,KRW,E,0,6,A, Exchange rates against USD Korea - Won - Monthly - End of period,1959-11,50,A,,F
M,KR,KRW,E,0,6,A, Exchange rates against USD Korea - Won - Monthly - End of period,1959-12,50,A,,F
M,KR,KRW,E,0,6,A, Exchange rates against USD Korea - Won - Monthly - End of period,1960-01,50,A,,F
M,KR,KRW,E,0,6,A, Exchange rates against USD Korea - Won - Monthly - End of period,1960-02,65,A,,F
M,KR,KRW,E,0,6,A, Exchange rates against USD Korea - Won - Monthly - End of period,1960-03,65,A,,F
M,KR,KRW,E,0,6,A, Exchange rates against USD Korea - Won - Monthly - End of period,1960-04,65,A,,F
M,KR,KRW,E,0,6,A, Exchange rates against USD Korea - Won - Monthly - End of period,1960-05,65,A,,F
M,KR,KRW,E,0,6,A, Exchange rates against USD Korea - Won - Monthly - End of period,1960-06,65,A,,F
M,KR,KRW,E,0,6,A, Exchange rates against USD Korea - Won - Monthly - End of period,1960-07,65,A,,F
M,KR,KRW,E,0,6,A, Exchange rates against USD Korea - Won - Monthly - End of period,1960-08,65,A,,F
M,KR,KRW,E,0,6,A, Exchange rates against USD Korea - Won - Monthly - End of period,1960-09,65,A,,F
M,KR,KRW,E,0,6,A, Exchange rates against USD Korea - Won - Monthly - End of period,1960-10,65,A,,F
M,KR,KRW,E,0,6,A, Exchange rates against USD Korea - Won - Monthly - End of period,1960-11,65,A,,F
M,KR,KRW,E,0,6,A, Exchange rates against USD Korea - Won - Monthly - End of period,1960-12,65,A,,F
M,KR,KRW,E,0,6,A, Exchange rates against USD Korea - Won - Monthly - End of period,1961-01,100,A,,F
M,KR,KRW,E,0,6,A, Exchange rates against USD Korea - Won - Monthly - End of period,1961-02,130,A,,F
M,KR,KRW,E,0,6,A, Exchange rates against USD Korea - Won - Monthly - End of period,1961-03,130,A,,F
M,KR,KRW,E,0,6,A, Exchange rates against USD Korea - Won - Monthly - End of period,1961-04,130,A,,F
M,KR,KRW,E,0,6,A, Exchange rates against USD Korea - Won - Monthly - End of period,1961-05,130,A,,F
M,KR,KRW,E,0,6,A, Exchange rates against USD Korea - Won - Monthly - End of period,1961-06,130,A,,F
M,KR,KRW,E,0,6,A, Exchange rates against USD Korea - Won - Monthly - End of period,1961-07,130,A,,F
M,KR,KRW,E,0,6,A, Exchange rates against USD Korea - Won - Monthly - End of period,1961-08,130,A,,F
M,KR,KRW,E,0,6,A, Exchange rates against USD Korea - Won - Monthly - End of period,1961-09,130,A,,F
M,KR,KRW,E,0,6,A, Exchange rates against USD Korea - Won - Monthly - End of period,1961-10,130,A,,F
M,KR,KRW,E,0,6,A, Exchange rates against USD Korea - Won - Monthly - End of period,1961-11,130,A,,F
M,KR,KRW,E,0,6,A, Exchange rates against USD Korea - Won - Monthly - End of period,1961-12,130,A,,F
M,KR,KRW,E,0,6,A, Exchange rates against USD Korea - Won - Monthly - End of period,1962-01,130,A,,F
M,KR,KRW,E,0,6,A, Exchange rates against USD Korea - Won - Monthly - End of period,1962-02,130,A,,F
M,KR,KRW,E,0,6,A, Exchange rates against USD Korea - Won - Monthly - End of period,1962-03,130,A,,F
M,KR,KRW,E,0,6,A, Exchange rates against USD Korea - Won - Monthly - End of period,1962-04,130,A,,F
M,KR,KRW,E,0,6,A, Exchange rates against USD Korea - Won - Monthly - End of period,1962-05,130,A,,F
M,KR,KRW,E,0,6,A, Exchange rates against USD Korea - Won - Monthly - End of period,1962-06,130,A,,F
M,KR,KRW,E,0,6,A, Exchange rates against USD Korea - Won - Monthly - End of period,1962-07,130,A,,F
M,KR,KRW,E,0,6,A, Exchange rates against USD Korea - Won - Monthly - End of period,1962-08,130,A,,F
M,KR,KRW,E,0,6,A, Exchange rates against USD Korea - Won - Monthly - End of period,1962-09,130,A,,F
M,KR,KRW,E,0,6,A, Exchange rates against USD Korea - Won - Monthly - End of period,1962-10,130,A,,F
M,KR,KRW,E,0,6,A, Exchange rates against USD Korea - Won - Monthly - End of period,1962-11,130,A,,F
M,KR,KRW,E,0,6,A, Exchange rates against USD Korea - Won - Monthly - End of period,1962-12,130,A,,F
M,KR,KRW,E,0,6,A, Exchange rates against USD Korea - Won - Monthly - End of period,1963-01,130,A,,F
M,KR,KRW,E,0,6,A, Exchange rates against USD Korea - Won - Monthly - End of period,1963-02,130,A,,F
M,KR,KRW,E,0,6,A, Exchange rates against USD Korea - Won - Monthly - End of period,1963-03,130,A,,F
M,KR,KRW,E,0,6,A, Exchange rates against USD Korea - Won - Monthly - End of period,1963-04,130,A,,F
M,KR,KRW,E,0,6,A, Exchange rates against USD Korea - Won - Monthly - End of period,1963-05,130,A,,F
M,KR,KRW,E,0,6,A, Exchange rates against USD Korea - Won - Monthly - End of period,1963-06,130,A,,F
M,KR,KRW,E,0,6,A, Exchange rates against USD Korea - Won - Monthly - End of period,1963-07,130,A,,F
M,KR,KRW,E,0,6,A, Exchange rates against USD Korea - Won - Monthly - End of period,1963-08,130,A,,F
M,KR,KRW,E,0,6,A, Exchange rates against USD Korea - Won - Monthly - End of period,1963-09,130,A,,F
M,KR,KRW,E,0,6,A, Exchange rates against USD Korea - Won - Monthly - End of period,1963-10,130,A,,F
M,KR,KRW,E,0,6,A, Exchange rates against USD Korea - Won - Monthly - End of period,1963-11,130,A,,F
M,KR,KRW,E,0,6,A, Exchange rates against USD Korea - Won - Monthly - End of period,1963-12,130,A,,F
M,KR,KRW,E,0,6,A, Exchange rates against USD Korea - Won - Monthly - End of period,1964-01,130,A,,F
M,KR,KRW,E,0,6,A, Exchange rates against USD Korea - Won - Monthly - End of period,1964-02,130,A,,F
M,KR,KRW,E,0,6,A, Exchange rates against USD Korea - Won - Monthly - End of period,1964-03,130,A,,F
M,KR,KRW,E,0,6,A, Exchange rates against USD Korea - Won - Monthly - End of period,1964-04,130,A,,F
M,KR,KRW,E,0,6,A, Exchange rates against USD Korea - Won - Monthly - End of period,1964-05,255.77,A,,F
M,KR,KRW,E,0,6,A, Exchange rates against USD Korea - Won - Monthly - End of period,1964-06,255.77,A,,F
M,KR,KRW,E,0,6,A, Exchange rates against USD Korea - Won - Monthly - End of period,1964-07,255.77,A,,F
M,KR,KRW,E,0,6,A, Exchange rates against USD Korea - Won - Monthly - End of period,1964-08,255.77,A,,F
M,KR,KRW,E,0,6,A, Exchange rates against USD Korea - Won - Monthly - End of period,1964-09,255.77,A,,F
M,KR,KRW,E,0,6,A, Exchange rates against USD Korea - Won - Monthly - End of period,1964-10,255.77,A,,F
M,KR,KRW,E,0,6,A, Exchange rates against USD Korea - Won - Monthly - End of period,1964-11,255.77,A,,F
M,KR,KRW,E,0,6,A, Exchange rates against USD Korea - Won - Monthly - End of period,1964-12,255.77,A,,F
M,KR,KRW,E,0,6,A, Exchange rates against USD Korea - Won - Monthly - End of period,1965-01,255.77,A,,F
M,KR,KRW,E,0,6,A, Exchange rates against USD Korea - Won - Monthly - End of period,1965-02,255.77,A,,F
M,KR,KRW,E,0,6,A, Exchange rates against USD Korea - Won - Monthly - End of period,1965-03,263.21,A,,F
M,KR,KRW,E,0,6,A, Exchange rates against USD Korea - Won - Monthly - End of period,1965-04,255.77,A,,F
M,KR,KRW,E,0,6,A, Exchange rates against USD Korea - Won - Monthly - End of period,1965-05,271.18,A,,F
M,KR,KRW,E,0,6,A, Exchange rates against USD Korea - Won - Monthly - End of period,1965-06,271.38,A,,F
M,KR,KRW,E,0,6,A, Exchange rates against USD Korea - Won - Monthly - End of period,1965-07,271.78,A,,F
M,KR,KRW,E,0,6,A, Exchange rates against USD Korea - Won - Monthly - End of period,1965-08,272.18,A,,F
M,KR,KRW,E,0,6,A, Exchange rates against USD Korea - Won - Monthly - End of period,1965-09,271.98,A,,F
M,KR,KRW,E,0,6,A, Exchange rates against USD Korea - Won - Monthly - End of period,1965-10,271.78,A,,F
M,KR,KRW,E,0,6,A, Exchange rates against USD Korea - Won - Monthly - End of period,1965-11,271.78,A,,F
M,KR,KRW,E,0,6,A, Exchange rates against USD Korea - Won - Monthly - End of period,1965-12,271.78,A,,F
M,KR,KRW,E,0,6,A, Exchange rates against USD Korea - Won - Monthly - End of period,1966-01,271.68,A,,F
M,KR,KRW,E,0,6,A, Exchange rates against USD Korea - Won - Monthly - End of period,1966-02,271.68,A,,F
M,KR,KRW,E,0,6,A, Exchange rates against USD Korea - Won - Monthly - End of period,1966-03,271.68,A,,F
M,KR,KRW,E,0,6,A, Exchange rates against USD Korea - Won - Monthly - End of period,1966-04,271.18,A,,F
M,KR,KRW,E,0,6,A, Exchange rates against USD Korea - Won - Monthly - End of period,1966-05,271.18,A,,F
M,KR,KRW,E,0,6,A, Exchange rates against USD Korea - Won - Monthly - End of period,1966-06,271.18,A,,F
M,KR,KRW,E,0,6,A, Exchange rates against USD Korea - Won - Monthly - End of period,1966-07,271.18,A,,F
M,KR,KRW,E,0,6,A, Exchange rates against USD Korea - Won - Monthly - End of period,1966-08,271.18,A,,F
M,KR,KRW,E,0,6,A, Exchange rates against USD Korea - Won - Monthly - End of period,1966-09,271.18,A,,F
M,KR,KRW,E,0,6,A, Exchange rates against USD Korea - Won - Monthly - End of period,1966-10,271.18,A,,F
M,KR,KRW,E,0,6,A, Exchange rates against USD Korea - Won - Monthly - End of period,1966-11,271.18,A,,F
M,KR,KRW,E,0,6,A, Exchange rates against USD Korea - Won - Monthly - End of period,1966-12,271.18,A,,F
M,KR,KRW,E,0,6,A, Exchange rates against USD Korea - Won - Monthly - End of period,1967-01,269.85,A,,F
M,KR,KRW,E,0,6,A, Exchange rates against USD Korea - Won - Monthly - End of period,1967-02,269.9,A,,F
M,KR,KRW,E,0,6,A, Exchange rates against USD Korea - Won - Monthly - End of period,1967-03,270.05,A,,F
M,KR,KRW,E,0,6,A, Exchange rates against USD Korea - Won - Monthly - End of period,1967-04,270.1,A,,F
M,KR,KRW,E,0,6,A, Exchange rates against USD Korea - Won - Monthly - End of period,1967-05,270.05,A,,F
M,KR,KRW,E,0,6,A, Exchange rates against USD Korea - Won - Monthly - End of period,1967-06,270,A,,F
M,KR,KRW,E,0,6,A, Exchange rates against USD Korea - Won - Monthly - End of period,1967-07,270.25,A,,F
M,KR,KRW,E,0,6,A, Exchange rates against USD Korea - Won - Monthly - End of period,1967-08,270.34,A,,F
M,KR,KRW,E,0,6,A, Exchange rates against USD Korea - Won - Monthly - End of period,1967-09,270.58,A,,F
M,KR,KRW,E,0,6,A, Exchange rates against USD Korea - Won - Monthly - End of period,1967-10,270.29,A,,F
M,KR,KRW,E,0,6,A, Exchange rates against USD Korea - Won - Monthly - End of period,1967-11,271.9,A,,F
M,KR,KRW,E,0,6,A, Exchange rates against USD Korea - Won - Monthly - End of period,1967-12,274.6,A,,F
M,KR,KRW,E,0,6,A, Exchange rates against USD Korea - Won - Monthly - End of period,1968-01,274.7,A,,F
M,KR,KRW,E,0,6,A, Exchange rates against USD Korea - Won - Monthly - End of period,1968-02,274.6,A,,F
M,KR,KRW,E,0,6,A, Exchange rates against USD Korea - Won - Monthly - End of period,1968-03,274.6,A,,F
M,KR,KRW,E,0,6,A, Exchange rates against USD Korea - Won - Monthly - End of period,1968-04,274.8,A,,F
M,KR,KRW,E,0,6,A, Exchange rates against USD Korea - Won - Monthly - End of period,1968-05,274.8,A,,F
M,KR,KRW,E,0,6,A, Exchange rates against USD Korea - Won - Monthly - End of period,1968-06,274.8,A,,F
M,KR,KRW,E,0,6,A, Exchange rates against USD Korea - Won - Monthly - End of period,1968-07,274.8,A,,F
M,KR,KRW,E,0,6,A, Exchange rates against USD Korea - Won - Monthly - End of period,1968-08,276.5,A,,F
M,KR,KRW,E,0,6,A, Exchange rates against USD Korea - Won - Monthly - End of period,1968-09,279.5,A,,F
M,KR,KRW,E,0,6,A, Exchange rates against USD Korea - Won - Monthly - End of period,1968-10,280.9,A,,F
M,KR,KRW,E,0,6,A, Exchange rates against USD Korea - Won - Monthly - End of period,1968-11,281.7,A,,F
M,KR,KRW,E,0,6,A, Exchange rates against USD Korea - Won - Monthly - End of period,1968-12,281.5,A,,F
M,KR,KRW,E,0,6,A, Exchange rates against USD Korea - Won - Monthly - End of period,1969-01,281.7,A,,F
M,KR,KRW,E,0,6,A, Exchange rates against USD Korea - Won - Monthly - End of period,1969-02,282.4,A,,F
M,KR,KRW,E,0,6,A, Exchange rates against USD Korea - Won - Monthly - End of period,1969-03,283.2,A,,F
M,KR,KRW,E,0,6,A, Exchange rates against USD Korea - Won - Monthly - End of period,1969-04,284.2,A,,F
M,KR,KRW,E,0,6,A, Exchange rates against USD Korea - Won - Monthly - End of period,1969-05,285,A,,F
M,KR,KRW,E,0,6,A, Exchange rates against USD Korea - Won - Monthly - End of period,1969-06,285,A,,F
M,KR,KRW,E,0,6,A, Exchange rates against USD Korea - Won - Monthly - End of period,1969-07,286.3,A,,F
M,KR,KRW,E,0,6,A, Exchange rates against USD Korea - Won - Monthly - End of period,1969-08,287.6,A,,F
M,KR,KRW,E,0,6,A, Exchange rates against USD Korea - Won - Monthly - End of period,1969-09,288.8,A,,F
M,KR,KRW,E,0,6,A, Exchange rates against USD Korea - Won - Monthly - End of period,1969-10,291.4,A,,F
M,KR,KRW,E,0,6,A, Exchange rates against USD Korea - Won - Monthly - End of period,1969-11,304.55,A,,F
M,KR,KRW,E,0,6,A, Exchange rates against USD Korea - Won - Monthly - End of period,1969-12,304.45,A,,F
M,KR,KRW,E,0,6,A, Exchange rates against USD Korea - Won - Monthly - End of period,1970-01,305.25,A,,F
M,KR,KRW,E,0,6,A, Exchange rates against USD Korea - Won - Monthly - End of period,1970-02,306.25,A,,F
M,KR,KRW,E,0,6,A, Exchange rates against USD Korea - Won - Monthly - End of period,1970-03,306.85,A,,F
M,KR,KRW,E,0,6,A, Exchange rates against USD Korea - Won - Monthly - End of period,1970-04,308.65,A,,F
M,KR,KRW,E,0,6,A, Exchange rates against USD Korea - Won - Monthly - End of period,1970-05,309.45,A,,F
M,KR,KRW,E,0,6,A, Exchange rates against USD Korea - Won - Monthly - End of period,1970-06,310.75,A,,F
M,KR,KRW,E,0,6,A, Exchange rates against USD Korea - Won - Monthly - End of period,1970-07,312.35,A,,F
M,KR,KRW,E,0,6,A, Exchange rates against USD Korea - Won - Monthly - End of period,1970-08,312.95,A,,F
M,KR,KRW,E,0,6,A, Exchange rates against USD Korea - Won - Monthly - End of period,1970-09,313.85,A,,F
M,KR,KRW,E,0,6,A, Exchange rates against USD Korea - Won - Monthly - End of period,1970-10,314.75,A,,F
M,KR,KRW,E,0,6,A, Exchange rates against USD Korea - Won - Monthly - End of period,1970-11,315.75,A,,F
M,KR,KRW,E,0,6,A, Exchange rates against USD Korea - Won - Monthly - End of period,1970-12,316.65,A,,F
M,KR,KRW,E,0,6,A, Exchange rates against USD Korea - Won - Monthly - End of period,1971-01,318.55,A,,F
M,KR,KRW,E,0,6,A, Exchange rates against USD Korea - Won - Monthly - End of period,1971-02,320.25,A,,F
M,KR,KRW,E,0,6,A, Exchange rates against USD Korea - Won - Monthly - End of period,1971-03,322.25,A,,F
M,KR,KRW,E,0,6,A, Exchange rates against USD Korea - Won - Monthly - End of period,1971-04,324.15,A,,F
M,KR,KRW,E,0,6,A, Exchange rates against USD Korea - Won - Monthly - End of period,1971-05,326.35,A,,F
M,KR,KRW,E,0,6,A, Exchange rates against USD Korea - Won - Monthly - End of period,1971-06,370.8,A,,F
M,KR,KRW,E,0,6,A, Exchange rates against USD Korea - Won - Monthly - End of period,1971-07,370.8,A,,F
M,KR,KRW,E,0,6,A, Exchange rates against USD Korea - Won - Monthly - End of period,1971-08,370.8,A,,F
M,KR,KRW,E,0,6,A, Exchange rates against USD Korea - Won - Monthly - End of period,1971-09,370.8,A,,F
M,KR,KRW,E,0,6,A, Exchange rates against USD Korea - Won - Monthly - End of period,1971-10,370.8,A,,F
M,KR,KRW,E,0,6,A, Exchange rates against USD Korea - Won - Monthly - End of period,1971-11,370.8,A,,F
M,KR,KRW,E,0,6,A, Exchange rates against USD Korea - Won - Monthly - End of period,1971-12,373.3,A,,F
M,KR,KRW,E,0,6,A, Exchange rates against USD Korea - Won - Monthly - End of period,1972-01,376.4,A,,F
M,KR,KRW,E,0,6,A, Exchange rates against USD Korea - Won - Monthly - End of period,1972-02,382,A,,F
M,KR,KRW,E,0,6,A, Exchange rates against USD Korea - Won - Monthly - End of period,1972-03,387.1,A,,F
M,KR,KRW,E,0,6,A, Exchange rates against USD Korea - Won - Monthly - End of period,1972-04,392.6,A,,F
M,KR,KRW,E,0,6,A, Exchange rates against USD Korea - Won - Monthly - End of period,1972-05,396.1,A,,F
M,KR,KRW,E,0,6,A, Exchange rates against USD Korea - Won - Monthly - End of period,1972-06,399.7,A,,F
M,KR,KRW,E,0,6,A, Exchange rates against USD Korea - Won - Monthly - End of period,1972-07,399.3,A,,F
M,KR,KRW,E,0,6,A, Exchange rates against USD Korea - Won - Monthly - End of period,1972-08,399,A,,F
M,KR,KRW,E,0,6,A, Exchange rates against USD Korea - Won - Monthly - End of period,1972-09,398.7,A,,F
M,KR,KRW,E,0,6,A, Exchange rates against USD Korea - Won - Monthly - End of period,1972-10,398.7,A,,F
M,KR,KRW,E,0,6,A, Exchange rates against USD Korea - Won - Monthly - End of period,1972-11,398.8,A,,F
M,KR,KRW,E,0,6,A, Exchange rates against USD Korea - Won - Monthly - End of period,1972-12,398.9,A,,F
M,KR,KRW,E,0,6,A, Exchange rates against USD Korea - Won - Monthly - End of period,1973-01,398.9,A,,F
M,KR,KRW,E,0,6,A, Exchange rates against USD Korea - Won - Monthly - End of period,1973-02,398.9,A,,F
M,KR,KRW,E,0,6,A, Exchange rates against USD Korea - Won - Monthly - End of period,1973-03,398.9,A,,F
M,KR,KRW,E,0,6,A, Exchange rates against USD Korea - Won - Monthly - End of period,1973-04,399,A,,F
M,KR,KRW,E,0,6,A, Exchange rates against USD Korea - Won - Monthly - End of period,1973-05,398.9,A,,F
M,KR,KRW,E,0,6,A, Exchange rates against USD Korea - Won - Monthly - End of period,1973-06,398.9,A,,F
M,KR,KRW,E,0,6,A, Exchange rates against USD Korea - Won - Monthly - End of period,1973-07,398.7,A,,F
M,KR,KRW,E,0,6,A, Exchange rates against USD Korea - Won - Monthly - End of period,1973-08,398.3,A,,F
M,KR,KRW,E,0,6,A, Exchange rates against USD Korea - Won - Monthly - End of period,1973-09,397.8,A,,F
M,KR,KRW,E,0,6,A, Exchange rates against USD Korea - Won - Monthly - End of period,1973-10,397.2,A,,F
M,KR,KRW,E,0,6,A, Exchange rates against USD Korea - Won - Monthly - End of period,1973-11,396.9,A,,F
M,KR,KRW,E,0,6,A, Exchange rates against USD Korea - Won - Monthly - End of period,1973-12,397.5,A,,F
M,KR,KRW,E,0,6,A, Exchange rates against USD Korea - Won - Monthly - End of period,1974-01,398.2,A,,F
M,KR,KRW,E,0,6,A, Exchange rates against USD Korea - Won - Monthly - End of period,1974-02,398.5,A,,F
M,KR,KRW,E,0,6,A, Exchange rates against USD Korea - Won - Monthly - End of period,1974-03,398.9,A,,F
M,KR,KRW,E,0,6,A, Exchange rates against USD Korea - Won - Monthly - End of period,1974-04,399,A,,F
M,KR,KRW,E,0,6,A, Exchange rates against USD Korea - Won - Monthly - End of period,1974-05,399,A,,F
M,KR,KRW,E,0,6,A, Exchange rates against USD Korea - Won - Monthly - End of period,1974-06,399,A,,F
M,KR,KRW,E,0,6,A, Exchange rates against USD Korea - Won - Monthly - End of period,1974-07,399,A,,F
M,KR,KRW,E,0,6,A, Exchange rates against USD Korea - Won - Monthly - End of period,1974-08,399,A,,F
M,KR,KRW,E,0,6,A, Exchange rates against USD Korea - Won - Monthly - End of period,1974-09,399,A,,F
M,KR,KRW,E,0,6,A, Exchange rates against USD Korea - Won - Monthly - End of period,1974-10,399,A,,F
M,KR,KRW,E,0,6,A, Exchange rates against USD Korea - Won - Monthly - End of period,1974-11,399,A,,F
M,KR,KRW,E,0,6,A, Exchange rates against USD Korea - Won - Monthly - End of period,1974-12,484,A,,F
M,KR,KRW,E,0,6,A, Exchange rates against USD Korea - Won - Monthly - End of period,1975-01,484,A,,F
M,KR,KRW,E,0,6,A, Exchange rates against USD Korea - Won - Monthly - End of period,1975-02,484,A,,F
M,KR,KRW,E,0,6,A, Exchange rates against USD Korea - Won - Monthly - End of period,1975-03,484,A,,F
M,KR,KRW,E,0,6,A, Exchange rates against USD Korea - Won - Monthly - End of period,1975-04,484,A,,F
M,KR,KRW,E,0,6,A, Exchange rates against USD Korea - Won - Monthly - End of period,1975-05,484,A,,F
M,KR,KRW,E,0,6,A, Exchange rates against USD Korea - Won - Monthly - End of period,1975-06,484,A,,F
M,KR,KRW,E,0,6,A, Exchange rates against USD Korea - Won - Monthly - End of period,1975-07,484,A,,F
M,KR,KRW,E,0,6,A, Exchange rates against USD Korea - Won - Monthly - End of period,1975-08,484,A,,F
M,KR,KRW,E,0,6,A, Exchange rates against USD Korea - Won - Monthly - End of period,1975-09,484,A,,F
M,KR,KRW,E,0,6,A, Exchange rates against USD Korea - Won - Monthly - End of period,1975-10,484,A,,F
M,KR,KRW,E,0,6,A, Exchange rates against USD Korea - Won - Monthly - End of period,1975-11,484,A,,F
M,KR,KRW,E,0,6,A, Exchange rates against USD Korea - Won - Monthly - End of period,1975-12,484,A,,F
M,KR,KRW,E,0,6,A, Exchange rates against USD Korea - Won - Monthly - End of period,1976-01,484,A,,F
M,KR,KRW,E,0,6,A, Exchange rates against USD Korea - Won - Monthly - End of period,1976-02,484,A,,F
M,KR,KRW,E,0,6,A, Exchange rates against USD Korea - Won - Monthly - End of period,1976-03,484,A,,F
M,KR,KRW,E,0,6,A, Exchange rates against USD Korea - Won - Monthly - End of period,1976-04,484,A,,F
M,KR,KRW,E,0,6,A, Exchange rates against USD Korea - Won - Monthly - End of period,1976-05,484,A,,F
M,KR,KRW,E,0,6,A, Exchange rates against USD Korea - Won - Monthly - End of period,1976-06,484,A,,F
M,KR,KRW,E,0,6,A, Exchange rates against USD Korea - Won - Monthly - End of period,1976-07,484,A,,F
M,KR,KRW,E,0,6,A, Exchange rates against USD Korea - Won - Monthly - End of period,1976-08,484,A,,F
M,KR,KRW,E,0,6,A, Exchange rates against USD Korea - Won - Monthly - End of period,1976-09,484,A,,F
M,KR,KRW,E,0,6,A, Exchange rates against USD Korea - Won - Monthly - End of period,1976-10,484,A,,F
M,KR,KRW,E,0,6,A, Exchange rates against USD Korea - Won - Monthly - End of period,1976-11,484,A,,F
M,KR,KRW,E,0,6,A, Exchange rates against USD Korea - Won - Monthly - End of period,1976-12,484,A,,F
M,KR,KRW,E,0,6,A, Exchange rates against USD Korea - Won - Monthly - End of period,1977-01,484,A,,F
M,KR,KRW,E,0,6,A, Exchange rates against USD Korea - Won - Monthly - End of period,1977-02,484,A,,F
M,KR,KRW,E,0,6,A, Exchange rates against USD Korea - Won - Monthly - End of period,1977-03,484,A,,F
M,KR,KRW,E,0,6,A, Exchange rates against USD Korea - Won - Monthly - End of period,1977-04,484,A,,F
M,KR,KRW,E,0,6,A, Exchange rates against USD Korea - Won - Monthly - End of period,1977-05,484,A,,F
M,KR,KRW,E,0,6,A, Exchange rates against USD Korea - Won - Monthly - End of period,1977-06,484,A,,F
M,KR,KRW,E,0,6,A, Exchange rates against USD Korea - Won - Monthly - End of period,1977-07,484,A,,F
M,KR,KRW,E,0,6,A, Exchange rates against USD Korea - Won - Monthly - End of period,1977-08,484,A,,F
M,KR,KRW,E,0,6,A, Exchange rates against USD Korea - Won - Monthly - End of period,1977-09,484,A,,F
M,KR,KRW,E,0,6,A, Exchange rates against USD Korea - Won - Monthly - End of period,1977-10,484,A,,F
M,KR,KRW,E,0,6,A, Exchange rates against USD Korea - Won - Monthly - End of period,1977-11,484,A,,F
M,KR,KRW,E,0,6,A, Exchange rates against USD Korea - Won - Monthly - End of period,1977-12,484,A,,F
M,KR,KRW,E,0,6,A, Exchange rates against USD Korea - Won - Monthly - End of period,1978-01,484,A,,F
M,KR,KRW,E,0,6,A, Exchange rates against USD Korea - Won - Monthly - End of period,1978-02,484,A,,F
M,KR,KRW,E,0,6,A, Exchange rates against USD Korea - Won - Monthly - End of period,1978-03,484,A,,F
M,KR,KRW,E,0,6,A, Exchange rates against USD Korea - Won - Monthly - End of period,1978-04,484,A,,F
M,KR,KRW,E,0,6,A, Exchange rates against USD Korea - Won - Monthly - End of period,1978-05,484,A,,F
M,KR,KRW,E,0,6,A, Exchange rates against USD Korea - Won - Monthly - End of period,1978-06,484,A,,F
M,KR,KRW,E,0,6,A, Exchange rates against USD Korea - Won - Monthly - End of period,1978-07,484,A,,F
M,KR,KRW,E,0,6,A, Exchange rates against USD Korea - Won - Monthly - End of period,1978-08,484,A,,F
M,KR,KRW,E,0,6,A, Exchange rates against USD Korea - Won - Monthly - End of period,1978-09,484,A,,F
M,KR,KRW,E,0,6,A, Exchange rates against USD Korea - Won - Monthly - End of period,1978-10,484,A,,F
M,KR,KRW,E,0,6,A, Exchange rates against USD Korea - Won - Monthly - End of period,1978-11,484,A,,F
M,KR,KRW,E,0,6,A, Exchange rates against USD Korea - Won - Monthly - End of period,1978-12,484,A,,F
M,KR,KRW,E,0,6,A, Exchange rates against USD Korea - Won - Monthly - End of period,1979-01,484,A,,F
M,KR,KRW,E,0,6,A, Exchange rates against USD Korea - Won - Monthly - End of period,1979-02,484,A,,F
M,KR,KRW,E,0,6,A, Exchange rates against USD Korea - Won - Monthly - End of period,1979-03,484,A,,F
M,KR,KRW,E,0,6,A, Exchange rates against USD Korea - Won - Monthly - End of period,1979-04,484,A,,F
M,KR,KRW,E,0,6,A, Exchange rates against USD Korea - Won - Monthly - End of period,1979-05,484,A,,F
M,KR,KRW,E,0,6,A, Exchange rates against USD Korea - Won - Monthly - End of period,1979-06,484,A,,F
M,KR,KRW,E,0,6,A, Exchange rates against USD Korea - Won - Monthly - End of period,1979-07,484,A,,F
M,KR,KRW,E,0,6,A, Exchange rates against USD Korea - Won - Monthly - End of period,1979-08,484,A,,F
M,KR,KRW,E,0,6,A, Exchange rates against USD Korea - Won - Monthly - End of period,1979-09,484,A,,F
M,KR,KRW,E,0,6,A, Exchange rates against USD Korea - Won - Monthly - End of period,1979-10,484,A,,F
M,KR,KRW,E,0,6,A, Exchange rates against USD Korea - Won - Monthly - End of period,1979-11,484,A,,F
M,KR,KRW,E,0,6,A, Exchange rates against USD Korea - Won - Monthly - End of period,1979-12,484,A,,F
M,KR,KRW,E,0,6,A, Exchange rates against USD Korea - Won - Monthly - End of period,1980-01,580,A,,F
M,KR,KRW,E,0,6,A, Exchange rates against USD Korea - Won - Monthly - End of period,1980-02,580.7,A,,F
M,KR,KRW,E,0,6,A, Exchange rates against USD Korea - Won - Monthly - End of period,1980-03,586.1,A,,F
M,KR,KRW,E,0,6,A, Exchange rates against USD Korea - Won - Monthly - End of period,1980-04,590.5,A,,F
M,KR,KRW,E,0,6,A, Exchange rates against USD Korea - Won - Monthly - End of period,1980-05,596.2,A,,F
M,KR,KRW,E,0,6,A, Exchange rates against USD Korea - Won - Monthly - End of period,1980-06,603,A,,F
M,KR,KRW,E,0,6,A, Exchange rates against USD Korea - Won - Monthly - End of period,1980-07,612.7,A,,F
M,KR,KRW,E,0,6,A, Exchange rates against USD Korea - Won - Monthly - End of period,1980-08,615.7,A,,F
M,KR,KRW,E,0,6,A, Exchange rates against USD Korea - Won - Monthly - End of period,1980-09,625,A,,F
M,KR,KRW,E,0,6,A, Exchange rates against USD Korea - Won - Monthly - End of period,1980-10,651.6,A,,F
M,KR,KRW,E,0,6,A, Exchange rates against USD Korea - Won - Monthly - End of period,1980-11,658.2,A,,F
M,KR,KRW,E,0,6,A, Exchange rates against USD Korea - Won - Monthly - End of period,1980-12,659.9,A,,F
M,KR,KRW,E,0,6,A, Exchange rates against USD Korea - Won - Monthly - End of period,1981-01,664.9,A,,F
M,KR,KRW,E,0,6,A, Exchange rates against USD Korea - Won - Monthly - End of period,1981-02,669.8,A,,F
M,KR,KRW,E,0,6,A, Exchange rates against USD Korea - Won - Monthly - End of period,1981-03,672.8,A,,F
M,KR,KRW,E,0,6,A, Exchange rates against USD Korea - Won - Monthly - End of period,1981-04,678.9,A,,F
M,KR,KRW,E,0,6,A, Exchange rates against USD Korea - Won - Monthly - End of period,1981-05,684.4,A,,F
M,KR,KRW,E,0,6,A, Exchange rates against USD Korea - Won - Monthly - End of period,1981-06,683.2,A,,F
M,KR,KRW,E,0,6,A, Exchange rates against USD Korea - Won - Monthly - End of period,1981-07,686.95,A,,F
M,KR,KRW,E,0,6,A, Exchange rates against USD Korea - Won - Monthly - End of period,1981-08,687.85,A,,F
M,KR,KRW,E,0,6,A, Exchange rates against USD Korea - Won - Monthly - End of period,1981-09,681.25,A,,F
M,KR,KRW,E,0,6,A, Exchange rates against USD Korea - Won - Monthly - End of period,1981-10,688.25,A,,F
M,KR,KRW,E,0,6,A, Exchange rates against USD Korea - Won - Monthly - End of period,1981-11,689.9,A,,F
M,KR,KRW,E,0,6,A, Exchange rates against USD Korea - Won - Monthly - End of period,1981-12,700.75,A,,F
M,KR,KRW,E,0,6,A, Exchange rates against USD Korea - Won - Monthly - End of period,1982-01,708.55,A,,F
M,KR,KRW,E,0,6,A, Exchange rates against USD Korea - Won - Monthly - End of period,1982-02,711.45,A,,F
M,KR,KRW,E,0,6,A, Exchange rates against USD Korea - Won - Monthly - End of period,1982-03,718.15,A,,F
M,KR,KRW,E,0,6,A, Exchange rates against USD Korea - Won - Monthly - End of period,1982-04,721.95,A,,F
M,KR,KRW,E,0,6,A, Exchange rates against USD Korea - Won - Monthly - End of period,1982-05,731.75,A,,F
M,KR,KRW,E,0,6,A, Exchange rates against USD Korea - Won - Monthly - End of period,1982-06,741.3,A,,F
M,KR,KRW,E,0,6,A, Exchange rates against USD Korea - Won - Monthly - End of period,1982-07,743.8,A,,F
M,KR,KRW,E,0,6,A, Exchange rates against USD Korea - Won - Monthly - End of period,1982-08,744.9,A,,F
M,KR,KRW,E,0,6,A, Exchange rates against USD Korea - Won - Monthly - End of period,1982-09,743.05,A,,F
M,KR,KRW,E,0,6,A, Exchange rates against USD Korea - Won - Monthly - End of period,1982-10,744.65,A,,F
M,KR,KRW,E,0,6,A, Exchange rates against USD Korea - Won - Monthly - End of period,1982-11,745.65,A,,F
M,KR,KRW,E,0,6,A, Exchange rates against USD Korea - Won - Monthly - End of period,1982-12,747.95,A,,F
M,KR,KRW,E,0,6,A, Exchange rates against USD Korea - Won - Monthly - End of period,1983-01,751.15,A,,F
M,KR,KRW,E,0,6,A, Exchange rates against USD Korea - Won - Monthly - End of period,1983-02,752.25,A,,F
M,KR,KRW,E,0,6,A, Exchange rates against USD Korea - Won - Monthly - End of period,1983-03,763.55,A,,F
M,KR,KRW,E,0,6,A, Exchange rates against USD Korea - Won - Monthly - End of period,1983-04,767.15,A,,F
M,KR,KRW,E,0,6,A, Exchange rates against USD Korea - Won - Monthly - End of period,1983-05,770.75,A,,F
M,KR,KRW,E,0,6,A, Exchange rates against USD Korea - Won - Monthly - End of period,1983-06,777.35,A,,F
M,KR,KRW,E,0,6,A, Exchange rates against USD Korea - Won - Monthly - End of period,1983-07,781.95,A,,F
M,KR,KRW,E,0,6,A, Exchange rates against USD Korea - Won - Monthly - End of period,1983-08,790.25,A,,F
M,KR,KRW,E,0,6,A, Exchange rates against USD Korea - Won - Monthly - End of period,1983-09,790.95,A,,F
M,KR,KRW,E,0,6,A, Exchange rates against USD Korea - Won - Monthly - End of period,1983-10,793.05,A,,F
M,KR,KRW,E,0,6,A, Exchange rates against USD Korea - Won - Monthly - End of period,1983-11,797.25,A,,F
M,KR,KRW,E,0,6,A, Exchange rates against USD Korea - Won - Monthly - End of period,1983-12,800.15,A,,F
M,KR,KRW,E,0,6,A, Exchange rates against USD Korea - Won - Monthly - End of period,1984-01,801.3,A,,F
M,KR,KRW,E,0,6,A, Exchange rates against USD Korea - Won - Monthly - End of period,1984-02,795.3,A,,F
M,KR,KRW,E,0,6,A, Exchange rates against USD Korea - Won - Monthly - End of period,1984-03,792.9,A,,F
M,KR,KRW,E,0,6,A, Exchange rates against USD Korea - Won - Monthly - End of period,1984-04,799.6,A,,F
M,KR,KRW,E,0,6,A, Exchange rates against USD Korea - Won - Monthly - End of period,1984-05,800.3,A,,F
M,KR,KRW,E,0,6,A, Exchange rates against USD Korea - Won - Monthly - End of period,1984-06,806.4,A,,F
M,KR,KRW,E,0,6,A, Exchange rates against USD Korea - Won - Monthly - End of period,1984-07,813.5,A,,F
M,KR,KRW,E,0,6,A, Exchange rates against USD Korea - Won - Monthly - End of period,1984-08,810.8,A,,F
M,KR,KRW,E,0,6,A, Exchange rates against USD Korea - Won - Monthly - End of period,1984-09,816.4,A,,F
M,KR,KRW,E,0,6,A, Exchange rates against USD Korea - Won - Monthly - End of period,1984-10,819.5,A,,F
M,KR,KRW,E,0,6,A, Exchange rates against USD Korea - Won - Monthly - End of period,1984-11,823.2,A,,F
M,KR,KRW,E,0,6,A, Exchange rates against USD Korea - Won - Monthly - End of period,1984-12,829.5,A,,F
M,KR,KRW,E,0,6,A, Exchange rates against USD Korea - Won - Monthly - End of period,1985-01,832.7,A,,F
M,KR,KRW,E,0,6,A, Exchange rates against USD Korea - Won - Monthly - End of period,1985-02,845,A,,F
M,KR,KRW,E,0,6,A, Exchange rates against USD Korea - Won - Monthly - End of period,1985-03,853,A,,F
M,KR,KRW,E,0,6,A, Exchange rates against USD Korea - Won - Monthly - End of period,1985-04,868.1,A,,F
M,KR,KRW,E,0,6,A, Exchange rates against USD Korea - Won - Monthly - End of period,1985-05,873.2,A,,F
M,KR,KRW,E,0,6,A, Exchange rates against USD Korea - Won - Monthly - End of period,1985-06,876.2,A,,F
M,KR,KRW,E,0,6,A, Exchange rates against USD Korea - Won - Monthly - End of period,1985-07,878.5,A,,F
M,KR,KRW,E,0,6,A, Exchange rates against USD Korea - Won - Monthly - End of period,1985-08,887.3,A,,F
M,KR,KRW,E,0,6,A, Exchange rates against USD Korea - Won - Monthly - End of period,1985-09,894,A,,F
M,KR,KRW,E,0,6,A, Exchange rates against USD Korea - Won - Monthly - End of period,1985-10,894.5,A,,F
M,KR,KRW,E,0,6,A, Exchange rates against USD Korea - Won - Monthly - End of period,1985-11,891.7,A,,F
M,KR,KRW,E,0,6,A, Exchange rates against USD Korea - Won - Monthly - End of period,1985-12,892.5,A,,F
M,KR,KRW,E,0,6,A, Exchange rates against USD Korea - Won - Monthly - End of period,1986-01,891,A,,F
M,KR,KRW,E,0,6,A, Exchange rates against USD Korea - Won - Monthly - End of period,1986-02,886.1,A,,F
M,KR,KRW,E,0,6,A, Exchange rates against USD Korea - Won - Monthly - End of period,1986-03,887.5,A,,F
M,KR,KRW,E,0,6,A, Exchange rates against USD Korea - Won - Monthly - End of period,1986-04,887.4,A,,F
M,KR,KRW,E,0,6,A, Exchange rates against USD Korea - Won - Monthly - End of period,1986-05,891.6,A,,F
M,KR,KRW,E,0,6,A, Exchange rates against USD Korea - Won - Monthly - End of period,1986-06,888.9,A,,F
M,KR,KRW,E,0,6,A, Exchange rates against USD Korea - Won - Monthly - End of period,1986-07,889,A,,F
M,KR,KRW,E,0,6,A, Exchange rates against USD Korea - Won - Monthly - End of period,1986-08,885.1,A,,F
M,KR,KRW,E,0,6,A, Exchange rates against USD Korea - Won - Monthly - End of period,1986-09,881,A,,F
M,KR,KRW,E,0,6,A, Exchange rates against USD Korea - Won - Monthly - End of period,1986-10,877.2,A,,F
M,KR,KRW,E,0,6,A, Exchange rates against USD Korea - Won - Monthly - End of period,1986-11,870.3,A,,F
M,KR,KRW,E,0,6,A, Exchange rates against USD Korea - Won - Monthly - End of period,1986-12,865.2,A,,F
M,KR,KRW,E,0,6,A, Exchange rates against USD Korea - Won - Monthly - End of period,1987-01,860.6,A,,F
M,KR,KRW,E,0,6,A, Exchange rates against USD Korea - Won - Monthly - End of period,1987-02,858.6,A,,F
M,KR,KRW,E,0,6,A, Exchange rates against USD Korea - Won - Monthly - End of period,1987-03,850.8,A,,F
M,KR,KRW,E,0,6,A, Exchange rates against USD Korea - Won - Monthly - End of period,1987-04,837.9,A,,F
M,KR,KRW,E,0,6,A, Exchange rates against USD Korea - Won - Monthly - End of period,1987-05,826.4,A,,F
M,KR,KRW,E,0,6,A, Exchange rates against USD Korea - Won - Monthly - End of period,1987-06,812.6,A,,F
M,KR,KRW,E,0,6,A, Exchange rates against USD Korea - Won - Monthly - End of period,1987-07,811.7,A,,F
M,KR,KRW,E,0,6,A, Exchange rates against USD Korea - Won - Monthly - End of period,1987-08,811.4,A,,F
M,KR,KRW,E,0,6,A, Exchange rates against USD Korea - Won - Monthly - End of period,1987-09,809.5,A,,F
M,KR,KRW,E,0,6,A, Exchange rates against USD Korea - Won - Monthly - End of period,1987-10,805.1,A,,F
M,KR,KRW,E,0,6,A, Exchange rates against USD Korea - Won - Monthly - End of period,1987-11,800,A,,F
M,KR,KRW,E,0,6,A, Exchange rates against USD Korea - Won - Monthly - End of period,1987-12,795.9,A,,F
M,KR,KRW,E,0,6,A, Exchange rates against USD Korea - Won - Monthly - End of period,1988-01,785.1,A,,F
M,KR,KRW,E,0,6,A, Exchange rates against USD Korea - Won - Monthly - End of period,1988-02,764.3,A,,F
M,KR,KRW,E,0,6,A, Exchange rates against USD Korea - Won - Monthly - End of period,1988-03,749.6,A,,F
M,KR,KRW,E,0,6,A, Exchange rates against USD Korea - Won - Monthly - End of period,1988-04,743.3,A,,F
M,KR,KRW,E,0,6,A, Exchange rates against USD Korea - Won - Monthly - End of period,1988-05,736.2,A,,F
M,KR,KRW,E,0,6,A, Exchange rates against USD Korea - Won - Monthly - End of period,1988-06,731.6,A,,F
M,KR,KRW,E,0,6,A, Exchange rates against USD Korea - Won - Monthly - End of period,1988-07,726.6,A,,F
M,KR,KRW,E,0,6,A, Exchange rates against USD Korea - Won - Monthly - End of period,1988-08,724.9,A,,F
M,KR,KRW,E,0,6,A, Exchange rates against USD Korea - Won - Monthly - End of period,1988-09,721.9,A,,F
M,KR,KRW,E,0,6,A, Exchange rates against USD Korea - Won - Monthly - End of period,1988-10,704.3,A,,F
M,KR,KRW,E,0,6,A, Exchange rates against USD Korea - Won - Monthly - End of period,1988-11,690.3,A,,F
M,KR,KRW,E,0,6,A, Exchange rates against USD Korea - Won - Monthly - End of period,1988-12,687.4,A,,F
M,KR,KRW,E,0,6,A, Exchange rates against USD Korea - Won - Monthly - End of period,1989-01,683.4,A,,F
M,KR,KRW,E,0,6,A, Exchange rates against USD Korea - Won - Monthly - End of period,1989-02,675.8,A,,F
M,KR,KRW,E,0,6,A, Exchange rates against USD Korea - Won - Monthly - End of period,1989-03,674.6,A,,F
M,KR,KRW,E,0,6,A, Exchange rates against USD Korea - Won - Monthly - End of period,1989-04,668.9,A,,F
M,KR,KRW,E,0,6,A, Exchange rates against USD Korea - Won - Monthly - End of period,1989-05,669.4,A,,F
M,KR,KRW,E,0,6,A, Exchange rates against USD Korea - Won - Monthly - End of period,1989-06,669.9,A,,F
M,KR,KRW,E,0,6,A, Exchange rates against USD Korea - Won - Monthly - End of period,1989-07,670.1,A,,F
M,KR,KRW,E,0,6,A, Exchange rates against USD Korea - Won - Monthly - End of period,1989-08,671.9,A,,F
M,KR,KRW,E,0,6,A, Exchange rates against USD Korea - Won - Monthly - End of period,1989-09,672.7,A,,F
M,KR,KRW,E,0,6,A, Exchange rates against USD Korea - Won - Monthly - End of period,1989-10,674.2,A,,F
M,KR,KRW,E,0,6,A, Exchange rates against USD Korea - Won - Monthly - End of period,1989-11,675.3,A,,F
M,KR,KRW,E,0,6,A, Exchange rates against USD Korea - Won - Monthly - End of period,1989-12,681.4,A,,F
M,KR,KRW,E,0,6,A, Exchange rates against USD Korea - Won - Monthly - End of period,1990-01,689,A,,F
M,KR,KRW,E,0,6,A, Exchange rates against USD Korea - Won - Monthly - End of period,1990-02,696.7,A,,F
M,KR,KRW,E,0,6,A, Exchange rates against USD Korea - Won - Monthly - End of period,1990-03,703.7,A,,F
M,KR,KRW,E,0,6,A, Exchange rates against USD Korea - Won - Monthly - End of period,1990-04,709.8,A,,F
M,KR,KRW,E,0,6,A, Exchange rates against USD Korea - Won - Monthly - End of period,1990-05,715.1,A,,F
M,KR,KRW,E,0,6,A, Exchange rates against USD Korea - Won - Monthly - End of period,1990-06,719,A,,F
M,KR,KRW,E,0,6,A, Exchange rates against USD Korea - Won - Monthly - End of period,1990-07,717.9,A,,F
M,KR,KRW,E,0,6,A, Exchange rates against USD Korea - Won - Monthly - End of period,1990-08,716.8,A,,F
M,KR,KRW,E,0,6,A, Exchange rates against USD Korea - Won - Monthly - End of period,1990-09,715.8,A,,F
M,KR,KRW,E,0,6,A, Exchange rates against USD Korea - Won - Monthly - End of period,1990-10,716.6,A,,F
M,KR,KRW,E,0,6,A, Exchange rates against USD Korea - Won - Monthly - End of period,1990-11,715.9,A,,F
M,KR,KRW,E,0,6,A, Exchange rates against USD Korea - Won - Monthly - End of period,1990-12,719.2,A,,F
M,KR,KRW,E,0,6,A, Exchange rates against USD Korea - Won - Monthly - End of period,1991-01,721.8,A,,F
M,KR,KRW,E,0,6,A, Exchange rates against USD Korea - Won - Monthly - End of period,1991-02,727.2,A,,F
M,KR,KRW,E,0,6,A, Exchange rates against USD Korea - Won - Monthly - End of period,1991-03,727.3,A,,F
M,KR,KRW,E,0,6,A, Exchange rates against USD Korea - Won - Monthly - End of period,1991-04,728,A,,F
M,KR,KRW,E,0,6,A, Exchange rates against USD Korea - Won - Monthly - End of period,1991-05,725.8,A,,F
M,KR,KRW,E,0,6,A, Exchange rates against USD Korea - Won - Monthly - End of period,1991-06,727.4,A,,F
M,KR,KRW,E,0,6,A, Exchange rates against USD Korea - Won - Monthly - End of period,1991-07,729,A,,F
M,KR,KRW,E,0,6,A, Exchange rates against USD Korea - Won - Monthly - End of period,1991-08,736.7,A,,F
M,KR,KRW,E,0,6,A, Exchange rates against USD Korea - Won - Monthly - End of period,1991-09,745.9,A,,F
M,KR,KRW,E,0,6,A, Exchange rates against USD Korea - Won - Monthly - End of period,1991-10,754.8,A,,F
M,KR,KRW,E,0,6,A, Exchange rates against USD Korea - Won - Monthly - End of period,1991-11,759,A,,F
M,KR,KRW,E,0,6,A, Exchange rates against USD Korea - Won - Monthly - End of period,1991-12,765.3,A,,F
M,KR,KRW,E,0,6,A, Exchange rates against USD Korea - Won - Monthly - End of period,1992-01,766.5,A,,F
M,KR,KRW,E,0,6,A, Exchange rates against USD Korea - Won - Monthly - End of period,1992-02,772.4,A,,F
M,KR,KRW,E,0,6,A, Exchange rates against USD Korea - Won - Monthly - End of period,1992-03,779.7,A,,F
M,KR,KRW,E,0,6,A, Exchange rates against USD Korea - Won - Monthly - End of period,1992-04,783.4,A,,F
M,KR,KRW,E,0,6,A, Exchange rates against USD Korea - Won - Monthly - End of period,1992-05,787.9,A,,F
M,KR,KRW,E,0,6,A, Exchange rates against USD Korea - Won - Monthly - End of period,1992-06,794.9,A,,F
M,KR,KRW,E,0,6,A, Exchange rates against USD Korea - Won - Monthly - End of period,1992-07,791.2,A,,F
M,KR,KRW,E,0,6,A, Exchange rates against USD Korea - Won - Monthly - End of period,1992-08,790.7,A,,F
M,KR,KRW,E,0,6,A, Exchange rates against USD Korea - Won - Monthly - End of period,1992-09,789.7,A,,F
M,KR,KRW,E,0,6,A, Exchange rates against USD Korea - Won - Monthly - End of period,1992-10,785.6,A,,F
M,KR,KRW,E,0,6,A, Exchange rates against USD Korea - Won - Monthly - End of period,1992-11,788.2,A,,F
M,KR,KRW,E,0,6,A, Exchange rates against USD Korea - Won - Monthly - End of period,1992-12,791.5,A,,F
M,KR,KRW,E,0,6,A, Exchange rates against USD Korea - Won - Monthly - End of period,1993-01,796.2,A,,F
M,KR,KRW,E,0,6,A, Exchange rates against USD Korea - Won - Monthly - End of period,1993-02,798.6,A,,F
M,KR,KRW,E,0,6,A, Exchange rates against USD Korea - Won - Monthly - End of period,1993-03,797.1,A,,F
M,KR,KRW,E,0,6,A, Exchange rates against USD Korea - Won - Monthly - End of period,1993-04,799,A,,F
M,KR,KRW,E,0,6,A, Exchange rates against USD Korea - Won - Monthly - End of period,1993-05,804.5,A,,F
M,KR,KRW,E,0,6,A, Exchange rates against USD Korea - Won - Monthly - End of period,1993-06,806.9,A,,F
M,KR,KRW,E,0,6,A, Exchange rates against USD Korea - Won - Monthly - End of period,1993-07,809.8,A,,F
M,KR,KRW,E,0,6,A, Exchange rates against USD Korea - Won - Monthly - End of period,1993-08,811.6,A,,F
M,KR,KRW,E,0,6,A, Exchange rates against USD Korea - Won - Monthly - End of period,1993-09,812,A,,F
M,KR,KRW,E,0,6,A, Exchange rates against USD Korea - Won - Monthly - End of period,1993-10,812.1,A,,F
M,KR,KRW,E,0,6,A, Exchange rates against USD Korea - Won - Monthly - End of period,1993-11,810.8,A,,F
M,KR,KRW,E,0,6,A, Exchange rates against USD Korea - Won - Monthly - End of period,1993-12,811.3,A,,F
M,KR,KRW,E,0,6,A, Exchange rates against USD Korea - Won - Monthly - End of period,1994-01,811.3,A,,F
M,KR,KRW,E,0,6,A, Exchange rates against USD Korea - Won - Monthly - End of period,1994-02,811.2,A,,F
M,KR,KRW,E,0,6,A, Exchange rates against USD Korea - Won - Monthly - End of period,1994-03,809.7,A,,F
M,KR,KRW,E,0,6,A, Exchange rates against USD Korea - Won - Monthly - End of period,1994-04,810.5,A,,F
M,KR,KRW,E,0,6,A, Exchange rates against USD Korea - Won - Monthly - End of period,1994-05,809.3,A,,F
M,KR,KRW,E,0,6,A, Exchange rates against USD Korea - Won - Monthly - End of period,1994-06,808.7,A,,F
M,KR,KRW,E,0,6,A, Exchange rates against USD Korea - Won - Monthly - End of period,1994-07,805.5,A,,F
M,KR,KRW,E,0,6,A, Exchange rates against USD Korea - Won - Monthly - End of period,1994-08,806.9,A,,F
M,KR,KRW,E,0,6,A, Exchange rates against USD Korea - Won - Monthly - End of period,1994-09,802,A,,F
M,KR,KRW,E,0,6,A, Exchange rates against USD Korea - Won - Monthly - End of period,1994-10,800,A,,F
M,KR,KRW,E,0,6,A, Exchange rates against USD Korea - Won - Monthly - End of period,1994-11,797.4,A,,F
M,KR,KRW,E,0,6,A, Exchange rates against USD Korea - Won - Monthly - End of period,1994-12,792.7,A,,F
M,KR,KRW,E,0,6,A, Exchange rates against USD Korea - Won - Monthly - End of period,1995-01,789.8,A,,F
M,KR,KRW,E,0,6,A, Exchange rates against USD Korea - Won - Monthly - End of period,1995-02,789.1,A,,F
M,KR,KRW,E,0,6,A, Exchange rates against USD Korea - Won - Monthly - End of period,1995-03,774.5,A,,F
M,KR,KRW,E,0,6,A, Exchange rates against USD Korea - Won - Monthly - End of period,1995-04,763.9,A,,F
M,KR,KRW,E,0,6,A, Exchange rates against USD Korea - Won - Monthly - End of period,1995-05,763.1,A,,F
M,KR,KRW,E,0,6,A, Exchange rates against USD Korea - Won - Monthly - End of period,1995-06,761.1,A,,F
M,KR,KRW,E,0,6,A, Exchange rates against USD Korea - Won - Monthly - End of period,1995-07,759.5,A,,F
M,KR,KRW,E,0,6,A, Exchange rates against USD Korea - Won - Monthly - End of period,1995-08,773.4,A,,F
M,KR,KRW,E,0,6,A, Exchange rates against USD Korea - Won - Monthly - End of period,1995-09,768.3,A,,F
M,KR,KRW,E,0,6,A, Exchange rates against USD Korea - Won - Monthly - End of period,1995-10,765.2,A,,F
M,KR,KRW,E,0,6,A, Exchange rates against USD Korea - Won - Monthly - End of period,1995-11,770.7,A,,F
M,KR,KRW,E,0,6,A, Exchange rates against USD Korea - Won - Monthly - End of period,1995-12,775.8,A,,F
M,KR,KRW,E,0,6,A, Exchange rates against USD Korea - Won - Monthly - End of period,1996-01,785.3,A,,F
M,KR,KRW,E,0,6,A, Exchange rates against USD Korea - Won - Monthly - End of period,1996-02,782.8,A,,F
M,KR,KRW,E,0,6,A, Exchange rates against USD Korea - Won - Monthly - End of period,1996-03,782.3,A,,F
M,KR,KRW,E,0,6,A, Exchange rates against USD Korea - Won - Monthly - End of period,1996-04,778.3,A,,F
M,KR,KRW,E,0,6,A, Exchange rates against USD Korea - Won - Monthly - End of period,1996-05,788,A,,F
M,KR,KRW,E,0,6,A, Exchange rates against USD Korea - Won - Monthly - End of period,1996-06,811.4,A,,F
M,KR,KRW,E,0,6,A, Exchange rates against USD Korea - Won - Monthly - End of period,1996-07,813,A,,F
M,KR,KRW,E,0,6,A, Exchange rates against USD Korea - Won - Monthly - End of period,1996-08,819.3,A,,F
M,KR,KRW,E,0,6,A, Exchange rates against USD Korea - Won - Monthly - End of period,1996-09,826.5,A,,F
M,KR,KRW,E,0,6,A, Exchange rates against USD Korea - Won - Monthly - End of period,1996-10,828.5,A,,F
M,KR,KRW,E,0,6,A, Exchange rates against USD Korea - Won - Monthly - End of period,1996-11,829.1,A,,F
M,KR,KRW,E,0,6,A, Exchange rates against USD Korea - Won - Monthly - End of period,1996-12,847.5,A,,F
M,KR,KRW,E,0,6,A, Exchange rates against USD Korea - Won - Monthly - End of period,1997-01,867,A,,F
M,KR,KRW,E,0,6,A, Exchange rates against USD Korea - Won - Monthly - End of period,1997-02,866,A,,F
M,KR,KRW,E,0,6,A, Exchange rates against USD Korea - Won - Monthly - End of period,1997-03,898,A,,F
M,KR,KRW,E,0,6,A, Exchange rates against USD Korea - Won - Monthly - End of period,1997-04,894,A,,F
M,KR,KRW,E,0,6,A, Exchange rates against USD Korea - Won - Monthly - End of period,1997-05,893.5,A,,F
M,KR,KRW,E,0,6,A, Exchange rates against USD Korea - Won - Monthly - End of period,1997-06,890,A,,F
M,KR,KRW,E,0,6,A, Exchange rates against USD Korea - Won - Monthly - End of period,1997-07,892,A,,F
M,KR,KRW,E,0,6,A, Exchange rates against USD Korea - Won - Monthly - End of period,1997-08,905,A,,F
M,KR,KRW,E,0,6,A, Exchange rates against USD Korea - Won - Monthly - End of period,1997-09,917,A,,F
M,KR,KRW,E,0,6,A, Exchange rates against USD Korea - Won - Monthly - End of period,1997-10,970,A,,F
M,KR,KRW,E,0,6,A, Exchange rates against USD Korea - Won - Monthly - End of period,1997-11,1170.495487,A,,F
M,KR,KRW,E,0,6,A, Exchange rates against USD Korea - Won - Monthly - End of period,1997-12,1695.003681,A,,F
M,KR,KRW,E,0,6,A, Exchange rates against USD Korea - Won - Monthly - End of period,1998-01,1523.996724,A,,F
M,KR,KRW,E,0,6,A, Exchange rates against USD Korea - Won - Monthly - End of period,1998-02,1633.009156,A,,F
M,KR,KRW,E,0,6,A, Exchange rates against USD Korea - Won - Monthly - End of period,1998-03,1385.00066,A,,F
M,KR,KRW,E,0,6,A, Exchange rates against USD Korea - Won - Monthly - End of period,1998-04,1336.501541,A,,F
M,KR,KRW,E,0,6,A, Exchange rates against USD Korea - Won - Monthly - End of period,1998-05,1407.498042,A,,F
M,KR,KRW,E,0,6,A, Exchange rates against USD Korea - Won - Monthly - End of period,1998-06,1372.990268,A,,F
M,KR,KRW,E,0,6,A, Exchange rates against USD Korea - Won - Monthly - End of period,1998-07,1230.49757,A,,F
M,KR,KRW,E,0,6,A, Exchange rates against USD Korea - Won - Monthly - End of period,1998-08,1349.999516,A,,F
M,KR,KRW,E,0,6,A, Exchange rates against USD Korea - Won - Monthly - End of period,1998-09,1390.742499,A,,F
M,KR,KRW,E,0,6,A, Exchange rates against USD Korea - Won - Monthly - End of period,1998-10,1319.498648,A,,F
M,KR,KRW,E,0,6,A, Exchange rates against USD Korea - Won - Monthly - End of period,1998-11,1246.00158,A,,F
M,KR,KRW,E,0,6,A, Exchange rates against USD Korea - Won - Monthly - End of period,1998-12,1202.502695,A,,F
M,KR,KRW,E,0,6,A, Exchange rates against USD Korea - Won - Monthly - End of period,1999-01,1174.745257,A,,F
M,KR,KRW,E,0,6,A, Exchange rates against USD Korea - Won - Monthly - End of period,1999-02,1223.951715,A,,F
M,KR,KRW,E,0,6,A, Exchange rates against USD Korea - Won - Monthly - End of period,1999-03,1226.829268,A,,F
M,KR,KRW,E,0,6,A, Exchange rates against USD Korea - Won - Monthly - End of period,1999-04,1187.553081,A,,F
M,KR,KRW,E,0,6,A, Exchange rates against USD Korea - Won - Monthly - End of period,1999-05,1186.237567,A,,F
M,KR,KRW,E,0,6,A, Exchange rates against USD Korea - Won - Monthly - End of period,1999-06,1157.503873,A,,F
M,KR,KRW,E,0,6,A, Exchange rates against USD Korea - Won - Monthly - End of period,1999-07,1203.674958,A,,F
M,KR,KRW,E,0,6,A, Exchange rates against USD Korea - Won - Monthly - End of period,1999-08,1179.892178,A,,F
M,KR,KRW,E,0,6,A, Exchange rates against USD Korea - Won - Monthly - End of period,1999-09,1216.558837,A,,F
M,KR,KRW,E,0,6,A, Exchange rates against USD Korea - Won - Monthly - End of period,1999-10,1200.076533,A,,F
M,KR,KRW,E,0,6,A, Exchange rates against USD Korea - Won - Monthly - End of period,1999-11,1160.057443,A,,F
M,KR,KRW,E,0,6,A, Exchange rates against USD Korea - Won - Monthly - End of period,1999-12,1132.072467,A,,F
M,KR,KRW,E,0,6,A, Exchange rates against USD Korea - Won - Monthly - End of period,2000-01,1123.736084,A,,F
M,KR,KRW,E,0,6,A, Exchange rates against USD Korea - Won - Monthly - End of period,2000-02,1130.934733,A,,F
M,KR,KRW,E,0,6,A, Exchange rates against USD Korea - Won - Monthly - End of period,2000-03,1105.47472,A,,F
M,KR,KRW,E,0,6,A, Exchange rates against USD Korea - Won - Monthly - End of period,2000-04,1108.35443,A,,F
M,KR,KRW,E,0,6,A, Exchange rates against USD Korea - Won - Monthly - End of period,2000-05,1128.496184,A,,F
M,KR,KRW,E,0,6,A, Exchange rates against USD Korea - Won - Monthly - End of period,2000-06,1114.148179,A,,F
M,KR,KRW,E,0,6,A, Exchange rates against USD Korea - Won - Monthly - End of period,2000-07,1118.262469,A,,F
M,KR,KRW,E,0,6,A, Exchange rates against USD Korea - Won - Monthly - End of period,2000-08,1109.746238,A,,F
M,KR,KRW,E,0,6,A, Exchange rates against USD Korea - Won - Monthly - End of period,2000-09,1114.512265,A,,F
M,KR,KRW,E,0,6,A, Exchange rates against USD Korea - Won - Monthly - End of period,2000-10,1139.004396,A,,F
M,KR,KRW,E,0,6,A, Exchange rates against USD Korea - Won - Monthly - End of period,2000-11,1215.49977,A,,F
M,KR,KRW,E,0,6,A, Exchange rates against USD Korea - Won - Monthly - End of period,2000-12,1264.997313,A,,F
M,KR,KRW,E,0,6,A, Exchange rates against USD Korea - Won - Monthly - End of period,2001-01,1259.195093,A,,F
M,KR,KRW,E,0,6,A, Exchange rates against USD Korea - Won - Monthly - End of period,2001-02,1253.795415,A,,F
M,KR,KRW,E,0,6,A, Exchange rates against USD Korea - Won - Monthly - End of period,2001-03,1331.000906,A,,F
M,KR,KRW,E,0,6,A, Exchange rates against USD Korea - Won - Monthly - End of period,2001-04,1319.502028,A,,F
M,KR,KRW,E,0,6,A, Exchange rates against USD Korea - Won - Monthly - End of period,2001-05,1281.002358,A,,F
M,KR,KRW,E,0,6,A, Exchange rates against USD Korea - Won - Monthly - End of period,2001-06,1300.495283,A,,F
M,KR,KRW,E,0,6,A, Exchange rates against USD Korea - Won - Monthly - End of period,2001-07,1298.001142,A,,F
M,KR,KRW,E,0,6,A, Exchange rates against USD Korea - Won - Monthly - End of period,2001-08,1279.001965,A,,F
M,KR,KRW,E,0,6,A, Exchange rates against USD Korea - Won - Monthly - End of period,2001-09,1303.997372,A,,F
M,KR,KRW,E,0,6,A, Exchange rates against USD Korea - Won - Monthly - End of period,2001-10,1295.001106,A,,F
M,KR,KRW,E,0,6,A, Exchange rates against USD Korea - Won - Monthly - End of period,2001-11,1268.004046,A,,F
M,KR,KRW,E,0,6,A, Exchange rates against USD Korea - Won - Monthly - End of period,2001-12,1317.996142,A,,F
M,KR,KRW,E,0,6,A, Exchange rates against USD Korea - Won - Monthly - End of period,2002-01,1309.401413,A,,F
M,KR,KRW,E,0,6,A, Exchange rates against USD Korea - Won - Monthly - End of period,2002-02,1323.800717,A,,F
M,KR,KRW,E,0,6,A, Exchange rates against USD Korea - Won - Monthly - End of period,2002-03,1321.99679,A,,F
M,KR,KRW,E,0,6,A, Exchange rates against USD Korea - Won - Monthly - End of period,2002-04,1288.998668,A,,F
M,KR,KRW,E,0,6,A, Exchange rates against USD Korea - Won - Monthly - End of period,2002-05,1214.402898,A,,F
M,KR,KRW,E,0,6,A, Exchange rates against USD Korea - Won - Monthly - End of period,2002-06,1191.298246,A,,F
M,KR,KRW,E,0,6,A, Exchange rates against USD Korea - Won - Monthly - End of period,2002-07,1178.002658,A,,F
M,KR,KRW,E,0,6,A, Exchange rates against USD Korea - Won - Monthly - End of period,2002-08,1196.003254,A,,F
M,KR,KRW,E,0,6,A, Exchange rates against USD Korea - Won - Monthly - End of period,2002-09,1221.997972,A,,F
M,KR,KRW,E,0,6,A, Exchange rates against USD Korea - Won - Monthly - End of period,2002-10,1221.695053,A,,F
M,KR,KRW,E,0,6,A, Exchange rates against USD Korea - Won - Monthly - End of period,2002-11,1196.202277,A,,F
M,KR,KRW,E,0,6,A, Exchange rates against USD Korea - Won - Monthly - End of period,2002-12,1186.001716,A,,F
M,KR,KRW,E,0,6,A, Exchange rates against USD Korea - Won - Monthly - End of period,2003-01,1169.998151,A,,F
M,KR,KRW,E,0,6,A, Exchange rates against USD Korea - Won - Monthly - End of period,2003-02,1192.997589,A,,F
M,KR,KRW,E,0,6,A, Exchange rates against USD Korea - Won - Monthly - End of period,2003-03,1254.502065,A,,F
M,KR,KRW,E,0,6,A, Exchange rates against USD Korea - Won - Monthly - End of period,2003-04,1215.24571,A,,F
M,KR,KRW,E,0,6,A, Exchange rates against USD Korea - Won - Monthly - End of period,2003-05,1205.997293,A,,F
M,KR,KRW,E,0,6,A, Exchange rates against USD Korea - Won - Monthly - End of period,2003-06,1193.996675,A,,F
M,KR,KRW,E,0,6,A, Exchange rates against USD Korea - Won - Monthly - End of period,2003-07,1179.846263,A,,F
M,KR,KRW,E,0,6,A, Exchange rates against USD Korea - Won - Monthly - End of period,2003-08,1178.246545,A,,F
M,KR,KRW,E,0,6,A, Exchange rates against USD Korea - Won - Monthly - End of period,2003-09,1150.145898,A,,F
M,KR,KRW,E,0,6,A, Exchange rates against USD Korea - Won - Monthly - End of period,2003-10,1183.496816,A,,F
M,KR,KRW,E,0,6,A, Exchange rates against USD Korea - Won - Monthly - End of period,2003-11,1202.051026,A,,F
M,KR,KRW,E,0,6,A, Exchange rates against USD Korea - Won - Monthly - End of period,2003-12,1192.652415,A,,F
M,KR,KRW,E,0,6,A, Exchange rates against USD Korea - Won - Monthly - End of period,2004-01,1173.498062,A,,F
M,KR,KRW,E,0,6,A, Exchange rates against USD Korea - Won - Monthly - End of period,2004-02,1175.503302,A,,F
M,KR,KRW,E,0,6,A, Exchange rates against USD Korea - Won - Monthly - End of period,2004-03,1146.449607,A,,F
M,KR,KRW,E,0,6,A, Exchange rates against USD Korea - Won - Monthly - End of period,2004-04,1173.348958,A,,F
M,KR,KRW,E,0,6,A, Exchange rates against USD Korea - Won - Monthly - End of period,2004-05,1160.050828,A,,F
M,KR,KRW,E,0,6,A, Exchange rates against USD Korea - Won - Monthly - End of period,2004-06,1155.450432,A,,F
M,KR,KRW,E,0,6,A, Exchange rates against USD Korea - Won - Monthly - End of period,2004-07,1170.147022,A,,F
M,KR,KRW,E,0,6,A, Exchange rates against USD Korea - Won - Monthly - End of period,2004-08,1151.853687,A,,F
M,KR,KRW,E,0,6,A, Exchange rates against USD Korea - Won - Monthly - End of period,2004-09,1151.897816,A,,F
M,KR,KRW,E,0,6,A, Exchange rates against USD Korea - Won - Monthly - End of period,2004-10,1119.400173,A,,F
M,KR,KRW,E,0,6,A, Exchange rates against USD Korea - Won - Monthly - End of period,2004-11,1048.401655,A,,F
M,KR,KRW,E,0,6,A, Exchange rates against USD Korea - Won - Monthly - End of period,2004-12,1035.202995,A,,F
M,KR,KRW,E,0,6,A, Exchange rates against USD Korea - Won - Monthly - End of period,2005-01,1025.600307,A,,F
M,KR,KRW,E,0,6,A, Exchange rates against USD Korea - Won - Monthly - End of period,2005-02,1006.102436,A,,F
M,KR,KRW,E,0,6,A, Exchange rates against USD Korea - Won - Monthly - End of period,2005-03,1015.49676,A,,F
M,KR,KRW,E,0,6,A, Exchange rates against USD Korea - Won - Monthly - End of period,2005-04,997.098094,A,,F
M,KR,KRW,E,0,6,A, Exchange rates against USD Korea - Won - Monthly - End of period,2005-05,1007.94745,A,,F
M,KR,KRW,E,0,6,A, Exchange rates against USD Korea - Won - Monthly - End of period,2005-06,1025.347337,A,,F
M,KR,KRW,E,0,6,A, Exchange rates against USD Korea - Won - Monthly - End of period,2005-07,1026.949475,A,,F
M,KR,KRW,E,0,6,A, Exchange rates against USD Korea - Won - Monthly - End of period,2005-08,1038.498114,A,,F
M,KR,KRW,E,0,6,A, Exchange rates against USD Korea - Won - Monthly - End of period,2005-09,1042.152466,A,,F
M,KR,KRW,E,0,6,A, Exchange rates against USD Korea - Won - Monthly - End of period,2005-10,1040.197954,A,,F
M,KR,KRW,E,0,6,A, Exchange rates against USD Korea - Won - Monthly - End of period,2005-11,1033.503271,A,,F
M,KR,KRW,E,0,6,A, Exchange rates against USD Korea - Won - Monthly - End of period,2005-12,1004.001017,A,,F
M,KR,KRW,E,0,6,A, Exchange rates against USD Korea - Won - Monthly - End of period,2006-01,964.647632,A,,F
M,KR,KRW,E,0,6,A, Exchange rates against USD Korea - Won - Monthly - End of period,2006-02,970.997895,A,,F
M,KR,KRW,E,0,6,A, Exchange rates against USD Korea - Won - Monthly - End of period,2006-03,971.653999,A,,F
M,KR,KRW,E,0,6,A, Exchange rates against USD Korea - Won - Monthly - End of period,2006-04,943.200128,A,,F
M,KR,KRW,E,0,6,A, Exchange rates against USD Korea - Won - Monthly - End of period,2006-05,945.702518,A,,F
M,KR,KRW,E,0,6,A, Exchange rates against USD Korea - Won - Monthly - End of period,2006-06,948.698183,A,,F
M,KR,KRW,E,0,6,A, Exchange rates against USD Korea - Won - Monthly - End of period,2006-07,955.502467,A,,F
M,KR,KRW,E,0,6,A, Exchange rates against USD Korea - Won - Monthly - End of period,2006-08,961.302622,A,,F
M,KR,KRW,E,0,6,A, Exchange rates against USD Korea - Won - Monthly - End of period,2006-09,946.303318,A,,F
M,KR,KRW,E,0,6,A, Exchange rates against USD Korea - Won - Monthly - End of period,2006-10,942.296786,A,,F
M,KR,KRW,E,0,6,A, Exchange rates against USD Korea - Won - Monthly - End of period,2006-11,929.348485,A,,F
M,KR,KRW,E,0,6,A, Exchange rates against USD Korea - Won - Monthly - End of period,2006-12,930,A,,F
M,KR,KRW,E,0,6,A, Exchange rates against USD Korea - Won - Monthly - End of period,2007-01,941.153312,A,,F
M,KR,KRW,E,0,6,A, Exchange rates against USD Korea - Won - Monthly - End of period,2007-02,941.753085,A,,F
M,KR,KRW,E,0,6,A, Exchange rates against USD Korea - Won - Monthly - End of period,2007-03,940.846974,A,,F
M,KR,KRW,E,0,6,A, Exchange rates against USD Korea - Won - Monthly - End of period,2007-04,930.900404,A,,F
M,KR,KRW,E,0,6,A, Exchange rates against USD Korea - Won - Monthly - End of period,2007-05,927.800491,A,,F
M,KR,KRW,E,0,6,A, Exchange rates against USD Korea - Won - Monthly - End of period,2007-06,923.902258,A,,F
M,KR,KRW,E,0,6,A, Exchange rates against USD Korea - Won - Monthly - End of period,2007-07,919.29671,A,,F
M,KR,KRW,E,0,6,A, Exchange rates against USD Korea - Won - Monthly - End of period,2007-08,938.248814,A,,F
M,KR,KRW,E,0,6,A, Exchange rates against USD Korea - Won - Monthly - End of period,2007-09,915.149164,A,,F
M,KR,KRW,E,0,6,A, Exchange rates against USD Korea - Won - Monthly - End of period,2007-10,900.802935,A,,F
M,KR,KRW,E,0,6,A, Exchange rates against USD Korea - Won - Monthly - End of period,2007-11,921.150329,A,,F
M,KR,KRW,E,0,6,A, Exchange rates against USD Korea - Won - Monthly - End of period,2007-12,936.05054,A,,F
M,KR,KRW,E,0,6,A, Exchange rates against USD Korea - Won - Monthly - End of period,2008-01,944.203093,A,,F
M,KR,KRW,E,0,6,A, Exchange rates against USD Korea - Won - Monthly - End of period,2008-02,939.585943,A,,F
M,KR,KRW,E,0,6,A, Exchange rates against USD Korea - Won - Monthly - End of period,2008-03,991.000506,A,,F
M,KR,KRW,E,0,6,A, Exchange rates against USD Korea - Won - Monthly - End of period,2008-04,1005.501931,A,,F
M,KR,KRW,E,0,6,A, Exchange rates against USD Korea - Won - Monthly - End of period,2008-05,1028.752902,A,,F
M,KR,KRW,E,0,6,A, Exchange rates against USD Korea - Won - Monthly - End of period,2008-06,1048.09693,A,,F
M,KR,KRW,E,0,6,A, Exchange rates against USD Korea - Won - Monthly - End of period,2008-07,1011.498302,A,,F
M,KR,KRW,E,0,6,A, Exchange rates against USD Korea - Won - Monthly - End of period,2008-08,1087.750254,A,,F
M,KR,KRW,E,0,6,A, Exchange rates against USD Korea - Won - Monthly - End of period,2008-09,1206.949591,A,,F
M,KR,KRW,E,0,6,A, Exchange rates against USD Korea - Won - Monthly - End of period,2008-10,1306.05158,A,,F
M,KR,KRW,E,0,6,A, Exchange rates against USD Korea - Won - Monthly - End of period,2008-11,1462.002043,A,,F
M,KR,KRW,E,0,6,A, Exchange rates against USD Korea - Won - Monthly - End of period,2008-12,1321.498886,A,,F
M,KR,KRW,E,0,6,A, Exchange rates against USD Korea - Won - Monthly - End of period,2009-01,1394.998439,A,,F
M,KR,KRW,E,0,6,A, Exchange rates against USD Korea - Won - Monthly - End of period,2009-02,1542.953179,A,,F
M,KR,KRW,E,0,6,A, Exchange rates against USD Korea - Won - Monthly - End of period,2009-03,1383.100391,A,,F
M,KR,KRW,E,0,6,A, Exchange rates against USD Korea - Won - Monthly - End of period,2009-04,1278.252354,A,,F
M,KR,KRW,E,0,6,A, Exchange rates against USD Korea - Won - Monthly - End of period,2009-05,1251.269684,A,,F
M,KR,KRW,E,0,6,A, Exchange rates against USD Korea - Won - Monthly - End of period,2009-06,1275.244092,A,,F
M,KR,KRW,E,0,6,A, Exchange rates against USD Korea - Won - Monthly - End of period,2009-07,1222.740133,A,,F
M,KR,KRW,E,0,6,A, Exchange rates against USD Korea - Won - Monthly - End of period,2009-08,1249.495516,A,,F
M,KR,KRW,E,0,6,A, Exchange rates against USD Korea - Won - Monthly - End of period,2009-09,1177.320221,A,,F
M,KR,KRW,E,0,6,A, Exchange rates against USD Korea - Won - Monthly - End of period,2009-10,1181.094595,A,,F
M,KR,KRW,E,0,6,A, Exchange rates against USD Korea - Won - Monthly - End of period,2009-11,1162.803701,A,,F
M,KR,KRW,E,0,6,A, Exchange rates against USD Korea - Won - Monthly - End of period,2009-12,1157.135916,A,,F
M,KR,KRW,E,0,6,A, Exchange rates against USD Korea - Won - Monthly - End of period,2010-01,1161.391952,A,,F
M,KR,KRW,E,0,6,A, Exchange rates against USD Korea - Won - Monthly - End of period,2010-02,1159.874724,A,,F
M,KR,KRW,E,0,6,A, Exchange rates against USD Korea - Won - Monthly - End of period,2010-03,1131.471177,A,,F
M,KR,KRW,E,0,6,A, Exchange rates against USD Korea - Won - Monthly - End of period,2010-04,1108.118663,A,,F
M,KR,KRW,E,0,6,A, Exchange rates against USD Korea - Won - Monthly - End of period,2010-05,1202.096368,A,,F
M,KR,KRW,E,0,6,A, Exchange rates against USD Korea - Won - Monthly - End of period,2010-06,1222.060142,A,,F
M,KR,KRW,E,0,6,A, Exchange rates against USD Korea - Won - Monthly - End of period,2010-07,1184.395149,A,,F
M,KR,KRW,E,0,6,A, Exchange rates against USD Korea - Won - Monthly - End of period,2010-08,1198.777603,A,,F
M,KR,KRW,E,0,6,A, Exchange rates against USD Korea - Won - Monthly - End of period,2010-09,1136.173798,A,,F
M,KR,KRW,E,0,6,A, Exchange rates against USD Korea - Won - Monthly - End of period,2010-10,1124.269322,A,,F
M,KR,KRW,E,0,6,A, Exchange rates against USD Korea - Won - Monthly - End of period,2010-11,1162.109555,A,,F
M,KR,KRW,E,0,6,A, Exchange rates against USD Korea - Won - Monthly - End of period,2010-12,1121.882952,A,,F
M,KR,KRW,E,0,6,A, Exchange rates against USD Korea - Won - Monthly - End of period,2011-01,1120.398773,A,,F
M,KR,KRW,E,0,6,A, Exchange rates against USD Korea - Won - Monthly - End of period,2011-02,1126.102357,A,,F
M,KR,KRW,E,0,6,A, Exchange rates against USD Korea - Won - Monthly - End of period,2011-03,1094.185965,A,,F
M,KR,KRW,E,0,6,A, Exchange rates against USD Korea - Won - Monthly - End of period,2011-04,1069.051144,A,,F
M,KR,KRW,E,0,6,A, Exchange rates against USD Korea - Won - Monthly - End of period,2011-05,1079.137991,A,,F
M,KR,KRW,E,0,6,A, Exchange rates against USD Korea - Won - Monthly - End of period,2011-06,1067.729883,A,,F
M,KR,KRW,E,0,6,A, Exchange rates against USD Korea - Won - Monthly - End of period,2011-07,1054.417952,A,,F
M,KR,KRW,E,0,6,A, Exchange rates against USD Korea - Won - Monthly - End of period,2011-08,1065.266436,A,,F
M,KR,KRW,E,0,6,A, Exchange rates against USD Korea - Won - Monthly - End of period,2011-09,1181.159742,A,,F
M,KR,KRW,E,0,6,A, Exchange rates against USD Korea - Won - Monthly - End of period,2011-10,1109.185058,A,,F
M,KR,KRW,E,0,6,A, Exchange rates against USD Korea - Won - Monthly - End of period,2011-11,1140.475481,A,,F
M,KR,KRW,E,0,6,A, Exchange rates against USD Korea - Won - Monthly - End of period,2011-12,1158.273437,A,,F
M,KR,KRW,E,0,6,A, Exchange rates against USD Korea - Won - Monthly - End of period,2012-01,1121.728901,A,,F
M,KR,KRW,E,0,6,A, Exchange rates against USD Korea - Won - Monthly - End of period,2012-02,1117.518411,A,,F
M,KR,KRW,E,0,6,A, Exchange rates against USD Korea - Won - Monthly - End of period,2012-03,1132.809224,A,,F
M,KR,KRW,E,0,6,A, Exchange rates against USD Korea - Won - Monthly - End of period,2012-04,1129.029817,A,,F
M,KR,KRW,E,0,6,A, Exchange rates against USD Korea - Won - Monthly - End of period,2012-05,1179.561396,A,,F
M,KR,KRW,E,0,6,A, Exchange rates against USD Korea - Won - Monthly - End of period,2012-06,1144.559174,A,,F
M,KR,KRW,E,0,6,A, Exchange rates against USD Korea - Won - Monthly - End of period,2012-07,1129.802996,A,,F
M,KR,KRW,E,0,6,A, Exchange rates against USD Korea - Won - Monthly - End of period,2012-08,1133.906907,A,,F
M,KR,KRW,E,0,6,A, Exchange rates against USD Korea - Won - Monthly - End of period,2012-09,1113.17092,A,,F
M,KR,KRW,E,0,6,A, Exchange rates against USD Korea - Won - Monthly - End of period,2012-10,1090.725775,A,,F
M,KR,KRW,E,0,6,A, Exchange rates against USD Korea - Won - Monthly - End of period,2012-11,1082.94317,A,,F
M,KR,KRW,E,0,6,A, Exchange rates against USD Korea - Won - Monthly - End of period,2012-12,1065.810217,A,,F
M,KR,KRW,E,0,6,A, Exchange rates against USD Korea - Won - Monthly - End of period,2013-01,1086.420664,A,,F
M,KR,KRW,E,0,6,A, Exchange rates against USD Korea - Won - Monthly - End of period,2013-02,1084.400944,A,,F
M,KR,KRW,E,0,6,A, Exchange rates against USD Korea - Won - Monthly - End of period,2013-03,1112.869973,A,,F
M,KR,KRW,E,0,6,A, Exchange rates against USD Korea - Won - Monthly - End of period,2013-04,1101.904835,A,,F
M,KR,KRW,E,0,6,A, Exchange rates against USD Korea - Won - Monthly - End of period,2013-05,1130.901123,A,,F
M,KR,KRW,E,0,6,A, Exchange rates against USD Korea - Won - Monthly - End of period,2013-06,1142.385321,A,,F
M,KR,KRW,E,0,6,A, Exchange rates against USD Korea - Won - Monthly - End of period,2013-07,1122.39548,A,,F
M,KR,KRW,E,0,6,A, Exchange rates against USD Korea - Won - Monthly - End of period,2013-08,1109.860219,A,,F
M,KR,KRW,E,0,6,A, Exchange rates against USD Korea - Won - Monthly - End of period,2013-09,1075.038874,A,,F
M,KR,KRW,E,0,6,A, Exchange rates against USD Korea - Won - Monthly - End of period,2013-10,1060.442783,A,,F
M,KR,KRW,E,0,6,A, Exchange rates against USD Korea - Won - Monthly - End of period,2013-11,1058.202924,A,,F
M,KR,KRW,E,0,6,A, Exchange rates against USD Korea - Won - Monthly - End of period,2013-12,1052.084693,A,,F
M,KR,KRW,E,0,6,A, Exchange rates against USD Korea - Won - Monthly - End of period,2014-01,1083.330867,A,,F
M,KR,KRW,E,0,6,A, Exchange rates against USD Korea - Won - Monthly - End of period,2014-02,1066.582205,A,,F
M,KR,KRW,E,0,6,A, Exchange rates against USD Korea - Won - Monthly - End of period,2014-03,1063.228895,A,,F
M,KR,KRW,E,0,6,A, Exchange rates against USD Korea - Won - Monthly - End of period,2014-04,1032.743682,A,,F
M,KR,KRW,E,0,6,A, Exchange rates against USD Korea - Won - Monthly - End of period,2014-05,1020.9598,A,,F
M,KR,KRW,E,0,6,A, Exchange rates against USD Korea - Won - Monthly - End of period,2014-06,1011.890467,A,,F
M,KR,KRW,E,0,6,A, Exchange rates against USD Korea - Won - Monthly - End of period,2014-07,1030.346065,A,,F
M,KR,KRW,E,0,6,A, Exchange rates against USD Korea - Won - Monthly - End of period,2014-08,1014.535942,A,,F
M,KR,KRW,E,0,6,A, Exchange rates against USD Korea - Won - Monthly - End of period,2014-09,1057.251848,A,,F
M,KR,KRW,E,0,6,A, Exchange rates against USD Korea - Won - Monthly - End of period,2014-10,1072.684446,A,,F
M,KR,KRW,E,0,6,A, Exchange rates against USD Korea - Won - Monthly - End of period,2014-11,1109.973564,A,,F
M,KR,KRW,E,0,6,A, Exchange rates against USD Korea - Won - Monthly - End of period,2014-12,1091.178651,A,,F
M,KR,KRW,E,0,6,A, Exchange rates against USD Korea - Won - Monthly - End of period,2015-01,1102.644847,A,,F
M,KR,KRW,E,0,6,A, Exchange rates against USD Korea - Won - Monthly - End of period,2015-02,1099.786477,A,,F
M,KR,KRW,E,0,6,A, Exchange rates against USD Korea - Won - Monthly - End of period,2015-03,1108.448741,A,,F
M,KR,KRW,E,0,6,A, Exchange rates against USD Korea - Won - Monthly - End of period,2015-04,1072.206866,A,,F
M,KR,KRW,E,0,6,A, Exchange rates against USD Korea - Won - Monthly - End of period,2015-05,1112.406563,A,,F
M,KR,KRW,E,0,6,A, Exchange rates against USD Korea - Won - Monthly - End of period,2015-06,1118.303691,A,,F
M,KR,KRW,E,0,6,A, Exchange rates against USD Korea - Won - Monthly - End of period,2015-07,1173.894411,A,,F
M,KR,KRW,E,0,6,A, Exchange rates against USD Korea - Won - Monthly - End of period,2015-08,1183.20107,A,,F
M,KR,KRW,E,0,6,A, Exchange rates against USD Korea - Won - Monthly - End of period,2015-09,1185.637776,A,,F
M,KR,KRW,E,0,6,A, Exchange rates against USD Korea - Won - Monthly - End of period,2015-10,1138.222747,A,,F
M,KR,KRW,E,0,6,A, Exchange rates against USD Korea - Won - Monthly - End of period,2015-11,1157.207676,A,,F
M,KR,KRW,E,0,6,A, Exchange rates against USD Korea - Won - Monthly - End of period,2015-12,1176.430605,A,,F
M,KR,KRW,E,0,6,A, Exchange rates against USD Korea - Won - Monthly - End of period,2016-01,1207.509158,A,,F
M,KR,KRW,E,0,6,A, Exchange rates against USD Korea - Won - Monthly - End of period,2016-02,1237.637766,A,,F
M,KR,KRW,E,0,6,A, Exchange rates against USD Korea - Won - Monthly - End of period,2016-03,1137.35617,A,,F
M,KR,KRW,E,0,6,A, Exchange rates against USD Korea - Won - Monthly - End of period,2016-04,1141.392616,A,,F
M,KR,KRW,E,0,6,A, Exchange rates against USD Korea - Won - Monthly - End of period,2016-05,1188.909808,A,,F
M,KR,KRW,E,0,6,A, Exchange rates against USD Korea - Won - Monthly - End of period,2016-06,1151.576293,A,,F
M,KR,KRW,E,0,6,A, Exchange rates against USD Korea - Won - Monthly - End of period,2016-07,1121.956267,A,,F
M,KR,KRW,E,0,6,A, Exchange rates against USD Korea - Won - Monthly - End of period,2016-08,1117.193676,A,,F
M,KR,KRW,E,0,6,A, Exchange rates against USD Korea - Won - Monthly - End of period,2016-09,1101.836753,A,,F
M,KR,KRW,E,0,6,A, Exchange rates against USD Korea - Won - Monthly - End of period,2016-10,1146.437055,A,,F
M,KR,KRW,E,0,6,A, Exchange rates against USD Korea - Won - Monthly - End of period,2016-11,1172.891396,A,,F
M,KR,KRW,E,0,6,A, Exchange rates against USD Korea - Won - Monthly - End of period,2016-12,1204.212124,A,,F
M,KR,KRW,E,0,6,A, Exchange rates against USD Korea - Won - Monthly - End of period,2017-01,1157.377964,A,,F
M,KR,KRW,E,0,6,A, Exchange rates against USD Korea - Won - Monthly - End of period,2017-02,1126.960461,A,,F
M,KR,KRW,E,0,6,A, Exchange rates against USD Korea - Won - Monthly - End of period,2017-03,1117.332336,A,,F
M,KR,KRW,E,0,6,A, Exchange rates against USD Korea - Won - Monthly - End of period,2017-04,1137.868253,A,,F
M,KR,KRW,E,0,6,A, Exchange rates against USD Korea - Won - Monthly - End of period,2017-05,1118.447554,A,,F
M,KR,KRW,E,0,6,A, Exchange rates against USD Korea - Won - Monthly - End of period,2017-06,1143.147564,A,,F
M,KR,KRW,E,0,6,A, Exchange rates against USD Korea - Won - Monthly - End of period,2017-07,1122.171058,A,,F
M,KR,KRW,E,0,6,A, Exchange rates against USD Korea - Won - Monthly - End of period,2017-08,1125.767442,A,,F
M,KR,KRW,E,0,6,A, Exchange rates against USD Korea - Won - Monthly - End of period,2017-09,1145.036422,A,,F
M,KR,KRW,E,0,6,A, Exchange rates against USD Korea - Won - Monthly - End of period,2017-10,1118.319299,A,,F
M,KR,KRW,E,0,6,A, Exchange rates against USD Korea - Won - Monthly - End of period,2017-11,1086.387037,A,,F
M,KR,KRW,E,0,6,A, Exchange rates against USD Korea - Won - Monthly - End of period,2017-12,1066.964062,A,,F
M,KR,KRW,E,0,6,A, Exchange rates against USD Korea - Won - Monthly - End of period,2018-01,1065.288593,A,,F
M,KR,KRW,E,0,6,A, Exchange rates against USD Korea - Won - Monthly - End of period,2018-02,1080.931718,A,,F
M,KR,KRW,E,0,6,A, Exchange rates against USD Korea - Won - Monthly - End of period,2018-03,1063.947732,A,,F
M,KR,KRW,E,0,6,A, Exchange rates against USD Korea - Won - Monthly - End of period,2018-04,1069.658084,A,,F
M,KR,KRW,E,0,6,A, Exchange rates against USD Korea - Won - Monthly - End of period,2018-05,1078.083597,A,,F
M,KR,KRW,E,0,6,A, Exchange rates against USD Korea - Won - Monthly - End of period,2018-06,1112.300566,A,,F
M,KR,KRW,E,0,6,A, Exchange rates against USD Korea - Won - Monthly - End of period,2018-07,1118.600886,A,,F
M,KR,KRW,E,0,6,A, Exchange rates against USD Korea - Won - Monthly - End of period,2018-08,1117.423397,A,,F
M,KR,KRW,E,0,6,A, Exchange rates against USD Korea - Won - Monthly - End of period,2018-09,1110.703179,A,,F
M,KR,KRW,E,0,6,A, Exchange rates against USD Korea - Won - Monthly - End of period,2018-10,1140.749249,A,,F
M,KR,KRW,E,0,6,A, Exchange rates against USD Korea - Won - Monthly - End of period,2018-11,1121.612818,A,,F
M,KR,KRW,E,0,6,A, Exchange rates against USD Korea - Won - Monthly - End of period,2018-12,1116.09607,A,,F
M,KR,KRW,E,0,6,A, Exchange rates against USD Korea - Won - Monthly - End of period,2019-01,1112.099582,A,,F
M,KR,KRW,E,0,6,A, Exchange rates against USD Korea - Won - Monthly - End of period,2019-02,1122.170638,A,,F
M,KR,KRW,E,0,6,A, Exchange rates against USD Korea - Won - Monthly - End of period,2019-03,1136.145972,A,,F
M,KR,KRW,E,0,6,A, Exchange rates against USD Korea - Won - Monthly - End of period,2019-04,1165.992155,A,,F
M,KR,KRW,E,0,6,A, Exchange rates against USD Korea - Won - Monthly - End of period,2019-05,1191.202583,A,,F
M,KR,KRW,E,0,6,A, Exchange rates against USD Korea - Won - Monthly - End of period,2019-06,1155.843585,A,,F
M,KR,KRW,E,0,6,A, Exchange rates against USD Korea - Won - Monthly - End of period,2019-07,1182.18097,A,,F
M,KR,KRW,E,0,6,A, Exchange rates against USD Korea - Won - Monthly - End of period,2019-08,1208.055455,A,,F
M,KR,KRW,E,0,6,A, Exchange rates against USD Korea - Won - Monthly - End of period,2019-09,1198.301038,A,,F
M,KR,KRW,E,0,6,A, Exchange rates against USD Korea - Won - Monthly - End of period,2019-10,1168.074233,A,,F
M,KR,KRW,E,0,6,A, Exchange rates against USD Korea - Won - Monthly - End of period,2019-11,1179.939902,A,,F
M,KR,KRW,E,0,6,A, Exchange rates against USD Korea - Won - Monthly - End of period,2019-12,1153.889977,A,,F
M,KR,KRW,E,0,6,A, Exchange rates against USD Korea - Won - Monthly - End of period,2020-01,1195.801665,A,,F
M,KR,KRW,E,0,6,A, Exchange rates against USD Korea - Won - Monthly - End of period,2020-02,1207.051107,A,,F
M,KR,KRW,E,0,6,A, Exchange rates against USD Korea - Won - Monthly - End of period,2020-03,1224.014239,A,,F
M,KR,KRW,E,0,6,A, Exchange rates against USD Korea - Won - Monthly - End of period,2020-04,1207.328062,A,,F
M,KR,KRW,E,0,6,A, Exchange rates against USD Korea - Won - Monthly - End of period,2020-05,1235.820761,A,,F
M,KR,KRW,E,0,6,A, Exchange rates against USD Korea - Won - Monthly - End of period,2020-06,1201.848544,A,,F
M,KR,KRW,E,0,6,A, Exchange rates against USD Korea - Won - Monthly - End of period,2020-07,1189.702903,A,,F
M,KR,KRW,E,0,6,A, Exchange rates against USD Korea - Won - Monthly - End of period,2020-08,1185.728643,A,,F
M,KR,KRW,E,0,6,A, Exchange rates against USD Korea - Won - Monthly - End of period,2020-09,1168.867441,A,,F
M,KR,KRW,E,0,6,A, Exchange rates against USD Korea - Won - Monthly - End of period,2020-10,1131.988374,A,,F
M,KR,KRW,E,0,6,A, Exchange rates against USD Korea - Won - Monthly - End of period,2020-11,1106.911519,A,,F
M,KR,KRW,E,0,6,A, Exchange rates against USD Korea - Won - Monthly - End of period,2020-12,1088.745823,A,,F
M,KR,KRW,E,0,6,A, Exchange rates against USD Korea - Won - Monthly - End of period,2021-01,1116.496374,A,,F
M,KR,KRW,E,0,6,A, Exchange rates against USD Korea - Won - Monthly - End of period,2021-02,1127.877238,A,,F
M,KR,KRW,E,0,6,A, Exchange rates against USD Korea - Won - Monthly - End of period,2021-03,1129.373134,A,,F
M,KR,KRW,E,0,6,A, Exchange rates against USD Korea - Won - Monthly - End of period,2021-04,1114.252607,A,,F
M,KR,KRW,E,0,6,A, Exchange rates against USD Korea - Won - Monthly - End of period,2021-05,1108.138677,A,,F
M,KR,KRW,E,0,6,A, Exchange rates against USD Korea - Won - Monthly - End of period,2021-06,1128.752945,A,,F
M,KR,KRW,E,0,6,A, Exchange rates against USD Korea - Won - Monthly - End of period,2021-07,1151.07224,A,,F
M,KR,KRW,E,0,6,A, Exchange rates against USD Korea - Won - Monthly - End of period,2021-08,1157.706608,A,,F
M,KR,KRW,E,0,6,A, Exchange rates against USD Korea - Won - Monthly - End of period,2021-09,1184.540979,A,,F
M,KR,KRW,E,0,6,A, Exchange rates against USD Korea - Won - Monthly - End of period,2021-10,1170.390726,A,,F
M,KR,KRW,E,0,6,A, Exchange rates against USD Korea - Won - Monthly - End of period,2021-11,1188.321746,A,,F
M,KR,KRW,E,0,6,A, Exchange rates against USD Korea - Won - Monthly - End of period,2021-12,1188.751545,A,,F
M,KR,KRW,E,0,6,A, Exchange rates against USD Korea - Won - Monthly - End of period,2022-01,1209.286483,A,,F
M,KR,KRW,E,0,6,A, Exchange rates against USD Korea - Won - Monthly - End of period,2022-02,1203.339584,A,,F
M,KR,KRW,E,0,6,A, Exchange rates against USD Korea - Won - Monthly - End of period,2022-03,1213.737501,A,,F
M,KR,KRW,E,0,6,A, Exchange rates against USD Korea - Won - Monthly - End of period,2022-04,1258.73814,A,,F
M,KR,KRW,E,0,6,A, Exchange rates against USD Korea - Won - Monthly - End of period,2022-05,1240.847568,A,,F
M,KR,KRW,E,0,6,A, Exchange rates against USD Korea - Won - Monthly - End of period,2022-06,1301.241937,A,,F
M,KR,KRW,E,0,6,A, Exchange rates against USD Korea - Won - Monthly - End of period,2022-07,1303.588939,A,,F
M,KR,KRW,E,0,6,A, Exchange rates against USD Korea - Won - Monthly - End of period,2022-08,1342.79,A,,F
M,KR,KRW,E,0,6,A, Exchange rates against USD Korea - Won - Monthly - End of period,2022-09,1436.899877,A,,F
M,KR,KRW,E,0,6,A, Exchange rates against USD Korea - Won - Monthly - End of period,2022-10,1428.404277,A,,F
M,KR,KRW,E,0,6,A, Exchange rates against USD Korea - Won - Monthly - End of period,2022-11,1315.670779,A,,F
M,KR,KRW,E,0,6,A, Exchange rates against USD Korea - Won - Monthly - End of period,2022-12,1260.163135,A,,F
M,KR,KRW,E,0,6,A, Exchange rates against USD Korea - Won - Monthly - End of period,2023-01,1235.945721,A,,F
M,KR,KRW,E,0,6,A, Exchange rates against USD Korea - Won - Monthly - End of period,2023-02,1320.124305,A,,F
M,KR,KRW,E,0,6,A, Exchange rates against USD Korea - Won - Monthly - End of period,2023-03,1305.986207,A,,F
M,KR,KRW,E,0,6,A, Exchange rates against USD Korea - Won - Monthly - End of period,2023-04,1339.486386,A,,F
M,KR,KRW,E,0,6,A, Exchange rates against USD Korea - Won - Monthly - End of period,2023-05,1325.741833,A,,F
M,KR,KRW,E,0,6,A, Exchange rates against USD Korea - Won - Monthly - End of period,2023-06,1321.443033,A,,F
M,KR,KRW,E,0,6,A, Exchange rates against USD Korea - Won - Monthly - End of period,2023-07,1275.052164,A,,F
M,KR,KRW,E,0,6,A, Exchange rates against USD Korea - Won - Monthly - End of period,2023-08,1324.58594,A,,F
M,KR,KRW,E,0,6,A, Exchange rates against USD Korea - Won - Monthly - End of period,2023-09,1345.346423,A,,F
M,KR,KRW,E,0,6,A, Exchange rates against USD Korea - Won - Monthly - End of period,2023-10,1351.031171,A,,F
M,KR,KRW,E,0,6,A, Exchange rates against USD Korea - Won - Monthly - End of period,2023-11,1297.941634,A,,F
M,KR,KRW,E,0,6,A, Exchange rates against USD Korea - Won - Monthly - End of period,2023-12,1297.429864,A,,F
M,KR,KRW,E,0,6,A, Exchange rates against USD Korea - Won - Monthly - End of period,2024-01,1333.053428,A,,F
M,KR,KRW,E,0,6,A, Exchange rates against USD Korea - Won - Monthly - End of period,2024-02,1336.994273,A,,F
M,KR,KRW,E,0,6,A, Exchange rates against USD Korea - Won - Monthly - End of period,2024-03,1349.246138,A,,F
M,KR,KRW,E,0,6,A, Exchange rates against USD Korea - Won - Monthly - End of period,2024-04,1380.546744,A,,F
M,KR,KRW,E,0,6,A, Exchange rates against USD Korea - Won - Monthly - End of period,2024-05,1383.256543,A,,F
M,KR,KRW,E,0,6,A, Exchange rates against USD Korea - Won - Monthly - End of period,2024-06,1377.730033,A,,F
M,KR,KRW,E,0,6,A, Exchange rates against USD Korea - Won - Monthly - End of period,2024-07,1372.330994,A,,F
M,KR,KRW,E,0,6,A, Exchange rates against USD Korea - Won - Monthly - End of period,2024-08,1333.633986,A,,F
M,KR,KRW,E,0,6,A, Exchange rates against USD Korea - Won - Monthly - End of period,2024-09,1312.173991,A,,F
M,KR,KRW,E,0,6,A, Exchange rates against USD Korea - Won - Monthly - End of period,2024-10,1378.469031,A,,F
M,KR,KRW,E,0,6,A, Exchange rates against USD Korea - Won - Monthly - End of period,2024-11,1397.566749,A,,F
M,KR,KRW,E,0,6,A, Exchange rates against USD Korea - Won - Monthly - End of period,2024-12,1474.781018,A,,F
M,KR,KRW,E,0,6,A, Exchange rates against USD Korea - Won - Monthly - End of period,2025-01,1449.648802,A,,F
M,KR,KRW,E,0,6,A, Exchange rates against USD Korea - Won - Monthly - End of period,2025-02,1459.917395,A,,F
M,KR,KRW,E,0,6,A, Exchange rates against USD Korea - Won - Monthly - End of period,2025-03,1474.535368,A,,F
M,KR,KRW,E,0,6,A, Exchange rates against USD Korea - Won - Monthly - End of period,2025-04,1423.010639,A,,F
M,KR,KRW,E,0,6,A, Exchange rates against USD Korea - Won - Monthly - End of period,2025-05,1378.507805,A,,F
M,KR,KRW,E,0,6,A, Exchange rates against USD Korea - Won - Monthly - End of period,2025-06,1355.127986,A,,F
M,KR,KRW,E,0,6,A, Exchange rates against USD Korea - Won - Monthly - End of period,2025-07,1394.626944,A,,F
M,KR,KRW,E,0,6,A, Exchange rates against USD Korea - Won - Monthly - End of period,2025-08,1391.542289,A,,F
M,KR,KRW,E,0,6,A, Exchange rates against USD Korea - Won - Monthly - End of period,2025-09,1403.670897,A,,F
M,KR,KRW,E,0,6,A, Exchange rates against USD Korea - Won - Monthly - End of period,2025-10,1428.137442,A,,F
M,KR,KRW,E,0,6,A, Exchange rates against USD Korea - Won - Monthly - End of period,2025-11,1469.661076,A,,F
M,KR,KRW,E,0,6,A, Exchange rates against USD Korea - Won - Monthly - End of period,2025-12,1444.204255,A,,F
M,KR,KRW,E,0,6,A, Exchange rates against USD Korea - Won - Monthly - End of period,2026-01,1442.629415,A,,F
M,KR,KRW,E,0,6,A, Exchange rates against USD Korea - Won - Monthly - End of period,2026-02,1441.97374,A,,F
M,KR,KRW,E,0,6,A, Exchange rates against USD Korea - Won - Monthly - End of period,2026-03,1524.804314,A,,F
M,KR,KRW,E,0,6,A, Exchange rates against USD Korea - Won - Monthly - End of period,2026-04,1477.003931,A,,F
M,KR,KRW,E,0,6,A, Exchange rates against USD Korea - Won - Monthly - End of period,2026-05,1506.269323,A,,F
M,KR,KRW,E,0,6,A, Exchange rates against USD Korea - Won - Monthly - End of period,2026-06,1550.886431,A,,F
M,KR,KRW,E,0,6,A, Exchange rates against USD Korea - Won - Monthly - End of period,2026-07,1443.613409,A,,F
M,KR,KRW,E,0,6,A, Exchange rates against USD Korea - Won - Monthly - End of period,2026-08,1368.03208,A,,F
M,CN,CNY,E,0,6,A, Exchange rates against USD China - Renminbi - Monthly - End of period,1957-01,2.4618,A,,F
M,CN,CNY,E,0,6,A, Exchange rates against USD China - Renminbi - Monthly - End of period,1957-02,2.4618,A,,F
M,CN,CNY,E,0,6,A, Exchange rates against USD China - Renminbi - Monthly - End of period,1957-03,2.4618,A,,F
M,CN,CNY,E,0,6,A, Exchange rates against USD China - Renminbi - Monthly - End of period,1957-04,2.4618,A,,F
M,CN,CNY,E,0,6,A, Exchange rates against USD China - Renminbi - Monthly - End of period,1957-05,2.4618,A,,F
M,CN,CNY,E,0,6,A, Exchange rates against USD China - Renminbi - Monthly - End of period,1957-06,2.4618,A,,F
M,CN,CNY,E,0,6,A, Exchange rates against USD China - Renminbi - Monthly - End of period,1957-07,2.4618,A,,F
M,CN,CNY,E,0,6,A, Exchange rates against USD China - Renminbi - Monthly - End of period,1957-08,2.4618,A,,F
M,CN,CNY,E,0,6,A, Exchange rates against USD China - Renminbi - Monthly - End of period,1957-09,2.4618,A,,F
M,CN,CNY,E,0,6,A, Exchange rates against USD China - Renminbi - Monthly - End of period,1957-10,2.4618,A,,F
M,CN,CNY,E,0,6,A, Exchange rates against USD China - Renminbi - Monthly - End of period,1957-11,2.4618,A,,F
M,CN,CNY,E,0,6,A, Exchange rates against USD China - Renminbi - Monthly - End of period,1957-12,2.4618,A,,F
M,CN,CNY,E,0,6,A, Exchange rates against USD China - Renminbi - Monthly - End of period,1958-01,2.4618,A,,F
M,CN,CNY,E,0,6,A, Exchange rates against USD China - Renminbi - Monthly - End of period,1958-02,2.4618,A,,F
M,CN,CNY,E,0,6,A, Exchange rates against USD China - Renminbi - Monthly - End of period,1958-03,2.4618,A,,F
M,CN,CNY,E,0,6,A, Exchange rates against USD China - Renminbi - Monthly - End of period,1958-04,2.4618,A,,F
M,CN,CNY,E,0,6,A, Exchange rates against USD China - Renminbi - Monthly - End of period,1958-05,2.4618,A,,F
M,CN,CNY,E,0,6,A, Exchange rates against USD China - Renminbi - Monthly - End of period,1958-06,2.4618,A,,F
M,CN,CNY,E,0,6,A, Exchange rates against USD China - Renminbi - Monthly - End of period,1958-07,2.4618,A,,F
M,CN,CNY,E,0,6,A, Exchange rates against USD China - Renminbi - Monthly - End of period,1958-08,2.4618,A,,F
M,CN,CNY,E,0,6,A, Exchange rates against USD China - Renminbi - Monthly - End of period,1958-09,2.4618,A,,F
M,CN,CNY,E,0,6,A, Exchange rates against USD China - Renminbi - Monthly - End of period,1958-10,2.4618,A,,F
M,CN,CNY,E,0,6,A, Exchange rates against USD China - Renminbi - Monthly - End of period,1958-11,2.4618,A,,F
M,CN,CNY,E,0,6,A, Exchange rates against USD China - Renminbi - Monthly - End of period,1958-12,2.4618,A,,F
M,CN,CNY,E,0,6,A, Exchange rates against USD China - Renminbi - Monthly - End of period,1959-01,2.4618,A,,F
M,CN,CNY,E,0,6,A, Exchange rates against USD China - Renminbi - Monthly - End of period,1959-02,2.4618,A,,F
M,CN,CNY,E,0,6,A, Exchange rates against USD China - Renminbi - Monthly - End of period,1959-03,2.4618,A,,F
M,CN,CNY,E,0,6,A, Exchange rates against USD China - Renminbi - Monthly - End of period,1959-04,2.4618,A,,F
M,CN,CNY,E,0,6,A, Exchange rates against USD China - Renminbi - Monthly - End of period,1959-05,2.4618,A,,F
M,CN,CNY,E,0,6,A, Exchange rates against USD China - Renminbi - Monthly - End of period,1959-06,2.4618,A,,F
M,CN,CNY,E,0,6,A, Exchange rates against USD China - Renminbi - Monthly - End of period,1959-07,2.4618,A,,F
M,CN,CNY,E,0,6,A, Exchange rates against USD China - Renminbi - Monthly - End of period,1959-08,2.4618,A,,F
M,CN,CNY,E,0,6,A, Exchange rates against USD China - Renminbi - Monthly - End of period,1959-09,2.4618,A,,F
M,CN,CNY,E,0,6,A, Exchange rates against USD China - Renminbi - Monthly - End of period,1959-10,2.4618,A,,F
M,CN,CNY,E,0,6,A, Exchange rates against USD China - Renminbi - Monthly - End of period,1959-11,2.4618,A,,F
M,CN,CNY,E,0,6,A, Exchange rates against USD China - Renminbi - Monthly - End of period,1959-12,2.4618,A,,F
M,CN,CNY,E,0,6,A, Exchange rates against USD China - Renminbi - Monthly - End of period,1960-01,2.4618,A,,F
M,CN,CNY,E,0,6,A, Exchange rates against USD China - Renminbi - Monthly - End of period,1960-02,2.4618,A,,F
M,CN,CNY,E,0,6,A, Exchange rates against USD China - Renminbi - Monthly - End of period,1960-03,2.4618,A,,F
M,CN,CNY,E,0,6,A, Exchange rates against USD China - Renminbi - Monthly - End of period,1960-04,2.4618,A,,F
M,CN,CNY,E,0,6,A, Exchange rates against USD China - Renminbi - Monthly - End of period,1960-05,2.4618,A,,F
M,CN,CNY,E,0,6,A, Exchange rates against USD China - Renminbi - Monthly - End of period,1960-06,2.4618,A,,F
M,CN,CNY,E,0,6,A, Exchange rates against USD China - Renminbi - Monthly - End of period,1960-07,2.4618,A,,F
M,CN,CNY,E,0,6,A, Exchange rates against USD China - Renminbi - Monthly - End of period,1960-08,2.4618,A,,F
M,CN,CNY,E,0,6,A, Exchange rates against USD China - Renminbi - Monthly - End of period,1960-09,2.4618,A,,F
M,CN,CNY,E,0,6,A, Exchange rates against USD China - Renminbi - Monthly - End of period,1960-10,2.4618,A,,F
M,CN,CNY,E,0,6,A, Exchange rates against USD China - Renminbi - Monthly - End of period,1960-11,2.4618,A,,F
M,CN,CNY,E,0,6,A, Exchange rates against USD China - Renminbi - Monthly - End of period,1960-12,2.4618,A,,F
M,CN,CNY,E,0,6,A, Exchange rates against USD China - Renminbi - Monthly - End of period,1961-01,2.4618,A,,F
M,CN,CNY,E,0,6,A, Exchange rates against USD China - Renminbi - Monthly - End of period,1961-02,2.4618,A,,F
M,CN,CNY,E,0,6,A, Exchange rates against USD China - Renminbi - Monthly - End of period,1961-03,2.4618,A,,F
M,CN,CNY,E,0,6,A, Exchange rates against USD China - Renminbi - Monthly - End of period,1961-04,2.4618,A,,F
M,CN,CNY,E,0,6,A, Exchange rates against USD China - Renminbi - Monthly - End of period,1961-05,2.4618,A,,F
M,CN,CNY,E,0,6,A, Exchange rates against USD China - Renminbi - Monthly - End of period,1961-06,2.4618,A,,F
M,CN,CNY,E,0,6,A, Exchange rates against USD China - Renminbi - Monthly - End of period,1961-07,2.4618,A,,F
M,CN,CNY,E,0,6,A, Exchange rates against USD China - Renminbi - Monthly - End of period,1961-08,2.4618,A,,F
M,CN,CNY,E,0,6,A, Exchange rates against USD China - Renminbi - Monthly - End of period,1961-09,2.4618,A,,F
M,CN,CNY,E,0,6,A, Exchange rates against USD China - Renminbi - Monthly - End of period,1961-10,2.4618,A,,F
M,CN,CNY,E,0,6,A, Exchange rates against USD China - Renminbi - Monthly - End of period,1961-11,2.4618,A,,F
M,CN,CNY,E,0,6,A, Exchange rates against USD China - Renminbi - Monthly - End of period,1961-12,2.4618,A,,F
M,CN,CNY,E,0,6,A, Exchange rates against USD China - Renminbi - Monthly - End of period,1962-01,2.4618,A,,F
M,CN,CNY,E,0,6,A, Exchange rates against USD China - Renminbi - Monthly - End of period,1962-02,2.4618,A,,F
M,CN,CNY,E,0,6,A, Exchange rates against USD China - Renminbi - Monthly - End of period,1962-03,2.4618,A,,F
M,CN,CNY,E,0,6,A, Exchange rates against USD China - Renminbi - Monthly - End of period,1962-04,2.4618,A,,F
M,CN,CNY,E,0,6,A, Exchange rates against USD China - Renminbi - Monthly - End of period,1962-05,2.4618,A,,F
M,CN,CNY,E,0,6,A, Exchange rates against USD China - Renminbi - Monthly - End of period,1962-06,2.4618,A,,F
M,CN,CNY,E,0,6,A, Exchange rates against USD China - Renminbi - Monthly - End of period,1962-07,2.4618,A,,F
M,CN,CNY,E,0,6,A, Exchange rates against USD China - Renminbi - Monthly - End of period,1962-08,2.4618,A,,F
M,CN,CNY,E,0,6,A, Exchange rates against USD China - Renminbi - Monthly - End of period,1962-09,2.4618,A,,F
M,CN,CNY,E,0,6,A, Exchange rates against USD China - Renminbi - Monthly - End of period,1962-10,2.4618,A,,F
M,CN,CNY,E,0,6,A, Exchange rates against USD China - Renminbi - Monthly - End of period,1962-11,2.4618,A,,F
M,CN,CNY,E,0,6,A, Exchange rates against USD China - Renminbi - Monthly - End of period,1962-12,2.4618,A,,F
M,CN,CNY,E,0,6,A, Exchange rates against USD China - Renminbi - Monthly - End of period,1963-01,2.4618,A,,F
M,CN,CNY,E,0,6,A, Exchange rates against USD China - Renminbi - Monthly - End of period,1963-02,2.4618,A,,F
M,CN,CNY,E,0,6,A, Exchange rates against USD China - Renminbi - Monthly - End of period,1963-03,2.4618,A,,F
M,CN,CNY,E,0,6,A, Exchange rates against USD China - Renminbi - Monthly - End of period,1963-04,2.4618,A,,F
M,CN,CNY,E,0,6,A, Exchange rates against USD China - Renminbi - Monthly - End of period,1963-05,2.4618,A,,F
M,CN,CNY,E,0,6,A, Exchange rates against USD China - Renminbi - Monthly - End of period,1963-06,2.4618,A,,F
M,CN,CNY,E,0,6,A, Exchange rates against USD China - Renminbi - Monthly - End of period,1963-07,2.4618,A,,F
M,CN,CNY,E,0,6,A, Exchange rates against USD China - Renminbi - Monthly - End of period,1963-08,2.4618,A,,F
M,CN,CNY,E,0,6,A, Exchange rates against USD China - Renminbi - Monthly - End of period,1963-09,2.4618,A,,F
M,CN,CNY,E,0,6,A, Exchange rates against USD China - Renminbi - Monthly - End of period,1963-10,2.4618,A,,F
M,CN,CNY,E,0,6,A, Exchange rates against USD China - Renminbi - Monthly - End of period,1963-11,2.4618,A,,F
M,CN,CNY,E,0,6,A, Exchange rates against USD China - Renminbi - Monthly - End of period,1963-12,2.4618,A,,F
M,CN,CNY,E,0,6,A, Exchange rates against USD China - Renminbi - Monthly - End of period,1964-01,2.4618,A,,F
M,CN,CNY,E,0,6,A, Exchange rates against USD China - Renminbi - Monthly - End of period,1964-02,2.4618,A,,F
M,CN,CNY,E,0,6,A, Exchange rates against USD China - Renminbi - Monthly - End of period,1964-03,2.4618,A,,F
M,CN,CNY,E,0,6,A, Exchange rates against USD China - Renminbi - Monthly - End of period,1964-04,2.4618,A,,F
M,CN,CNY,E,0,6,A, Exchange rates against USD China - Renminbi - Monthly - End of period,1964-05,2.4618,A,,F
M,CN,CNY,E,0,6,A, Exchange rates against USD China - Renminbi - Monthly - End of period,1964-06,2.4618,A,,F
M,CN,CNY,E,0,6,A, Exchange rates against USD China - Renminbi - Monthly - End of period,1964-07,2.4618,A,,F
M,CN,CNY,E,0,6,A, Exchange rates against USD China - Renminbi - Monthly - End of period,1964-08,2.4618,A,,F
M,CN,CNY,E,0,6,A, Exchange rates against USD China - Renminbi - Monthly - End of period,1964-09,2.4618,A,,F
M,CN,CNY,E,0,6,A, Exchange rates against USD China - Renminbi - Monthly - End of period,1964-10,2.4618,A,,F
M,CN,CNY,E,0,6,A, Exchange rates against USD China - Renminbi - Monthly - End of period,1964-11,2.4618,A,,F
M,CN,CNY,E,0,6,A, Exchange rates against USD China - Renminbi - Monthly - End of period,1964-12,2.4618,A,,F
M,CN,CNY,E,0,6,A, Exchange rates against USD China - Renminbi - Monthly - End of period,1965-01,2.4618,A,,F
M,CN,CNY,E,0,6,A, Exchange rates against USD China - Renminbi - Monthly - End of period,1965-02,2.4618,A,,F
M,CN,CNY,E,0,6,A, Exchange rates against USD China - Renminbi - Monthly - End of period,1965-03,2.4618,A,,F
M,CN,CNY,E,0,6,A, Exchange rates against USD China - Renminbi - Monthly - End of period,1965-04,2.4618,A,,F
M,CN,CNY,E,0,6,A, Exchange rates against USD China - Renminbi - Monthly - End of period,1965-05,2.4618,A,,F
M,CN,CNY,E,0,6,A, Exchange rates against USD China - Renminbi - Monthly - End of period,1965-06,2.4618,A,,F
M,CN,CNY,E,0,6,A, Exchange rates against USD China - Renminbi - Monthly - End of period,1965-07,2.4618,A,,F
M,CN,CNY,E,0,6,A, Exchange rates against USD China - Renminbi - Monthly - End of period,1965-08,2.4618,A,,F
M,CN,CNY,E,0,6,A, Exchange rates against USD China - Renminbi - Monthly - End of period,1965-09,2.4618,A,,F
M,CN,CNY,E,0,6,A, Exchange rates against USD China - Renminbi - Monthly - End of period,1965-10,2.4618,A,,F
M,CN,CNY,E,0,6,A, Exchange rates against USD China - Renminbi - Monthly - End of period,1965-11,2.4618,A,,F
M,CN,CNY,E,0,6,A, Exchange rates against USD China - Renminbi - Monthly - End of period,1965-12,2.4618,A,,F
M,CN,CNY,E,0,6,A, Exchange rates against USD China - Renminbi - Monthly - End of period,1966-01,2.4618,A,,F
M,CN,CNY,E,0,6,A, Exchange rates against USD China - Renminbi - Monthly - End of period,1966-02,2.4618,A,,F
M,CN,CNY,E,0,6,A, Exchange rates against USD China - Renminbi - Monthly - End of period,1966-03,2.4618,A,,F
M,CN,CNY,E,0,6,A, Exchange rates against USD China - Renminbi - Monthly - End of period,1966-04,2.4618,A,,F
M,CN,CNY,E,0,6,A, Exchange rates against USD China - Renminbi - Monthly - End of period,1966-05,2.4618,A,,F
M,CN,CNY,E,0,6,A, Exchange rates against USD China - Renminbi - Monthly - End of period,1966-06,2.4618,A,,F
M,CN,CNY,E,0,6,A, Exchange rates against USD China - Renminbi - Monthly - End of period,1966-07,2.4618,A,,F
M,CN,CNY,E,0,6,A, Exchange rates against USD China - Renminbi - Monthly - End of period,1966-08,2.4618,A,,F
M,CN,CNY,E,0,6,A, Exchange rates against USD China - Renminbi - Monthly - End of period,1966-09,2.4618,A,,F
M,CN,CNY,E,0,6,A, Exchange rates against USD China - Renminbi - Monthly - End of period,1966-10,2.4618,A,,F
M,CN,CNY,E,0,6,A, Exchange rates against USD China - Renminbi - Monthly - End of period,1966-11,2.4618,A,,F
M,CN,CNY,E,0,6,A, Exchange rates against USD China - Renminbi - Monthly - End of period,1966-12,2.4618,A,,F
M,CN,CNY,E,0,6,A, Exchange rates against USD China - Renminbi - Monthly - End of period,1967-01,2.4618,A,,F
M,CN,CNY,E,0,6,A, Exchange rates against USD China - Renminbi - Monthly - End of period,1967-02,2.4618,A,,F
M,CN,CNY,E,0,6,A, Exchange rates against USD China - Renminbi - Monthly - End of period,1967-03,2.4618,A,,F
M,CN,CNY,E,0,6,A, Exchange rates against USD China - Renminbi - Monthly - End of period,1967-04,2.4618,A,,F
M,CN,CNY,E,0,6,A, Exchange rates against USD China - Renminbi - Monthly - End of period,1967-05,2.4618,A,,F
M,CN,CNY,E,0,6,A, Exchange rates against USD China - Renminbi - Monthly - End of period,1967-06,2.4618,A,,F
M,CN,CNY,E,0,6,A, Exchange rates against USD China - Renminbi - Monthly - End of period,1967-07,2.4618,A,,F
M,CN,CNY,E,0,6,A, Exchange rates against USD China - Renminbi - Monthly - End of period,1967-08,2.4618,A,,F
M,CN,CNY,E,0,6,A, Exchange rates against USD China - Renminbi - Monthly - End of period,1967-09,2.4618,A,,F
M,CN,CNY,E,0,6,A, Exchange rates against USD China - Renminbi - Monthly - End of period,1967-10,2.4618,A,,F
M,CN,CNY,E,0,6,A, Exchange rates against USD China - Renminbi - Monthly - End of period,1967-11,2.4618,A,,F
M,CN,CNY,E,0,6,A, Exchange rates against USD China - Renminbi - Monthly - End of period,1967-12,2.4618,A,,F
M,CN,CNY,E,0,6,A, Exchange rates against USD China - Renminbi - Monthly - End of period,1968-01,2.4618,A,,F
M,CN,CNY,E,0,6,A, Exchange rates against USD China - Renminbi - Monthly - End of period,1968-02,2.4618,A,,F
M,CN,CNY,E,0,6,A, Exchange rates against USD China - Renminbi - Monthly - End of period,1968-03,2.4618,A,,F
M,CN,CNY,E,0,6,A, Exchange rates against USD China - Renminbi - Monthly - End of period,1968-04,2.4618,A,,F
M,CN,CNY,E,0,6,A, Exchange rates against USD China - Renminbi - Monthly - End of period,1968-05,2.4618,A,,F
M,CN,CNY,E,0,6,A, Exchange rates against USD China - Renminbi - Monthly - End of period,1968-06,2.4618,A,,F
M,CN,CNY,E,0,6,A, Exchange rates against USD China - Renminbi - Monthly - End of period,1968-07,2.4618,A,,F
M,CN,CNY,E,0,6,A, Exchange rates against USD China - Renminbi - Monthly - End of period,1968-08,2.4618,A,,F
M,CN,CNY,E,0,6,A, Exchange rates against USD China - Renminbi - Monthly - End of period,1968-09,2.4618,A,,F
M,CN,CNY,E,0,6,A, Exchange rates against USD China - Renminbi - Monthly - End of period,1968-10,2.4618,A,,F
M,CN,CNY,E,0,6,A, Exchange rates against USD China - Renminbi - Monthly - End of period,1968-11,2.4618,A,,F
M,CN,CNY,E,0,6,A, Exchange rates against USD China - Renminbi - Monthly - End of period,1968-12,2.4618,A,,F
M,CN,CNY,E,0,6,A, Exchange rates against USD China - Renminbi - Monthly - End of period,1969-01,2.4618,A,,F
M,CN,CNY,E,0,6,A, Exchange rates against USD China - Renminbi - Monthly - End of period,1969-02,2.4618,A,,F
M,CN,CNY,E,0,6,A, Exchange rates against USD China - Renminbi - Monthly - End of period,1969-03,2.4618,A,,F
M,CN,CNY,E,0,6,A, Exchange rates against USD China - Renminbi - Monthly - End of period,1969-04,2.4618,A,,F
M,CN,CNY,E,0,6,A, Exchange rates against USD China - Renminbi - Monthly - End of period,1969-05,2.4618,A,,F
M,CN,CNY,E,0,6,A, Exchange rates against USD China - Renminbi - Monthly - End of period,1969-06,2.4618,A,,F
M,CN,CNY,E,0,6,A, Exchange rates against USD China - Renminbi - Monthly - End of period,1969-07,2.4618,A,,F
M,CN,CNY,E,0,6,A, Exchange rates against USD China - Renminbi - Monthly - End of period,1969-08,2.4618,A,,F
M,CN,CNY,E,0,6,A, Exchange rates against USD China - Renminbi - Monthly - End of period,1969-09,2.4618,A,,F
M,CN,CNY,E,0,6,A, Exchange rates against USD China - Renminbi - Monthly - End of period,1969-10,2.4618,A,,F
M,CN,CNY,E,0,6,A, Exchange rates against USD China - Renminbi - Monthly - End of period,1969-11,2.4618,A,,F
M,CN,CNY,E,0,6,A, Exchange rates against USD China - Renminbi - Monthly - End of period,1969-12,2.4618,A,,F
M,CN,CNY,E,0,6,A, Exchange rates against USD China - Renminbi - Monthly - End of period,1970-01,2.4618,A,,F
M,CN,CNY,E,0,6,A, Exchange rates against USD China - Renminbi - Monthly - End of period,1970-02,2.4618,A,,F
M,CN,CNY,E,0,6,A, Exchange rates against USD China - Renminbi - Monthly - End of period,1970-03,2.4618,A,,F
M,CN,CNY,E,0,6,A, Exchange rates against USD China - Renminbi - Monthly - End of period,1970-04,2.4618,A,,F
M,CN,CNY,E,0,6,A, Exchange rates against USD China - Renminbi - Monthly - End of period,1970-05,2.4618,A,,F
M,CN,CNY,E,0,6,A, Exchange rates against USD China - Renminbi - Monthly - End of period,1970-06,2.4618,A,,F
M,CN,CNY,E,0,6,A, Exchange rates against USD China - Renminbi - Monthly - End of period,1970-07,2.4618,A,,F
M,CN,CNY,E,0,6,A, Exchange rates against USD China - Renminbi - Monthly - End of period,1970-08,2.4618,A,,F
M,CN,CNY,E,0,6,A, Exchange rates against USD China - Renminbi - Monthly - End of period,1970-09,2.4618,A,,F
M,CN,CNY,E,0,6,A, Exchange rates against USD China - Renminbi - Monthly - End of period,1970-10,2.4618,A,,F
M,CN,CNY,E,0,6,A, Exchange rates against USD China - Renminbi - Monthly - End of period,1970-11,2.4618,A,,F
M,CN,CNY,E,0,6,A, Exchange rates against USD China - Renminbi - Monthly - End of period,1970-12,2.4618,A,,F
M,CN,CNY,E,0,6,A, Exchange rates against USD China - Renminbi - Monthly - End of period,1971-01,2.4618,A,,F
M,CN,CNY,E,0,6,A, Exchange rates against USD China - Renminbi - Monthly - End of period,1971-02,2.4618,A,,F
M,CN,CNY,E,0,6,A, Exchange rates against USD China - Renminbi - Monthly - End of period,1971-03,2.4618,A,,F
M,CN,CNY,E,0,6,A, Exchange rates against USD China - Renminbi - Monthly - End of period,1971-04,2.4618,A,,F
M,CN,CNY,E,0,6,A, Exchange rates against USD China - Renminbi - Monthly - End of period,1971-05,2.4618,A,,F
M,CN,CNY,E,0,6,A, Exchange rates against USD China - Renminbi - Monthly - End of period,1971-06,2.4618,A,,F
M,CN,CNY,E,0,6,A, Exchange rates against USD China - Renminbi - Monthly - End of period,1971-07,2.4618,A,,F
M,CN,CNY,E,0,6,A, Exchange rates against USD China - Renminbi - Monthly - End of period,1971-08,2.4618,A,,F
M,CN,CNY,E,0,6,A, Exchange rates against USD China - Renminbi - Monthly - End of period,1971-09,2.4618,A,,F
M,CN,CNY,E,0,6,A, Exchange rates against USD China - Renminbi - Monthly - End of period,1971-10,2.4618,A,,F
M,CN,CNY,E,0,6,A, Exchange rates against USD China - Renminbi - Monthly - End of period,1971-11,2.4618,A,,F
M,CN,CNY,E,0,6,A, Exchange rates against USD China - Renminbi - Monthly - End of period,1971-12,2.4618,A,,F
M,CN,CNY,E,0,6,A, Exchange rates against USD China - Renminbi - Monthly - End of period,1972-01,2.2673,A,,F
M,CN,CNY,E,0,6,A, Exchange rates against USD China - Renminbi - Monthly - End of period,1972-02,2.2673,A,,F
M,CN,CNY,E,0,6,A, Exchange rates against USD China - Renminbi - Monthly - End of period,1972-03,2.2673,A,,F
M,CN,CNY,E,0,6,A, Exchange rates against USD China - Renminbi - Monthly - End of period,1972-04,2.2673,A,,F
M,CN,CNY,E,0,6,A, Exchange rates against USD China - Renminbi - Monthly - End of period,1972-05,2.2673,A,,F
M,CN,CNY,E,0,6,A, Exchange rates against USD China - Renminbi - Monthly - End of period,1972-06,2.2673,A,,F
M,CN,CNY,E,0,6,A, Exchange rates against USD China - Renminbi - Monthly - End of period,1972-07,2.2174,A,,F
M,CN,CNY,E,0,6,A, Exchange rates against USD China - Renminbi - Monthly - End of period,1972-08,2.2174,A,,F
M,CN,CNY,E,0,6,A, Exchange rates against USD China - Renminbi - Monthly - End of period,1972-09,2.2174,A,,F
M,CN,CNY,E,0,6,A, Exchange rates against USD China - Renminbi - Monthly - End of period,1972-10,2.2174,A,,F
M,CN,CNY,E,0,6,A, Exchange rates against USD China - Renminbi - Monthly - End of period,1972-11,2.2401,A,,F
M,CN,CNY,E,0,6,A, Exchange rates against USD China - Renminbi - Monthly - End of period,1972-12,2.2401,A,,F
M,CN,CNY,E,0,6,A, Exchange rates against USD China - Renminbi - Monthly - End of period,1973-01,2.2401,A,,F
M,CN,CNY,E,0,6,A, Exchange rates against USD China - Renminbi - Monthly - End of period,1973-02,2.2174,A,,F
M,CN,CNY,E,0,6,A, Exchange rates against USD China - Renminbi - Monthly - End of period,1973-03,2.0032,A,,F
M,CN,CNY,E,0,6,A, Exchange rates against USD China - Renminbi - Monthly - End of period,1973-04,2.0066,A,,F
M,CN,CNY,E,0,6,A, Exchange rates against USD China - Renminbi - Monthly - End of period,1973-05,1.9612,A,,F
M,CN,CNY,E,0,6,A, Exchange rates against USD China - Renminbi - Monthly - End of period,1973-06,1.8993,A,,F
M,CN,CNY,E,0,6,A, Exchange rates against USD China - Renminbi - Monthly - End of period,1973-07,1.874,A,,F
M,CN,CNY,E,0,6,A, Exchange rates against USD China - Renminbi - Monthly - End of period,1973-08,1.9326,A,,F
M,CN,CNY,E,0,6,A, Exchange rates against USD China - Renminbi - Monthly - End of period,1973-09,1.9133,A,,F
M,CN,CNY,E,0,6,A, Exchange rates against USD China - Renminbi - Monthly - End of period,1973-10,1.9317,A,,F
M,CN,CNY,E,0,6,A, Exchange rates against USD China - Renminbi - Monthly - End of period,1973-11,1.9979,A,,F
M,CN,CNY,E,0,6,A, Exchange rates against USD China - Renminbi - Monthly - End of period,1973-12,2.0202,A,,F
M,CN,CNY,E,0,6,A, Exchange rates against USD China - Renminbi - Monthly - End of period,1974-01,2.0406,A,,F
M,CN,CNY,E,0,6,A, Exchange rates against USD China - Renminbi - Monthly - End of period,1974-02,2.008,A,,F
M,CN,CNY,E,0,6,A, Exchange rates against USD China - Renminbi - Monthly - End of period,1974-03,1.9523,A,,F
M,CN,CNY,E,0,6,A, Exchange rates against USD China - Renminbi - Monthly - End of period,1974-04,1.9019,A,,F
M,CN,CNY,E,0,6,A, Exchange rates against USD China - Renminbi - Monthly - End of period,1974-05,1.9413,A,,F
M,CN,CNY,E,0,6,A, Exchange rates against USD China - Renminbi - Monthly - End of period,1974-06,1.9548,A,,F
M,CN,CNY,E,0,6,A, Exchange rates against USD China - Renminbi - Monthly - End of period,1974-07,1.9468,A,,F
M,CN,CNY,E,0,6,A, Exchange rates against USD China - Renminbi - Monthly - End of period,1974-08,2.0019,A,,F
M,CN,CNY,E,0,6,A, Exchange rates against USD China - Renminbi - Monthly - End of period,1974-09,1.9521,A,,F
M,CN,CNY,E,0,6,A, Exchange rates against USD China - Renminbi - Monthly - End of period,1974-10,1.9659,A,,F
M,CN,CNY,E,0,6,A, Exchange rates against USD China - Renminbi - Monthly - End of period,1974-11,1.8979,A,,F
M,CN,CNY,E,0,6,A, Exchange rates against USD China - Renminbi - Monthly - End of period,1974-12,1.8397,A,,F
M,CN,CNY,E,0,6,A, Exchange rates against USD China - Renminbi - Monthly - End of period,1975-01,1.7956,A,,F
M,CN,CNY,E,0,6,A, Exchange rates against USD China - Renminbi - Monthly - End of period,1975-02,1.7475,A,,F
M,CN,CNY,E,0,6,A, Exchange rates against USD China - Renminbi - Monthly - End of period,1975-03,1.7701,A,,F
M,CN,CNY,E,0,6,A, Exchange rates against USD China - Renminbi - Monthly - End of period,1975-04,1.7913,A,,F
M,CN,CNY,E,0,6,A, Exchange rates against USD China - Renminbi - Monthly - End of period,1975-05,1.7715,A,,F
M,CN,CNY,E,0,6,A, Exchange rates against USD China - Renminbi - Monthly - End of period,1975-06,1.775,A,,F
M,CN,CNY,E,0,6,A, Exchange rates against USD China - Renminbi - Monthly - End of period,1975-07,1.9357,A,,F
M,CN,CNY,E,0,6,A, Exchange rates against USD China - Renminbi - Monthly - End of period,1975-08,1.9453,A,,F
M,CN,CNY,E,0,6,A, Exchange rates against USD China - Renminbi - Monthly - End of period,1975-09,1.9844,A,,F
M,CN,CNY,E,0,6,A, Exchange rates against USD China - Renminbi - Monthly - End of period,1975-10,1.9371,A,,F
M,CN,CNY,E,0,6,A, Exchange rates against USD China - Renminbi - Monthly - End of period,1975-11,1.9604,A,,F
M,CN,CNY,E,0,6,A, Exchange rates against USD China - Renminbi - Monthly - End of period,1975-12,1.9663,A,,F
M,CN,CNY,E,0,6,A, Exchange rates against USD China - Renminbi - Monthly - End of period,1976-01,1.9663,A,,F
M,CN,CNY,E,0,6,A, Exchange rates against USD China - Renminbi - Monthly - End of period,1976-02,1.9467,A,,F
M,CN,CNY,E,0,6,A, Exchange rates against USD China - Renminbi - Monthly - End of period,1976-03,1.9642,A,,F
M,CN,CNY,E,0,6,A, Exchange rates against USD China - Renminbi - Monthly - End of period,1976-04,1.9642,A,,F
M,CN,CNY,E,0,6,A, Exchange rates against USD China - Renminbi - Monthly - End of period,1976-05,1.974,A,,F
M,CN,CNY,E,0,6,A, Exchange rates against USD China - Renminbi - Monthly - End of period,1976-06,1.9602,A,,F
M,CN,CNY,E,0,6,A, Exchange rates against USD China - Renminbi - Monthly - End of period,1976-07,1.9485,A,,F
M,CN,CNY,E,0,6,A, Exchange rates against USD China - Renminbi - Monthly - End of period,1976-08,1.9272,A,,F
M,CN,CNY,E,0,6,A, Exchange rates against USD China - Renminbi - Monthly - End of period,1976-09,1.9118,A,,F
M,CN,CNY,E,0,6,A, Exchange rates against USD China - Renminbi - Monthly - End of period,1976-10,1.9012,A,,F
M,CN,CNY,E,0,6,A, Exchange rates against USD China - Renminbi - Monthly - End of period,1976-11,1.8974,A,,F
M,CN,CNY,E,0,6,A, Exchange rates against USD China - Renminbi - Monthly - End of period,1976-12,1.8803,A,,F
M,CN,CNY,E,0,6,A, Exchange rates against USD China - Renminbi - Monthly - End of period,1977-01,1.9163,A,,F
M,CN,CNY,E,0,6,A, Exchange rates against USD China - Renminbi - Monthly - End of period,1977-02,1.9049,A,,F
M,CN,CNY,E,0,6,A, Exchange rates against USD China - Renminbi - Monthly - End of period,1977-03,1.8973,A,,F
M,CN,CNY,E,0,6,A, Exchange rates against USD China - Renminbi - Monthly - End of period,1977-04,1.884,A,,F
M,CN,CNY,E,0,6,A, Exchange rates against USD China - Renminbi - Monthly - End of period,1977-05,1.8765,A,,F
M,CN,CNY,E,0,6,A, Exchange rates against USD China - Renminbi - Monthly - End of period,1977-06,1.8765,A,,F
M,CN,CNY,E,0,6,A, Exchange rates against USD China - Renminbi - Monthly - End of period,1977-07,1.8411,A,,F
M,CN,CNY,E,0,6,A, Exchange rates against USD China - Renminbi - Monthly - End of period,1977-08,1.8485,A,,F
M,CN,CNY,E,0,6,A, Exchange rates against USD China - Renminbi - Monthly - End of period,1977-09,1.8485,A,,F
M,CN,CNY,E,0,6,A, Exchange rates against USD China - Renminbi - Monthly - End of period,1977-10,1.8227,A,,F
M,CN,CNY,E,0,6,A, Exchange rates against USD China - Renminbi - Monthly - End of period,1977-11,1.7863,A,,F
M,CN,CNY,E,0,6,A, Exchange rates against USD China - Renminbi - Monthly - End of period,1977-12,1.73,A,,F
M,CN,CNY,E,0,6,A, Exchange rates against USD China - Renminbi - Monthly - End of period,1978-01,1.6952,A,,F
M,CN,CNY,E,0,6,A, Exchange rates against USD China - Renminbi - Monthly - End of period,1978-02,1.6515,A,,F
M,CN,CNY,E,0,6,A, Exchange rates against USD China - Renminbi - Monthly - End of period,1978-03,1.6729,A,,F
M,CN,CNY,E,0,6,A, Exchange rates against USD China - Renminbi - Monthly - End of period,1978-04,1.7133,A,,F
M,CN,CNY,E,0,6,A, Exchange rates against USD China - Renminbi - Monthly - End of period,1978-05,1.734,A,,F
M,CN,CNY,E,0,6,A, Exchange rates against USD China - Renminbi - Monthly - End of period,1978-06,1.7202,A,,F
M,CN,CNY,E,0,6,A, Exchange rates against USD China - Renminbi - Monthly - End of period,1978-07,1.7099,A,,F
M,CN,CNY,E,0,6,A, Exchange rates against USD China - Renminbi - Monthly - End of period,1978-08,1.6962,A,,F
M,CN,CNY,E,0,6,A, Exchange rates against USD China - Renminbi - Monthly - End of period,1978-09,1.6894,A,,F
M,CN,CNY,E,0,6,A, Exchange rates against USD China - Renminbi - Monthly - End of period,1978-10,1.6002,A,,F
M,CN,CNY,E,0,6,A, Exchange rates against USD China - Renminbi - Monthly - End of period,1978-11,1.6368,A,,F
M,CN,CNY,E,0,6,A, Exchange rates against USD China - Renminbi - Monthly - End of period,1978-12,1.5771,A,,F
M,CN,CNY,E,0,6,A, Exchange rates against USD China - Renminbi - Monthly - End of period,1979-01,1.5817,A,,F
M,CN,CNY,E,0,6,A, Exchange rates against USD China - Renminbi - Monthly - End of period,1979-02,1.569,A,,F
M,CN,CNY,E,0,6,A, Exchange rates against USD China - Renminbi - Monthly - End of period,1979-03,1.5737,A,,F
M,CN,CNY,E,0,6,A, Exchange rates against USD China - Renminbi - Monthly - End of period,1979-04,1.5878,A,,F
M,CN,CNY,E,0,6,A, Exchange rates against USD China - Renminbi - Monthly - End of period,1979-05,1.5989,A,,F
M,CN,CNY,E,0,6,A, Exchange rates against USD China - Renminbi - Monthly - End of period,1979-06,1.5546,A,,F
M,CN,CNY,E,0,6,A, Exchange rates against USD China - Renminbi - Monthly - End of period,1979-07,1.5438,A,,F
M,CN,CNY,E,0,6,A, Exchange rates against USD China - Renminbi - Monthly - End of period,1979-08,1.5438,A,,F
M,CN,CNY,E,0,6,A, Exchange rates against USD China - Renminbi - Monthly - End of period,1979-09,1.5146,A,,F
M,CN,CNY,E,0,6,A, Exchange rates against USD China - Renminbi - Monthly - End of period,1979-10,1.5328,A,,F
M,CN,CNY,E,0,6,A, Exchange rates against USD China - Renminbi - Monthly - End of period,1979-11,1.516,A,,F
M,CN,CNY,E,0,6,A, Exchange rates against USD China - Renminbi - Monthly - End of period,1979-12,1.4962,A,,F
M,CN,CNY,E,0,6,A, Exchange rates against USD China - Renminbi - Monthly - End of period,1980-01,1.4962,A,,F
M,CN,CNY,E,0,6,A, Exchange rates against USD China - Renminbi - Monthly - End of period,1980-02,1.5157,A,,F
M,CN,CNY,E,0,6,A, Exchange rates against USD China - Renminbi - Monthly - End of period,1980-03,1.5806,A,,F
M,CN,CNY,E,0,6,A, Exchange rates against USD China - Renminbi - Monthly - End of period,1980-04,1.5028,A,,F
M,CN,CNY,E,0,6,A, Exchange rates against USD China - Renminbi - Monthly - End of period,1980-05,1.4788,A,,F
M,CN,CNY,E,0,6,A, Exchange rates against USD China - Renminbi - Monthly - End of period,1980-06,1.4611,A,,F
M,CN,CNY,E,0,6,A, Exchange rates against USD China - Renminbi - Monthly - End of period,1980-07,1.4712,A,,F
M,CN,CNY,E,0,6,A, Exchange rates against USD China - Renminbi - Monthly - End of period,1980-08,1.4696,A,,F
M,CN,CNY,E,0,6,A, Exchange rates against USD China - Renminbi - Monthly - End of period,1980-09,1.474,A,,F
M,CN,CNY,E,0,6,A, Exchange rates against USD China - Renminbi - Monthly - End of period,1980-10,1.5037,A,,F
M,CN,CNY,E,0,6,A, Exchange rates against USD China - Renminbi - Monthly - End of period,1980-11,1.5291,A,,F
M,CN,CNY,E,0,6,A, Exchange rates against USD China - Renminbi - Monthly - End of period,1980-12,1.5303,A,,F
M,CN,CNY,E,0,6,A, Exchange rates against USD China - Renminbi - Monthly - End of period,1981-01,1.5886,A,,F
M,CN,CNY,E,0,6,A, Exchange rates against USD China - Renminbi - Monthly - End of period,1981-02,1.6179,A,,F
M,CN,CNY,E,0,6,A, Exchange rates against USD China - Renminbi - Monthly - End of period,1981-03,1.6165,A,,F
M,CN,CNY,E,0,6,A, Exchange rates against USD China - Renminbi - Monthly - End of period,1981-04,1.6882,A,,F
M,CN,CNY,E,0,6,A, Exchange rates against USD China - Renminbi - Monthly - End of period,1981-05,1.748,A,,F
M,CN,CNY,E,0,6,A, Exchange rates against USD China - Renminbi - Monthly - End of period,1981-06,1.7511,A,,F
M,CN,CNY,E,0,6,A, Exchange rates against USD China - Renminbi - Monthly - End of period,1981-07,1.7845,A,,F
M,CN,CNY,E,0,6,A, Exchange rates against USD China - Renminbi - Monthly - End of period,1981-08,1.7727,A,,F
M,CN,CNY,E,0,6,A, Exchange rates against USD China - Renminbi - Monthly - End of period,1981-09,1.7719,A,,F
M,CN,CNY,E,0,6,A, Exchange rates against USD China - Renminbi - Monthly - End of period,1981-10,1.7678,A,,F
M,CN,CNY,E,0,6,A, Exchange rates against USD China - Renminbi - Monthly - End of period,1981-11,1.7171,A,,F
M,CN,CNY,E,0,6,A, Exchange rates against USD China - Renminbi - Monthly - End of period,1981-12,1.7499,A,,F
M,CN,CNY,E,0,6,A, Exchange rates against USD China - Renminbi - Monthly - End of period,1982-01,1.7975,A,,F
M,CN,CNY,E,0,6,A, Exchange rates against USD China - Renminbi - Monthly - End of period,1982-02,1.8355,A,,F
M,CN,CNY,E,0,6,A, Exchange rates against USD China - Renminbi - Monthly - End of period,1982-03,1.8722,A,,F
M,CN,CNY,E,0,6,A, Exchange rates against USD China - Renminbi - Monthly - End of period,1982-04,1.8333,A,,F
M,CN,CNY,E,0,6,A, Exchange rates against USD China - Renminbi - Monthly - End of period,1982-05,1.8331,A,,F
M,CN,CNY,E,0,6,A, Exchange rates against USD China - Renminbi - Monthly - End of period,1982-06,1.9358,A,,F
M,CN,CNY,E,0,6,A, Exchange rates against USD China - Renminbi - Monthly - End of period,1982-07,1.9312,A,,F
M,CN,CNY,E,0,6,A, Exchange rates against USD China - Renminbi - Monthly - End of period,1982-08,1.9501,A,,F
M,CN,CNY,E,0,6,A, Exchange rates against USD China - Renminbi - Monthly - End of period,1982-09,1.9733,A,,F
M,CN,CNY,E,0,6,A, Exchange rates against USD China - Renminbi - Monthly - End of period,1982-10,2.0046,A,,F
M,CN,CNY,E,0,6,A, Exchange rates against USD China - Renminbi - Monthly - End of period,1982-11,1.9906,A,,F
M,CN,CNY,E,0,6,A, Exchange rates against USD China - Renminbi - Monthly - End of period,1982-12,1.9275,A,,F
M,CN,CNY,E,0,6,A, Exchange rates against USD China - Renminbi - Monthly - End of period,1983-01,1.9464,A,,F
M,CN,CNY,E,0,6,A, Exchange rates against USD China - Renminbi - Monthly - End of period,1983-02,1.9736,A,,F
M,CN,CNY,E,0,6,A, Exchange rates against USD China - Renminbi - Monthly - End of period,1983-03,1.9991,A,,F
M,CN,CNY,E,0,6,A, Exchange rates against USD China - Renminbi - Monthly - End of period,1983-04,1.9909,A,,F
M,CN,CNY,E,0,6,A, Exchange rates against USD China - Renminbi - Monthly - End of period,1983-05,1.9989,A,,F
M,CN,CNY,E,0,6,A, Exchange rates against USD China - Renminbi - Monthly - End of period,1983-06,1.9888,A,,F
M,CN,CNY,E,0,6,A, Exchange rates against USD China - Renminbi - Monthly - End of period,1983-07,1.9985,A,,F
M,CN,CNY,E,0,6,A, Exchange rates against USD China - Renminbi - Monthly - End of period,1983-08,1.9902,A,,F
M,CN,CNY,E,0,6,A, Exchange rates against USD China - Renminbi - Monthly - End of period,1983-09,1.9802,A,,F
M,CN,CNY,E,0,6,A, Exchange rates against USD China - Renminbi - Monthly - End of period,1983-10,1.984,A,,F
M,CN,CNY,E,0,6,A, Exchange rates against USD China - Renminbi - Monthly - End of period,1983-11,1.994,A,,F
M,CN,CNY,E,0,6,A, Exchange rates against USD China - Renminbi - Monthly - End of period,1983-12,1.9859,A,,F
M,CN,CNY,E,0,6,A, Exchange rates against USD China - Renminbi - Monthly - End of period,1984-01,2.079,A,,F
M,CN,CNY,E,0,6,A, Exchange rates against USD China - Renminbi - Monthly - End of period,1984-02,2.0519,A,,F
M,CN,CNY,E,0,6,A, Exchange rates against USD China - Renminbi - Monthly - End of period,1984-03,2.0639,A,,F
M,CN,CNY,E,0,6,A, Exchange rates against USD China - Renminbi - Monthly - End of period,1984-04,2.1329,A,,F
M,CN,CNY,E,0,6,A, Exchange rates against USD China - Renminbi - Monthly - End of period,1984-05,2.2173,A,,F
M,CN,CNY,E,0,6,A, Exchange rates against USD China - Renminbi - Monthly - End of period,1984-06,2.2529,A,,F
M,CN,CNY,E,0,6,A, Exchange rates against USD China - Renminbi - Monthly - End of period,1984-07,2.3374,A,,F
M,CN,CNY,E,0,6,A, Exchange rates against USD China - Renminbi - Monthly - End of period,1984-08,2.4196,A,,F
M,CN,CNY,E,0,6,A, Exchange rates against USD China - Renminbi - Monthly - End of period,1984-09,2.5746,A,,F
M,CN,CNY,E,0,6,A, Exchange rates against USD China - Renminbi - Monthly - End of period,1984-10,2.6466,A,,F
M,CN,CNY,E,0,6,A, Exchange rates against USD China - Renminbi - Monthly - End of period,1984-11,2.7953,A,,F
M,CN,CNY,E,0,6,A, Exchange rates against USD China - Renminbi - Monthly - End of period,1984-12,2.8027,A,,F
M,CN,CNY,E,0,6,A, Exchange rates against USD China - Renminbi - Monthly - End of period,1985-01,2.8167,A,,F
M,CN,CNY,E,0,6,A, Exchange rates against USD China - Renminbi - Monthly - End of period,1985-02,2.8417,A,,F
M,CN,CNY,E,0,6,A, Exchange rates against USD China - Renminbi - Monthly - End of period,1985-03,2.8269,A,,F
M,CN,CNY,E,0,6,A, Exchange rates against USD China - Renminbi - Monthly - End of period,1985-04,2.8593,A,,F
M,CN,CNY,E,0,6,A, Exchange rates against USD China - Renminbi - Monthly - End of period,1985-05,2.8508,A,,F
M,CN,CNY,E,0,6,A, Exchange rates against USD China - Renminbi - Monthly - End of period,1985-06,2.8851,A,,F
M,CN,CNY,E,0,6,A, Exchange rates against USD China - Renminbi - Monthly - End of period,1985-07,2.885,A,,F
M,CN,CNY,E,0,6,A, Exchange rates against USD China - Renminbi - Monthly - End of period,1985-08,2.9168,A,,F
M,CN,CNY,E,0,6,A, Exchange rates against USD China - Renminbi - Monthly - End of period,1985-09,2.9755,A,,F
M,CN,CNY,E,0,6,A, Exchange rates against USD China - Renminbi - Monthly - End of period,1985-10,3.2095,A,,F
M,CN,CNY,E,0,6,A, Exchange rates against USD China - Renminbi - Monthly - End of period,1985-11,3.2095,A,,F
M,CN,CNY,E,0,6,A, Exchange rates against USD China - Renminbi - Monthly - End of period,1985-12,3.2095,A,,F
M,CN,CNY,E,0,6,A, Exchange rates against USD China - Renminbi - Monthly - End of period,1986-01,3.2095,A,,F
M,CN,CNY,E,0,6,A, Exchange rates against USD China - Renminbi - Monthly - End of period,1986-02,3.2159,A,,F
M,CN,CNY,E,0,6,A, Exchange rates against USD China - Renminbi - Monthly - End of period,1986-03,3.2288,A,,F
M,CN,CNY,E,0,6,A, Exchange rates against USD China - Renminbi - Monthly - End of period,1986-04,3.1999,A,,F
M,CN,CNY,E,0,6,A, Exchange rates against USD China - Renminbi - Monthly - End of period,1986-05,3.2191,A,,F
M,CN,CNY,E,0,6,A, Exchange rates against USD China - Renminbi - Monthly - End of period,1986-06,3.2063,A,,F
M,CN,CNY,E,0,6,A, Exchange rates against USD China - Renminbi - Monthly - End of period,1986-07,3.7129,A,,F
M,CN,CNY,E,0,6,A, Exchange rates against USD China - Renminbi - Monthly - End of period,1986-08,3.7129,A,,F
M,CN,CNY,E,0,6,A, Exchange rates against USD China - Renminbi - Monthly - End of period,1986-09,3.724,A,,F
M,CN,CNY,E,0,6,A, Exchange rates against USD China - Renminbi - Monthly - End of period,1986-10,3.7314,A,,F
M,CN,CNY,E,0,6,A, Exchange rates against USD China - Renminbi - Monthly - End of period,1986-11,3.7314,A,,F
M,CN,CNY,E,0,6,A, Exchange rates against USD China - Renminbi - Monthly - End of period,1986-12,3.7314,A,,F
M,CN,CNY,E,0,6,A, Exchange rates against USD China - Renminbi - Monthly - End of period,1987-01,3.7314,A,,F
M,CN,CNY,E,0,6,A, Exchange rates against USD China - Renminbi - Monthly - End of period,1987-02,3.7314,A,,F
M,CN,CNY,E,0,6,A, Exchange rates against USD China - Renminbi - Monthly - End of period,1987-03,3.7314,A,,F
M,CN,CNY,E,0,6,A, Exchange rates against USD China - Renminbi - Monthly - End of period,1987-04,3.7314,A,,F
M,CN,CNY,E,0,6,A, Exchange rates against USD China - Renminbi - Monthly - End of period,1987-05,3.7314,A,,F
M,CN,CNY,E,0,6,A, Exchange rates against USD China - Renminbi - Monthly - End of period,1987-06,3.7314,A,,F
M,CN,CNY,E,0,6,A, Exchange rates against USD China - Renminbi - Monthly - End of period,1987-07,3.7314,A,,F
M,CN,CNY,E,0,6,A, Exchange rates against USD China - Renminbi - Monthly - End of period,1987-08,3.7314,A,,F
M,CN,CNY,E,0,6,A, Exchange rates against USD China - Renminbi - Monthly - End of period,1987-09,3.7314,A,,F
M,CN,CNY,E,0,6,A, Exchange rates against USD China - Renminbi - Monthly - End of period,1987-10,3.7314,A,,F
M,CN,CNY,E,0,6,A, Exchange rates against USD China - Renminbi - Monthly - End of period,1987-11,3.7314,A,,F
M,CN,CNY,E,0,6,A, Exchange rates against USD China - Renminbi - Monthly - End of period,1987-12,3.7314,A,,F
M,CN,CNY,E,0,6,A, Exchange rates against USD China - Renminbi - Monthly - End of period,1988-01,3.7314,A,,F
M,CN,CNY,E,0,6,A, Exchange rates against USD China - Renminbi - Monthly - End of period,1988-02,3.7314,A,,F
M,CN,CNY,E,0,6,A, Exchange rates against USD China - Renminbi - Monthly - End of period,1988-03,3.7314,A,,F
M,CN,CNY,E,0,6,A, Exchange rates against USD China - Renminbi - Monthly - End of period,1988-04,3.7314,A,,F
M,CN,CNY,E,0,6,A, Exchange rates against USD China - Renminbi - Monthly - End of period,1988-05,3.7314,A,,F
M,CN,CNY,E,0,6,A, Exchange rates against USD China - Renminbi - Monthly - End of period,1988-06,3.7314,A,,F
M,CN,CNY,E,0,6,A, Exchange rates against USD China - Renminbi - Monthly - End of period,1988-07,3.7314,A,,F
M,CN,CNY,E,0,6,A, Exchange rates against USD China - Renminbi - Monthly - End of period,1988-08,3.7314,A,,F
M,CN,CNY,E,0,6,A, Exchange rates against USD China - Renminbi - Monthly - End of period,1988-09,3.7314,A,,F
M,CN,CNY,E,0,6,A, Exchange rates against USD China - Renminbi - Monthly - End of period,1988-10,3.7314,A,,F
M,CN,CNY,E,0,6,A, Exchange rates against USD China - Renminbi - Monthly - End of period,1988-11,3.7314,A,,F
M,CN,CNY,E,0,6,A, Exchange rates against USD China - Renminbi - Monthly - End of period,1988-12,3.7314,A,,F
M,CN,CNY,E,0,6,A, Exchange rates against USD China - Renminbi - Monthly - End of period,1989-01,3.7314,A,,F
M,CN,CNY,E,0,6,A, Exchange rates against USD China - Renminbi - Monthly - End of period,1989-02,3.7314,A,,F
M,CN,CNY,E,0,6,A, Exchange rates against USD China - Renminbi - Monthly - End of period,1989-03,3.7314,A,,F
M,CN,CNY,E,0,6,A, Exchange rates against USD China - Renminbi - Monthly - End of period,1989-04,3.7314,A,,F
M,CN,CNY,E,0,6,A, Exchange rates against USD China - Renminbi - Monthly - End of period,1989-05,3.7314,A,,F
M,CN,CNY,E,0,6,A, Exchange rates against USD China - Renminbi - Monthly - End of period,1989-06,3.7314,A,,F
M,CN,CNY,E,0,6,A, Exchange rates against USD China - Renminbi - Monthly - End of period,1989-07,3.7314,A,,F
M,CN,CNY,E,0,6,A, Exchange rates against USD China - Renminbi - Monthly - End of period,1989-08,3.7314,A,,F
M,CN,CNY,E,0,6,A, Exchange rates against USD China - Renminbi - Monthly - End of period,1989-09,3.7314,A,,F
M,CN,CNY,E,0,6,A, Exchange rates against USD China - Renminbi - Monthly - End of period,1989-10,3.7314,A,,F
M,CN,CNY,E,0,6,A, Exchange rates against USD China - Renminbi - Monthly - End of period,1989-11,3.7314,A,,F
M,CN,CNY,E,0,6,A, Exchange rates against USD China - Renminbi - Monthly - End of period,1989-12,4.7339,A,,F
M,CN,CNY,E,0,6,A, Exchange rates against USD China - Renminbi - Monthly - End of period,1990-01,4.7339,A,,F
M,CN,CNY,E,0,6,A, Exchange rates against USD China - Renminbi - Monthly - End of period,1990-02,4.7339,A,,F
M,CN,CNY,E,0,6,A, Exchange rates against USD China - Renminbi - Monthly - End of period,1990-03,4.7339,A,,F
M,CN,CNY,E,0,6,A, Exchange rates against USD China - Renminbi - Monthly - End of period,1990-04,4.7339,A,,F
M,CN,CNY,E,0,6,A, Exchange rates against USD China - Renminbi - Monthly - End of period,1990-05,4.7339,A,,F
M,CN,CNY,E,0,6,A, Exchange rates against USD China - Renminbi - Monthly - End of period,1990-06,4.7339,A,,F
M,CN,CNY,E,0,6,A, Exchange rates against USD China - Renminbi - Monthly - End of period,1990-07,4.7339,A,,F
M,CN,CNY,E,0,6,A, Exchange rates against USD China - Renminbi - Monthly - End of period,1990-08,4.7339,A,,F
M,CN,CNY,E,0,6,A, Exchange rates against USD China - Renminbi - Monthly - End of period,1990-09,4.7339,A,,F
M,CN,CNY,E,0,6,A, Exchange rates against USD China - Renminbi - Monthly - End of period,1990-10,4.7339,A,,F
M,CN,CNY,E,0,6,A, Exchange rates against USD China - Renminbi - Monthly - End of period,1990-11,5.2352,A,,F
M,CN,CNY,E,0,6,A, Exchange rates against USD China - Renminbi - Monthly - End of period,1990-12,5.2352,A,,F
M,CN,CNY,E,0,6,A, Exchange rates against USD China - Renminbi - Monthly - End of period,1991-01,5.2352,A,,F
M,CN,CNY,E,0,6,A, Exchange rates against USD China - Renminbi - Monthly - End of period,1991-02,5.2352,A,,F
M,CN,CNY,E,0,6,A, Exchange rates against USD China - Renminbi - Monthly - End of period,1991-03,5.2352,A,,F
M,CN,CNY,E,0,6,A, Exchange rates against USD China - Renminbi - Monthly - End of period,1991-04,5.3036,A,,F
M,CN,CNY,E,0,6,A, Exchange rates against USD China - Renminbi - Monthly - End of period,1991-05,5.349,A,,F
M,CN,CNY,E,0,6,A, Exchange rates against USD China - Renminbi - Monthly - End of period,1991-06,5.369,A,,F
M,CN,CNY,E,0,6,A, Exchange rates against USD China - Renminbi - Monthly - End of period,1991-07,5.3605,A,,F
M,CN,CNY,E,0,6,A, Exchange rates against USD China - Renminbi - Monthly - End of period,1991-08,5.3862,A,,F
M,CN,CNY,E,0,6,A, Exchange rates against USD China - Renminbi - Monthly - End of period,1991-09,5.3899,A,,F
M,CN,CNY,E,0,6,A, Exchange rates against USD China - Renminbi - Monthly - End of period,1991-10,5.3944,A,,F
M,CN,CNY,E,0,6,A, Exchange rates against USD China - Renminbi - Monthly - End of period,1991-11,5.4115,A,,F
M,CN,CNY,E,0,6,A, Exchange rates against USD China - Renminbi - Monthly - End of period,1991-12,5.4478,A,,F
M,CN,CNY,E,0,6,A, Exchange rates against USD China - Renminbi - Monthly - End of period,1992-01,5.4686,A,,F
M,CN,CNY,E,0,6,A, Exchange rates against USD China - Renminbi - Monthly - End of period,1992-02,5.483,A,,F
M,CN,CNY,E,0,6,A, Exchange rates against USD China - Renminbi - Monthly - End of period,1992-03,5.4812,A,,F
M,CN,CNY,E,0,6,A, Exchange rates against USD China - Renminbi - Monthly - End of period,1992-04,5.5239,A,,F
M,CN,CNY,E,0,6,A, Exchange rates against USD China - Renminbi - Monthly - End of period,1992-05,5.5048,A,,F
M,CN,CNY,E,0,6,A, Exchange rates against USD China - Renminbi - Monthly - End of period,1992-06,5.4758,A,,F
M,CN,CNY,E,0,6,A, Exchange rates against USD China - Renminbi - Monthly - End of period,1992-07,5.4335,A,,F
M,CN,CNY,E,0,6,A, Exchange rates against USD China - Renminbi - Monthly - End of period,1992-08,5.4199,A,,F
M,CN,CNY,E,0,6,A, Exchange rates against USD China - Renminbi - Monthly - End of period,1992-09,5.514,A,,F
M,CN,CNY,E,0,6,A, Exchange rates against USD China - Renminbi - Monthly - End of period,1992-10,5.5654,A,,F
M,CN,CNY,E,0,6,A, Exchange rates against USD China - Renminbi - Monthly - End of period,1992-11,5.7341,A,,F
M,CN,CNY,E,0,6,A, Exchange rates against USD China - Renminbi - Monthly - End of period,1992-12,5.7662,A,,F
M,CN,CNY,E,0,6,A, Exchange rates against USD China - Renminbi - Monthly - End of period,1993-01,5.7894,A,,F
M,CN,CNY,E,0,6,A, Exchange rates against USD China - Renminbi - Monthly - End of period,1993-02,5.7546,A,,F
M,CN,CNY,E,0,6,A, Exchange rates against USD China - Renminbi - Monthly - End of period,1993-03,5.7333,A,,F
M,CN,CNY,E,0,6,A, Exchange rates against USD China - Renminbi - Monthly - End of period,1993-04,5.7076,A,,F
M,CN,CNY,E,0,6,A, Exchange rates against USD China - Renminbi - Monthly - End of period,1993-05,5.7433,A,,F
M,CN,CNY,E,0,6,A, Exchange rates against USD China - Renminbi - Monthly - End of period,1993-06,5.7756,A,,F
M,CN,CNY,E,0,6,A, Exchange rates against USD China - Renminbi - Monthly - End of period,1993-07,5.7756,A,,F
M,CN,CNY,E,0,6,A, Exchange rates against USD China - Renminbi - Monthly - End of period,1993-08,5.8063,A,,F
M,CN,CNY,E,0,6,A, Exchange rates against USD China - Renminbi - Monthly - End of period,1993-09,5.8013,A,,F
M,CN,CNY,E,0,6,A, Exchange rates against USD China - Renminbi - Monthly - End of period,1993-10,5.8013,A,,F
M,CN,CNY,E,0,6,A, Exchange rates against USD China - Renminbi - Monthly - End of period,1993-11,5.8195,A,,F
M,CN,CNY,E,0,6,A, Exchange rates against USD China - Renminbi - Monthly - End of period,1993-12,5.8145,A,,F
M,CN,CNY,E,0,6,A, Exchange rates against USD China - Renminbi - Monthly - End of period,1994-01,8.7217,A,,F
M,CN,CNY,E,0,6,A, Exchange rates against USD China - Renminbi - Monthly - End of period,1994-02,8.7262,A,,F
M,CN,CNY,E,0,6,A, Exchange rates against USD China - Renminbi - Monthly - End of period,1994-03,8.7298,A,,F
M,CN,CNY,E,0,6,A, Exchange rates against USD China - Renminbi - Monthly - End of period,1994-04,8.7247,A,,F
M,CN,CNY,E,0,6,A, Exchange rates against USD China - Renminbi - Monthly - End of period,1994-05,8.6796,A,,F
M,CN,CNY,E,0,6,A, Exchange rates against USD China - Renminbi - Monthly - End of period,1994-06,8.6717,A,,F
M,CN,CNY,E,0,6,A, Exchange rates against USD China - Renminbi - Monthly - End of period,1994-07,8.6397,A,,F
M,CN,CNY,E,0,6,A, Exchange rates against USD China - Renminbi - Monthly - End of period,1994-08,8.5791,A,,F
M,CN,CNY,E,0,6,A, Exchange rates against USD China - Renminbi - Monthly - End of period,1994-09,8.55,A,,F
M,CN,CNY,E,0,6,A, Exchange rates against USD China - Renminbi - Monthly - End of period,1994-10,8.546,A,,F
M,CN,CNY,E,0,6,A, Exchange rates against USD China - Renminbi - Monthly - End of period,1994-11,8.529,A,,F
M,CN,CNY,E,0,6,A, Exchange rates against USD China - Renminbi - Monthly - End of period,1994-12,8.4662,A,,F
M,CN,CNY,E,0,6,A, Exchange rates against USD China - Renminbi - Monthly - End of period,1995-01,8.4584,A,,F
M,CN,CNY,E,0,6,A, Exchange rates against USD China - Renminbi - Monthly - End of period,1995-02,8.4511,A,,F
M,CN,CNY,E,0,6,A, Exchange rates against USD China - Renminbi - Monthly - End of period,1995-03,8.4464,A,,F
M,CN,CNY,E,0,6,A, Exchange rates against USD China - Renminbi - Monthly - End of period,1995-04,8.4274,A,,F
M,CN,CNY,E,0,6,A, Exchange rates against USD China - Renminbi - Monthly - End of period,1995-05,8.3255,A,,F
M,CN,CNY,E,0,6,A, Exchange rates against USD China - Renminbi - Monthly - End of period,1995-06,8.3211,A,,F
M,CN,CNY,E,0,6,A, Exchange rates against USD China - Renminbi - Monthly - End of period,1995-07,8.3203,A,,F
M,CN,CNY,E,0,6,A, Exchange rates against USD China - Renminbi - Monthly - End of period,1995-08,8.3298,A,,F
M,CN,CNY,E,0,6,A, Exchange rates against USD China - Renminbi - Monthly - End of period,1995-09,8.3385,A,,F
M,CN,CNY,E,0,6,A, Exchange rates against USD China - Renminbi - Monthly - End of period,1995-10,8.3349,A,,F
M,CN,CNY,E,0,6,A, Exchange rates against USD China - Renminbi - Monthly - End of period,1995-11,8.3316,A,,F
M,CN,CNY,E,0,6,A, Exchange rates against USD China - Renminbi - Monthly - End of period,1995-12,8.3374,A,,F
M,CN,CNY,E,0,6,A, Exchange rates against USD China - Renminbi - Monthly - End of period,1996-01,8.3338,A,,F
M,CN,CNY,E,0,6,A, Exchange rates against USD China - Renminbi - Monthly - End of period,1996-02,8.3411,A,,F
M,CN,CNY,E,0,6,A, Exchange rates against USD China - Renminbi - Monthly - End of period,1996-03,8.3538,A,,F
M,CN,CNY,E,0,6,A, Exchange rates against USD China - Renminbi - Monthly - End of period,1996-04,8.3501,A,,F
M,CN,CNY,E,0,6,A, Exchange rates against USD China - Renminbi - Monthly - End of period,1996-05,8.3455,A,,F
M,CN,CNY,E,0,6,A, Exchange rates against USD China - Renminbi - Monthly - End of period,1996-06,8.3421,A,,F
M,CN,CNY,E,0,6,A, Exchange rates against USD China - Renminbi - Monthly - End of period,1996-07,8.3407,A,,F
M,CN,CNY,E,0,6,A, Exchange rates against USD China - Renminbi - Monthly - End of period,1996-08,8.3363,A,,F
M,CN,CNY,E,0,6,A, Exchange rates against USD China - Renminbi - Monthly - End of period,1996-09,8.3317,A,,F
M,CN,CNY,E,0,6,A, Exchange rates against USD China - Renminbi - Monthly - End of period,1996-10,8.33,A,,F
M,CN,CNY,E,0,6,A, Exchange rates against USD China - Renminbi - Monthly - End of period,1996-11,8.3312,A,,F
M,CN,CNY,E,0,6,A, Exchange rates against USD China - Renminbi - Monthly - End of period,1996-12,8.3284,A,,F
M,CN,CNY,E,0,6,A, Exchange rates against USD China - Renminbi - Monthly - End of period,1997-01,8.3234,A,,F
M,CN,CNY,E,0,6,A, Exchange rates against USD China - Renminbi - Monthly - End of period,1997-02,8.3254,A,,F
M,CN,CNY,E,0,6,A, Exchange rates against USD China - Renminbi - Monthly - End of period,1997-03,8.3255,A,,F
M,CN,CNY,E,0,6,A, Exchange rates against USD China - Renminbi - Monthly - End of period,1997-04,8.3245,A,,F
M,CN,CNY,E,0,6,A, Exchange rates against USD China - Renminbi - Monthly - End of period,1997-05,8.3221,A,,F
M,CN,CNY,E,0,6,A, Exchange rates against USD China - Renminbi - Monthly - End of period,1997-06,8.3207,A,,F
M,CN,CNY,E,0,6,A, Exchange rates against USD China - Renminbi - Monthly - End of period,1997-07,8.2913,A,,F
M,CN,CNY,E,0,6,A, Exchange rates against USD China - Renminbi - Monthly - End of period,1997-08,8.3184,A,,F
M,CN,CNY,E,0,6,A, Exchange rates against USD China - Renminbi - Monthly - End of period,1997-09,8.3149,A,,F
M,CN,CNY,E,0,6,A, Exchange rates against USD China - Renminbi - Monthly - End of period,1997-10,8.3134,A,,F
M,CN,CNY,E,0,6,A, Exchange rates against USD China - Renminbi - Monthly - End of period,1997-11,8.3096,A,,F
M,CN,CNY,E,0,6,A, Exchange rates against USD China - Renminbi - Monthly - End of period,1997-12,8.31,A,,F
M,CN,CNY,E,0,6,A, Exchange rates against USD China - Renminbi - Monthly - End of period,1998-01,8.31,A,,F
M,CN,CNY,E,0,6,A, Exchange rates against USD China - Renminbi - Monthly - End of period,1998-02,8.31,A,,F
M,CN,CNY,E,0,6,A, Exchange rates against USD China - Renminbi - Monthly - End of period,1998-03,8.28,A,,F
M,CN,CNY,E,0,6,A, Exchange rates against USD China - Renminbi - Monthly - End of period,1998-04,8.31,A,,F
M,CN,CNY,E,0,6,A, Exchange rates against USD China - Renminbi - Monthly - End of period,1998-05,8.31,A,,F
M,CN,CNY,E,0,6,A, Exchange rates against USD China - Renminbi - Monthly - End of period,1998-06,8.31,A,,F
M,CN,CNY,E,0,6,A, Exchange rates against USD China - Renminbi - Monthly - End of period,1998-07,8.31,A,,F
M,CN,CNY,E,0,6,A, Exchange rates against USD China - Renminbi - Monthly - End of period,1998-08,8.31,A,,F
M,CN,CNY,E,0,6,A, Exchange rates against USD China - Renminbi - Monthly - End of period,1998-09,8.278,A,,F
M,CN,CNY,E,0,6,A, Exchange rates against USD China - Renminbi - Monthly - End of period,1998-10,8.2778,A,,F
M,CN,CNY,E,0,6,A, Exchange rates against USD China - Renminbi - Monthly - End of period,1998-11,8.2782,A,,F
M,CN,CNY,E,0,6,A, Exchange rates against USD China - Renminbi - Monthly - End of period,1998-12,8.2789,A,,F
M,CN,CNY,E,0,6,A, Exchange rates against USD China - Renminbi - Monthly - End of period,1999-01,8.2778,A,,F
M,CN,CNY,E,0,6,A, Exchange rates against USD China - Renminbi - Monthly - End of period,1999-02,8.279,A,,F
M,CN,CNY,E,0,6,A, Exchange rates against USD China - Renminbi - Monthly - End of period,1999-03,8.28,A,,F
M,CN,CNY,E,0,6,A, Exchange rates against USD China - Renminbi - Monthly - End of period,1999-04,8.279,A,,F
M,CN,CNY,E,0,6,A, Exchange rates against USD China - Renminbi - Monthly - End of period,1999-05,8.2786,A,,F
M,CN,CNY,E,0,6,A, Exchange rates against USD China - Renminbi - Monthly - End of period,1999-06,8.2787,A,,F
M,CN,CNY,E,0,6,A, Exchange rates against USD China - Renminbi - Monthly - End of period,1999-07,8.2774,A,,F
M,CN,CNY,E,0,6,A, Exchange rates against USD China - Renminbi - Monthly - End of period,1999-08,8.277,A,,F
M,CN,CNY,E,0,6,A, Exchange rates against USD China - Renminbi - Monthly - End of period,1999-09,8.2778,A,,F
M,CN,CNY,E,0,6,A, Exchange rates against USD China - Renminbi - Monthly - End of period,1999-10,8.2778,A,,F
M,CN,CNY,E,0,6,A, Exchange rates against USD China - Renminbi - Monthly - End of period,1999-11,8.2789,A,,F
M,CN,CNY,E,0,6,A, Exchange rates against USD China - Renminbi - Monthly - End of period,1999-12,8.2795,A,,F
M,CN,CNY,E,0,6,A, Exchange rates against USD China - Renminbi - Monthly - End of period,2000-01,8.276989,A,,F
M,CN,CNY,E,0,6,A, Exchange rates against USD China - Renminbi - Monthly - End of period,2000-02,8.277023,A,,F
M,CN,CNY,E,0,6,A, Exchange rates against USD China - Renminbi - Monthly - End of period,2000-03,8.276981,A,,F
M,CN,CNY,E,0,6,A, Exchange rates against USD China - Renminbi - Monthly - End of period,2000-04,8.27705,A,,F
M,CN,CNY,E,0,6,A, Exchange rates against USD China - Renminbi - Monthly - End of period,2000-05,8.277007,A,,F
M,CN,CNY,E,0,6,A, Exchange rates against USD China - Renminbi - Monthly - End of period,2000-06,8.276999,A,,F
M,CN,CNY,E,0,6,A, Exchange rates against USD China - Renminbi - Monthly - End of period,2000-07,8.276966,A,,F
M,CN,CNY,E,0,6,A, Exchange rates against USD China - Renminbi - Monthly - End of period,2000-08,8.277004,A,,F
M,CN,CNY,E,0,6,A, Exchange rates against USD China - Renminbi - Monthly - End of period,2000-09,8.277011,A,,F
M,CN,CNY,E,0,6,A, Exchange rates against USD China - Renminbi - Monthly - End of period,2000-10,8.277058,A,,F
M,CN,CNY,E,0,6,A, Exchange rates against USD China - Renminbi - Monthly - End of period,2000-11,8.276946,A,,F
M,CN,CNY,E,0,6,A, Exchange rates against USD China - Renminbi - Monthly - End of period,2000-12,8.276948,A,,F
M,CN,CNY,E,0,6,A, Exchange rates against USD China - Renminbi - Monthly - End of period,2001-01,8.276983,A,,F
M,CN,CNY,E,0,6,A, Exchange rates against USD China - Renminbi - Monthly - End of period,2001-02,8.277033,A,,F
M,CN,CNY,E,0,6,A, Exchange rates against USD China - Renminbi - Monthly - End of period,2001-03,8.276947,A,,F
M,CN,CNY,E,0,6,A, Exchange rates against USD China - Renminbi - Monthly - End of period,2001-04,8.277039,A,,F
M,CN,CNY,E,0,6,A, Exchange rates against USD China - Renminbi - Monthly - End of period,2001-05,8.277005,A,,F
M,CN,CNY,E,0,6,A, Exchange rates against USD China - Renminbi - Monthly - End of period,2001-06,8.277005,A,,F
M,CN,CNY,E,0,6,A, Exchange rates against USD China - Renminbi - Monthly - End of period,2001-07,8.276985,A,,F
M,CN,CNY,E,0,6,A, Exchange rates against USD China - Renminbi - Monthly - End of period,2001-08,8.277026,A,,F
M,CN,CNY,E,0,6,A, Exchange rates against USD China - Renminbi - Monthly - End of period,2001-09,8.276969,A,,F
M,CN,CNY,E,0,6,A, Exchange rates against USD China - Renminbi - Monthly - End of period,2001-10,8.27704,A,,F
M,CN,CNY,E,0,6,A, Exchange rates against USD China - Renminbi - Monthly - End of period,2001-11,8.277029,A,,F
M,CN,CNY,E,0,6,A, Exchange rates against USD China - Renminbi - Monthly - End of period,2001-12,8.276977,A,,F
M,CN,CNY,E,0,6,A, Exchange rates against USD China - Renminbi - Monthly - End of period,2002-01,8.276948,A,,F
M,CN,CNY,E,0,6,A, Exchange rates against USD China - Renminbi - Monthly - End of period,2002-02,8.276962,A,,F
M,CN,CNY,E,0,6,A, Exchange rates against USD China - Renminbi - Monthly - End of period,2002-03,8.277052,A,,F
M,CN,CNY,E,0,6,A, Exchange rates against USD China - Renminbi - Monthly - End of period,2002-04,8.276976,A,,F
M,CN,CNY,E,0,6,A, Exchange rates against USD China - Renminbi - Monthly - End of period,2002-05,8.276979,A,,F
M,CN,CNY,E,0,6,A, Exchange rates against USD China - Renminbi - Monthly - End of period,2002-06,8.276992,A,,F
M,CN,CNY,E,0,6,A, Exchange rates against USD China - Renminbi - Monthly - End of period,2002-07,8.277011,A,,F
M,CN,CNY,E,0,6,A, Exchange rates against USD China - Renminbi - Monthly - End of period,2002-08,8.277026,A,,F
M,CN,CNY,E,0,6,A, Exchange rates against USD China - Renminbi - Monthly - End of period,2002-09,8.276978,A,,F
M,CN,CNY,E,0,6,A, Exchange rates against USD China - Renminbi - Monthly - End of period,2002-10,8.276967,A,,F
M,CN,CNY,E,0,6,A, Exchange rates against USD China - Renminbi - Monthly - End of period,2002-11,8.277022,A,,F
M,CN,CNY,E,0,6,A, Exchange rates against USD China - Renminbi - Monthly - End of period,2002-12,8.27701,A,,F
M,CN,CNY,E,0,6,A, Exchange rates against USD China - Renminbi - Monthly - End of period,2003-01,8.276997,A,,F
M,CN,CNY,E,0,6,A, Exchange rates against USD China - Renminbi - Monthly - End of period,2003-02,8.277036,A,,F
M,CN,CNY,E,0,6,A, Exchange rates against USD China - Renminbi - Monthly - End of period,2003-03,8.277008,A,,F
M,CN,CNY,E,0,6,A, Exchange rates against USD China - Renminbi - Monthly - End of period,2003-04,8.276974,A,,F
M,CN,CNY,E,0,6,A, Exchange rates against USD China - Renminbi - Monthly - End of period,2003-05,8.277026,A,,F
M,CN,CNY,E,0,6,A, Exchange rates against USD China - Renminbi - Monthly - End of period,2003-06,8.276976,A,,F
M,CN,CNY,E,0,6,A, Exchange rates against USD China - Renminbi - Monthly - End of period,2003-07,8.276992,A,,F
M,CN,CNY,E,0,6,A, Exchange rates against USD China - Renminbi - Monthly - End of period,2003-08,8.27702,A,,F
M,CN,CNY,E,0,6,A, Exchange rates against USD China - Renminbi - Monthly - End of period,2003-09,8.277034,A,,F
M,CN,CNY,E,0,6,A, Exchange rates against USD China - Renminbi - Monthly - End of period,2003-10,8.276975,A,,F
M,CN,CNY,E,0,6,A, Exchange rates against USD China - Renminbi - Monthly - End of period,2003-11,8.276972,A,,F
M,CN,CNY,E,0,6,A, Exchange rates against USD China - Renminbi - Monthly - End of period,2003-12,8.277039,A,,F
M,CN,CNY,E,0,6,A, Exchange rates against USD China - Renminbi - Monthly - End of period,2004-01,8.27697,A,,F
M,CN,CNY,E,0,6,A, Exchange rates against USD China - Renminbi - Monthly - End of period,2004-02,8.277017,A,,F
M,CN,CNY,E,0,6,A, Exchange rates against USD China - Renminbi - Monthly - End of period,2004-03,8.276996,A,,F
M,CN,CNY,E,0,6,A, Exchange rates against USD China - Renminbi - Monthly - End of period,2004-04,8.193187,A,,F
M,CN,CNY,E,0,6,A, Exchange rates against USD China - Renminbi - Monthly - End of period,2004-05,8.278324,A,,F
M,CN,CNY,E,0,6,A, Exchange rates against USD China - Renminbi - Monthly - End of period,2004-06,8.277664,A,,F
M,CN,CNY,E,0,6,A, Exchange rates against USD China - Renminbi - Monthly - End of period,2004-07,8.278345,A,,F
M,CN,CNY,E,0,6,A, Exchange rates against USD China - Renminbi - Monthly - End of period,2004-08,8.277599,A,,F
M,CN,CNY,E,0,6,A, Exchange rates against USD China - Renminbi - Monthly - End of period,2004-09,8.278346,A,,F
M,CN,CNY,E,0,6,A, Exchange rates against USD China - Renminbi - Monthly - End of period,2004-10,8.278951,A,,F
M,CN,CNY,E,0,6,A, Exchange rates against USD China - Renminbi - Monthly - End of period,2004-11,8.280105,A,,F
M,CN,CNY,E,0,6,A, Exchange rates against USD China - Renminbi - Monthly - End of period,2004-12,8.276999,A,,F
M,CN,CNY,E,0,6,A, Exchange rates against USD China - Renminbi - Monthly - End of period,2005-01,8.277023,A,,F
M,CN,CNY,E,0,6,A, Exchange rates against USD China - Renminbi - Monthly - End of period,2005-02,8.276986,A,,F
M,CN,CNY,E,0,6,A, Exchange rates against USD China - Renminbi - Monthly - End of period,2005-03,8.276998,A,,F
M,CN,CNY,E,0,6,A, Exchange rates against USD China - Renminbi - Monthly - End of period,2005-04,8.27653,A,,F
M,CN,CNY,E,0,6,A, Exchange rates against USD China - Renminbi - Monthly - End of period,2005-05,8.276539,A,,F
M,CN,CNY,E,0,6,A, Exchange rates against USD China - Renminbi - Monthly - End of period,2005-06,8.276464,A,,F
M,CN,CNY,E,0,6,A, Exchange rates against USD China - Renminbi - Monthly - End of period,2005-07,8.105598,A,,F
M,CN,CNY,E,0,6,A, Exchange rates against USD China - Renminbi - Monthly - End of period,2005-08,8.09977,A,,F
M,CN,CNY,E,0,6,A, Exchange rates against USD China - Renminbi - Monthly - End of period,2005-09,8.092011,A,,F
M,CN,CNY,E,0,6,A, Exchange rates against USD China - Renminbi - Monthly - End of period,2005-10,8.084505,A,,F
M,CN,CNY,E,0,6,A, Exchange rates against USD China - Renminbi - Monthly - End of period,2005-11,8.080381,A,,F
M,CN,CNY,E,0,6,A, Exchange rates against USD China - Renminbi - Monthly - End of period,2005-12,8.070187,A,,F
M,CN,CNY,E,0,6,A, Exchange rates against USD China - Renminbi - Monthly - End of period,2006-01,8.060819,A,,F
M,CN,CNY,E,0,6,A, Exchange rates against USD China - Renminbi - Monthly - End of period,2006-02,8.041516,A,,F
M,CN,CNY,E,0,6,A, Exchange rates against USD China - Renminbi - Monthly - End of period,2006-03,8.017019,A,,F
M,CN,CNY,E,0,6,A, Exchange rates against USD China - Renminbi - Monthly - End of period,2006-04,8.016511,A,,F
M,CN,CNY,E,0,6,A, Exchange rates against USD China - Renminbi - Monthly - End of period,2006-05,8.018806,A,,F
M,CN,CNY,E,0,6,A, Exchange rates against USD China - Renminbi - Monthly - End of period,2006-06,7.995595,A,,F
M,CN,CNY,E,0,6,A, Exchange rates against USD China - Renminbi - Monthly - End of period,2006-07,7.970001,A,,F
M,CN,CNY,E,0,6,A, Exchange rates against USD China - Renminbi - Monthly - End of period,2006-08,7.952689,A,,F
M,CN,CNY,E,0,6,A, Exchange rates against USD China - Renminbi - Monthly - End of period,2006-09,7.904107,A,,F
M,CN,CNY,E,0,6,A, Exchange rates against USD China - Renminbi - Monthly - End of period,2006-10,7.879017,A,,F
M,CN,CNY,E,0,6,A, Exchange rates against USD China - Renminbi - Monthly - End of period,2006-11,7.833409,A,,F
M,CN,CNY,E,0,6,A, Exchange rates against USD China - Renminbi - Monthly - End of period,2006-12,7.805087,A,,F
M,CN,CNY,E,0,6,A, Exchange rates against USD China - Renminbi - Monthly - End of period,2007-01,7.773892,A,,F
M,CN,CNY,E,0,6,A, Exchange rates against USD China - Renminbi - Monthly - End of period,2007-02,7.740519,A,,F
M,CN,CNY,E,0,6,A, Exchange rates against USD China - Renminbi - Monthly - End of period,2007-03,7.730215,A,,F
M,CN,CNY,E,0,6,A, Exchange rates against USD China - Renminbi - Monthly - End of period,2007-04,7.703932,A,,F
M,CN,CNY,E,0,6,A, Exchange rates against USD China - Renminbi - Monthly - End of period,2007-05,7.646622,A,,F
M,CN,CNY,E,0,6,A, Exchange rates against USD China - Renminbi - Monthly - End of period,2007-06,7.61318,A,,F
M,CN,CNY,E,0,6,A, Exchange rates against USD China - Renminbi - Monthly - End of period,2007-07,7.572408,A,,F
M,CN,CNY,E,0,6,A, Exchange rates against USD China - Renminbi - Monthly - End of period,2007-08,7.544984,A,,F
M,CN,CNY,E,0,6,A, Exchange rates against USD China - Renminbi - Monthly - End of period,2007-09,7.506101,A,,F
M,CN,CNY,E,0,6,A, Exchange rates against USD China - Renminbi - Monthly - End of period,2007-10,7.463003,A,,F
M,CN,CNY,E,0,6,A, Exchange rates against USD China - Renminbi - Monthly - End of period,2007-11,7.399973,A,,F
M,CN,CNY,E,0,6,A, Exchange rates against USD China - Renminbi - Monthly - End of period,2007-12,7.304123,A,,F
M,CN,CNY,E,0,6,A, Exchange rates against USD China - Renminbi - Monthly - End of period,2008-01,7.181775,A,,F
M,CN,CNY,E,0,6,A, Exchange rates against USD China - Renminbi - Monthly - End of period,2008-02,7.111492,A,,F
M,CN,CNY,E,0,6,A, Exchange rates against USD China - Renminbi - Monthly - End of period,2008-03,7.012016,A,,F
M,CN,CNY,E,0,6,A, Exchange rates against USD China - Renminbi - Monthly - End of period,2008-04,6.987516,A,,F
M,CN,CNY,E,0,6,A, Exchange rates against USD China - Renminbi - Monthly - End of period,2008-05,6.94203,A,,F
M,CN,CNY,E,0,6,A, Exchange rates against USD China - Renminbi - Monthly - End of period,2008-06,6.854288,A,,F
M,CN,CNY,E,0,6,A, Exchange rates against USD China - Renminbi - Monthly - End of period,2008-07,6.831785,A,,F
M,CN,CNY,E,0,6,A, Exchange rates against USD China - Renminbi - Monthly - End of period,2008-08,6.835019,A,,F
M,CN,CNY,E,0,6,A, Exchange rates against USD China - Renminbi - Monthly - End of period,2008-09,6.848493,A,,F
M,CN,CNY,E,0,6,A, Exchange rates against USD China - Renminbi - Monthly - End of period,2008-10,6.839539,A,,F
M,CN,CNY,E,0,6,A, Exchange rates against USD China - Renminbi - Monthly - End of period,2008-11,6.834918,A,,F
M,CN,CNY,E,0,6,A, Exchange rates against USD China - Renminbi - Monthly - End of period,2008-12,6.823022,A,,F
M,CN,CNY,E,0,6,A, Exchange rates against USD China - Renminbi - Monthly - End of period,2009-01,6.838015,A,,F
M,CN,CNY,E,0,6,A, Exchange rates against USD China - Renminbi - Monthly - End of period,2009-02,6.839766,A,,F
M,CN,CNY,E,0,6,A, Exchange rates against USD China - Renminbi - Monthly - End of period,2009-03,6.833634,A,,F
M,CN,CNY,E,0,6,A, Exchange rates against USD China - Renminbi - Monthly - End of period,2009-04,6.822976,A,,F
M,CN,CNY,E,0,6,A, Exchange rates against USD China - Renminbi - Monthly - End of period,2009-05,6.828132,A,,F
M,CN,CNY,E,0,6,A, Exchange rates against USD China - Renminbi - Monthly - End of period,2009-06,6.830692,A,,F
M,CN,CNY,E,0,6,A, Exchange rates against USD China - Renminbi - Monthly - End of period,2009-07,6.832084,A,,F
M,CN,CNY,E,0,6,A, Exchange rates against USD China - Renminbi - Monthly - End of period,2009-08,6.830577,A,,F
M,CN,CNY,E,0,6,A, Exchange rates against USD China - Renminbi - Monthly - End of period,2009-09,6.826333,A,,F
M,CN,CNY,E,0,6,A, Exchange rates against USD China - Renminbi - Monthly - End of period,2009-10,6.8275,A,,F
M,CN,CNY,E,0,6,A, Exchange rates against USD China - Renminbi - Monthly - End of period,2009-11,6.827132,A,,F
M,CN,CNY,E,0,6,A, Exchange rates against USD China - Renminbi - Monthly - End of period,2009-12,6.827017,A,,F
M,CN,CNY,E,0,6,A, Exchange rates against USD China - Renminbi - Monthly - End of period,2010-01,6.826794,A,,F
M,CN,CNY,E,0,6,A, Exchange rates against USD China - Renminbi - Monthly - End of period,2010-02,6.826013,A,,F
M,CN,CNY,E,0,6,A, Exchange rates against USD China - Renminbi - Monthly - End of period,2010-03,6.825877,A,,F
M,CN,CNY,E,0,6,A, Exchange rates against USD China - Renminbi - Monthly - End of period,2010-04,6.825235,A,,F
M,CN,CNY,E,0,6,A, Exchange rates against USD China - Renminbi - Monthly - End of period,2010-05,6.827903,A,,F
M,CN,CNY,E,0,6,A, Exchange rates against USD China - Renminbi - Monthly - End of period,2010-06,6.781436,A,,F
M,CN,CNY,E,0,6,A, Exchange rates against USD China - Renminbi - Monthly - End of period,2010-07,6.775023,A,,F
M,CN,CNY,E,0,6,A, Exchange rates against USD China - Renminbi - Monthly - End of period,2010-08,6.807413,A,,F
M,CN,CNY,E,0,6,A, Exchange rates against USD China - Renminbi - Monthly - End of period,2010-09,6.691164,A,,F
M,CN,CNY,E,0,6,A, Exchange rates against USD China - Renminbi - Monthly - End of period,2010-10,6.67078,A,,F
M,CN,CNY,E,0,6,A, Exchange rates against USD China - Renminbi - Monthly - End of period,2010-11,6.667026,A,,F
M,CN,CNY,E,0,6,A, Exchange rates against USD China - Renminbi - Monthly - End of period,2010-12,6.602305,A,,F
M,CN,CNY,E,0,6,A, Exchange rates against USD China - Renminbi - Monthly - End of period,2011-01,6.595019,A,,F
M,CN,CNY,E,0,6,A, Exchange rates against USD China - Renminbi - Monthly - End of period,2011-02,6.571635,A,,F
M,CN,CNY,E,0,6,A, Exchange rates against USD China - Renminbi - Monthly - End of period,2011-03,6.548603,A,,F
M,CN,CNY,E,0,6,A, Exchange rates against USD China - Renminbi - Monthly - End of period,2011-04,6.490983,A,,F
M,CN,CNY,E,0,6,A, Exchange rates against USD China - Renminbi - Monthly - End of period,2011-05,6.478902,A,,F
M,CN,CNY,E,0,6,A, Exchange rates against USD China - Renminbi - Monthly - End of period,2011-06,6.463433,A,,F
M,CN,CNY,E,0,6,A, Exchange rates against USD China - Renminbi - Monthly - End of period,2011-07,6.437097,A,,F
M,CN,CNY,E,0,6,A, Exchange rates against USD China - Renminbi - Monthly - End of period,2011-08,6.375986,A,,F
M,CN,CNY,E,0,6,A, Exchange rates against USD China - Renminbi - Monthly - End of period,2011-09,6.384285,A,,F
M,CN,CNY,E,0,6,A, Exchange rates against USD China - Renminbi - Monthly - End of period,2011-10,6.356689,A,,F
M,CN,CNY,E,0,6,A, Exchange rates against USD China - Renminbi - Monthly - End of period,2011-11,6.377031,A,,F
M,CN,CNY,E,0,6,A, Exchange rates against USD China - Renminbi - Monthly - End of period,2011-12,6.305588,A,,F
M,CN,CNY,E,0,6,A, Exchange rates against USD China - Renminbi - Monthly - End of period,2012-01,6.308515,A,,F
M,CN,CNY,E,0,6,A, Exchange rates against USD China - Renminbi - Monthly - End of period,2012-02,6.293833,A,,F
M,CN,CNY,E,0,6,A, Exchange rates against USD China - Renminbi - Monthly - End of period,2012-03,6.295972,A,,F
M,CN,CNY,E,0,6,A, Exchange rates against USD China - Renminbi - Monthly - End of period,2012-04,6.279401,A,,F
M,CN,CNY,E,0,6,A, Exchange rates against USD China - Renminbi - Monthly - End of period,2012-05,6.36854,A,,F
M,CN,CNY,E,0,6,A, Exchange rates against USD China - Renminbi - Monthly - End of period,2012-06,6.355123,A,,F
M,CN,CNY,E,0,6,A, Exchange rates against USD China - Renminbi - Monthly - End of period,2012-07,6.36169,A,,F
M,CN,CNY,E,0,6,A, Exchange rates against USD China - Renminbi - Monthly - End of period,2012-08,6.348585,A,,F
M,CN,CNY,E,0,6,A, Exchange rates against USD China - Renminbi - Monthly - End of period,2012-09,6.284687,A,,F
M,CN,CNY,E,0,6,A, Exchange rates against USD China - Renminbi - Monthly - End of period,2012-10,6.237282,A,,F
M,CN,CNY,E,0,6,A, Exchange rates against USD China - Renminbi - Monthly - End of period,2012-11,6.229709,A,,F
M,CN,CNY,E,0,6,A, Exchange rates against USD China - Renminbi - Monthly - End of period,2012-12,6.230635,A,,F
M,CN,CNY,E,0,6,A, Exchange rates against USD China - Renminbi - Monthly - End of period,2013-01,6.218967,A,,F
M,CN,CNY,E,0,6,A, Exchange rates against USD China - Renminbi - Monthly - End of period,2013-02,6.224389,A,,F
M,CN,CNY,E,0,6,A, Exchange rates against USD China - Renminbi - Monthly - End of period,2013-03,6.216322,A,,F
M,CN,CNY,E,0,6,A, Exchange rates against USD China - Renminbi - Monthly - End of period,2013-04,6.165621,A,,F
M,CN,CNY,E,0,6,A, Exchange rates against USD China - Renminbi - Monthly - End of period,2013-05,6.134784,A,,F
M,CN,CNY,E,0,6,A, Exchange rates against USD China - Renminbi - Monthly - End of period,2013-06,6.137615,A,,F
M,CN,CNY,E,0,6,A, Exchange rates against USD China - Renminbi - Monthly - End of period,2013-07,6.128889,A,,F
M,CN,CNY,E,0,6,A, Exchange rates against USD China - Renminbi - Monthly - End of period,2013-08,6.118549,A,,F
M,CN,CNY,E,0,6,A, Exchange rates against USD China - Renminbi - Monthly - End of period,2013-09,6.119585,A,,F
M,CN,CNY,E,0,6,A, Exchange rates against USD China - Renminbi - Monthly - End of period,2013-10,6.092589,A,,F
M,CN,CNY,E,0,6,A, Exchange rates against USD China - Renminbi - Monthly - End of period,2013-11,6.094776,A,,F
M,CN,CNY,E,0,6,A, Exchange rates against USD China - Renminbi - Monthly - End of period,2013-12,6.054021,A,,F
M,CN,CNY,E,0,6,A, Exchange rates against USD China - Renminbi - Monthly - End of period,2014-01,6.061187,A,,F
M,CN,CNY,E,0,6,A, Exchange rates against USD China - Renminbi - Monthly - End of period,2014-02,6.145081,A,,F
M,CN,CNY,E,0,6,A, Exchange rates against USD China - Renminbi - Monthly - End of period,2014-03,6.219466,A,,F
M,CN,CNY,E,0,6,A, Exchange rates against USD China - Renminbi - Monthly - End of period,2014-04,6.261083,A,,F
M,CN,CNY,E,0,6,A, Exchange rates against USD China - Renminbi - Monthly - End of period,2014-05,6.248622,A,,F
M,CN,CNY,E,0,6,A, Exchange rates against USD China - Renminbi - Monthly - End of period,2014-06,6.203104,A,,F
M,CN,CNY,E,0,6,A, Exchange rates against USD China - Renminbi - Monthly - End of period,2014-07,6.175424,A,,F
M,CN,CNY,E,0,6,A, Exchange rates against USD China - Renminbi - Monthly - End of period,2014-08,6.143312,A,,F
M,CN,CNY,E,0,6,A, Exchange rates against USD China - Renminbi - Monthly - End of period,2014-09,6.140189,A,,F
M,CN,CNY,E,0,6,A, Exchange rates against USD China - Renminbi - Monthly - End of period,2014-10,6.112983,A,,F
M,CN,CNY,E,0,6,A, Exchange rates against USD China - Renminbi - Monthly - End of period,2014-11,6.142193,A,,F
M,CN,CNY,E,0,6,A, Exchange rates against USD China - Renminbi - Monthly - End of period,2014-12,6.206902,A,,F
M,CN,CNY,E,0,6,A, Exchange rates against USD China - Renminbi - Monthly - End of period,2015-01,6.248474,A,,F
M,CN,CNY,E,0,6,A, Exchange rates against USD China - Renminbi - Monthly - End of period,2015-02,6.270907,A,,F
M,CN,CNY,E,0,6,A, Exchange rates against USD China - Renminbi - Monthly - End of period,2015-03,6.20039,A,,F
M,CN,CNY,E,0,6,A, Exchange rates against USD China - Renminbi - Monthly - End of period,2015-04,6.203121,A,,F
M,CN,CNY,E,0,6,A, Exchange rates against USD China - Renminbi - Monthly - End of period,2015-05,6.198177,A,,F
M,CN,CNY,E,0,6,A, Exchange rates against USD China - Renminbi - Monthly - End of period,2015-06,6.199482,A,,F
M,CN,CNY,E,0,6,A, Exchange rates against USD China - Renminbi - Monthly - End of period,2015-07,6.20972,A,,F
M,CN,CNY,E,0,6,A, Exchange rates against USD China - Renminbi - Monthly - End of period,2015-08,6.382434,A,,F
M,CN,CNY,E,0,6,A, Exchange rates against USD China - Renminbi - Monthly - End of period,2015-09,6.355976,A,,F
M,CN,CNY,E,0,6,A, Exchange rates against USD China - Renminbi - Monthly - End of period,2015-10,6.326858,A,,F
M,CN,CNY,E,0,6,A, Exchange rates against USD China - Renminbi - Monthly - End of period,2015-11,6.398431,A,,F
M,CN,CNY,E,0,6,A, Exchange rates against USD China - Renminbi - Monthly - End of period,2015-12,6.485533,A,,F
M,CN,CNY,E,0,6,A, Exchange rates against USD China - Renminbi - Monthly - End of period,2016-01,6.576007,A,,F
M,CN,CNY,E,0,6,A, Exchange rates against USD China - Renminbi - Monthly - End of period,2016-02,6.553178,A,,F
M,CN,CNY,E,0,6,A, Exchange rates against USD China - Renminbi - Monthly - End of period,2016-03,6.457093,A,,F
M,CN,CNY,E,0,6,A, Exchange rates against USD China - Renminbi - Monthly - End of period,2016-04,6.484522,A,,F
M,CN,CNY,E,0,6,A, Exchange rates against USD China - Renminbi - Monthly - End of period,2016-05,6.577282,A,,F
M,CN,CNY,E,0,6,A, Exchange rates against USD China - Renminbi - Monthly - End of period,2016-06,6.643398,A,,F
M,CN,CNY,E,0,6,A, Exchange rates against USD China - Renminbi - Monthly - End of period,2016-07,6.650589,A,,F
M,CN,CNY,E,0,6,A, Exchange rates against USD China - Renminbi - Monthly - End of period,2016-08,6.67544,A,,F
M,CN,CNY,E,0,6,A, Exchange rates against USD China - Renminbi - Monthly - End of period,2016-09,6.671714,A,,F
M,CN,CNY,E,0,6,A, Exchange rates against USD China - Renminbi - Monthly - End of period,2016-10,6.774712,A,,F
M,CN,CNY,E,0,6,A, Exchange rates against USD China - Renminbi - Monthly - End of period,2016-11,6.883404,A,,F
M,CN,CNY,E,0,6,A, Exchange rates against USD China - Renminbi - Monthly - End of period,2016-12,6.944502,A,,F
M,CN,CNY,E,0,6,A, Exchange rates against USD China - Renminbi - Monthly - End of period,2017-01,6.877731,A,,F
M,CN,CNY,E,0,6,A, Exchange rates against USD China - Renminbi - Monthly - End of period,2017-02,6.867982,A,,F
M,CN,CNY,E,0,6,A, Exchange rates against USD China - Renminbi - Monthly - End of period,2017-03,6.888224,A,,F
M,CN,CNY,E,0,6,A, Exchange rates against USD China - Renminbi - Monthly - End of period,2017-04,6.895425,A,,F
M,CN,CNY,E,0,6,A, Exchange rates against USD China - Renminbi - Monthly - End of period,2017-05,6.813029,A,,F
M,CN,CNY,E,0,6,A, Exchange rates against USD China - Renminbi - Monthly - End of period,2017-06,6.78102,A,,F
M,CN,CNY,E,0,6,A, Exchange rates against USD China - Renminbi - Monthly - End of period,2017-07,6.727722,A,,F
M,CN,CNY,E,0,6,A, Exchange rates against USD China - Renminbi - Monthly - End of period,2017-08,6.601184,A,,F
M,CN,CNY,E,0,6,A, Exchange rates against USD China - Renminbi - Monthly - End of period,2017-09,6.652041,A,,F
M,CN,CNY,E,0,6,A, Exchange rates against USD China - Renminbi - Monthly - End of period,2017-10,6.631466,A,,F
M,CN,CNY,E,0,6,A, Exchange rates against USD China - Renminbi - Monthly - End of period,2017-11,6.614651,A,,F
M,CN,CNY,E,0,6,A, Exchange rates against USD China - Renminbi - Monthly - End of period,2017-12,6.507463,A,,F
M,CN,CNY,E,0,6,A, Exchange rates against USD China - Renminbi - Monthly - End of period,2018-01,6.288834,A,,F
M,CN,CNY,E,0,6,A, Exchange rates against USD China - Renminbi - Monthly - End of period,2018-02,6.327575,A,,F
M,CN,CNY,E,0,6,A, Exchange rates against USD China - Renminbi - Monthly - End of period,2018-03,6.287477,A,,F
M,CN,CNY,E,0,6,A, Exchange rates against USD China - Renminbi - Monthly - End of period,2018-04,6.339432,A,,F
M,CN,CNY,E,0,6,A, Exchange rates against USD China - Renminbi - Monthly - End of period,2018-05,6.406616,A,,F
M,CN,CNY,E,0,6,A, Exchange rates against USD China - Renminbi - Monthly - End of period,2018-06,6.619489,A,,F
M,CN,CNY,E,0,6,A, Exchange rates against USD China - Renminbi - Monthly - End of period,2018-07,6.8318,A,,F
M,CN,CNY,E,0,6,A, Exchange rates against USD China - Renminbi - Monthly - End of period,2018-08,6.837525,A,,F
M,CN,CNY,E,0,6,A, Exchange rates against USD China - Renminbi - Monthly - End of period,2018-09,6.881652,A,,F
M,CN,CNY,E,0,6,A, Exchange rates against USD China - Renminbi - Monthly - End of period,2018-10,6.974289,A,,F
M,CN,CNY,E,0,6,A, Exchange rates against USD China - Renminbi - Monthly - End of period,2018-11,6.94577,A,,F
M,CN,CNY,E,0,6,A, Exchange rates against USD China - Renminbi - Monthly - End of period,2018-12,6.877817,A,,F
M,CN,CNY,E,0,6,A, Exchange rates against USD China - Renminbi - Monthly - End of period,2019-01,6.703517,A,,F
M,CN,CNY,E,0,6,A, Exchange rates against USD China - Renminbi - Monthly - End of period,2019-02,6.68439,A,,F
M,CN,CNY,E,0,6,A, Exchange rates against USD China - Renminbi - Monthly - End of period,2019-03,6.710903,A,,F
M,CN,CNY,E,0,6,A, Exchange rates against USD China - Renminbi - Monthly - End of period,2019-04,6.73391,A,,F
M,CN,CNY,E,0,6,A, Exchange rates against USD China - Renminbi - Monthly - End of period,2019-05,6.909246,A,,F
M,CN,CNY,E,0,6,A, Exchange rates against USD China - Renminbi - Monthly - End of period,2019-06,6.870387,A,,F
M,CN,CNY,E,0,6,A, Exchange rates against USD China - Renminbi - Monthly - End of period,2019-07,6.882163,A,,F
M,CN,CNY,E,0,6,A, Exchange rates against USD China - Renminbi - Monthly - End of period,2019-08,7.150054,A,,F
M,CN,CNY,E,0,6,A, Exchange rates against USD China - Renminbi - Monthly - End of period,2019-09,7.143356,A,,F
M,CN,CNY,E,0,6,A, Exchange rates against USD China - Renminbi - Monthly - End of period,2019-10,7.04142,A,,F
M,CN,CNY,E,0,6,A, Exchange rates against USD China - Renminbi - Monthly - End of period,2019-11,7.027135,A,,F
M,CN,CNY,E,0,6,A, Exchange rates against USD China - Renminbi - Monthly - End of period,2019-12,6.961456,A,,F
M,CN,CNY,E,0,6,A, Exchange rates against USD China - Renminbi - Monthly - End of period,2020-01,6.936663,A,,F
M,CN,CNY,E,0,6,A, Exchange rates against USD China - Renminbi - Monthly - End of period,2020-02,6.983875,A,,F
M,CN,CNY,E,0,6,A, Exchange rates against USD China - Renminbi - Monthly - End of period,2020-03,7.099671,A,,F
M,CN,CNY,E,0,6,A, Exchange rates against USD China - Renminbi - Monthly - End of period,2020-04,7.049007,A,,F
M,CN,CNY,E,0,6,A, Exchange rates against USD China - Renminbi - Monthly - End of period,2020-05,7.135057,A,,F
M,CN,CNY,E,0,6,A, Exchange rates against USD China - Renminbi - Monthly - End of period,2020-06,7.074388,A,,F
M,CN,CNY,E,0,6,A, Exchange rates against USD China - Renminbi - Monthly - End of period,2020-07,6.974764,A,,F
M,CN,CNY,E,0,6,A, Exchange rates against USD China - Renminbi - Monthly - End of period,2020-08,6.843467,A,,F
M,CN,CNY,E,0,6,A, Exchange rates against USD China - Renminbi - Monthly - End of period,2020-09,6.809019,A,,F
M,CN,CNY,E,0,6,A, Exchange rates against USD China - Renminbi - Monthly - End of period,2020-10,6.681313,A,,F
M,CN,CNY,E,0,6,A, Exchange rates against USD China - Renminbi - Monthly - End of period,2020-11,6.577462,A,,F
M,CN,CNY,E,0,6,A, Exchange rates against USD China - Renminbi - Monthly - End of period,2020-12,6.537772,A,,F
M,CN,CNY,E,0,6,A, Exchange rates against USD China - Renminbi - Monthly - End of period,2021-01,6.431032,A,,F
M,CN,CNY,E,0,6,A, Exchange rates against USD China - Renminbi - Monthly - End of period,2021-02,6.466876,A,,F
M,CN,CNY,E,0,6,A, Exchange rates against USD China - Renminbi - Monthly - End of period,2021-03,6.55113,A,,F
M,CN,CNY,E,0,6,A, Exchange rates against USD China - Renminbi - Monthly - End of period,2021-04,6.466976,A,,F
M,CN,CNY,E,0,6,A, Exchange rates against USD China - Renminbi - Monthly - End of period,2021-05,6.370134,A,,F
M,CN,CNY,E,0,6,A, Exchange rates against USD China - Renminbi - Monthly - End of period,2021-06,6.45759,A,,F
M,CN,CNY,E,0,6,A, Exchange rates against USD China - Renminbi - Monthly - End of period,2021-07,6.461862,A,,F
M,CN,CNY,E,0,6,A, Exchange rates against USD China - Renminbi - Monthly - End of period,2021-08,6.461467,A,,F
M,CN,CNY,E,0,6,A, Exchange rates against USD China - Renminbi - Monthly - End of period,2021-09,6.46403,A,,F
M,CN,CNY,E,0,6,A, Exchange rates against USD China - Renminbi - Monthly - End of period,2021-10,6.396565,A,,F
M,CN,CNY,E,0,6,A, Exchange rates against USD China - Renminbi - Monthly - End of period,2021-11,6.371117,A,,F
M,CN,CNY,E,0,6,A, Exchange rates against USD China - Renminbi - Monthly - End of period,2021-12,6.352375,A,,F
M,CN,CNY,E,0,6,A, Exchange rates against USD China - Renminbi - Monthly - End of period,2022-01,6.360972,A,,F
M,CN,CNY,E,0,6,A, Exchange rates against USD China - Renminbi - Monthly - End of period,2022-02,6.310385,A,,F
M,CN,CNY,E,0,6,A, Exchange rates against USD China - Renminbi - Monthly - End of period,2022-03,6.342041,A,,F
M,CN,CNY,E,0,6,A, Exchange rates against USD China - Renminbi - Monthly - End of period,2022-04,6.58833,A,,F
M,CN,CNY,E,0,6,A, Exchange rates against USD China - Renminbi - Monthly - End of period,2022-05,6.664986,A,,F
M,CN,CNY,E,0,6,A, Exchange rates against USD China - Renminbi - Monthly - End of period,2022-06,6.702994,A,,F
M,CN,CNY,E,0,6,A, Exchange rates against USD China - Renminbi - Monthly - End of period,2022-07,6.737105,A,,F
M,CN,CNY,E,0,6,A, Exchange rates against USD China - Renminbi - Monthly - End of period,2022-08,6.8947,A,,F
M,CN,CNY,E,0,6,A, Exchange rates against USD China - Renminbi - Monthly - End of period,2022-09,7.116126,A,,F
M,CN,CNY,E,0,6,A, Exchange rates against USD China - Renminbi - Monthly - End of period,2022-10,7.300787,A,,F
M,CN,CNY,E,0,6,A, Exchange rates against USD China - Renminbi - Monthly - End of period,2022-11,7.077583,A,,F
M,CN,CNY,E,0,6,A, Exchange rates against USD China - Renminbi - Monthly - End of period,2022-12,6.898744,A,,F
M,CN,CNY,E,0,6,A, Exchange rates against USD China - Renminbi - Monthly - End of period,2023-01,6.756946,A,,F
M,CN,CNY,E,0,6,A, Exchange rates against USD China - Renminbi - Monthly - End of period,2023-02,6.936906,A,,F
M,CN,CNY,E,0,6,A, Exchange rates against USD China - Renminbi - Monthly - End of period,2023-03,6.874759,A,,F
M,CN,CNY,E,0,6,A, Exchange rates against USD China - Renminbi - Monthly - End of period,2023-04,6.919133,A,,F
M,CN,CNY,E,0,6,A, Exchange rates against USD China - Renminbi - Monthly - End of period,2023-05,7.10718,A,,F
M,CN,CNY,E,0,6,A, Exchange rates against USD China - Renminbi - Monthly - End of period,2023-06,7.26882,A,,F
M,CN,CNY,E,0,6,A, Exchange rates against USD China - Renminbi - Monthly - End of period,2023-07,7.149415,A,,F
M,CN,CNY,E,0,6,A, Exchange rates against USD China - Renminbi - Monthly - End of period,2023-08,7.287081,A,,F
M,CN,CNY,E,0,6,A, Exchange rates against USD China - Renminbi - Monthly - End of period,2023-09,7.301491,A,,F
M,CN,CNY,E,0,6,A, Exchange rates against USD China - Renminbi - Monthly - End of period,2023-10,7.315755,A,,F
M,CN,CNY,E,0,6,A, Exchange rates against USD China - Renminbi - Monthly - End of period,2023-11,7.136401,A,,F
M,CN,CNY,E,0,6,A, Exchange rates against USD China - Renminbi - Monthly - End of period,2023-12,7.104887,A,,F
M,CN,CNY,E,0,6,A, Exchange rates against USD China - Renminbi - Monthly - End of period,2024-01,7.178094,A,,F
M,CN,CNY,E,0,6,A, Exchange rates against USD China - Renminbi - Monthly - End of period,2024-02,7.194532,A,,F
M,CN,CNY,E,0,6,A, Exchange rates against USD China - Renminbi - Monthly - End of period,2024-03,7.228194,A,,F
M,CN,CNY,E,0,6,A, Exchange rates against USD China - Renminbi - Monthly - End of period,2024-04,7.240996,A,,F
M,CN,CNY,E,0,6,A, Exchange rates against USD China - Renminbi - Monthly - End of period,2024-05,7.240785,A,,F
M,CN,CNY,E,0,6,A, Exchange rates against USD China - Renminbi - Monthly - End of period,2024-06,7.262774,A,,F
M,CN,CNY,E,0,6,A, Exchange rates against USD China - Renminbi - Monthly - End of period,2024-07,7.221463,A,,F
M,CN,CNY,E,0,6,A, Exchange rates against USD China - Renminbi - Monthly - End of period,2024-08,7.088031,A,,F
M,CN,CNY,E,0,6,A, Exchange rates against USD China - Renminbi - Monthly - End of period,2024-09,7.012415,A,,F
M,CN,CNY,E,0,6,A, Exchange rates against USD China - Renminbi - Monthly - End of period,2024-10,7.115971,A,,F
M,CN,CNY,E,0,6,A, Exchange rates against USD China - Renminbi - Monthly - End of period,2024-11,7.241432,A,,F
M,CN,CNY,E,0,6,A, Exchange rates against USD China - Renminbi - Monthly - End of period,2024-12,7.299355,A,,F
M,CN,CNY,E,0,6,A, Exchange rates against USD China - Renminbi - Monthly - End of period,2025-01,7.251323,A,,F
M,CN,CNY,E,0,6,A, Exchange rates against USD China - Renminbi - Monthly - End of period,2025-02,7.279032,A,,F
M,CN,CNY,E,0,6,A, Exchange rates against USD China - Renminbi - Monthly - End of period,2025-03,7.253074,A,,F
M,CN,CNY,E,0,6,A, Exchange rates against USD China - Renminbi - Monthly - End of period,2025-04,7.265893,A,,F
M,CN,CNY,E,0,6,A, Exchange rates against USD China - Renminbi - Monthly - End of period,2025-05,7.194285,A,,F
M,CN,CNY,E,0,6,A, Exchange rates against USD China - Renminbi - Monthly - End of period,2025-06,7.164676,A,,F
M,CN,CNY,E,0,6,A, Exchange rates against USD China - Renminbi - Monthly - End of period,2025-07,7.194653,A,,F
M,CN,CNY,E,0,6,A, Exchange rates against USD China - Renminbi - Monthly - End of period,2025-08,7.13287,A,,F
M,CN,CNY,E,0,6,A, Exchange rates against USD China - Renminbi - Monthly - End of period,2025-09,7.119581,A,,F
M,CN,CNY,E,0,6,A, Exchange rates against USD China - Renminbi - Monthly - End of period,2025-10,7.11615,A,,F
M,CN,CNY,E,0,6,A, Exchange rates against USD China - Renminbi - Monthly - End of period,2025-11,7.075566,A,,F
M,CN,CNY,E,0,6,A, Exchange rates against USD China - Renminbi - Monthly - End of period,2025-12,7.001021,A,,F
M,CN,CNY,E,0,6,A, Exchange rates against USD China - Renminbi - Monthly - End of period,2026-01,6.949744,A,,F
M,CN,CNY,E,0,6,A, Exchange rates against USD China - Renminbi - Monthly - End of period,2026-02,6.858196,A,,F
M,CN,CNY,E,0,6,A, Exchange rates against USD China - Renminbi - Monthly - End of period,2026-03,6.900417,A,,F
M,CN,CNY,E,0,6,A, Exchange rates against USD China - Renminbi - Monthly - End of period,2026-04,6.828747,A,,F
M,CN,CNY,E,0,6,A, Exchange rates against USD China - Renminbi - Monthly - End of period,2026-05,6.766833,A,,F
M,CN,CNY,E,0,6,A, Exchange rates against USD China - Renminbi - Monthly - End of period,2026-06,6.785501,A,,F
M,CN,CNY,E,0,6,A, Exchange rates against USD China - Renminbi - Monthly - End of period,2026-07,6.751328,A,,F
M,CN,CNY,E,0,6,A, Exchange rates against USD China - Renminbi - Monthly - End of period,2026-08,6.719731,A,,F
M,AU,AUD,E,0,6,A, Exchange rates against USD Australia - Australian dollar - Monthly - End of period,1957-01,0.892857,A,,F
M,AU,AUD,E,0,6,A, Exchange rates against USD Australia - Australian dollar - Monthly - End of period,1957-02,0.892857,A,,F
M,AU,AUD,E,0,6,A, Exchange rates against USD Australia - Australian dollar - Monthly - End of period,1957-03,0.892857,A,,F
M,AU,AUD,E,0,6,A, Exchange rates against USD Australia - Australian dollar - Monthly - End of period,1957-04,0.892857,A,,F
M,AU,AUD,E,0,6,A, Exchange rates against USD Australia - Australian dollar - Monthly - End of period,1957-05,0.892857,A,,F
M,AU,AUD,E,0,6,A, Exchange rates against USD Australia - Australian dollar - Monthly - End of period,1957-06,0.892857,A,,F
M,AU,AUD,E,0,6,A, Exchange rates against USD Australia - Australian dollar - Monthly - End of period,1957-07,0.892857,A,,F
M,AU,AUD,E,0,6,A, Exchange rates against USD Australia - Australian dollar - Monthly - End of period,1957-08,0.892857,A,,F
M,AU,AUD,E,0,6,A, Exchange rates against USD Australia - Australian dollar - Monthly - End of period,1957-09,0.892857,A,,F
M,AU,AUD,E,0,6,A, Exchange rates against USD Australia - Australian dollar - Monthly - End of period,1957-10,0.892857,A,,F
M,AU,AUD,E,0,6,A, Exchange rates against USD Australia - Australian dollar - Monthly - End of period,1957-11,0.892857,A,,F
M,AU,AUD,E,0,6,A, Exchange rates against USD Australia - Australian dollar - Monthly - End of period,1957-12,0.892857,A,,F
M,AU,AUD,E,0,6,A, Exchange rates against USD Australia - Australian dollar - Monthly - End of period,1958-01,0.892857,A,,F
M,AU,AUD,E,0,6,A, Exchange rates against USD Australia - Australian dollar - Monthly - End of period,1958-02,0.892857,A,,F
M,AU,AUD,E,0,6,A, Exchange rates against USD Australia - Australian dollar - Monthly - End of period,1958-03,0.892857,A,,F
M,AU,AUD,E,0,6,A, Exchange rates against USD Australia - Australian dollar - Monthly - End of period,1958-04,0.892857,A,,F
M,AU,AUD,E,0,6,A, Exchange rates against USD Australia - Australian dollar - Monthly - End of period,1958-05,0.892857,A,,F
M,AU,AUD,E,0,6,A, Exchange rates against USD Australia - Australian dollar - Monthly - End of period,1958-06,0.892857,A,,F
M,AU,AUD,E,0,6,A, Exchange rates against USD Australia - Australian dollar - Monthly - End of period,1958-07,0.892857,A,,F
M,AU,AUD,E,0,6,A, Exchange rates against USD Australia - Australian dollar - Monthly - End of period,1958-08,0.892857,A,,F
M,AU,AUD,E,0,6,A, Exchange rates against USD Australia - Australian dollar - Monthly - End of period,1958-09,0.892857,A,,F
M,AU,AUD,E,0,6,A, Exchange rates against USD Australia - Australian dollar - Monthly - End of period,1958-10,0.892857,A,,F
M,AU,AUD,E,0,6,A, Exchange rates against USD Australia - Australian dollar - Monthly - End of period,1958-11,0.892857,A,,F
M,AU,AUD,E,0,6,A, Exchange rates against USD Australia - Australian dollar - Monthly - End of period,1958-12,0.892857,A,,F
M,AU,AUD,E,0,6,A, Exchange rates against USD Australia - Australian dollar - Monthly - End of period,1959-01,0.892857,A,,F
M,AU,AUD,E,0,6,A, Exchange rates against USD Australia - Australian dollar - Monthly - End of period,1959-02,0.892857,A,,F
M,AU,AUD,E,0,6,A, Exchange rates against USD Australia - Australian dollar - Monthly - End of period,1959-03,0.892857,A,,F
M,AU,AUD,E,0,6,A, Exchange rates against USD Australia - Australian dollar - Monthly - End of period,1959-04,0.892857,A,,F
M,AU,AUD,E,0,6,A, Exchange rates against USD Australia - Australian dollar - Monthly - End of period,1959-05,0.892857,A,,F
M,AU,AUD,E,0,6,A, Exchange rates against USD Australia - Australian dollar - Monthly - End of period,1959-06,0.892857,A,,F
M,AU,AUD,E,0,6,A, Exchange rates against USD Australia - Australian dollar - Monthly - End of period,1959-07,0.892857,A,,F
M,AU,AUD,E,0,6,A, Exchange rates against USD Australia - Australian dollar - Monthly - End of period,1959-08,0.892857,A,,F
M,AU,AUD,E,0,6,A, Exchange rates against USD Australia - Australian dollar - Monthly - End of period,1959-09,0.892857,A,,F
M,AU,AUD,E,0,6,A, Exchange rates against USD Australia - Australian dollar - Monthly - End of period,1959-10,0.892857,A,,F
M,AU,AUD,E,0,6,A, Exchange rates against USD Australia - Australian dollar - Monthly - End of period,1959-11,0.892857,A,,F
M,AU,AUD,E,0,6,A, Exchange rates against USD Australia - Australian dollar - Monthly - End of period,1959-12,0.892857,A,,F
M,AU,AUD,E,0,6,A, Exchange rates against USD Australia - Australian dollar - Monthly - End of period,1960-01,0.892857,A,,F
M,AU,AUD,E,0,6,A, Exchange rates against USD Australia - Australian dollar - Monthly - End of period,1960-02,0.892857,A,,F
M,AU,AUD,E,0,6,A, Exchange rates against USD Australia - Australian dollar - Monthly - End of period,1960-03,0.892857,A,,F
M,AU,AUD,E,0,6,A, Exchange rates against USD Australia - Australian dollar - Monthly - End of period,1960-04,0.892857,A,,F
M,AU,AUD,E,0,6,A, Exchange rates against USD Australia - Australian dollar - Monthly - End of period,1960-05,0.892857,A,,F
M,AU,AUD,E,0,6,A, Exchange rates against USD Australia - Australian dollar - Monthly - End of period,1960-06,0.892857,A,,F
M,AU,AUD,E,0,6,A, Exchange rates against USD Australia - Australian dollar - Monthly - End of period,1960-07,0.892857,A,,F
M,AU,AUD,E,0,6,A, Exchange rates against USD Australia - Australian dollar - Monthly - End of period,1960-08,0.892857,A,,F
M,AU,AUD,E,0,6,A, Exchange rates against USD Australia - Australian dollar - Monthly - End of period,1960-09,0.892857,A,,F
M,AU,AUD,E,0,6,A, Exchange rates against USD Australia - Australian dollar - Monthly - End of period,1960-10,0.892857,A,,F
M,AU,AUD,E,0,6,A, Exchange rates against USD Australia - Australian dollar - Monthly - End of period,1960-11,0.892857,A,,F
M,AU,AUD,E,0,6,A, Exchange rates against USD Australia - Australian dollar - Monthly - End of period,1960-12,0.892857,A,,F
M,AU,AUD,E,0,6,A, Exchange rates against USD Australia - Australian dollar - Monthly - End of period,1961-01,0.892857,A,,F
M,AU,AUD,E,0,6,A, Exchange rates against USD Australia - Australian dollar - Monthly - End of period,1961-02,0.892857,A,,F
M,AU,AUD,E,0,6,A, Exchange rates against USD Australia - Australian dollar - Monthly - End of period,1961-03,0.892857,A,,F
M,AU,AUD,E,0,6,A, Exchange rates against USD Australia - Australian dollar - Monthly - End of period,1961-04,0.892857,A,,F
M,AU,AUD,E,0,6,A, Exchange rates against USD Australia - Australian dollar - Monthly - End of period,1961-05,0.892857,A,,F
M,AU,AUD,E,0,6,A, Exchange rates against USD Australia - Australian dollar - Monthly - End of period,1961-06,0.892857,A,,F
M,AU,AUD,E,0,6,A, Exchange rates against USD Australia - Australian dollar - Monthly - End of period,1961-07,0.892857,A,,F
M,AU,AUD,E,0,6,A, Exchange rates against USD Australia - Australian dollar - Monthly - End of period,1961-08,0.892857,A,,F
M,AU,AUD,E,0,6,A, Exchange rates against USD Australia - Australian dollar - Monthly - End of period,1961-09,0.892857,A,,F
M,AU,AUD,E,0,6,A, Exchange rates against USD Australia - Australian dollar - Monthly - End of period,1961-10,0.890076,A,,F
M,AU,AUD,E,0,6,A, Exchange rates against USD Australia - Australian dollar - Monthly - End of period,1961-11,0.890076,A,,F
M,AU,AUD,E,0,6,A, Exchange rates against USD Australia - Australian dollar - Monthly - End of period,1961-12,0.892459,A,,F
M,AU,AUD,E,0,6,A, Exchange rates against USD Australia - Australian dollar - Monthly - End of period,1962-01,0.890869,A,,F
M,AU,AUD,E,0,6,A, Exchange rates against USD Australia - Australian dollar - Monthly - End of period,1962-02,0.890076,A,,F
M,AU,AUD,E,0,6,A, Exchange rates against USD Australia - Australian dollar - Monthly - End of period,1962-03,0.890076,A,,F
M,AU,AUD,E,0,6,A, Exchange rates against USD Australia - Australian dollar - Monthly - End of period,1962-04,0.890869,A,,F
M,AU,AUD,E,0,6,A, Exchange rates against USD Australia - Australian dollar - Monthly - End of period,1962-05,0.891663,A,,F
M,AU,AUD,E,0,6,A, Exchange rates against USD Australia - Australian dollar - Monthly - End of period,1962-06,0.892061,A,,F
M,AU,AUD,E,0,6,A, Exchange rates against USD Australia - Australian dollar - Monthly - End of period,1962-07,0.893256,A,,F
M,AU,AUD,E,0,6,A, Exchange rates against USD Australia - Australian dollar - Monthly - End of period,1962-08,0.894055,A,,F
M,AU,AUD,E,0,6,A, Exchange rates against USD Australia - Australian dollar - Monthly - End of period,1962-09,0.894454,A,,F
M,AU,AUD,E,0,6,A, Exchange rates against USD Australia - Australian dollar - Monthly - End of period,1962-10,0.894454,A,,F
M,AU,AUD,E,0,6,A, Exchange rates against USD Australia - Australian dollar - Monthly - End of period,1962-11,0.893655,A,,F
M,AU,AUD,E,0,6,A, Exchange rates against USD Australia - Australian dollar - Monthly - End of period,1962-12,0.894055,A,,F
M,AU,AUD,E,0,6,A, Exchange rates against USD Australia - Australian dollar - Monthly - End of period,1963-01,0.893655,A,,F
M,AU,AUD,E,0,6,A, Exchange rates against USD Australia - Australian dollar - Monthly - End of period,1963-02,0.894055,A,,F
M,AU,AUD,E,0,6,A, Exchange rates against USD Australia - Australian dollar - Monthly - End of period,1963-03,0.894454,A,,F
M,AU,AUD,E,0,6,A, Exchange rates against USD Australia - Australian dollar - Monthly - End of period,1963-04,0.894855,A,,F
M,AU,AUD,E,0,6,A, Exchange rates against USD Australia - Australian dollar - Monthly - End of period,1963-05,0.894855,A,,F
M,AU,AUD,E,0,6,A, Exchange rates against USD Australia - Australian dollar - Monthly - End of period,1963-06,0.894454,A,,F
M,AU,AUD,E,0,6,A, Exchange rates against USD Australia - Australian dollar - Monthly - End of period,1963-07,0.894855,A,,F
M,AU,AUD,E,0,6,A, Exchange rates against USD Australia - Australian dollar - Monthly - End of period,1963-08,0.895255,A,,F
M,AU,AUD,E,0,6,A, Exchange rates against USD Australia - Australian dollar - Monthly - End of period,1963-09,0.896459,A,,F
M,AU,AUD,E,0,6,A, Exchange rates against USD Australia - Australian dollar - Monthly - End of period,1963-10,0.895255,A,,F
M,AU,AUD,E,0,6,A, Exchange rates against USD Australia - Australian dollar - Monthly - End of period,1963-11,0.895656,A,,F
M,AU,AUD,E,0,6,A, Exchange rates against USD Australia - Australian dollar - Monthly - End of period,1963-12,0.896057,A,,F
M,AU,AUD,E,0,6,A, Exchange rates against USD Australia - Australian dollar - Monthly - End of period,1964-01,0.895255,A,,F
M,AU,AUD,E,0,6,A, Exchange rates against USD Australia - Australian dollar - Monthly - End of period,1964-02,0.895255,A,,F
M,AU,AUD,E,0,6,A, Exchange rates against USD Australia - Australian dollar - Monthly - End of period,1964-03,0.895255,A,,F
M,AU,AUD,E,0,6,A, Exchange rates against USD Australia - Australian dollar - Monthly - End of period,1964-04,0.894855,A,,F
M,AU,AUD,E,0,6,A, Exchange rates against USD Australia - Australian dollar - Monthly - End of period,1964-05,0.895255,A,,F
M,AU,AUD,E,0,6,A, Exchange rates against USD Australia - Australian dollar - Monthly - End of period,1964-06,0.897666,A,,F
M,AU,AUD,E,0,6,A, Exchange rates against USD Australia - Australian dollar - Monthly - End of period,1964-07,0.898473,A,,F
M,AU,AUD,E,0,6,A, Exchange rates against USD Australia - Australian dollar - Monthly - End of period,1964-08,0.90009,A,,F
M,AU,AUD,E,0,6,A, Exchange rates against USD Australia - Australian dollar - Monthly - End of period,1964-09,0.90009,A,,F
M,AU,AUD,E,0,6,A, Exchange rates against USD Australia - Australian dollar - Monthly - End of period,1964-10,0.899685,A,,F
M,AU,AUD,E,0,6,A, Exchange rates against USD Australia - Australian dollar - Monthly - End of period,1964-11,0.897666,A,,F
M,AU,AUD,E,0,6,A, Exchange rates against USD Australia - Australian dollar - Monthly - End of period,1964-12,0.897666,A,,F
M,AU,AUD,E,0,6,A, Exchange rates against USD Australia - Australian dollar - Monthly - End of period,1965-01,0.897263,A,,F
M,AU,AUD,E,0,6,A, Exchange rates against USD Australia - Australian dollar - Monthly - End of period,1965-02,0.896057,A,,F
M,AU,AUD,E,0,6,A, Exchange rates against USD Australia - Australian dollar - Monthly - End of period,1965-03,0.897263,A,,F
M,AU,AUD,E,0,6,A, Exchange rates against USD Australia - Australian dollar - Monthly - End of period,1965-04,0.894855,A,,F
M,AU,AUD,E,0,6,A, Exchange rates against USD Australia - Australian dollar - Monthly - End of period,1965-05,0.897263,A,,F
M,AU,AUD,E,0,6,A, Exchange rates against USD Australia - Australian dollar - Monthly - End of period,1965-06,0.897666,A,,F
M,AU,AUD,E,0,6,A, Exchange rates against USD Australia - Australian dollar - Monthly - End of period,1965-07,0.897263,A,,F
M,AU,AUD,E,0,6,A, Exchange rates against USD Australia - Australian dollar - Monthly - End of period,1965-08,0.897666,A,,F
M,AU,AUD,E,0,6,A, Exchange rates against USD Australia - Australian dollar - Monthly - End of period,1965-09,0.894454,A,,F
M,AU,AUD,E,0,6,A, Exchange rates against USD Australia - Australian dollar - Monthly - End of period,1965-10,0.893655,A,,F
M,AU,AUD,E,0,6,A, Exchange rates against USD Australia - Australian dollar - Monthly - End of period,1965-11,0.893655,A,,F
M,AU,AUD,E,0,6,A, Exchange rates against USD Australia - Australian dollar - Monthly - End of period,1965-12,0.894055,A,,F
M,AU,AUD,E,0,6,A, Exchange rates against USD Australia - Australian dollar - Monthly - End of period,1966-01,0.893655,A,,F
M,AU,AUD,E,0,6,A, Exchange rates against USD Australia - Australian dollar - Monthly - End of period,1966-02,0.894454,A,,F
M,AU,AUD,E,0,6,A, Exchange rates against USD Australia - Australian dollar - Monthly - End of period,1966-03,0.896861,A,,F
M,AU,AUD,E,0,6,A, Exchange rates against USD Australia - Australian dollar - Monthly - End of period,1966-04,0.896861,A,,F
M,AU,AUD,E,0,6,A, Exchange rates against USD Australia - Australian dollar - Monthly - End of period,1966-05,0.897666,A,,F
M,AU,AUD,E,0,6,A, Exchange rates against USD Australia - Australian dollar - Monthly - End of period,1966-06,0.897666,A,,F
M,AU,AUD,E,0,6,A, Exchange rates against USD Australia - Australian dollar - Monthly - End of period,1966-07,0.897666,A,,F
M,AU,AUD,E,0,6,A, Exchange rates against USD Australia - Australian dollar - Monthly - End of period,1966-08,0.898473,A,,F
M,AU,AUD,E,0,6,A, Exchange rates against USD Australia - Australian dollar - Monthly - End of period,1966-09,0.897666,A,,F
M,AU,AUD,E,0,6,A, Exchange rates against USD Australia - Australian dollar - Monthly - End of period,1966-10,0.897666,A,,F
M,AU,AUD,E,0,6,A, Exchange rates against USD Australia - Australian dollar - Monthly - End of period,1966-11,0.898473,A,,F
M,AU,AUD,E,0,6,A, Exchange rates against USD Australia - Australian dollar - Monthly - End of period,1966-12,0.897666,A,,F
M,AU,AUD,E,0,6,A, Exchange rates against USD Australia - Australian dollar - Monthly - End of period,1967-01,0.896861,A,,F
M,AU,AUD,E,0,6,A, Exchange rates against USD Australia - Australian dollar - Monthly - End of period,1967-02,0.896861,A,,F
M,AU,AUD,E,0,6,A, Exchange rates against USD Australia - Australian dollar - Monthly - End of period,1967-03,0.896057,A,,F
M,AU,AUD,E,0,6,A, Exchange rates against USD Australia - Australian dollar - Monthly - End of period,1967-04,0.895255,A,,F
M,AU,AUD,E,0,6,A, Exchange rates against USD Australia - Australian dollar - Monthly - End of period,1967-05,0.896861,A,,F
M,AU,AUD,E,0,6,A, Exchange rates against USD Australia - Australian dollar - Monthly - End of period,1967-06,0.897666,A,,F
M,AU,AUD,E,0,6,A, Exchange rates against USD Australia - Australian dollar - Monthly - End of period,1967-07,0.899281,A,,F
M,AU,AUD,E,0,6,A, Exchange rates against USD Australia - Australian dollar - Monthly - End of period,1967-08,0.899281,A,,F
M,AU,AUD,E,0,6,A, Exchange rates against USD Australia - Australian dollar - Monthly - End of period,1967-09,0.90009,A,,F
M,AU,AUD,E,0,6,A, Exchange rates against USD Australia - Australian dollar - Monthly - End of period,1967-10,0.90009,A,,F
M,AU,AUD,E,0,6,A, Exchange rates against USD Australia - Australian dollar - Monthly - End of period,1967-11,0.887311,A,,F
M,AU,AUD,E,0,6,A, Exchange rates against USD Australia - Australian dollar - Monthly - End of period,1967-12,0.892061,A,,F
M,AU,AUD,E,0,6,A, Exchange rates against USD Australia - Australian dollar - Monthly - End of period,1968-01,0.890472,A,,F
M,AU,AUD,E,0,6,A, Exchange rates against USD Australia - Australian dollar - Monthly - End of period,1968-02,0.892857,A,,F
M,AU,AUD,E,0,6,A, Exchange rates against USD Australia - Australian dollar - Monthly - End of period,1968-03,0.895255,A,,F
M,AU,AUD,E,0,6,A, Exchange rates against USD Australia - Australian dollar - Monthly - End of period,1968-04,0.896057,A,,F
M,AU,AUD,E,0,6,A, Exchange rates against USD Australia - Australian dollar - Monthly - End of period,1968-05,0.900901,A,,F
M,AU,AUD,E,0,6,A, Exchange rates against USD Australia - Australian dollar - Monthly - End of period,1968-06,0.900901,A,,F
M,AU,AUD,E,0,6,A, Exchange rates against USD Australia - Australian dollar - Monthly - End of period,1968-07,0.896861,A,,F
M,AU,AUD,E,0,6,A, Exchange rates against USD Australia - Australian dollar - Monthly - End of period,1968-08,0.900901,A,,F
M,AU,AUD,E,0,6,A, Exchange rates against USD Australia - Australian dollar - Monthly - End of period,1968-09,0.898473,A,,F
M,AU,AUD,E,0,6,A, Exchange rates against USD Australia - Australian dollar - Monthly - End of period,1968-10,0.898473,A,,F
M,AU,AUD,E,0,6,A, Exchange rates against USD Australia - Australian dollar - Monthly - End of period,1968-11,0.90009,A,,F
M,AU,AUD,E,0,6,A, Exchange rates against USD Australia - Australian dollar - Monthly - End of period,1968-12,0.900901,A,,F
M,AU,AUD,E,0,6,A, Exchange rates against USD Australia - Australian dollar - Monthly - End of period,1969-01,0.898473,A,,F
M,AU,AUD,E,0,6,A, Exchange rates against USD Australia - Australian dollar - Monthly - End of period,1969-02,0.897666,A,,F
M,AU,AUD,E,0,6,A, Exchange rates against USD Australia - Australian dollar - Monthly - End of period,1969-03,0.897666,A,,F
M,AU,AUD,E,0,6,A, Exchange rates against USD Australia - Australian dollar - Monthly - End of period,1969-04,0.899281,A,,F
M,AU,AUD,E,0,6,A, Exchange rates against USD Australia - Australian dollar - Monthly - End of period,1969-05,0.898473,A,,F
M,AU,AUD,E,0,6,A, Exchange rates against USD Australia - Australian dollar - Monthly - End of period,1969-06,0.898473,A,,F
M,AU,AUD,E,0,6,A, Exchange rates against USD Australia - Australian dollar - Monthly - End of period,1969-07,0.897666,A,,F
M,AU,AUD,E,0,6,A, Exchange rates against USD Australia - Australian dollar - Monthly - End of period,1969-08,0.901713,A,,F
M,AU,AUD,E,0,6,A, Exchange rates against USD Australia - Australian dollar - Monthly - End of period,1969-09,0.901713,A,,F
M,AU,AUD,E,0,6,A, Exchange rates against USD Australia - Australian dollar - Monthly - End of period,1969-10,0.896057,A,,F
M,AU,AUD,E,0,6,A, Exchange rates against USD Australia - Australian dollar - Monthly - End of period,1969-11,0.896057,A,,F
M,AU,AUD,E,0,6,A, Exchange rates against USD Australia - Australian dollar - Monthly - End of period,1969-12,0.894454,A,,F
M,AU,AUD,E,0,6,A, Exchange rates against USD Australia - Australian dollar - Monthly - End of period,1970-01,0.894454,A,,F
M,AU,AUD,E,0,6,A, Exchange rates against USD Australia - Australian dollar - Monthly - End of period,1970-02,0.892061,A,,F
M,AU,AUD,E,0,6,A, Exchange rates against USD Australia - Australian dollar - Monthly - End of period,1970-03,0.892061,A,,F
M,AU,AUD,E,0,6,A, Exchange rates against USD Australia - Australian dollar - Monthly - End of period,1970-04,0.892061,A,,F
M,AU,AUD,E,0,6,A, Exchange rates against USD Australia - Australian dollar - Monthly - End of period,1970-05,0.893655,A,,F
M,AU,AUD,E,0,6,A, Exchange rates against USD Australia - Australian dollar - Monthly - End of period,1970-06,0.896057,A,,F
M,AU,AUD,E,0,6,A, Exchange rates against USD Australia - Australian dollar - Monthly - End of period,1970-07,0.898473,A,,F
M,AU,AUD,E,0,6,A, Exchange rates against USD Australia - Australian dollar - Monthly - End of period,1970-08,0.900901,A,,F
M,AU,AUD,E,0,6,A, Exchange rates against USD Australia - Australian dollar - Monthly - End of period,1970-09,0.899281,A,,F
M,AU,AUD,E,0,6,A, Exchange rates against USD Australia - Australian dollar - Monthly - End of period,1970-10,0.898473,A,,F
M,AU,AUD,E,0,6,A, Exchange rates against USD Australia - Australian dollar - Monthly - End of period,1970-11,0.898473,A,,F
M,AU,AUD,E,0,6,A, Exchange rates against USD Australia - Australian dollar - Monthly - End of period,1970-12,0.896861,A,,F
M,AU,AUD,E,0,6,A, Exchange rates against USD Australia - Australian dollar - Monthly - End of period,1971-01,0.889996,A,,F
M,AU,AUD,E,0,6,A, Exchange rates against USD Australia - Australian dollar - Monthly - End of period,1971-02,0.890472,A,,F
M,AU,AUD,E,0,6,A, Exchange rates against USD Australia - Australian dollar - Monthly - End of period,1971-03,0.890155,A,,F
M,AU,AUD,E,0,6,A, Exchange rates against USD Australia - Australian dollar - Monthly - End of period,1971-04,0.889284,A,,F
M,AU,AUD,E,0,6,A, Exchange rates against USD Australia - Australian dollar - Monthly - End of period,1971-05,0.889838,A,,F
M,AU,AUD,E,0,6,A, Exchange rates against USD Australia - Australian dollar - Monthly - End of period,1971-06,0.889205,A,,F
M,AU,AUD,E,0,6,A, Exchange rates against USD Australia - Australian dollar - Monthly - End of period,1971-07,0.889601,A,,F
M,AU,AUD,E,0,6,A, Exchange rates against USD Australia - Australian dollar - Monthly - End of period,1971-08,0.876732,A,,F
M,AU,AUD,E,0,6,A, Exchange rates against USD Australia - Australian dollar - Monthly - End of period,1971-09,0.865876,A,,F
M,AU,AUD,E,0,6,A, Exchange rates against USD Australia - Australian dollar - Monthly - End of period,1971-10,0.863558,A,,F
M,AU,AUD,E,0,6,A, Exchange rates against USD Australia - Australian dollar - Monthly - End of period,1971-11,0.862738,A,,F
M,AU,AUD,E,0,6,A, Exchange rates against USD Australia - Australian dollar - Monthly - End of period,1971-12,0.841255,A,,F
M,AU,AUD,E,0,6,A, Exchange rates against USD Australia - Australian dollar - Monthly - End of period,1972-01,0.839631,A,,F
M,AU,AUD,E,0,6,A, Exchange rates against USD Australia - Australian dollar - Monthly - End of period,1972-02,0.839631,A,,F
M,AU,AUD,E,0,6,A, Exchange rates against USD Australia - Australian dollar - Monthly - End of period,1972-03,0.839631,A,,F
M,AU,AUD,E,0,6,A, Exchange rates against USD Australia - Australian dollar - Monthly - End of period,1972-04,0.839631,A,,F
M,AU,AUD,E,0,6,A, Exchange rates against USD Australia - Australian dollar - Monthly - End of period,1972-05,0.839631,A,,F
M,AU,AUD,E,0,6,A, Exchange rates against USD Australia - Australian dollar - Monthly - End of period,1972-06,0.839631,A,,F
M,AU,AUD,E,0,6,A, Exchange rates against USD Australia - Australian dollar - Monthly - End of period,1972-07,0.839631,A,,F
M,AU,AUD,E,0,6,A, Exchange rates against USD Australia - Australian dollar - Monthly - End of period,1972-08,0.839631,A,,F
M,AU,AUD,E,0,6,A, Exchange rates against USD Australia - Australian dollar - Monthly - End of period,1972-09,0.839631,A,,F
M,AU,AUD,E,0,6,A, Exchange rates against USD Australia - Australian dollar - Monthly - End of period,1972-10,0.839631,A,,F
M,AU,AUD,E,0,6,A, Exchange rates against USD Australia - Australian dollar - Monthly - End of period,1972-11,0.839631,A,,F
M,AU,AUD,E,0,6,A, Exchange rates against USD Australia - Australian dollar - Monthly - End of period,1972-12,0.785423,A,,F
M,AU,AUD,E,0,6,A, Exchange rates against USD Australia - Australian dollar - Monthly - End of period,1973-01,0.786782,A,,F
M,AU,AUD,E,0,6,A, Exchange rates against USD Australia - Australian dollar - Monthly - End of period,1973-02,0.70922,A,,F
M,AU,AUD,E,0,6,A, Exchange rates against USD Australia - Australian dollar - Monthly - End of period,1973-03,0.706714,A,,F
M,AU,AUD,E,0,6,A, Exchange rates against USD Australia - Australian dollar - Monthly - End of period,1973-04,0.706714,A,,F
M,AU,AUD,E,0,6,A, Exchange rates against USD Australia - Australian dollar - Monthly - End of period,1973-05,0.706714,A,,F
M,AU,AUD,E,0,6,A, Exchange rates against USD Australia - Australian dollar - Monthly - End of period,1973-06,0.706464,A,,F
M,AU,AUD,E,0,6,A, Exchange rates against USD Australia - Australian dollar - Monthly - End of period,1973-07,0.704225,A,,F
M,AU,AUD,E,0,6,A, Exchange rates against USD Australia - Australian dollar - Monthly - End of period,1973-08,0.706215,A,,F
M,AU,AUD,E,0,6,A, Exchange rates against USD Australia - Australian dollar - Monthly - End of period,1973-09,0.675676,A,,F
M,AU,AUD,E,0,6,A, Exchange rates against USD Australia - Australian dollar - Monthly - End of period,1973-10,0.675676,A,,F
M,AU,AUD,E,0,6,A, Exchange rates against USD Australia - Australian dollar - Monthly - End of period,1973-11,0.674764,A,,F
M,AU,AUD,E,0,6,A, Exchange rates against USD Australia - Australian dollar - Monthly - End of period,1973-12,0.674536,A,,F
M,AU,AUD,E,0,6,A, Exchange rates against USD Australia - Australian dollar - Monthly - End of period,1974-01,0.673401,A,,F
M,AU,AUD,E,0,6,A, Exchange rates against USD Australia - Australian dollar - Monthly - End of period,1974-02,0.672269,A,,F
M,AU,AUD,E,0,6,A, Exchange rates against USD Australia - Australian dollar - Monthly - End of period,1974-03,0.673401,A,,F
M,AU,AUD,E,0,6,A, Exchange rates against USD Australia - Australian dollar - Monthly - End of period,1974-04,0.673401,A,,F
M,AU,AUD,E,0,6,A, Exchange rates against USD Australia - Australian dollar - Monthly - End of period,1974-05,0.674536,A,,F
M,AU,AUD,E,0,6,A, Exchange rates against USD Australia - Australian dollar - Monthly - End of period,1974-06,0.673401,A,,F
M,AU,AUD,E,0,6,A, Exchange rates against USD Australia - Australian dollar - Monthly - End of period,1974-07,0.674536,A,,F
M,AU,AUD,E,0,6,A, Exchange rates against USD Australia - Australian dollar - Monthly - End of period,1974-08,0.675676,A,,F
M,AU,AUD,E,0,6,A, Exchange rates against USD Australia - Australian dollar - Monthly - End of period,1974-09,0.763359,A,,F
M,AU,AUD,E,0,6,A, Exchange rates against USD Australia - Australian dollar - Monthly - End of period,1974-10,0.764526,A,,F
M,AU,AUD,E,0,6,A, Exchange rates against USD Australia - Australian dollar - Monthly - End of period,1974-11,0.761035,A,,F
M,AU,AUD,E,0,6,A, Exchange rates against USD Australia - Australian dollar - Monthly - End of period,1974-12,0.755002,A,,F
M,AU,AUD,E,0,6,A, Exchange rates against USD Australia - Australian dollar - Monthly - End of period,1975-01,0.748503,A,,F
M,AU,AUD,E,0,6,A, Exchange rates against USD Australia - Australian dollar - Monthly - End of period,1975-02,0.733138,A,,F
M,AU,AUD,E,0,6,A, Exchange rates against USD Australia - Australian dollar - Monthly - End of period,1975-03,0.740192,A,,F
M,AU,AUD,E,0,6,A, Exchange rates against USD Australia - Australian dollar - Monthly - End of period,1975-04,0.747105,A,,F
M,AU,AUD,E,0,6,A, Exchange rates against USD Australia - Australian dollar - Monthly - End of period,1975-05,0.74599,A,,F
M,AU,AUD,E,0,6,A, Exchange rates against USD Australia - Australian dollar - Monthly - End of period,1975-06,0.755572,A,,F
M,AU,AUD,E,0,6,A, Exchange rates against USD Australia - Australian dollar - Monthly - End of period,1975-07,0.769231,A,,F
M,AU,AUD,E,0,6,A, Exchange rates against USD Australia - Australian dollar - Monthly - End of period,1975-08,0.783085,A,,F
M,AU,AUD,E,0,6,A, Exchange rates against USD Australia - Australian dollar - Monthly - End of period,1975-09,0.797766,A,,F
M,AU,AUD,E,0,6,A, Exchange rates against USD Australia - Australian dollar - Monthly - End of period,1975-10,0.788333,A,,F
M,AU,AUD,E,0,6,A, Exchange rates against USD Australia - Australian dollar - Monthly - End of period,1975-11,0.795545,A,,F
M,AU,AUD,E,0,6,A, Exchange rates against USD Australia - Australian dollar - Monthly - End of period,1975-12,0.79713,A,,F
M,AU,AUD,E,0,6,A, Exchange rates against USD Australia - Australian dollar - Monthly - End of period,1976-01,0.795988,A,,F
M,AU,AUD,E,0,6,A, Exchange rates against USD Australia - Australian dollar - Monthly - End of period,1976-02,0.794913,A,,F
M,AU,AUD,E,0,6,A, Exchange rates against USD Australia - Australian dollar - Monthly - End of period,1976-03,0.802504,A,,F
M,AU,AUD,E,0,6,A, Exchange rates against USD Australia - Australian dollar - Monthly - End of period,1976-04,0.808734,A,,F
M,AU,AUD,E,0,6,A, Exchange rates against USD Australia - Australian dollar - Monthly - End of period,1976-05,0.814996,A,,F
M,AU,AUD,E,0,6,A, Exchange rates against USD Australia - Australian dollar - Monthly - End of period,1976-06,0.810964,A,,F
M,AU,AUD,E,0,6,A, Exchange rates against USD Australia - Australian dollar - Monthly - End of period,1976-07,0.806127,A,,F
M,AU,AUD,E,0,6,A, Exchange rates against USD Australia - Australian dollar - Monthly - End of period,1976-08,0.804052,A,,F
M,AU,AUD,E,0,6,A, Exchange rates against USD Australia - Australian dollar - Monthly - End of period,1976-09,0.809848,A,,F
M,AU,AUD,E,0,6,A, Exchange rates against USD Australia - Australian dollar - Monthly - End of period,1976-10,0.814332,A,,F
M,AU,AUD,E,0,6,A, Exchange rates against USD Australia - Australian dollar - Monthly - End of period,1976-11,0.990197,A,,F
M,AU,AUD,E,0,6,A, Exchange rates against USD Australia - Australian dollar - Monthly - End of period,1976-12,0.918274,A,,F
M,AU,AUD,E,0,6,A, Exchange rates against USD Australia - Australian dollar - Monthly - End of period,1977-01,0.920132,A,,F
M,AU,AUD,E,0,6,A, Exchange rates against USD Australia - Australian dollar - Monthly - End of period,1977-02,0.912409,A,,F
M,AU,AUD,E,0,6,A, Exchange rates against USD Australia - Australian dollar - Monthly - End of period,1977-03,0.906783,A,,F
M,AU,AUD,E,0,6,A, Exchange rates against USD Australia - Australian dollar - Monthly - End of period,1977-04,0.906618,A,,F
M,AU,AUD,E,0,6,A, Exchange rates against USD Australia - Australian dollar - Monthly - End of period,1977-05,0.906618,A,,F
M,AU,AUD,E,0,6,A, Exchange rates against USD Australia - Australian dollar - Monthly - End of period,1977-06,0.896861,A,,F
M,AU,AUD,E,0,6,A, Exchange rates against USD Australia - Australian dollar - Monthly - End of period,1977-07,0.891424,A,,F
M,AU,AUD,E,0,6,A, Exchange rates against USD Australia - Australian dollar - Monthly - End of period,1977-08,0.905797,A,,F
M,AU,AUD,E,0,6,A, Exchange rates against USD Australia - Australian dollar - Monthly - End of period,1977-09,0.901713,A,,F
M,AU,AUD,E,0,6,A, Exchange rates against USD Australia - Australian dollar - Monthly - End of period,1977-10,0.886918,A,,F
M,AU,AUD,E,0,6,A, Exchange rates against USD Australia - Australian dollar - Monthly - End of period,1977-11,0.888099,A,,F
M,AU,AUD,E,0,6,A, Exchange rates against USD Australia - Australian dollar - Monthly - End of period,1977-12,0.878735,A,,F
M,AU,AUD,E,0,6,A, Exchange rates against USD Australia - Australian dollar - Monthly - End of period,1978-01,0.878735,A,,F
M,AU,AUD,E,0,6,A, Exchange rates against USD Australia - Australian dollar - Monthly - End of period,1978-02,0.879894,A,,F
M,AU,AUD,E,0,6,A, Exchange rates against USD Australia - Australian dollar - Monthly - End of period,1978-03,0.875964,A,,F
M,AU,AUD,E,0,6,A, Exchange rates against USD Australia - Australian dollar - Monthly - End of period,1978-04,0.883236,A,,F
M,AU,AUD,E,0,6,A, Exchange rates against USD Australia - Australian dollar - Monthly - End of period,1978-05,0.884486,A,,F
M,AU,AUD,E,0,6,A, Exchange rates against USD Australia - Australian dollar - Monthly - End of period,1978-06,0.87146,A,,F
M,AU,AUD,E,0,6,A, Exchange rates against USD Australia - Australian dollar - Monthly - End of period,1978-07,0.864006,A,,F
M,AU,AUD,E,0,6,A, Exchange rates against USD Australia - Australian dollar - Monthly - End of period,1978-08,0.869565,A,,F
M,AU,AUD,E,0,6,A, Exchange rates against USD Australia - Australian dollar - Monthly - End of period,1978-09,0.865801,A,,F
M,AU,AUD,E,0,6,A, Exchange rates against USD Australia - Australian dollar - Monthly - End of period,1978-10,0.84674,A,,F
M,AU,AUD,E,0,6,A, Exchange rates against USD Australia - Australian dollar - Monthly - End of period,1978-11,0.881446,A,,F
M,AU,AUD,E,0,6,A, Exchange rates against USD Australia - Australian dollar - Monthly - End of period,1978-12,0.869565,A,,F
M,AU,AUD,E,0,6,A, Exchange rates against USD Australia - Australian dollar - Monthly - End of period,1979-01,0.882145,A,,F
M,AU,AUD,E,0,6,A, Exchange rates against USD Australia - Australian dollar - Monthly - End of period,1979-02,0.886525,A,,F
M,AU,AUD,E,0,6,A, Exchange rates against USD Australia - Australian dollar - Monthly - End of period,1979-03,0.894214,A,,F
M,AU,AUD,E,0,6,A, Exchange rates against USD Australia - Australian dollar - Monthly - End of period,1979-04,0.907029,A,,F
M,AU,AUD,E,0,6,A, Exchange rates against USD Australia - Australian dollar - Monthly - End of period,1979-05,0.904159,A,,F
M,AU,AUD,E,0,6,A, Exchange rates against USD Australia - Australian dollar - Monthly - End of period,1979-06,0.893256,A,,F
M,AU,AUD,E,0,6,A, Exchange rates against USD Australia - Australian dollar - Monthly - End of period,1979-07,0.88574,A,,F
M,AU,AUD,E,0,6,A, Exchange rates against USD Australia - Australian dollar - Monthly - End of period,1979-08,0.886997,A,,F
M,AU,AUD,E,0,6,A, Exchange rates against USD Australia - Australian dollar - Monthly - End of period,1979-09,0.886132,A,,F
M,AU,AUD,E,0,6,A, Exchange rates against USD Australia - Australian dollar - Monthly - End of period,1979-10,0.911411,A,,F
M,AU,AUD,E,0,6,A, Exchange rates against USD Australia - Australian dollar - Monthly - End of period,1979-11,0.91391,A,,F
M,AU,AUD,E,0,6,A, Exchange rates against USD Australia - Australian dollar - Monthly - End of period,1979-12,0.904404,A,,F
M,AU,AUD,E,0,6,A, Exchange rates against USD Australia - Australian dollar - Monthly - End of period,1980-01,0.903587,A,,F
M,AU,AUD,E,0,6,A, Exchange rates against USD Australia - Australian dollar - Monthly - End of period,1980-02,0.911577,A,,F
M,AU,AUD,E,0,6,A, Exchange rates against USD Australia - Australian dollar - Monthly - End of period,1980-03,0.924385,A,,F
M,AU,AUD,E,0,6,A, Exchange rates against USD Australia - Australian dollar - Monthly - End of period,1980-04,0.896861,A,,F
M,AU,AUD,E,0,6,A, Exchange rates against USD Australia - Australian dollar - Monthly - End of period,1980-05,0.875044,A,,F
M,AU,AUD,E,0,6,A, Exchange rates against USD Australia - Australian dollar - Monthly - End of period,1980-06,0.865801,A,,F
M,AU,AUD,E,0,6,A, Exchange rates against USD Australia - Australian dollar - Monthly - End of period,1980-07,0.868432,A,,F
M,AU,AUD,E,0,6,A, Exchange rates against USD Australia - Australian dollar - Monthly - End of period,1980-08,0.858516,A,,F
M,AU,AUD,E,0,6,A, Exchange rates against USD Australia - Australian dollar - Monthly - End of period,1980-09,0.853971,A,,F
M,AU,AUD,E,0,6,A, Exchange rates against USD Australia - Australian dollar - Monthly - End of period,1980-10,0.853242,A,,F
M,AU,AUD,E,0,6,A, Exchange rates against USD Australia - Australian dollar - Monthly - End of period,1980-11,0.859107,A,,F
M,AU,AUD,E,0,6,A, Exchange rates against USD Australia - Australian dollar - Monthly - End of period,1980-12,0.846453,A,,F
M,AU,AUD,E,0,6,A, Exchange rates against USD Australia - Australian dollar - Monthly - End of period,1981-01,0.848608,A,,F
M,AU,AUD,E,0,6,A, Exchange rates against USD Australia - Australian dollar - Monthly - End of period,1981-02,0.865801,A,,F
M,AU,AUD,E,0,6,A, Exchange rates against USD Australia - Australian dollar - Monthly - End of period,1981-03,0.856971,A,,F
M,AU,AUD,E,0,6,A, Exchange rates against USD Australia - Australian dollar - Monthly - End of period,1981-04,0.870171,A,,F
M,AU,AUD,E,0,6,A, Exchange rates against USD Australia - Australian dollar - Monthly - End of period,1981-05,0.878194,A,,F
M,AU,AUD,E,0,6,A, Exchange rates against USD Australia - Australian dollar - Monthly - End of period,1981-06,0.871232,A,,F
M,AU,AUD,E,0,6,A, Exchange rates against USD Australia - Australian dollar - Monthly - End of period,1981-07,0.880902,A,,F
M,AU,AUD,E,0,6,A, Exchange rates against USD Australia - Australian dollar - Monthly - End of period,1981-08,0.869943,A,,F
M,AU,AUD,E,0,6,A, Exchange rates against USD Australia - Australian dollar - Monthly - End of period,1981-09,0.875197,A,,F
M,AU,AUD,E,0,6,A, Exchange rates against USD Australia - Australian dollar - Monthly - End of period,1981-10,0.880507,A,,F
M,AU,AUD,E,0,6,A, Exchange rates against USD Australia - Australian dollar - Monthly - End of period,1981-11,0.867825,A,,F
M,AU,AUD,E,0,6,A, Exchange rates against USD Australia - Australian dollar - Monthly - End of period,1981-12,0.886525,A,,F
M,AU,AUD,E,0,6,A, Exchange rates against USD Australia - Australian dollar - Monthly - End of period,1982-01,0.915325,A,,F
M,AU,AUD,E,0,6,A, Exchange rates against USD Australia - Australian dollar - Monthly - End of period,1982-02,0.932222,A,,F
M,AU,AUD,E,0,6,A, Exchange rates against USD Australia - Australian dollar - Monthly - End of period,1982-03,0.951833,A,,F
M,AU,AUD,E,0,6,A, Exchange rates against USD Australia - Australian dollar - Monthly - End of period,1982-04,0.942323,A,,F
M,AU,AUD,E,0,6,A, Exchange rates against USD Australia - Australian dollar - Monthly - End of period,1982-05,0.951468,A,,F
M,AU,AUD,E,0,6,A, Exchange rates against USD Australia - Australian dollar - Monthly - End of period,1982-06,0.978951,A,,F
M,AU,AUD,E,0,6,A, Exchange rates against USD Australia - Australian dollar - Monthly - End of period,1982-07,1.006036,A,,F
M,AU,AUD,E,0,6,A, Exchange rates against USD Australia - Australian dollar - Monthly - End of period,1982-08,1.035195,A,,F
M,AU,AUD,E,0,6,A, Exchange rates against USD Australia - Australian dollar - Monthly - End of period,1982-09,1.053179,A,,F
M,AU,AUD,E,0,6,A, Exchange rates against USD Australia - Australian dollar - Monthly - End of period,1982-10,1.068946,A,,F
M,AU,AUD,E,0,6,A, Exchange rates against USD Australia - Australian dollar - Monthly - End of period,1982-11,1.047113,A,,F
M,AU,AUD,E,0,6,A, Exchange rates against USD Australia - Australian dollar - Monthly - End of period,1982-12,1.019886,A,,F
M,AU,AUD,E,0,6,A, Exchange rates against USD Australia - Australian dollar - Monthly - End of period,1983-01,1.029858,A,,F
M,AU,AUD,E,0,6,A, Exchange rates against USD Australia - Australian dollar - Monthly - End of period,1983-02,1.044164,A,,F
M,AU,AUD,E,0,6,A, Exchange rates against USD Australia - Australian dollar - Monthly - End of period,1983-03,1.157273,A,,F
M,AU,AUD,E,0,6,A, Exchange rates against USD Australia - Australian dollar - Monthly - End of period,1983-04,1.152071,A,,F
M,AU,AUD,E,0,6,A, Exchange rates against USD Australia - Australian dollar - Monthly - End of period,1983-05,1.134047,A,,F
M,AU,AUD,E,0,6,A, Exchange rates against USD Australia - Australian dollar - Monthly - End of period,1983-06,1.143514,A,,F
M,AU,AUD,E,0,6,A, Exchange rates against USD Australia - Australian dollar - Monthly - End of period,1983-07,1.135453,A,,F
M,AU,AUD,E,0,6,A, Exchange rates against USD Australia - Australian dollar - Monthly - End of period,1983-08,1.139204,A,,F
M,AU,AUD,E,0,6,A, Exchange rates against USD Australia - Australian dollar - Monthly - End of period,1983-09,1.114577,A,,F
M,AU,AUD,E,0,6,A, Exchange rates against USD Australia - Australian dollar - Monthly - End of period,1983-10,1.093491,A,,F
M,AU,AUD,E,0,6,A, Exchange rates against USD Australia - Australian dollar - Monthly - End of period,1983-11,1.093723,A,,F
M,AU,AUD,E,0,6,A, Exchange rates against USD Australia - Australian dollar - Monthly - End of period,1983-12,1.112719,A,,F
M,AU,AUD,E,0,6,A, Exchange rates against USD Australia - Australian dollar - Monthly - End of period,1984-01,1.089677,A,,F
M,AU,AUD,E,0,6,A, Exchange rates against USD Australia - Australian dollar - Monthly - End of period,1984-02,1.059882,A,,F
M,AU,AUD,E,0,6,A, Exchange rates against USD Australia - Australian dollar - Monthly - End of period,1984-03,1.068709,A,,F
M,AU,AUD,E,0,6,A, Exchange rates against USD Australia - Australian dollar - Monthly - End of period,1984-04,1.0879,A,,F
M,AU,AUD,E,0,6,A, Exchange rates against USD Australia - Australian dollar - Monthly - End of period,1984-05,1.111604,A,,F
M,AU,AUD,E,0,6,A, Exchange rates against USD Australia - Australian dollar - Monthly - End of period,1984-06,1.161841,A,,F
M,AU,AUD,E,0,6,A, Exchange rates against USD Australia - Australian dollar - Monthly - End of period,1984-07,1.202779,A,,F
M,AU,AUD,E,0,6,A, Exchange rates against USD Australia - Australian dollar - Monthly - End of period,1984-08,1.178134,A,,F
M,AU,AUD,E,0,6,A, Exchange rates against USD Australia - Australian dollar - Monthly - End of period,1984-09,1.199608,A,,F
M,AU,AUD,E,0,6,A, Exchange rates against USD Australia - Australian dollar - Monthly - End of period,1984-10,1.176742,A,,F
M,AU,AUD,E,0,6,A, Exchange rates against USD Australia - Australian dollar - Monthly - End of period,1984-11,1.166309,A,,F
M,AU,AUD,E,0,6,A, Exchange rates against USD Australia - Australian dollar - Monthly - End of period,1984-12,1.211376,A,,F
M,AU,AUD,E,0,6,A, Exchange rates against USD Australia - Australian dollar - Monthly - End of period,1985-01,1.228501,A,,F
M,AU,AUD,E,0,6,A, Exchange rates against USD Australia - Australian dollar - Monthly - End of period,1985-02,1.397614,A,,F
M,AU,AUD,E,0,6,A, Exchange rates against USD Australia - Australian dollar - Monthly - End of period,1985-03,1.42653,A,,F
M,AU,AUD,E,0,6,A, Exchange rates against USD Australia - Australian dollar - Monthly - End of period,1985-04,1.538468,A,,F
M,AU,AUD,E,0,6,A, Exchange rates against USD Australia - Australian dollar - Monthly - End of period,1985-05,1.512853,A,,F
M,AU,AUD,E,0,6,A, Exchange rates against USD Australia - Australian dollar - Monthly - End of period,1985-06,1.498131,A,,F
M,AU,AUD,E,0,6,A, Exchange rates against USD Australia - Australian dollar - Monthly - End of period,1985-07,1.377414,A,,F
M,AU,AUD,E,0,6,A, Exchange rates against USD Australia - Australian dollar - Monthly - End of period,1985-08,1.420451,A,,F
M,AU,AUD,E,0,6,A, Exchange rates against USD Australia - Australian dollar - Monthly - End of period,1985-09,1.416836,A,,F
M,AU,AUD,E,0,6,A, Exchange rates against USD Australia - Australian dollar - Monthly - End of period,1985-10,1.430612,A,,F
M,AU,AUD,E,0,6,A, Exchange rates against USD Australia - Australian dollar - Monthly - End of period,1985-11,1.459857,A,,F
M,AU,AUD,E,0,6,A, Exchange rates against USD Australia - Australian dollar - Monthly - End of period,1985-12,1.46628,A,,F
M,AU,AUD,E,0,6,A, Exchange rates against USD Australia - Australian dollar - Monthly - End of period,1986-01,1.398601,A,,F
M,AU,AUD,E,0,6,A, Exchange rates against USD Australia - Australian dollar - Monthly - End of period,1986-02,1.428571,A,,F
M,AU,AUD,E,0,6,A, Exchange rates against USD Australia - Australian dollar - Monthly - End of period,1986-03,1.402528,A,,F
M,AU,AUD,E,0,6,A, Exchange rates against USD Australia - Australian dollar - Monthly - End of period,1986-04,1.352264,A,,F
M,AU,AUD,E,0,6,A, Exchange rates against USD Australia - Australian dollar - Monthly - End of period,1986-05,1.395086,A,,F
M,AU,AUD,E,0,6,A, Exchange rates against USD Australia - Australian dollar - Monthly - End of period,1986-06,1.480388,A,,F
M,AU,AUD,E,0,6,A, Exchange rates against USD Australia - Australian dollar - Monthly - End of period,1986-07,1.679258,A,,F
M,AU,AUD,E,0,6,A, Exchange rates against USD Australia - Australian dollar - Monthly - End of period,1986-08,1.642033,A,,F
M,AU,AUD,E,0,6,A, Exchange rates against USD Australia - Australian dollar - Monthly - End of period,1986-09,1.591099,A,,F
M,AU,AUD,E,0,6,A, Exchange rates against USD Australia - Australian dollar - Monthly - End of period,1986-10,1.560061,A,,F
M,AU,AUD,E,0,6,A, Exchange rates against USD Australia - Australian dollar - Monthly - End of period,1986-11,1.537275,A,,F
M,AU,AUD,E,0,6,A, Exchange rates against USD Australia - Australian dollar - Monthly - End of period,1986-12,1.504886,A,,F
M,AU,AUD,E,0,6,A, Exchange rates against USD Australia - Australian dollar - Monthly - End of period,1987-01,1.512866,A,,F
M,AU,AUD,E,0,6,A, Exchange rates against USD Australia - Australian dollar - Monthly - End of period,1987-02,1.478853,A,,F
M,AU,AUD,E,0,6,A, Exchange rates against USD Australia - Australian dollar - Monthly - End of period,1987-03,1.416423,A,,F
M,AU,AUD,E,0,6,A, Exchange rates against USD Australia - Australian dollar - Monthly - End of period,1987-04,1.421869,A,,F
M,AU,AUD,E,0,6,A, Exchange rates against USD Australia - Australian dollar - Monthly - End of period,1987-05,1.404104,A,,F
M,AU,AUD,E,0,6,A, Exchange rates against USD Australia - Australian dollar - Monthly - End of period,1987-06,1.388116,A,,F
M,AU,AUD,E,0,6,A, Exchange rates against USD Australia - Australian dollar - Monthly - End of period,1987-07,1.431639,A,,F
M,AU,AUD,E,0,6,A, Exchange rates against USD Australia - Australian dollar - Monthly - End of period,1987-08,1.401941,A,,F
M,AU,AUD,E,0,6,A, Exchange rates against USD Australia - Australian dollar - Monthly - End of period,1987-09,1.403311,A,,F
M,AU,AUD,E,0,6,A, Exchange rates against USD Australia - Australian dollar - Monthly - End of period,1987-10,1.48039,A,,F
M,AU,AUD,E,0,6,A, Exchange rates against USD Australia - Australian dollar - Monthly - End of period,1987-11,1.41443,A,,F
M,AU,AUD,E,0,6,A, Exchange rates against USD Australia - Australian dollar - Monthly - End of period,1987-12,1.385039,A,,F
M,AU,AUD,E,0,6,A, Exchange rates against USD Australia - Australian dollar - Monthly - End of period,1988-01,1.406667,A,,F
M,AU,AUD,E,0,6,A, Exchange rates against USD Australia - Australian dollar - Monthly - End of period,1988-02,1.391405,A,,F
M,AU,AUD,E,0,6,A, Exchange rates against USD Australia - Australian dollar - Monthly - End of period,1988-03,1.349165,A,,F
M,AU,AUD,E,0,6,A, Exchange rates against USD Australia - Australian dollar - Monthly - End of period,1988-04,1.317524,A,,F
M,AU,AUD,E,0,6,A, Exchange rates against USD Australia - Australian dollar - Monthly - End of period,1988-05,1.240228,A,,F
M,AU,AUD,E,0,6,A, Exchange rates against USD Australia - Australian dollar - Monthly - End of period,1988-06,1.261828,A,,F
M,AU,AUD,E,0,6,A, Exchange rates against USD Australia - Australian dollar - Monthly - End of period,1988-07,1.246888,A,,F
M,AU,AUD,E,0,6,A, Exchange rates against USD Australia - Australian dollar - Monthly - End of period,1988-08,1.243778,A,,F
M,AU,AUD,E,0,6,A, Exchange rates against USD Australia - Australian dollar - Monthly - End of period,1988-09,1.273886,A,,F
M,AU,AUD,E,0,6,A, Exchange rates against USD Australia - Australian dollar - Monthly - End of period,1988-10,1.21506,A,,F
M,AU,AUD,E,0,6,A, Exchange rates against USD Australia - Australian dollar - Monthly - End of period,1988-11,1.14116,A,,F
M,AU,AUD,E,0,6,A, Exchange rates against USD Australia - Australian dollar - Monthly - End of period,1988-12,1.170274,A,,F
M,AU,AUD,E,0,6,A, Exchange rates against USD Australia - Australian dollar - Monthly - End of period,1989-01,1.125112,A,,F
M,AU,AUD,E,0,6,A, Exchange rates against USD Australia - Australian dollar - Monthly - End of period,1989-02,1.253128,A,,F
M,AU,AUD,E,0,6,A, Exchange rates against USD Australia - Australian dollar - Monthly - End of period,1989-03,1.223242,A,,F
M,AU,AUD,E,0,6,A, Exchange rates against USD Australia - Australian dollar - Monthly - End of period,1989-04,1.25945,A,,F
M,AU,AUD,E,0,6,A, Exchange rates against USD Australia - Australian dollar - Monthly - End of period,1989-05,1.329785,A,,F
M,AU,AUD,E,0,6,A, Exchange rates against USD Australia - Australian dollar - Monthly - End of period,1989-06,1.323636,A,,F
M,AU,AUD,E,0,6,A, Exchange rates against USD Australia - Australian dollar - Monthly - End of period,1989-07,1.321882,A,,F
M,AU,AUD,E,0,6,A, Exchange rates against USD Australia - Australian dollar - Monthly - End of period,1989-08,1.307191,A,,F
M,AU,AUD,E,0,6,A, Exchange rates against USD Australia - Australian dollar - Monthly - End of period,1989-09,1.286178,A,,F
M,AU,AUD,E,0,6,A, Exchange rates against USD Australia - Australian dollar - Monthly - End of period,1989-10,1.278772,A,,F
M,AU,AUD,E,0,6,A, Exchange rates against USD Australia - Australian dollar - Monthly - End of period,1989-11,1.277468,A,,F
M,AU,AUD,E,0,6,A, Exchange rates against USD Australia - Australian dollar - Monthly - End of period,1989-12,1.265825,A,,F
M,AU,AUD,E,0,6,A, Exchange rates against USD Australia - Australian dollar - Monthly - End of period,1990-01,1.300895,A,,F
M,AU,AUD,E,0,6,A, Exchange rates against USD Australia - Australian dollar - Monthly - End of period,1990-02,1.319267,A,,F
M,AU,AUD,E,0,6,A, Exchange rates against USD Australia - Australian dollar - Monthly - End of period,1990-03,1.325379,A,,F
M,AU,AUD,E,0,6,A, Exchange rates against USD Australia - Australian dollar - Monthly - End of period,1990-04,1.331194,A,,F
M,AU,AUD,E,0,6,A, Exchange rates against USD Australia - Australian dollar - Monthly - End of period,1990-05,1.300058,A,,F
M,AU,AUD,E,0,6,A, Exchange rates against USD Australia - Australian dollar - Monthly - End of period,1990-06,1.263905,A,,F
M,AU,AUD,E,0,6,A, Exchange rates against USD Australia - Australian dollar - Monthly - End of period,1990-07,1.264706,A,,F
M,AU,AUD,E,0,6,A, Exchange rates against USD Australia - Australian dollar - Monthly - End of period,1990-08,1.228502,A,,F
M,AU,AUD,E,0,6,A, Exchange rates against USD Australia - Australian dollar - Monthly - End of period,1990-09,1.210658,A,,F
M,AU,AUD,E,0,6,A, Exchange rates against USD Australia - Australian dollar - Monthly - End of period,1990-10,1.277141,A,,F
M,AU,AUD,E,0,6,A, Exchange rates against USD Australia - Australian dollar - Monthly - End of period,1990-11,1.294161,A,,F
M,AU,AUD,E,0,6,A, Exchange rates against USD Australia - Australian dollar - Monthly - End of period,1990-12,1.297015,A,,F
M,AU,AUD,E,0,6,A, Exchange rates against USD Australia - Australian dollar - Monthly - End of period,1991-01,1.280412,A,,F
M,AU,AUD,E,0,6,A, Exchange rates against USD Australia - Australian dollar - Monthly - End of period,1991-02,1.275503,A,,F
M,AU,AUD,E,0,6,A, Exchange rates against USD Australia - Australian dollar - Monthly - End of period,1991-03,1.290323,A,,F
M,AU,AUD,E,0,6,A, Exchange rates against USD Australia - Australian dollar - Monthly - End of period,1991-04,1.281235,A,,F
M,AU,AUD,E,0,6,A, Exchange rates against USD Australia - Australian dollar - Monthly - End of period,1991-05,1.315787,A,,F
M,AU,AUD,E,0,6,A, Exchange rates against USD Australia - Australian dollar - Monthly - End of period,1991-06,1.304624,A,,F
M,AU,AUD,E,0,6,A, Exchange rates against USD Australia - Australian dollar - Monthly - End of period,1991-07,1.28452,A,,F
M,AU,AUD,E,0,6,A, Exchange rates against USD Australia - Australian dollar - Monthly - End of period,1991-08,1.273556,A,,F
M,AU,AUD,E,0,6,A, Exchange rates against USD Australia - Australian dollar - Monthly - End of period,1991-09,1.250465,A,,F
M,AU,AUD,E,0,6,A, Exchange rates against USD Australia - Australian dollar - Monthly - End of period,1991-10,1.283695,A,,F
M,AU,AUD,E,0,6,A, Exchange rates against USD Australia - Australian dollar - Monthly - End of period,1991-11,1.276325,A,,F
M,AU,AUD,E,0,6,A, Exchange rates against USD Australia - Australian dollar - Monthly - End of period,1991-12,1.315095,A,,F
M,AU,AUD,E,0,6,A, Exchange rates against USD Australia - Australian dollar - Monthly - End of period,1992-01,1.334755,A,,F
M,AU,AUD,E,0,6,A, Exchange rates against USD Australia - Australian dollar - Monthly - End of period,1992-02,1.325383,A,,F
M,AU,AUD,E,0,6,A, Exchange rates against USD Australia - Australian dollar - Monthly - End of period,1992-03,1.300396,A,,F
M,AU,AUD,E,0,6,A, Exchange rates against USD Australia - Australian dollar - Monthly - End of period,1992-04,1.321528,A,,F
M,AU,AUD,E,0,6,A, Exchange rates against USD Australia - Australian dollar - Monthly - End of period,1992-05,1.318914,A,,F
M,AU,AUD,E,0,6,A, Exchange rates against USD Australia - Australian dollar - Monthly - End of period,1992-06,1.339221,A,,F
M,AU,AUD,E,0,6,A, Exchange rates against USD Australia - Australian dollar - Monthly - End of period,1992-07,1.344086,A,,F
M,AU,AUD,E,0,6,A, Exchange rates against USD Australia - Australian dollar - Monthly - End of period,1992-08,1.400165,A,,F
M,AU,AUD,E,0,6,A, Exchange rates against USD Australia - Australian dollar - Monthly - End of period,1992-09,1.403112,A,,F
M,AU,AUD,E,0,6,A, Exchange rates against USD Australia - Australian dollar - Monthly - End of period,1992-10,1.436782,A,,F
M,AU,AUD,E,0,6,A, Exchange rates against USD Australia - Australian dollar - Monthly - End of period,1992-11,1.465847,A,,F
M,AU,AUD,E,0,6,A, Exchange rates against USD Australia - Australian dollar - Monthly - End of period,1992-12,1.453068,A,,F
M,AU,AUD,E,0,6,A, Exchange rates against USD Australia - Australian dollar - Monthly - End of period,1993-01,1.472752,A,,F
M,AU,AUD,E,0,6,A, Exchange rates against USD Australia - Australian dollar - Monthly - End of period,1993-02,1.442377,A,,F
M,AU,AUD,E,0,6,A, Exchange rates against USD Australia - Australian dollar - Monthly - End of period,1993-03,1.415426,A,,F
M,AU,AUD,E,0,6,A, Exchange rates against USD Australia - Australian dollar - Monthly - End of period,1993-04,1.409443,A,,F
M,AU,AUD,E,0,6,A, Exchange rates against USD Australia - Australian dollar - Monthly - End of period,1993-05,1.451384,A,,F
M,AU,AUD,E,0,6,A, Exchange rates against USD Australia - Australian dollar - Monthly - End of period,1993-06,1.499255,A,,F
M,AU,AUD,E,0,6,A, Exchange rates against USD Australia - Australian dollar - Monthly - End of period,1993-07,1.459428,A,,F
M,AU,AUD,E,0,6,A, Exchange rates against USD Australia - Australian dollar - Monthly - End of period,1993-08,1.494775,A,,F
M,AU,AUD,E,0,6,A, Exchange rates against USD Australia - Australian dollar - Monthly - End of period,1993-09,1.555202,A,,F
M,AU,AUD,E,0,6,A, Exchange rates against USD Australia - Australian dollar - Monthly - End of period,1993-10,1.498795,A,,F
M,AU,AUD,E,0,6,A, Exchange rates against USD Australia - Australian dollar - Monthly - End of period,1993-11,1.516989,A,,F
M,AU,AUD,E,0,6,A, Exchange rates against USD Australia - Australian dollar - Monthly - End of period,1993-12,1.474925,A,,F
M,AU,AUD,E,0,6,A, Exchange rates against USD Australia - Australian dollar - Monthly - End of period,1994-01,1.410042,A,,F
M,AU,AUD,E,0,6,A, Exchange rates against USD Australia - Australian dollar - Monthly - End of period,1994-02,1.400562,A,,F
M,AU,AUD,E,0,6,A, Exchange rates against USD Australia - Australian dollar - Monthly - End of period,1994-03,1.424505,A,,F
M,AU,AUD,E,0,6,A, Exchange rates against USD Australia - Australian dollar - Monthly - End of period,1994-04,1.402526,A,,F
M,AU,AUD,E,0,6,A, Exchange rates against USD Australia - Australian dollar - Monthly - End of period,1994-05,1.357766,A,,F
M,AU,AUD,E,0,6,A, Exchange rates against USD Australia - Australian dollar - Monthly - End of period,1994-06,1.366117,A,,F
M,AU,AUD,E,0,6,A, Exchange rates against USD Australia - Australian dollar - Monthly - End of period,1994-07,1.354459,A,,F
M,AU,AUD,E,0,6,A, Exchange rates against USD Australia - Australian dollar - Monthly - End of period,1994-08,1.346448,A,,F
M,AU,AUD,E,0,6,A, Exchange rates against USD Australia - Australian dollar - Monthly - End of period,1994-09,1.351354,A,,F
M,AU,AUD,E,0,6,A, Exchange rates against USD Australia - Australian dollar - Monthly - End of period,1994-10,1.345538,A,,F
M,AU,AUD,E,0,6,A, Exchange rates against USD Australia - Australian dollar - Monthly - End of period,1994-11,1.300906,A,,F
M,AU,AUD,E,0,6,A, Exchange rates against USD Australia - Australian dollar - Monthly - End of period,1994-12,1.289153,A,,F
M,AU,AUD,E,0,6,A, Exchange rates against USD Australia - Australian dollar - Monthly - End of period,1995-01,1.319777,A,,F
M,AU,AUD,E,0,6,A, Exchange rates against USD Australia - Australian dollar - Monthly - End of period,1995-02,1.358328,A,,F
M,AU,AUD,E,0,6,A, Exchange rates against USD Australia - Australian dollar - Monthly - End of period,1995-03,1.378353,A,,F
M,AU,AUD,E,0,6,A, Exchange rates against USD Australia - Australian dollar - Monthly - End of period,1995-04,1.372682,A,,F
M,AU,AUD,E,0,6,A, Exchange rates against USD Australia - Australian dollar - Monthly - End of period,1995-05,1.401142,A,,F
M,AU,AUD,E,0,6,A, Exchange rates against USD Australia - Australian dollar - Monthly - End of period,1995-06,1.406073,A,,F
M,AU,AUD,E,0,6,A, Exchange rates against USD Australia - Australian dollar - Monthly - End of period,1995-07,1.355928,A,,F
M,AU,AUD,E,0,6,A, Exchange rates against USD Australia - Australian dollar - Monthly - End of period,1995-08,1.327495,A,,F
M,AU,AUD,E,0,6,A, Exchange rates against USD Australia - Australian dollar - Monthly - End of period,1995-09,1.324148,A,,F
M,AU,AUD,E,0,6,A, Exchange rates against USD Australia - Australian dollar - Monthly - End of period,1995-10,1.31493,A,,F
M,AU,AUD,E,0,6,A, Exchange rates against USD Australia - Australian dollar - Monthly - End of period,1995-11,1.343188,A,,F
M,AU,AUD,E,0,6,A, Exchange rates against USD Australia - Australian dollar - Monthly - End of period,1995-12,1.343187,A,,F
M,AU,AUD,E,0,6,A, Exchange rates against USD Australia - Australian dollar - Monthly - End of period,1996-01,1.343731,A,,F
M,AU,AUD,E,0,6,A, Exchange rates against USD Australia - Australian dollar - Monthly - End of period,1996-02,1.307698,A,,F
M,AU,AUD,E,0,6,A, Exchange rates against USD Australia - Australian dollar - Monthly - End of period,1996-03,1.278769,A,,F
M,AU,AUD,E,0,6,A, Exchange rates against USD Australia - Australian dollar - Monthly - End of period,1996-04,1.269839,A,,F
M,AU,AUD,E,0,6,A, Exchange rates against USD Australia - Australian dollar - Monthly - End of period,1996-05,1.252037,A,,F
M,AU,AUD,E,0,6,A, Exchange rates against USD Australia - Australian dollar - Monthly - End of period,1996-06,1.267263,A,,F
M,AU,AUD,E,0,6,A, Exchange rates against USD Australia - Australian dollar - Monthly - End of period,1996-07,1.291657,A,,F
M,AU,AUD,E,0,6,A, Exchange rates against USD Australia - Australian dollar - Monthly - End of period,1996-08,1.265337,A,,F
M,AU,AUD,E,0,6,A, Exchange rates against USD Australia - Australian dollar - Monthly - End of period,1996-09,1.261358,A,,F
M,AU,AUD,E,0,6,A, Exchange rates against USD Australia - Australian dollar - Monthly - End of period,1996-10,1.262304,A,,F
M,AU,AUD,E,0,6,A, Exchange rates against USD Australia - Australian dollar - Monthly - End of period,1996-11,1.2329,A,,F
M,AU,AUD,E,0,6,A, Exchange rates against USD Australia - Australian dollar - Monthly - End of period,1996-12,1.255812,A,,F
M,AU,AUD,E,0,6,A, Exchange rates against USD Australia - Australian dollar - Monthly - End of period,1997-01,1.312686,A,,F
M,AU,AUD,E,0,6,A, Exchange rates against USD Australia - Australian dollar - Monthly - End of period,1997-02,1.288993,A,,F
M,AU,AUD,E,0,6,A, Exchange rates against USD Australia - Australian dollar - Monthly - End of period,1997-03,1.279592,A,,F
M,AU,AUD,E,0,6,A, Exchange rates against USD Australia - Australian dollar - Monthly - End of period,1997-04,1.279099,A,,F
M,AU,AUD,E,0,6,A, Exchange rates against USD Australia - Australian dollar - Monthly - End of period,1997-05,1.313204,A,,F
M,AU,AUD,E,0,6,A, Exchange rates against USD Australia - Australian dollar - Monthly - End of period,1997-06,1.34049,A,,F
M,AU,AUD,E,0,6,A, Exchange rates against USD Australia - Australian dollar - Monthly - End of period,1997-07,1.344622,A,,F
M,AU,AUD,E,0,6,A, Exchange rates against USD Australia - Australian dollar - Monthly - End of period,1997-08,1.361473,A,,F
M,AU,AUD,E,0,6,A, Exchange rates against USD Australia - Australian dollar - Monthly - End of period,1997-09,1.386002,A,,F
M,AU,AUD,E,0,6,A, Exchange rates against USD Australia - Australian dollar - Monthly - End of period,1997-10,1.425519,A,,F
M,AU,AUD,E,0,6,A, Exchange rates against USD Australia - Australian dollar - Monthly - End of period,1997-11,1.463481,A,,F
M,AU,AUD,E,0,6,A, Exchange rates against USD Australia - Australian dollar - Monthly - End of period,1997-12,1.531393,A,,F
M,AU,AUD,E,0,6,A, Exchange rates against USD Australia - Australian dollar - Monthly - End of period,1998-01,1.473188,A,,F
M,AU,AUD,E,0,6,A, Exchange rates against USD Australia - Australian dollar - Monthly - End of period,1998-02,1.474936,A,,F
M,AU,AUD,E,0,6,A, Exchange rates against USD Australia - Australian dollar - Monthly - End of period,1998-03,1.508289,A,,F
M,AU,AUD,E,0,6,A, Exchange rates against USD Australia - Australian dollar - Monthly - End of period,1998-04,1.536801,A,,F
M,AU,AUD,E,0,6,A, Exchange rates against USD Australia - Australian dollar - Monthly - End of period,1998-05,1.600765,A,,F
M,AU,AUD,E,0,6,A, Exchange rates against USD Australia - Australian dollar - Monthly - End of period,1998-06,1.619427,A,,F
M,AU,AUD,E,0,6,A, Exchange rates against USD Australia - Australian dollar - Monthly - End of period,1998-07,1.645276,A,,F
M,AU,AUD,E,0,6,A, Exchange rates against USD Australia - Australian dollar - Monthly - End of period,1998-08,1.754072,A,,F
M,AU,AUD,E,0,6,A, Exchange rates against USD Australia - Australian dollar - Monthly - End of period,1998-09,1.681518,A,,F
M,AU,AUD,E,0,6,A, Exchange rates against USD Australia - Australian dollar - Monthly - End of period,1998-10,1.603853,A,,F
M,AU,AUD,E,0,6,A, Exchange rates against USD Australia - Australian dollar - Monthly - End of period,1998-11,1.581028,A,,F
M,AU,AUD,E,0,6,A, Exchange rates against USD Australia - Australian dollar - Monthly - End of period,1998-12,1.627872,A,,F
M,AU,AUD,E,0,6,A, Exchange rates against USD Australia - Australian dollar - Monthly - End of period,1999-01,1.588809,A,,F
M,AU,AUD,E,0,6,A, Exchange rates against USD Australia - Australian dollar - Monthly - End of period,1999-02,1.617263,A,,F
M,AU,AUD,E,0,6,A, Exchange rates against USD Australia - Australian dollar - Monthly - End of period,1999-03,1.588159,A,,F
M,AU,AUD,E,0,6,A, Exchange rates against USD Australia - Australian dollar - Monthly - End of period,1999-04,1.517222,A,,F
M,AU,AUD,E,0,6,A, Exchange rates against USD Australia - Australian dollar - Monthly - End of period,1999-05,1.537299,A,,F
M,AU,AUD,E,0,6,A, Exchange rates against USD Australia - Australian dollar - Monthly - End of period,1999-06,1.510263,A,,F
M,AU,AUD,E,0,6,A, Exchange rates against USD Australia - Australian dollar - Monthly - End of period,1999-07,1.534038,A,,F
M,AU,AUD,E,0,6,A, Exchange rates against USD Australia - Australian dollar - Monthly - End of period,1999-08,1.566632,A,,F
M,AU,AUD,E,0,6,A, Exchange rates against USD Australia - Australian dollar - Monthly - End of period,1999-09,1.537271,A,,F
M,AU,AUD,E,0,6,A, Exchange rates against USD Australia - Australian dollar - Monthly - End of period,1999-10,1.565197,A,,F
M,AU,AUD,E,0,6,A, Exchange rates against USD Australia - Australian dollar - Monthly - End of period,1999-11,1.576508,A,,F
M,AU,AUD,E,0,6,A, Exchange rates against USD Australia - Australian dollar - Monthly - End of period,1999-12,1.535138,A,,F
M,AU,AUD,E,0,6,A, Exchange rates against USD Australia - Australian dollar - Monthly - End of period,2000-01,1.575937,A,,F
M,AU,AUD,E,0,6,A, Exchange rates against USD Australia - Australian dollar - Monthly - End of period,2000-02,1.626004,A,,F
M,AU,AUD,E,0,6,A, Exchange rates against USD Australia - Australian dollar - Monthly - End of period,2000-03,1.655082,A,,F
M,AU,AUD,E,0,6,A, Exchange rates against USD Australia - Australian dollar - Monthly - End of period,2000-04,1.711833,A,,F
M,AU,AUD,E,0,6,A, Exchange rates against USD Australia - Australian dollar - Monthly - End of period,2000-05,1.746748,A,,F
M,AU,AUD,E,0,6,A, Exchange rates against USD Australia - Australian dollar - Monthly - End of period,2000-06,1.663248,A,,F
M,AU,AUD,E,0,6,A, Exchange rates against USD Australia - Australian dollar - Monthly - End of period,2000-07,1.729525,A,,F
M,AU,AUD,E,0,6,A, Exchange rates against USD Australia - Australian dollar - Monthly - End of period,2000-08,1.745677,A,,F
M,AU,AUD,E,0,6,A, Exchange rates against USD Australia - Australian dollar - Monthly - End of period,2000-09,1.845978,A,,F
M,AU,AUD,E,0,6,A, Exchange rates against USD Australia - Australian dollar - Monthly - End of period,2000-10,1.945705,A,,F
M,AU,AUD,E,0,6,A, Exchange rates against USD Australia - Australian dollar - Monthly - End of period,2000-11,1.905919,A,,F
M,AU,AUD,E,0,6,A, Exchange rates against USD Australia - Australian dollar - Monthly - End of period,2000-12,1.802257,A,,F
M,AU,AUD,E,0,6,A, Exchange rates against USD Australia - Australian dollar - Monthly - End of period,2001-01,1.832993,A,,F
M,AU,AUD,E,0,6,A, Exchange rates against USD Australia - Australian dollar - Monthly - End of period,2001-02,1.898465,A,,F
M,AU,AUD,E,0,6,A, Exchange rates against USD Australia - Australian dollar - Monthly - End of period,2001-03,2.055933,A,,F
M,AU,AUD,E,0,6,A, Exchange rates against USD Australia - Australian dollar - Monthly - End of period,2001-04,1.968905,A,,F
M,AU,AUD,E,0,6,A, Exchange rates against USD Australia - Australian dollar - Monthly - End of period,2001-05,1.972524,A,,F
M,AU,AUD,E,0,6,A, Exchange rates against USD Australia - Australian dollar - Monthly - End of period,2001-06,1.973467,A,,F
M,AU,AUD,E,0,6,A, Exchange rates against USD Australia - Australian dollar - Monthly - End of period,2001-07,1.973958,A,,F
M,AU,AUD,E,0,6,A, Exchange rates against USD Australia - Australian dollar - Monthly - End of period,2001-08,1.889605,A,,F
M,AU,AUD,E,0,6,A, Exchange rates against USD Australia - Australian dollar - Monthly - End of period,2001-09,2.017304,A,,F
M,AU,AUD,E,0,6,A, Exchange rates against USD Australia - Australian dollar - Monthly - End of period,2001-10,1.984296,A,,F
M,AU,AUD,E,0,6,A, Exchange rates against USD Australia - Australian dollar - Monthly - End of period,2001-11,1.918746,A,,F
M,AU,AUD,E,0,6,A, Exchange rates against USD Australia - Australian dollar - Monthly - End of period,2001-12,1.96074,A,,F
M,AU,AUD,E,0,6,A, Exchange rates against USD Australia - Australian dollar - Monthly - End of period,2002-01,1.965497,A,,F
M,AU,AUD,E,0,6,A, Exchange rates against USD Australia - Australian dollar - Monthly - End of period,2002-02,1.937464,A,,F
M,AU,AUD,E,0,6,A, Exchange rates against USD Australia - Australian dollar - Monthly - End of period,2002-03,1.877808,A,,F
M,AU,AUD,E,0,6,A, Exchange rates against USD Australia - Australian dollar - Monthly - End of period,2002-04,1.861901,A,,F
M,AU,AUD,E,0,6,A, Exchange rates against USD Australia - Australian dollar - Monthly - End of period,2002-05,1.759242,A,,F
M,AU,AUD,E,0,6,A, Exchange rates against USD Australia - Australian dollar - Monthly - End of period,2002-06,1.774637,A,,F
M,AU,AUD,E,0,6,A, Exchange rates against USD Australia - Australian dollar - Monthly - End of period,2002-07,1.828171,A,,F
M,AU,AUD,E,0,6,A, Exchange rates against USD Australia - Australian dollar - Monthly - End of period,2002-08,1.810231,A,,F
M,AU,AUD,E,0,6,A, Exchange rates against USD Australia - Australian dollar - Monthly - End of period,2002-09,1.835801,A,,F
M,AU,AUD,E,0,6,A, Exchange rates against USD Australia - Australian dollar - Monthly - End of period,2002-10,1.80586,A,,F
M,AU,AUD,E,0,6,A, Exchange rates against USD Australia - Australian dollar - Monthly - End of period,2002-11,1.788556,A,,F
M,AU,AUD,E,0,6,A, Exchange rates against USD Australia - Australian dollar - Monthly - End of period,2002-12,1.769429,A,,F
M,AU,AUD,E,0,6,A, Exchange rates against USD Australia - Australian dollar - Monthly - End of period,2003-01,1.700906,A,,F
M,AU,AUD,E,0,6,A, Exchange rates against USD Australia - Australian dollar - Monthly - End of period,2003-02,1.652384,A,,F
M,AU,AUD,E,0,6,A, Exchange rates against USD Australia - Australian dollar - Monthly - End of period,2003-03,1.65911,A,,F
M,AU,AUD,E,0,6,A, Exchange rates against USD Australia - Australian dollar - Monthly - End of period,2003-04,1.601114,A,,F
M,AU,AUD,E,0,6,A, Exchange rates against USD Australia - Australian dollar - Monthly - End of period,2003-05,1.534089,A,,F
M,AU,AUD,E,0,6,A, Exchange rates against USD Australia - Australian dollar - Monthly - End of period,2003-06,1.497856,A,,F
M,AU,AUD,E,0,6,A, Exchange rates against USD Australia - Australian dollar - Monthly - End of period,2003-07,1.542234,A,,F
M,AU,AUD,E,0,6,A, Exchange rates against USD Australia - Australian dollar - Monthly - End of period,2003-08,1.556877,A,,F
M,AU,AUD,E,0,6,A, Exchange rates against USD Australia - Australian dollar - Monthly - End of period,2003-09,1.467645,A,,F
M,AU,AUD,E,0,6,A, Exchange rates against USD Australia - Australian dollar - Monthly - End of period,2003-10,1.416624,A,,F
M,AU,AUD,E,0,6,A, Exchange rates against USD Australia - Australian dollar - Monthly - End of period,2003-11,1.382608,A,,F
M,AU,AUD,E,0,6,A, Exchange rates against USD Australia - Australian dollar - Monthly - End of period,2003-12,1.330325,A,,F
M,AU,AUD,E,0,6,A, Exchange rates against USD Australia - Australian dollar - Monthly - End of period,2004-01,1.323966,A,,F
M,AU,AUD,E,0,6,A, Exchange rates against USD Australia - Australian dollar - Monthly - End of period,2004-02,1.301256,A,,F
M,AU,AUD,E,0,6,A, Exchange rates against USD Australia - Australian dollar - Monthly - End of period,2004-03,1.313154,A,,F
M,AU,AUD,E,0,6,A, Exchange rates against USD Australia - Australian dollar - Monthly - End of period,2004-04,1.387545,A,,F
M,AU,AUD,E,0,6,A, Exchange rates against USD Australia - Australian dollar - Monthly - End of period,2004-05,1.396294,A,,F
M,AU,AUD,E,0,6,A, Exchange rates against USD Australia - Australian dollar - Monthly - End of period,2004-06,1.444179,A,,F
M,AU,AUD,E,0,6,A, Exchange rates against USD Australia - Australian dollar - Monthly - End of period,2004-07,1.425783,A,,F
M,AU,AUD,E,0,6,A, Exchange rates against USD Australia - Australian dollar - Monthly - End of period,2004-08,1.428288,A,,F
M,AU,AUD,E,0,6,A, Exchange rates against USD Australia - Australian dollar - Monthly - End of period,2004-09,1.387058,A,,F
M,AU,AUD,E,0,6,A, Exchange rates against USD Australia - Australian dollar - Monthly - End of period,2004-10,1.341603,A,,F
M,AU,AUD,E,0,6,A, Exchange rates against USD Australia - Australian dollar - Monthly - End of period,2004-11,1.289733,A,,F
M,AU,AUD,E,0,6,A, Exchange rates against USD Australia - Australian dollar - Monthly - End of period,2004-12,1.281771,A,,F
M,AU,AUD,E,0,6,A, Exchange rates against USD Australia - Australian dollar - Monthly - End of period,2005-01,1.290832,A,,F
M,AU,AUD,E,0,6,A, Exchange rates against USD Australia - Australian dollar - Monthly - End of period,2005-02,1.261975,A,,F
M,AU,AUD,E,0,6,A, Exchange rates against USD Australia - Australian dollar - Monthly - End of period,2005-03,1.293042,A,,F
M,AU,AUD,E,0,6,A, Exchange rates against USD Australia - Australian dollar - Monthly - End of period,2005-04,1.27846,A,,F
M,AU,AUD,E,0,6,A, Exchange rates against USD Australia - Australian dollar - Monthly - End of period,2005-05,1.322602,A,,F
M,AU,AUD,E,0,6,A, Exchange rates against USD Australia - Australian dollar - Monthly - End of period,2005-06,1.313678,A,,F
M,AU,AUD,E,0,6,A, Exchange rates against USD Australia - Australian dollar - Monthly - End of period,2005-07,1.315141,A,,F
M,AU,AUD,E,0,6,A, Exchange rates against USD Australia - Australian dollar - Monthly - End of period,2005-08,1.33981,A,,F
M,AU,AUD,E,0,6,A, Exchange rates against USD Australia - Australian dollar - Monthly - End of period,2005-09,1.3144,A,,F
M,AU,AUD,E,0,6,A, Exchange rates against USD Australia - Australian dollar - Monthly - End of period,2005-10,1.33386,A,,F
M,AU,AUD,E,0,6,A, Exchange rates against USD Australia - Australian dollar - Monthly - End of period,2005-11,1.353131,A,,F
M,AU,AUD,E,0,6,A, Exchange rates against USD Australia - Australian dollar - Monthly - End of period,2005-12,1.365517,A,,F
M,AU,AUD,E,0,6,A, Exchange rates against USD Australia - Australian dollar - Monthly - End of period,2006-01,1.326126,A,,F
M,AU,AUD,E,0,6,A, Exchange rates against USD Australia - Australian dollar - Monthly - End of period,2006-02,1.351663,A,,F
M,AU,AUD,E,0,6,A, Exchange rates against USD Australia - Australian dollar - Monthly - End of period,2006-03,1.404247,A,,F
M,AU,AUD,E,0,6,A, Exchange rates against USD Australia - Australian dollar - Monthly - End of period,2006-04,1.324001,A,,F
M,AU,AUD,E,0,6,A, Exchange rates against USD Australia - Australian dollar - Monthly - End of period,2006-05,1.317454,A,,F
M,AU,AUD,E,0,6,A, Exchange rates against USD Australia - Australian dollar - Monthly - End of period,2006-06,1.346417,A,,F
M,AU,AUD,E,0,6,A, Exchange rates against USD Australia - Australian dollar - Monthly - End of period,2006-07,1.305867,A,,F
M,AU,AUD,E,0,6,A, Exchange rates against USD Australia - Australian dollar - Monthly - End of period,2006-08,1.308069,A,,F
M,AU,AUD,E,0,6,A, Exchange rates against USD Australia - Australian dollar - Monthly - End of period,2006-09,1.34218,A,,F
M,AU,AUD,E,0,6,A, Exchange rates against USD Australia - Australian dollar - Monthly - End of period,2006-10,1.300331,A,,F
M,AU,AUD,E,0,6,A, Exchange rates against USD Australia - Australian dollar - Monthly - End of period,2006-11,1.269167,A,,F
M,AU,AUD,E,0,6,A, Exchange rates against USD Australia - Australian dollar - Monthly - End of period,2006-12,1.26735,A,,F
M,AU,AUD,E,0,6,A, Exchange rates against USD Australia - Australian dollar - Monthly - End of period,2007-01,1.295816,A,,F
M,AU,AUD,E,0,6,A, Exchange rates against USD Australia - Australian dollar - Monthly - End of period,2007-02,1.268715,A,,F
M,AU,AUD,E,0,6,A, Exchange rates against USD Australia - Australian dollar - Monthly - End of period,2007-03,1.237723,A,,F
M,AU,AUD,E,0,6,A, Exchange rates against USD Australia - Australian dollar - Monthly - End of period,2007-04,1.207424,A,,F
M,AU,AUD,E,0,6,A, Exchange rates against USD Australia - Australian dollar - Monthly - End of period,2007-05,1.209321,A,,F
M,AU,AUD,E,0,6,A, Exchange rates against USD Australia - Australian dollar - Monthly - End of period,2007-06,1.176231,A,,F
M,AU,AUD,E,0,6,A, Exchange rates against USD Australia - Australian dollar - Monthly - End of period,2007-07,1.163712,A,,F
M,AU,AUD,E,0,6,A, Exchange rates against USD Australia - Australian dollar - Monthly - End of period,2007-08,1.21795,A,,F
M,AU,AUD,E,0,6,A, Exchange rates against USD Australia - Australian dollar - Monthly - End of period,2007-09,1.133578,A,,F
M,AU,AUD,E,0,6,A, Exchange rates against USD Australia - Australian dollar - Monthly - End of period,2007-10,1.083824,A,,F
M,AU,AUD,E,0,6,A, Exchange rates against USD Australia - Australian dollar - Monthly - End of period,2007-11,1.127498,A,,F
M,AU,AUD,E,0,6,A, Exchange rates against USD Australia - Australian dollar - Monthly - End of period,2007-12,1.138306,A,,F
M,AU,AUD,E,0,6,A, Exchange rates against USD Australia - Australian dollar - Monthly - End of period,2008-01,1.121856,A,,F
M,AU,AUD,E,0,6,A, Exchange rates against USD Australia - Australian dollar - Monthly - End of period,2008-02,1.069823,A,,F
M,AU,AUD,E,0,6,A, Exchange rates against USD Australia - Australian dollar - Monthly - End of period,2008-03,1.096256,A,,F
M,AU,AUD,E,0,6,A, Exchange rates against USD Australia - Australian dollar - Monthly - End of period,2008-04,1.069112,A,,F
M,AU,AUD,E,0,6,A, Exchange rates against USD Australia - Australian dollar - Monthly - End of period,2008-05,1.045396,A,,F
M,AU,AUD,E,0,6,A, Exchange rates against USD Australia - Australian dollar - Monthly - End of period,2008-06,1.038505,A,,F
M,AU,AUD,E,0,6,A, Exchange rates against USD Australia - Australian dollar - Monthly - End of period,2008-07,1.05983,A,,F
M,AU,AUD,E,0,6,A, Exchange rates against USD Australia - Australian dollar - Monthly - End of period,2008-08,1.158195,A,,F
M,AU,AUD,E,0,6,A, Exchange rates against USD Australia - Australian dollar - Monthly - End of period,2008-09,1.240229,A,,F
M,AU,AUD,E,0,6,A, Exchange rates against USD Australia - Australian dollar - Monthly - End of period,2008-10,1.50874,A,,F
M,AU,AUD,E,0,6,A, Exchange rates against USD Australia - Australian dollar - Monthly - End of period,2008-11,1.534769,A,,F
M,AU,AUD,E,0,6,A, Exchange rates against USD Australia - Australian dollar - Monthly - End of period,2008-12,1.456779,A,,F
M,AU,AUD,E,0,6,A, Exchange rates against USD Australia - Australian dollar - Monthly - End of period,2009-01,1.569522,A,,F
M,AU,AUD,E,0,6,A, Exchange rates against USD Australia - Australian dollar - Monthly - End of period,2009-02,1.573157,A,,F
M,AU,AUD,E,0,6,A, Exchange rates against USD Australia - Australian dollar - Monthly - End of period,2009-03,1.443943,A,,F
M,AU,AUD,E,0,6,A, Exchange rates against USD Australia - Australian dollar - Monthly - End of period,2009-04,1.36693,A,,F
M,AU,AUD,E,0,6,A, Exchange rates against USD Australia - Australian dollar - Monthly - End of period,2009-05,1.25344,A,,F
M,AU,AUD,E,0,6,A, Exchange rates against USD Australia - Australian dollar - Monthly - End of period,2009-06,1.228173,A,,F
M,AU,AUD,E,0,6,A, Exchange rates against USD Australia - Australian dollar - Monthly - End of period,2009-07,1.206677,A,,F
M,AU,AUD,E,0,6,A, Exchange rates against USD Australia - Australian dollar - Monthly - End of period,2009-08,1.197239,A,,F
M,AU,AUD,E,0,6,A, Exchange rates against USD Australia - Australian dollar - Monthly - End of period,2009-09,1.133374,A,,F
M,AU,AUD,E,0,6,A, Exchange rates against USD Australia - Australian dollar - Monthly - End of period,2009-10,1.099595,A,,F
M,AU,AUD,E,0,6,A, Exchange rates against USD Australia - Australian dollar - Monthly - End of period,2009-11,1.095121,A,,F
M,AU,AUD,E,0,6,A, Exchange rates against USD Australia - Australian dollar - Monthly - End of period,2009-12,1.111204,A,,F
M,AU,AUD,E,0,6,A, Exchange rates against USD Australia - Australian dollar - Monthly - End of period,2010-01,1.119791,A,,F
M,AU,AUD,E,0,6,A, Exchange rates against USD Australia - Australian dollar - Monthly - End of period,2010-02,1.123066,A,,F
M,AU,AUD,E,0,6,A, Exchange rates against USD Australia - Australian dollar - Monthly - End of period,2010-03,1.093627,A,,F
M,AU,AUD,E,0,6,A, Exchange rates against USD Australia - Australian dollar - Monthly - End of period,2010-04,1.073376,A,,F
M,AU,AUD,E,0,6,A, Exchange rates against USD Australia - Australian dollar - Monthly - End of period,2010-05,1.184367,A,,F
M,AU,AUD,E,0,6,A, Exchange rates against USD Australia - Australian dollar - Monthly - End of period,2010-06,1.173743,A,,F
M,AU,AUD,E,0,6,A, Exchange rates against USD Australia - Australian dollar - Monthly - End of period,2010-07,1.110378,A,,F
M,AU,AUD,E,0,6,A, Exchange rates against USD Australia - Australian dollar - Monthly - End of period,2010-08,1.128076,A,,F
M,AU,AUD,E,0,6,A, Exchange rates against USD Australia - Australian dollar - Monthly - End of period,2010-09,1.03092,A,,F
M,AU,AUD,E,0,6,A, Exchange rates against USD Australia - Australian dollar - Monthly - End of period,2010-10,1.025907,A,,F
M,AU,AUD,E,0,6,A, Exchange rates against USD Australia - Australian dollar - Monthly - End of period,2010-11,1.04593,A,,F
M,AU,AUD,E,0,6,A, Exchange rates against USD Australia - Australian dollar - Monthly - End of period,2010-12,0.983086,A,,F
M,AU,AUD,E,0,6,A, Exchange rates against USD Australia - Australian dollar - Monthly - End of period,2011-01,1.005186,A,,F
M,AU,AUD,E,0,6,A, Exchange rates against USD Australia - Australian dollar - Monthly - End of period,2011-02,0.983157,A,,F
M,AU,AUD,E,0,6,A, Exchange rates against USD Australia - Australian dollar - Monthly - End of period,2011-03,0.966847,A,,F
M,AU,AUD,E,0,6,A, Exchange rates against USD Australia - Australian dollar - Monthly - End of period,2011-04,0.912517,A,,F
M,AU,AUD,E,0,6,A, Exchange rates against USD Australia - Australian dollar - Monthly - End of period,2011-05,0.938756,A,,F
M,AU,AUD,E,0,6,A, Exchange rates against USD Australia - Australian dollar - Monthly - End of period,2011-06,0.933024,A,,F
M,AU,AUD,E,0,6,A, Exchange rates against USD Australia - Australian dollar - Monthly - End of period,2011-07,0.915147,A,,F
M,AU,AUD,E,0,6,A, Exchange rates against USD Australia - Australian dollar - Monthly - End of period,2011-08,0.936263,A,,F
M,AU,AUD,E,0,6,A, Exchange rates against USD Australia - Australian dollar - Monthly - End of period,2011-09,1.027475,A,,F
M,AU,AUD,E,0,6,A, Exchange rates against USD Australia - Australian dollar - Monthly - End of period,2011-10,0.944575,A,,F
M,AU,AUD,E,0,6,A, Exchange rates against USD Australia - Australian dollar - Monthly - End of period,2011-11,0.981145,A,,F
M,AU,AUD,E,0,6,A, Exchange rates against USD Australia - Australian dollar - Monthly - End of period,2011-12,0.983306,A,,F
M,AU,AUD,E,0,6,A, Exchange rates against USD Australia - Australian dollar - Monthly - End of period,2012-01,0.938525,A,,F
M,AU,AUD,E,0,6,A, Exchange rates against USD Australia - Australian dollar - Monthly - End of period,2012-02,0.923455,A,,F
M,AU,AUD,E,0,6,A, Exchange rates against USD Australia - Australian dollar - Monthly - End of period,2012-03,0.961066,A,,F
M,AU,AUD,E,0,6,A, Exchange rates against USD Australia - Australian dollar - Monthly - End of period,2012-04,0.959891,A,,F
M,AU,AUD,E,0,6,A, Exchange rates against USD Australia - Australian dollar - Monthly - End of period,2012-05,1.026848,A,,F
M,AU,AUD,E,0,6,A, Exchange rates against USD Australia - Australian dollar - Monthly - End of period,2012-06,0.980064,A,,F
M,AU,AUD,E,0,6,A, Exchange rates against USD Australia - Australian dollar - Monthly - End of period,2012-07,0.950423,A,,F
M,AU,AUD,E,0,6,A, Exchange rates against USD Australia - Australian dollar - Monthly - End of period,2012-08,0.967489,A,,F
M,AU,AUD,E,0,6,A, Exchange rates against USD Australia - Australian dollar - Monthly - End of period,2012-09,0.958701,A,,F
M,AU,AUD,E,0,6,A, Exchange rates against USD Australia - Australian dollar - Monthly - End of period,2012-10,0.964211,A,,F
M,AU,AUD,E,0,6,A, Exchange rates against USD Australia - Australian dollar - Monthly - End of period,2012-11,0.960573,A,,F
M,AU,AUD,E,0,6,A, Exchange rates against USD Australia - Australian dollar - Monthly - End of period,2012-12,0.963468,A,,F
M,AU,AUD,E,0,6,A, Exchange rates against USD Australia - Australian dollar - Monthly - End of period,2013-01,0.960074,A,,F
M,AU,AUD,E,0,6,A, Exchange rates against USD Australia - Australian dollar - Monthly - End of period,2013-02,0.975626,A,,F
M,AU,AUD,E,0,6,A, Exchange rates against USD Australia - Australian dollar - Monthly - End of period,2013-03,0.961187,A,,F
M,AU,AUD,E,0,6,A, Exchange rates against USD Australia - Australian dollar - Monthly - End of period,2013-04,0.967641,A,,F
M,AU,AUD,E,0,6,A, Exchange rates against USD Australia - Australian dollar - Monthly - End of period,2013-05,1.041058,A,,F
M,AU,AUD,E,0,6,A, Exchange rates against USD Australia - Australian dollar - Monthly - End of period,2013-06,1.08341,A,,F
M,AU,AUD,E,0,6,A, Exchange rates against USD Australia - Australian dollar - Monthly - End of period,2013-07,1.109228,A,,F
M,AU,AUD,E,0,6,A, Exchange rates against USD Australia - Australian dollar - Monthly - End of period,2013-08,1.119758,A,,F
M,AU,AUD,E,0,6,A, Exchange rates against USD Australia - Australian dollar - Monthly - End of period,2013-09,1.07264,A,,F
M,AU,AUD,E,0,6,A, Exchange rates against USD Australia - Australian dollar - Monthly - End of period,2013-10,1.052196,A,,F
M,AU,AUD,E,0,6,A, Exchange rates against USD Australia - Australian dollar - Monthly - End of period,2013-11,1.097201,A,,F
M,AU,AUD,E,0,6,A, Exchange rates against USD Australia - Australian dollar - Monthly - End of period,2013-12,1.118338,A,,F
M,AU,AUD,E,0,6,A, Exchange rates against USD Australia - Australian dollar - Monthly - End of period,2014-01,1.147973,A,,F
M,AU,AUD,E,0,6,A, Exchange rates against USD Australia - Australian dollar - Monthly - End of period,2014-02,1.115905,A,,F
M,AU,AUD,E,0,6,A, Exchange rates against USD Australia - Australian dollar - Monthly - End of period,2014-03,1.083623,A,,F
M,AU,AUD,E,0,6,A, Exchange rates against USD Australia - Australian dollar - Monthly - End of period,2014-04,1.079206,A,,F
M,AU,AUD,E,0,6,A, Exchange rates against USD Australia - Australian dollar - Monthly - End of period,2014-05,1.075549,A,,F
M,AU,AUD,E,0,6,A, Exchange rates against USD Australia - Australian dollar - Monthly - End of period,2014-06,1.064358,A,,F
M,AU,AUD,E,0,6,A, Exchange rates against USD Australia - Australian dollar - Monthly - End of period,2014-07,1.076015,A,,F
M,AU,AUD,E,0,6,A, Exchange rates against USD Australia - Australian dollar - Monthly - End of period,2014-08,1.070898,A,,F
M,AU,AUD,E,0,6,A, Exchange rates against USD Australia - Australian dollar - Monthly - End of period,2014-09,1.147739,A,,F
M,AU,AUD,E,0,6,A, Exchange rates against USD Australia - Australian dollar - Monthly - End of period,2014-10,1.137736,A,,F
M,AU,AUD,E,0,6,A, Exchange rates against USD Australia - Australian dollar - Monthly - End of period,2014-11,1.173356,A,,F
M,AU,AUD,E,0,6,A, Exchange rates against USD Australia - Australian dollar - Monthly - End of period,2014-12,1.221399,A,,F
M,AU,AUD,E,0,6,A, Exchange rates against USD Australia - Australian dollar - Monthly - End of period,2015-01,1.285714,A,,F
M,AU,AUD,E,0,6,A, Exchange rates against USD Australia - Australian dollar - Monthly - End of period,2015-02,1.277402,A,,F
M,AU,AUD,E,0,6,A, Exchange rates against USD Australia - Australian dollar - Monthly - End of period,2015-03,1.31555,A,,F
M,AU,AUD,E,0,6,A, Exchange rates against USD Australia - Australian dollar - Monthly - End of period,2015-04,1.262684,A,,F
M,AU,AUD,E,0,6,A, Exchange rates against USD Australia - Australian dollar - Monthly - End of period,2015-05,1.307019,A,,F
M,AU,AUD,E,0,6,A, Exchange rates against USD Australia - Australian dollar - Monthly - End of period,2015-06,1.300384,A,,F
M,AU,AUD,E,0,6,A, Exchange rates against USD Australia - Australian dollar - Monthly - End of period,2015-07,1.380505,A,,F
M,AU,AUD,E,0,6,A, Exchange rates against USD Australia - Australian dollar - Monthly - End of period,2015-08,1.404637,A,,F
M,AU,AUD,E,0,6,A, Exchange rates against USD Australia - Australian dollar - Monthly - End of period,2015-09,1.422744,A,,F
M,AU,AUD,E,0,6,A, Exchange rates against USD Australia - Australian dollar - Monthly - End of period,2015-10,1.41091,A,,F
M,AU,AUD,E,0,6,A, Exchange rates against USD Australia - Australian dollar - Monthly - End of period,2015-11,1.386804,A,,F
M,AU,AUD,E,0,6,A, Exchange rates against USD Australia - Australian dollar - Monthly - End of period,2015-12,1.368329,A,,F
M,AU,AUD,E,0,6,A, Exchange rates against USD Australia - Australian dollar - Monthly - End of period,2016-01,1.409158,A,,F
M,AU,AUD,E,0,6,A, Exchange rates against USD Australia - Australian dollar - Monthly - End of period,2016-02,1.401543,A,,F
M,AU,AUD,E,0,6,A, Exchange rates against USD Australia - Australian dollar - Monthly - End of period,2016-03,1.300571,A,,F
M,AU,AUD,E,0,6,A, Exchange rates against USD Australia - Australian dollar - Monthly - End of period,2016-04,1.310883,A,,F
M,AU,AUD,E,0,6,A, Exchange rates against USD Australia - Australian dollar - Monthly - End of period,2016-05,1.377622,A,,F
M,AU,AUD,E,0,6,A, Exchange rates against USD Australia - Australian dollar - Monthly - End of period,2016-06,1.344713,A,,F
M,AU,AUD,E,0,6,A, Exchange rates against USD Australia - Australian dollar - Monthly - End of period,2016-07,1.330154,A,,F
M,AU,AUD,E,0,6,A, Exchange rates against USD Australia - Australian dollar - Monthly - End of period,2016-08,1.33004,A,,F
M,AU,AUD,E,0,6,A, Exchange rates against USD Australia - Australian dollar - Monthly - End of period,2016-09,1.313234,A,,F
M,AU,AUD,E,0,6,A, Exchange rates against USD Australia - Australian dollar - Monthly - End of period,2016-10,1.315275,A,,F
M,AU,AUD,E,0,6,A, Exchange rates against USD Australia - Australian dollar - Monthly - End of period,2016-11,1.343771,A,,F
M,AU,AUD,E,0,6,A, Exchange rates against USD Australia - Australian dollar - Monthly - End of period,2016-12,1.384688,A,,F
M,AU,AUD,E,0,6,A, Exchange rates against USD Australia - Australian dollar - Monthly - End of period,2017-01,1.32013,A,,F
M,AU,AUD,E,0,6,A, Exchange rates against USD Australia - Australian dollar - Monthly - End of period,2017-02,1.302916,A,,F
M,AU,AUD,E,0,6,A, Exchange rates against USD Australia - Australian dollar - Monthly - End of period,2017-03,1.307829,A,,F
M,AU,AUD,E,0,6,A, Exchange rates against USD Australia - Australian dollar - Monthly - End of period,2017-04,1.338426,A,,F
M,AU,AUD,E,0,6,A, Exchange rates against USD Australia - Australian dollar - Monthly - End of period,2017-05,1.341592,A,,F
M,AU,AUD,E,0,6,A, Exchange rates against USD Australia - Australian dollar - Monthly - End of period,2017-06,1.301349,A,,F
M,AU,AUD,E,0,6,A, Exchange rates against USD Australia - Australian dollar - Monthly - End of period,2017-07,1.254626,A,,F
M,AU,AUD,E,0,6,A, Exchange rates against USD Australia - Australian dollar - Monthly - End of period,2017-08,1.269852,A,,F
M,AU,AUD,E,0,6,A, Exchange rates against USD Australia - Australian dollar - Monthly - End of period,2017-09,1.276893,A,,F
M,AU,AUD,E,0,6,A, Exchange rates against USD Australia - Australian dollar - Monthly - End of period,2017-10,1.306926,A,,F
M,AU,AUD,E,0,6,A, Exchange rates against USD Australia - Australian dollar - Monthly - End of period,2017-11,1.321546,A,,F
M,AU,AUD,E,0,6,A, Exchange rates against USD Australia - Australian dollar - Monthly - End of period,2017-12,1.27958,A,,F
M,AU,AUD,E,0,6,A, Exchange rates against USD Australia - Australian dollar - Monthly - End of period,2018-01,1.232801,A,,F
M,AU,AUD,E,0,6,A, Exchange rates against USD Australia - Australian dollar - Monthly - End of period,2018-02,1.280252,A,,F
M,AU,AUD,E,0,6,A, Exchange rates against USD Australia - Australian dollar - Monthly - End of period,2018-03,1.301518,A,,F
M,AU,AUD,E,0,6,A, Exchange rates against USD Australia - Australian dollar - Monthly - End of period,2018-04,1.325689,A,,F
M,AU,AUD,E,0,6,A, Exchange rates against USD Australia - Australian dollar - Monthly - End of period,2018-05,1.317549,A,,F
M,AU,AUD,E,0,6,A, Exchange rates against USD Australia - Australian dollar - Monthly - End of period,2018-06,1.354177,A,,F
M,AU,AUD,E,0,6,A, Exchange rates against USD Australia - Australian dollar - Monthly - End of period,2018-07,1.346626,A,,F
M,AU,AUD,E,0,6,A, Exchange rates against USD Australia - Australian dollar - Monthly - End of period,2018-08,1.384345,A,,F
M,AU,AUD,E,0,6,A, Exchange rates against USD Australia - Australian dollar - Monthly - End of period,2018-09,1.386317,A,,F
M,AU,AUD,E,0,6,A, Exchange rates against USD Australia - Australian dollar - Monthly - End of period,2018-10,1.411203,A,,F
M,AU,AUD,E,0,6,A, Exchange rates against USD Australia - Australian dollar - Monthly - End of period,2018-11,1.370279,A,,F
M,AU,AUD,E,0,6,A, Exchange rates against USD Australia - Australian dollar - Monthly - End of period,2018-12,1.416594,A,,F
M,AU,AUD,E,0,6,A, Exchange rates against USD Australia - Australian dollar - Monthly - End of period,2019-01,1.374217,A,,F
M,AU,AUD,E,0,6,A, Exchange rates against USD Australia - Australian dollar - Monthly - End of period,2019-02,1.400491,A,,F
M,AU,AUD,E,0,6,A, Exchange rates against USD Australia - Australian dollar - Monthly - End of period,2019-03,1.408189,A,,F
M,AU,AUD,E,0,6,A, Exchange rates against USD Australia - Australian dollar - Monthly - End of period,2019-04,1.418346,A,,F
M,AU,AUD,E,0,6,A, Exchange rates against USD Australia - Australian dollar - Monthly - End of period,2019-05,1.447045,A,,F
M,AU,AUD,E,0,6,A, Exchange rates against USD Australia - Australian dollar - Monthly - End of period,2019-06,1.427417,A,,F
M,AU,AUD,E,0,6,A, Exchange rates against USD Australia - Australian dollar - Monthly - End of period,2019-07,1.450543,A,,F
M,AU,AUD,E,0,6,A, Exchange rates against USD Australia - Australian dollar - Monthly - End of period,2019-08,1.485864,A,,F
M,AU,AUD,E,0,6,A, Exchange rates against USD Australia - Australian dollar - Monthly - End of period,2019-09,1.480944,A,,F
M,AU,AUD,E,0,6,A, Exchange rates against USD Australia - Australian dollar - Monthly - End of period,2019-10,1.446746,A,,F
M,AU,AUD,E,0,6,A, Exchange rates against USD Australia - Australian dollar - Monthly - End of period,2019-11,1.477691,A,,F
M,AU,AUD,E,0,6,A, Exchange rates against USD Australia - Australian dollar - Monthly - End of period,2019-12,1.423803,A,,F
M,AU,AUD,E,0,6,A, Exchange rates against USD Australia - Australian dollar - Monthly - End of period,2020-01,1.4924,A,,F
M,AU,AUD,E,0,6,A, Exchange rates against USD Australia - Australian dollar - Monthly - End of period,2020-02,1.537305,A,,F
M,AU,AUD,E,0,6,A, Exchange rates against USD Australia - Australian dollar - Monthly - End of period,2020-03,1.639923,A,,F
M,AU,AUD,E,0,6,A, Exchange rates against USD Australia - Australian dollar - Monthly - End of period,2020-04,1.526113,A,,F
M,AU,AUD,E,0,6,A, Exchange rates against USD Australia - Australian dollar - Monthly - End of period,2020-05,1.497935,A,,F
M,AU,AUD,E,0,6,A, Exchange rates against USD Australia - Australian dollar - Monthly - End of period,2020-06,1.459546,A,,F
M,AU,AUD,E,0,6,A, Exchange rates against USD Australia - Australian dollar - Monthly - End of period,2020-07,1.391627,A,,F
M,AU,AUD,E,0,6,A, Exchange rates against USD Australia - Australian dollar - Monthly - End of period,2020-08,1.357956,A,,F
M,AU,AUD,E,0,6,A, Exchange rates against USD Australia - Australian dollar - Monthly - End of period,2020-09,1.403997,A,,F
M,AU,AUD,E,0,6,A, Exchange rates against USD Australia - Australian dollar - Monthly - End of period,2020-10,1.415883,A,,F
M,AU,AUD,E,0,6,A, Exchange rates against USD Australia - Australian dollar - Monthly - End of period,2020-11,1.356093,A,,F
M,AU,AUD,E,0,6,A, Exchange rates against USD Australia - Australian dollar - Monthly - End of period,2020-12,1.295412,A,,F
M,AU,AUD,E,0,6,A, Exchange rates against USD Australia - Australian dollar - Monthly - End of period,2021-01,1.303477,A,,F
M,AU,AUD,E,0,6,A, Exchange rates against USD Australia - Australian dollar - Monthly - End of period,2021-02,1.287435,A,,F
M,AU,AUD,E,0,6,A, Exchange rates against USD Australia - Australian dollar - Monthly - End of period,2021-03,1.314456,A,,F
M,AU,AUD,E,0,6,A, Exchange rates against USD Australia - Australian dollar - Monthly - End of period,2021-04,1.289604,A,,F
M,AU,AUD,E,0,6,A, Exchange rates against USD Australia - Australian dollar - Monthly - End of period,2021-05,1.292927,A,,F
M,AU,AUD,E,0,6,A, Exchange rates against USD Australia - Australian dollar - Monthly - End of period,2021-06,1.333978,A,,F
M,AU,AUD,E,0,6,A, Exchange rates against USD Australia - Australian dollar - Monthly - End of period,2021-07,1.35674,A,,F
M,AU,AUD,E,0,6,A, Exchange rates against USD Australia - Australian dollar - Monthly - End of period,2021-08,1.365219,A,,F
M,AU,AUD,E,0,6,A, Exchange rates against USD Australia - Australian dollar - Monthly - End of period,2021-09,1.390016,A,,F
M,AU,AUD,E,0,6,A, Exchange rates against USD Australia - Australian dollar - Monthly - End of period,2021-10,1.327179,A,,F
M,AU,AUD,E,0,6,A, Exchange rates against USD Australia - Australian dollar - Monthly - End of period,2021-11,1.399102,A,,F
M,AU,AUD,E,0,6,A, Exchange rates against USD Australia - Australian dollar - Monthly - End of period,2021-12,1.378686,A,,F
M,AU,AUD,E,0,6,A, Exchange rates against USD Australia - Australian dollar - Monthly - End of period,2022-01,1.418071,A,,F
M,AU,AUD,E,0,6,A, Exchange rates against USD Australia - Australian dollar - Monthly - End of period,2022-02,1.384766,A,,F
M,AU,AUD,E,0,6,A, Exchange rates against USD Australia - Australian dollar - Monthly - End of period,2022-03,1.335826,A,,F
M,AU,AUD,E,0,6,A, Exchange rates against USD Australia - Australian dollar - Monthly - End of period,2022-04,1.394592,A,,F
M,AU,AUD,E,0,6,A, Exchange rates against USD Australia - Australian dollar - Monthly - End of period,2022-05,1.393914,A,,F
M,AU,AUD,E,0,6,A, Exchange rates against USD Australia - Australian dollar - Monthly - End of period,2022-06,1.453644,A,,F
M,AU,AUD,E,0,6,A, Exchange rates against USD Australia - Australian dollar - Monthly - End of period,2022-07,1.436164,A,,F
M,AU,AUD,E,0,6,A, Exchange rates against USD Australia - Australian dollar - Monthly - End of period,2022-08,1.4591,A,,F
M,AU,AUD,E,0,6,A, Exchange rates against USD Australia - Australian dollar - Monthly - End of period,2022-09,1.546574,A,,F
M,AU,AUD,E,0,6,A, Exchange rates against USD Australia - Australian dollar - Monthly - End of period,2022-10,1.566371,A,,F
M,AU,AUD,E,0,6,A, Exchange rates against USD Australia - Australian dollar - Monthly - End of period,2022-11,1.486604,A,,F
M,AU,AUD,E,0,6,A, Exchange rates against USD Australia - Australian dollar - Monthly - End of period,2022-12,1.471311,A,,F
M,AU,AUD,E,0,6,A, Exchange rates against USD Australia - Australian dollar - Monthly - End of period,2023-01,1.428598,A,,F
M,AU,AUD,E,0,6,A, Exchange rates against USD Australia - Australian dollar - Monthly - End of period,2023-02,1.484132,A,,F
M,AU,AUD,E,0,6,A, Exchange rates against USD Australia - Australian dollar - Monthly - End of period,2023-03,1.495908,A,,F
M,AU,AUD,E,0,6,A, Exchange rates against USD Australia - Australian dollar - Monthly - End of period,2023-04,1.51753,A,,F
M,AU,AUD,E,0,6,A, Exchange rates against USD Australia - Australian dollar - Monthly - End of period,2023-05,1.544229,A,,F
M,AU,AUD,E,0,6,A, Exchange rates against USD Australia - Australian dollar - Monthly - End of period,2023-06,1.509111,A,,F
M,AU,AUD,E,0,6,A, Exchange rates against USD Australia - Australian dollar - Monthly - End of period,2023-07,1.491064,A,,F
M,AU,AUD,E,0,6,A, Exchange rates against USD Australia - Australian dollar - Monthly - End of period,2023-08,1.544442,A,,F
M,AU,AUD,E,0,6,A, Exchange rates against USD Australia - Australian dollar - Monthly - End of period,2023-09,1.542288,A,,F
M,AU,AUD,E,0,6,A, Exchange rates against USD Australia - Australian dollar - Monthly - End of period,2023-10,1.576325,A,,F
M,AU,AUD,E,0,6,A, Exchange rates against USD Australia - Australian dollar - Monthly - End of period,2023-11,1.513311,A,,F
M,AU,AUD,E,0,6,A, Exchange rates against USD Australia - Australian dollar - Monthly - End of period,2023-12,1.471765,A,,F
M,AU,AUD,E,0,6,A, Exchange rates against USD Australia - Australian dollar - Monthly - End of period,2024-01,1.519609,A,,F
M,AU,AUD,E,0,6,A, Exchange rates against USD Australia - Australian dollar - Monthly - End of period,2024-02,1.541105,A,,F
M,AU,AUD,E,0,6,A, Exchange rates against USD Australia - Australian dollar - Monthly - End of period,2024-03,1.536121,A,,F
M,AU,AUD,E,0,6,A, Exchange rates against USD Australia - Australian dollar - Monthly - End of period,2024-04,1.532282,A,,F
M,AU,AUD,E,0,6,A, Exchange rates against USD Australia - Australian dollar - Monthly - End of period,2024-05,1.50341,A,,F
M,AU,AUD,E,0,6,A, Exchange rates against USD Australia - Australian dollar - Monthly - End of period,2024-06,1.502008,A,,F
M,AU,AUD,E,0,6,A, Exchange rates against USD Australia - Australian dollar - Monthly - End of period,2024-07,1.536295,A,,F
M,AU,AUD,E,0,6,A, Exchange rates against USD Australia - Australian dollar - Monthly - End of period,2024-08,1.470281,A,,F
M,AU,AUD,E,0,6,A, Exchange rates against USD Australia - Australian dollar - Monthly - End of period,2024-09,1.443909,A,,F
M,AU,AUD,E,0,6,A, Exchange rates against USD Australia - Australian dollar - Monthly - End of period,2024-10,1.521687,A,,F
M,AU,AUD,E,0,6,A, Exchange rates against USD Australia - Australian dollar - Monthly - End of period,2024-11,1.538061,A,,F
M,AU,AUD,E,0,6,A, Exchange rates against USD Australia - Australian dollar - Monthly - End of period,2024-12,1.6144,A,,F
M,AU,AUD,E,0,6,A, Exchange rates against USD Australia - Australian dollar - Monthly - End of period,2025-01,1.607043,A,,F
M,AU,AUD,E,0,6,A, Exchange rates against USD Australia - Australian dollar - Monthly - End of period,2025-02,1.608011,A,,F
M,AU,AUD,E,0,6,A, Exchange rates against USD Australia - Australian dollar - Monthly - End of period,2025-03,1.601294,A,,F
M,AU,AUD,E,0,6,A, Exchange rates against USD Australia - Australian dollar - Monthly - End of period,2025-04,1.564934,A,,F
M,AU,AUD,E,0,6,A, Exchange rates against USD Australia - Australian dollar - Monthly - End of period,2025-05,1.55631,A,,F
M,AU,AUD,E,0,6,A, Exchange rates against USD Australia - Australian dollar - Monthly - End of period,2025-06,1.531399,A,,F
M,AU,AUD,E,0,6,A, Exchange rates against USD Australia - Australian dollar - Monthly - End of period,2025-07,1.551808,A,,F
M,AU,AUD,E,0,6,A, Exchange rates against USD Australia - Australian dollar - Monthly - End of period,2025-08,1.532424,A,,F
M,AU,AUD,E,0,6,A, Exchange rates against USD Australia - Australian dollar - Monthly - End of period,2025-09,1.512648,A,,F
M,AU,AUD,E,0,6,A, Exchange rates against USD Australia - Australian dollar - Monthly - End of period,2025-10,1.529514,A,,F
M,AU,AUD,E,0,6,A, Exchange rates against USD Australia - Australian dollar - Monthly - End of period,2025-11,1.532163,A,,F
M,AU,AUD,E,0,6,A, Exchange rates against USD Australia - Australian dollar - Monthly - End of period,2025-12,1.496255,A,,F
M,AU,AUD,E,0,6,A, Exchange rates against USD Australia - Australian dollar - Monthly - End of period,2026-01,1.426378,A,,F
M,AU,AUD,E,0,6,A, Exchange rates against USD Australia - Australian dollar - Monthly - End of period,2026-02,1.4072,A,,F
M,AU,AUD,E,0,6,A, Exchange rates against USD Australia - Australian dollar - Monthly - End of period,2026-03,1.451818,A,,F
M,AU,AUD,E,0,6,A, Exchange rates against USD Australia - Australian dollar - Monthly - End of period,2026-04,1.398992,A,,F
M,AU,AUD,E,0,6,A, Exchange rates against USD Australia - Australian dollar - Monthly - End of period,2026-05,1.394538,A,,F
M,AU,AUD,E,0,6,A, Exchange rates against USD Australia - Australian dollar - Monthly - End of period,2026-06,1.451992,A,,F
M,AU,AUD,E,0,6,A, Exchange rates against USD Australia - Australian dollar - Monthly - End of period,2026-07,1.424902,A,,F
M,AU,AUD,E,0,6,A, Exchange rates against USD Australia - Australian dollar - Monthly - End of period,2026-08,1.396257,A,,F
M,XM,EUR,E,0,6,A, Exchange rates against USD Euro area - Euro - Monthly - End of period,1974-06,0.828947,A,,F
M,XM,EUR,E,0,6,A, Exchange rates against USD Euro area - Euro - Monthly - End of period,1974-07,0.829105,A,,F
M,XM,EUR,E,0,6,A, Exchange rates against USD Euro area - Euro - Monthly - End of period,1974-08,0.851506,A,,F
M,XM,EUR,E,0,6,A, Exchange rates against USD Euro area - Euro - Monthly - End of period,1974-09,0.84563,A,,F
M,XM,EUR,E,0,6,A, Exchange rates against USD Euro area - Euro - Monthly - End of period,1974-10,0.834244,A,,F
M,XM,EUR,E,0,6,A, Exchange rates against USD Euro area - Euro - Monthly - End of period,1974-11,0.818538,A,,F
M,XM,EUR,E,0,6,A, Exchange rates against USD Euro area - Euro - Monthly - End of period,1974-12,0.795323,A,,F
M,XM,EUR,E,0,6,A, Exchange rates against USD Euro area - Euro - Monthly - End of period,1975-01,0.77864,A,,F
M,XM,EUR,E,0,6,A, Exchange rates against USD Euro area - Euro - Monthly - End of period,1975-02,0.758622,A,,F
M,XM,EUR,E,0,6,A, Exchange rates against USD Euro area - Euro - Monthly - End of period,1975-03,0.769586,A,,F
M,XM,EUR,E,0,6,A, Exchange rates against USD Euro area - Euro - Monthly - End of period,1975-04,0.775278,A,,F
M,XM,EUR,E,0,6,A, Exchange rates against USD Euro area - Euro - Monthly - End of period,1975-05,0.768971,A,,F
M,XM,EUR,E,0,6,A, Exchange rates against USD Euro area - Euro - Monthly - End of period,1975-06,0.77861,A,,F
M,XM,EUR,E,0,6,A, Exchange rates against USD Euro area - Euro - Monthly - End of period,1975-07,0.835268,A,,F
M,XM,EUR,E,0,6,A, Exchange rates against USD Euro area - Euro - Monthly - End of period,1975-08,0.839736,A,,F
M,XM,EUR,E,0,6,A, Exchange rates against USD Euro area - Euro - Monthly - End of period,1975-09,0.866168,A,,F
M,XM,EUR,E,0,6,A, Exchange rates against USD Euro area - Euro - Monthly - End of period,1975-10,0.836778,A,,F
M,XM,EUR,E,0,6,A, Exchange rates against USD Euro area - Euro - Monthly - End of period,1975-11,0.859321,A,,F
M,XM,EUR,E,0,6,A, Exchange rates against USD Euro area - Euro - Monthly - End of period,1975-12,0.858163,A,,F
M,XM,EUR,E,0,6,A, Exchange rates against USD Euro area - Euro - Monthly - End of period,1976-01,0.865366,A,,F
M,XM,EUR,E,0,6,A, Exchange rates against USD Euro area - Euro - Monthly - End of period,1976-02,0.865591,A,,F
M,XM,EUR,E,0,6,A, Exchange rates against USD Euro area - Euro - Monthly - End of period,1976-03,0.887918,A,,F
M,XM,EUR,E,0,6,A, Exchange rates against USD Euro area - Euro - Monthly - End of period,1976-04,0.898893,A,,F
M,XM,EUR,E,0,6,A, Exchange rates against USD Euro area - Euro - Monthly - End of period,1976-05,0.912642,A,,F
M,XM,EUR,E,0,6,A, Exchange rates against USD Euro area - Euro - Monthly - End of period,1976-06,0.908166,A,,F
M,XM,EUR,E,0,6,A, Exchange rates against USD Euro area - Euro - Monthly - End of period,1976-07,0.909124,A,,F
M,XM,EUR,E,0,6,A, Exchange rates against USD Euro area - Euro - Monthly - End of period,1976-08,0.906536,A,,F
M,XM,EUR,E,0,6,A, Exchange rates against USD Euro area - Euro - Monthly - End of period,1976-09,0.898731,A,,F
M,XM,EUR,E,0,6,A, Exchange rates against USD Euro area - Euro - Monthly - End of period,1976-10,0.90173,A,,F
M,XM,EUR,E,0,6,A, Exchange rates against USD Euro area - Euro - Monthly - End of period,1976-11,0.898691,A,,F
M,XM,EUR,E,0,6,A, Exchange rates against USD Euro area - Euro - Monthly - End of period,1976-12,0.884964,A,,F
M,XM,EUR,E,0,6,A, Exchange rates against USD Euro area - Euro - Monthly - End of period,1977-01,0.898416,A,,F
M,XM,EUR,E,0,6,A, Exchange rates against USD Euro area - Euro - Monthly - End of period,1977-02,0.893743,A,,F
M,XM,EUR,E,0,6,A, Exchange rates against USD Euro area - Euro - Monthly - End of period,1977-03,0.891234,A,,F
M,XM,EUR,E,0,6,A, Exchange rates against USD Euro area - Euro - Monthly - End of period,1977-04,0.885371,A,,F
M,XM,EUR,E,0,6,A, Exchange rates against USD Euro area - Euro - Monthly - End of period,1977-05,0.88512,A,,F
M,XM,EUR,E,0,6,A, Exchange rates against USD Euro area - Euro - Monthly - End of period,1977-06,0.882052,A,,F
M,XM,EUR,E,0,6,A, Exchange rates against USD Euro area - Euro - Monthly - End of period,1977-07,0.869384,A,,F
M,XM,EUR,E,0,6,A, Exchange rates against USD Euro area - Euro - Monthly - End of period,1977-08,0.876978,A,,F
M,XM,EUR,E,0,6,A, Exchange rates against USD Euro area - Euro - Monthly - End of period,1977-09,0.875021,A,,F
M,XM,EUR,E,0,6,A, Exchange rates against USD Euro area - Euro - Monthly - End of period,1977-10,0.857111,A,,F
M,XM,EUR,E,0,6,A, Exchange rates against USD Euro area - Euro - Monthly - End of period,1977-11,0.855052,A,,F
M,XM,EUR,E,0,6,A, Exchange rates against USD Euro area - Euro - Monthly - End of period,1977-12,0.816287,A,,F
M,XM,EUR,E,0,6,A, Exchange rates against USD Euro area - Euro - Monthly - End of period,1978-01,0.813319,A,,F
M,XM,EUR,E,0,6,A, Exchange rates against USD Euro area - Euro - Monthly - End of period,1978-02,0.798416,A,,F
M,XM,EUR,E,0,6,A, Exchange rates against USD Euro area - Euro - Monthly - End of period,1978-03,0.794098,A,,F
M,XM,EUR,E,0,6,A, Exchange rates against USD Euro area - Euro - Monthly - End of period,1978-04,0.808806,A,,F
M,XM,EUR,E,0,6,A, Exchange rates against USD Euro area - Euro - Monthly - End of period,1978-05,0.816207,A,,F
M,XM,EUR,E,0,6,A, Exchange rates against USD Euro area - Euro - Monthly - End of period,1978-06,0.803781,A,,F
M,XM,EUR,E,0,6,A, Exchange rates against USD Euro area - Euro - Monthly - End of period,1978-07,0.786968,A,,F
M,XM,EUR,E,0,6,A, Exchange rates against USD Euro area - Euro - Monthly - End of period,1978-08,0.773814,A,,F
M,XM,EUR,E,0,6,A, Exchange rates against USD Euro area - Euro - Monthly - End of period,1978-09,0.759919,A,,F
M,XM,EUR,E,0,6,A, Exchange rates against USD Euro area - Euro - Monthly - End of period,1978-10,0.692391,A,,F
M,XM,EUR,E,0,6,A, Exchange rates against USD Euro area - Euro - Monthly - End of period,1978-11,0.763102,A,,F
M,XM,EUR,E,0,6,A, Exchange rates against USD Euro area - Euro - Monthly - End of period,1978-12,0.72628,A,,F
M,XM,EUR,E,0,6,A, Exchange rates against USD Euro area - Euro - Monthly - End of period,1979-01,0.740829,A,,F
M,XM,EUR,E,0,6,A, Exchange rates against USD Euro area - Euro - Monthly - End of period,1979-02,0.737267,A,,F
M,XM,EUR,E,0,6,A, Exchange rates against USD Euro area - Euro - Monthly - End of period,1979-03,0.739798,A,,F
M,XM,EUR,E,0,6,A, Exchange rates against USD Euro area - Euro - Monthly - End of period,1979-04,0.751535,A,,F
M,XM,EUR,E,0,6,A, Exchange rates against USD Euro area - Euro - Monthly - End of period,1979-05,0.757828,A,,F
M,XM,EUR,E,0,6,A, Exchange rates against USD Euro area - Euro - Monthly - End of period,1979-06,0.732885,A,,F
M,XM,EUR,E,0,6,A, Exchange rates against USD Euro area - Euro - Monthly - End of period,1979-07,0.723688,A,,F
M,XM,EUR,E,0,6,A, Exchange rates against USD Euro area - Euro - Monthly - End of period,1979-08,0.72211,A,,F
M,XM,EUR,E,0,6,A, Exchange rates against USD Euro area - Euro - Monthly - End of period,1979-09,0.700427,A,,F
M,XM,EUR,E,0,6,A, Exchange rates against USD Euro area - Euro - Monthly - End of period,1979-10,0.727394,A,,F
M,XM,EUR,E,0,6,A, Exchange rates against USD Euro area - Euro - Monthly - End of period,1979-11,0.700216,A,,F
M,XM,EUR,E,0,6,A, Exchange rates against USD Euro area - Euro - Monthly - End of period,1979-12,0.695222,A,,F
M,XM,EUR,E,0,6,A, Exchange rates against USD Euro area - Euro - Monthly - End of period,1980-01,0.697501,A,,F
M,XM,EUR,E,0,6,A, Exchange rates against USD Euro area - Euro - Monthly - End of period,1980-02,0.70826,A,,F
M,XM,EUR,E,0,6,A, Exchange rates against USD Euro area - Euro - Monthly - End of period,1980-03,0.767519,A,,F
M,XM,EUR,E,0,6,A, Exchange rates against USD Euro area - Euro - Monthly - End of period,1980-04,0.718763,A,,F
M,XM,EUR,E,0,6,A, Exchange rates against USD Euro area - Euro - Monthly - End of period,1980-05,0.709406,A,,F
M,XM,EUR,E,0,6,A, Exchange rates against USD Euro area - Euro - Monthly - End of period,1980-06,0.699252,A,,F
M,XM,EUR,E,0,6,A, Exchange rates against USD Euro area - Euro - Monthly - End of period,1980-07,0.705542,A,,F
M,XM,EUR,E,0,6,A, Exchange rates against USD Euro area - Euro - Monthly - End of period,1980-08,0.708788,A,,F
M,XM,EUR,E,0,6,A, Exchange rates against USD Euro area - Euro - Monthly - End of period,1980-09,0.714316,A,,F
M,XM,EUR,E,0,6,A, Exchange rates against USD Euro area - Euro - Monthly - End of period,1980-10,0.742258,A,,F
M,XM,EUR,E,0,6,A, Exchange rates against USD Euro area - Euro - Monthly - End of period,1980-11,0.753915,A,,F
M,XM,EUR,E,0,6,A, Exchange rates against USD Euro area - Euro - Monthly - End of period,1980-12,0.763574,A,,F
M,XM,EUR,E,0,6,A, Exchange rates against USD Euro area - Euro - Monthly - End of period,1981-01,0.813187,A,,F
M,XM,EUR,E,0,6,A, Exchange rates against USD Euro area - Euro - Monthly - End of period,1981-02,0.837626,A,,F
M,XM,EUR,E,0,6,A, Exchange rates against USD Euro area - Euro - Monthly - End of period,1981-03,0.826679,A,,F
M,XM,EUR,E,0,6,A, Exchange rates against USD Euro area - Euro - Monthly - End of period,1981-04,0.871027,A,,F
M,XM,EUR,E,0,6,A, Exchange rates against USD Euro area - Euro - Monthly - End of period,1981-05,0.914227,A,,F
M,XM,EUR,E,0,6,A, Exchange rates against USD Euro area - Euro - Monthly - End of period,1981-06,0.948317,A,,F
M,XM,EUR,E,0,6,A, Exchange rates against USD Euro area - Euro - Monthly - End of period,1981-07,0.977498,A,,F
M,XM,EUR,E,0,6,A, Exchange rates against USD Euro area - Euro - Monthly - End of period,1981-08,0.968045,A,,F
M,XM,EUR,E,0,6,A, Exchange rates against USD Euro area - Euro - Monthly - End of period,1981-09,0.937383,A,,F
M,XM,EUR,E,0,6,A, Exchange rates against USD Euro area - Euro - Monthly - End of period,1981-10,0.922867,A,,F
M,XM,EUR,E,0,6,A, Exchange rates against USD Euro area - Euro - Monthly - End of period,1981-11,0.897255,A,,F
M,XM,EUR,E,0,6,A, Exchange rates against USD Euro area - Euro - Monthly - End of period,1981-12,0.921515,A,,F
M,XM,EUR,E,0,6,A, Exchange rates against USD Euro area - Euro - Monthly - End of period,1982-01,0.943984,A,,F
M,XM,EUR,E,0,6,A, Exchange rates against USD Euro area - Euro - Monthly - End of period,1982-02,0.983284,A,,F
M,XM,EUR,E,0,6,A, Exchange rates against USD Euro area - Euro - Monthly - End of period,1982-03,1.004838,A,,F
M,XM,EUR,E,0,6,A, Exchange rates against USD Euro area - Euro - Monthly - End of period,1982-04,0.978569,A,,F
M,XM,EUR,E,0,6,A, Exchange rates against USD Euro area - Euro - Monthly - End of period,1982-05,0.982434,A,,F
M,XM,EUR,E,0,6,A, Exchange rates against USD Euro area - Euro - Monthly - End of period,1982-06,1.041859,A,,F
M,XM,EUR,E,0,6,A, Exchange rates against USD Euro area - Euro - Monthly - End of period,1982-07,1.040077,A,,F
M,XM,EUR,E,0,6,A, Exchange rates against USD Euro area - Euro - Monthly - End of period,1982-08,1.059923,A,,F
M,XM,EUR,E,0,6,A, Exchange rates against USD Euro area - Euro - Monthly - End of period,1982-09,1.074585,A,,F
M,XM,EUR,E,0,6,A, Exchange rates against USD Euro area - Euro - Monthly - End of period,1982-10,1.089549,A,,F
M,XM,EUR,E,0,6,A, Exchange rates against USD Euro area - Euro - Monthly - End of period,1982-11,1.070766,A,,F
M,XM,EUR,E,0,6,A, Exchange rates against USD Euro area - Euro - Monthly - End of period,1982-12,1.033413,A,,F
M,XM,EUR,E,0,6,A, Exchange rates against USD Euro area - Euro - Monthly - End of period,1983-01,1.066161,A,,F
M,XM,EUR,E,0,6,A, Exchange rates against USD Euro area - Euro - Monthly - End of period,1983-02,1.059258,A,,F
M,XM,EUR,E,0,6,A, Exchange rates against USD Euro area - Euro - Monthly - End of period,1983-03,1.082495,A,,F
M,XM,EUR,E,0,6,A, Exchange rates against USD Euro area - Euro - Monthly - End of period,1983-04,1.085713,A,,F
M,XM,EUR,E,0,6,A, Exchange rates against USD Euro area - Euro - Monthly - End of period,1983-05,1.10376,A,,F
M,XM,EUR,E,0,6,A, Exchange rates against USD Euro area - Euro - Monthly - End of period,1983-06,1.121367,A,,F
M,XM,EUR,E,0,6,A, Exchange rates against USD Euro area - Euro - Monthly - End of period,1983-07,1.15988,A,,F
M,XM,EUR,E,0,6,A, Exchange rates against USD Euro area - Euro - Monthly - End of period,1983-08,1.186807,A,,F
M,XM,EUR,E,0,6,A, Exchange rates against USD Euro area - Euro - Monthly - End of period,1983-09,1.163636,A,,F
M,XM,EUR,E,0,6,A, Exchange rates against USD Euro area - Euro - Monthly - End of period,1983-10,1.164093,A,,F
M,XM,EUR,E,0,6,A, Exchange rates against USD Euro area - Euro - Monthly - End of period,1983-11,1.192809,A,,F
M,XM,EUR,E,0,6,A, Exchange rates against USD Euro area - Euro - Monthly - End of period,1983-12,1.208649,A,,F
M,XM,EUR,E,0,6,A, Exchange rates against USD Euro area - Euro - Monthly - End of period,1984-01,1.248184,A,,F
M,XM,EUR,E,0,6,A, Exchange rates against USD Euro area - Euro - Monthly - End of period,1984-02,1.162292,A,,F
M,XM,EUR,E,0,6,A, Exchange rates against USD Euro area - Euro - Monthly - End of period,1984-03,1.163018,A,,F
M,XM,EUR,E,0,6,A, Exchange rates against USD Euro area - Euro - Monthly - End of period,1984-04,1.213958,A,,F
M,XM,EUR,E,0,6,A, Exchange rates against USD Euro area - Euro - Monthly - End of period,1984-05,1.22114,A,,F
M,XM,EUR,E,0,6,A, Exchange rates against USD Euro area - Euro - Monthly - End of period,1984-06,1.243954,A,,F
M,XM,EUR,E,0,6,A, Exchange rates against USD Euro area - Euro - Monthly - End of period,1984-07,1.293186,A,,F
M,XM,EUR,E,0,6,A, Exchange rates against USD Euro area - Euro - Monthly - End of period,1984-08,1.290554,A,,F
M,XM,EUR,E,0,6,A, Exchange rates against USD Euro area - Euro - Monthly - End of period,1984-09,1.353303,A,,F
M,XM,EUR,E,0,6,A, Exchange rates against USD Euro area - Euro - Monthly - End of period,1984-10,1.35917,A,,F
M,XM,EUR,E,0,6,A, Exchange rates against USD Euro area - Euro - Monthly - End of period,1984-11,1.385412,A,,F
M,XM,EUR,E,0,6,A, Exchange rates against USD Euro area - Euro - Monthly - End of period,1984-12,1.410545,A,,F
M,XM,EUR,E,0,6,A, Exchange rates against USD Euro area - Euro - Monthly - End of period,1985-01,1.422601,A,,F
M,XM,EUR,E,0,6,A, Exchange rates against USD Euro area - Euro - Monthly - End of period,1985-02,1.497802,A,,F
M,XM,EUR,E,0,6,A, Exchange rates against USD Euro area - Euro - Monthly - End of period,1985-03,1.375313,A,,F
M,XM,EUR,E,0,6,A, Exchange rates against USD Euro area - Euro - Monthly - End of period,1985-04,1.380683,A,,F
M,XM,EUR,E,0,6,A, Exchange rates against USD Euro area - Euro - Monthly - End of period,1985-05,1.376447,A,,F
M,XM,EUR,E,0,6,A, Exchange rates against USD Euro area - Euro - Monthly - End of period,1985-06,1.360639,A,,F
M,XM,EUR,E,0,6,A, Exchange rates against USD Euro area - Euro - Monthly - End of period,1985-07,1.247748,A,,F
M,XM,EUR,E,0,6,A, Exchange rates against USD Euro area - Euro - Monthly - End of period,1985-08,1.249363,A,,F
M,XM,EUR,E,0,6,A, Exchange rates against USD Euro area - Euro - Monthly - End of period,1985-09,1.21033,A,,F
M,XM,EUR,E,0,6,A, Exchange rates against USD Euro area - Euro - Monthly - End of period,1985-10,1.182441,A,,F
M,XM,EUR,E,0,6,A, Exchange rates against USD Euro area - Euro - Monthly - End of period,1985-11,1.140148,A,,F
M,XM,EUR,E,0,6,A, Exchange rates against USD Euro area - Euro - Monthly - End of period,1985-12,1.126219,A,,F
M,XM,EUR,E,0,6,A, Exchange rates against USD Euro area - Euro - Monthly - End of period,1986-01,1.102433,A,,F
M,XM,EUR,E,0,6,A, Exchange rates against USD Euro area - Euro - Monthly - End of period,1986-02,1.03018,A,,F
M,XM,EUR,E,0,6,A, Exchange rates against USD Euro area - Euro - Monthly - End of period,1986-03,1.067535,A,,F
M,XM,EUR,E,0,6,A, Exchange rates against USD Euro area - Euro - Monthly - End of period,1986-04,1.016954,A,,F
M,XM,EUR,E,0,6,A, Exchange rates against USD Euro area - Euro - Monthly - End of period,1986-05,1.072467,A,,F
M,XM,EUR,E,0,6,A, Exchange rates against USD Euro area - Euro - Monthly - End of period,1986-06,1.022262,A,,F
M,XM,EUR,E,0,6,A, Exchange rates against USD Euro area - Euro - Monthly - End of period,1986-07,0.98909,A,,F
M,XM,EUR,E,0,6,A, Exchange rates against USD Euro area - Euro - Monthly - End of period,1986-08,0.976105,A,,F
M,XM,EUR,E,0,6,A, Exchange rates against USD Euro area - Euro - Monthly - End of period,1986-09,0.97126,A,,F
M,XM,EUR,E,0,6,A, Exchange rates against USD Euro area - Euro - Monthly - End of period,1986-10,0.989717,A,,F
M,XM,EUR,E,0,6,A, Exchange rates against USD Euro area - Euro - Monthly - End of period,1986-11,0.950525,A,,F
M,XM,EUR,E,0,6,A, Exchange rates against USD Euro area - Euro - Monthly - End of period,1986-12,0.934248,A,,F
M,XM,EUR,E,0,6,A, Exchange rates against USD Euro area - Euro - Monthly - End of period,1987-01,0.879144,A,,F
M,XM,EUR,E,0,6,A, Exchange rates against USD Euro area - Euro - Monthly - End of period,1987-02,0.886124,A,,F
M,XM,EUR,E,0,6,A, Exchange rates against USD Euro area - Euro - Monthly - End of period,1987-03,0.87105,A,,F
M,XM,EUR,E,0,6,A, Exchange rates against USD Euro area - Euro - Monthly - End of period,1987-04,0.8608,A,,F
M,XM,EUR,E,0,6,A, Exchange rates against USD Euro area - Euro - Monthly - End of period,1987-05,0.877647,A,,F
M,XM,EUR,E,0,6,A, Exchange rates against USD Euro area - Euro - Monthly - End of period,1987-06,0.882784,A,,F
M,XM,EUR,E,0,6,A, Exchange rates against USD Euro area - Euro - Monthly - End of period,1987-07,0.894662,A,,F
M,XM,EUR,E,0,6,A, Exchange rates against USD Euro area - Euro - Monthly - End of period,1987-08,0.875879,A,,F
M,XM,EUR,E,0,6,A, Exchange rates against USD Euro area - Euro - Monthly - End of period,1987-09,0.88523,A,,F
M,XM,EUR,E,0,6,A, Exchange rates against USD Euro area - Euro - Monthly - End of period,1987-10,0.843099,A,,F
M,XM,EUR,E,0,6,A, Exchange rates against USD Euro area - Euro - Monthly - End of period,1987-11,0.793047,A,,F
M,XM,EUR,E,0,6,A, Exchange rates against USD Euro area - Euro - Monthly - End of period,1987-12,0.767254,A,,F
M,XM,EUR,E,0,6,A, Exchange rates against USD Euro area - Euro - Monthly - End of period,1988-01,0.812229,A,,F
M,XM,EUR,E,0,6,A, Exchange rates against USD Euro area - Euro - Monthly - End of period,1988-02,0.816873,A,,F
M,XM,EUR,E,0,6,A, Exchange rates against USD Euro area - Euro - Monthly - End of period,1988-03,0.798894,A,,F
M,XM,EUR,E,0,6,A, Exchange rates against USD Euro area - Euro - Monthly - End of period,1988-04,0.804551,A,,F
M,XM,EUR,E,0,6,A, Exchange rates against USD Euro area - Euro - Monthly - End of period,1988-05,0.826918,A,,F
M,XM,EUR,E,0,6,A, Exchange rates against USD Euro area - Euro - Monthly - End of period,1988-06,0.87644,A,,F
M,XM,EUR,E,0,6,A, Exchange rates against USD Euro area - Euro - Monthly - End of period,1988-07,0.899345,A,,F
M,XM,EUR,E,0,6,A, Exchange rates against USD Euro area - Euro - Monthly - End of period,1988-08,0.904421,A,,F
M,XM,EUR,E,0,6,A, Exchange rates against USD Euro area - Euro - Monthly - End of period,1988-09,0.905617,A,,F
M,XM,EUR,E,0,6,A, Exchange rates against USD Euro area - Euro - Monthly - End of period,1988-10,0.853956,A,,F
M,XM,EUR,E,0,6,A, Exchange rates against USD Euro area - Euro - Monthly - End of period,1988-11,0.836652,A,,F
M,XM,EUR,E,0,6,A, Exchange rates against USD Euro area - Euro - Monthly - End of period,1988-12,0.85282,A,,F
M,XM,EUR,E,0,6,A, Exchange rates against USD Euro area - Euro - Monthly - End of period,1989-01,0.892825,A,,F
M,XM,EUR,E,0,6,A, Exchange rates against USD Euro area - Euro - Monthly - End of period,1989-02,0.880413,A,,F
M,XM,EUR,E,0,6,A, Exchange rates against USD Euro area - Euro - Monthly - End of period,1989-03,0.908818,A,,F
M,XM,EUR,E,0,6,A, Exchange rates against USD Euro area - Euro - Monthly - End of period,1989-04,0.903187,A,,F
M,XM,EUR,E,0,6,A, Exchange rates against USD Euro area - Euro - Monthly - End of period,1989-05,0.957203,A,,F
M,XM,EUR,E,0,6,A, Exchange rates against USD Euro area - Euro - Monthly - End of period,1989-06,0.944287,A,,F
M,XM,EUR,E,0,6,A, Exchange rates against USD Euro area - Euro - Monthly - End of period,1989-07,0.898134,A,,F
M,XM,EUR,E,0,6,A, Exchange rates against USD Euro area - Euro - Monthly - End of period,1989-08,0.943779,A,,F
M,XM,EUR,E,0,6,A, Exchange rates against USD Euro area - Euro - Monthly - End of period,1989-09,0.904797,A,,F
M,XM,EUR,E,0,6,A, Exchange rates against USD Euro area - Euro - Monthly - End of period,1989-10,0.895279,A,,F
M,XM,EUR,E,0,6,A, Exchange rates against USD Euro area - Euro - Monthly - End of period,1989-11,0.877786,A,,F
M,XM,EUR,E,0,6,A, Exchange rates against USD Euro area - Euro - Monthly - End of period,1989-12,0.835429,A,,F
M,XM,EUR,E,0,6,A, Exchange rates against USD Euro area - Euro - Monthly - End of period,1990-01,0.82498,A,,F
M,XM,EUR,E,0,6,A, Exchange rates against USD Euro area - Euro - Monthly - End of period,1990-02,0.826282,A,,F
M,XM,EUR,E,0,6,A, Exchange rates against USD Euro area - Euro - Monthly - End of period,1990-03,0.82859,A,,F
M,XM,EUR,E,0,6,A, Exchange rates against USD Euro area - Euro - Monthly - End of period,1990-04,0.82178,A,,F
M,XM,EUR,E,0,6,A, Exchange rates against USD Euro area - Euro - Monthly - End of period,1990-05,0.82352,A,,F
M,XM,EUR,E,0,6,A, Exchange rates against USD Euro area - Euro - Monthly - End of period,1990-06,0.809848,A,,F
M,XM,EUR,E,0,6,A, Exchange rates against USD Euro area - Euro - Monthly - End of period,1990-07,0.771266,A,,F
M,XM,EUR,E,0,6,A, Exchange rates against USD Euro area - Euro - Monthly - End of period,1990-08,0.759169,A,,F
M,XM,EUR,E,0,6,A, Exchange rates against USD Euro area - Euro - Monthly - End of period,1990-09,0.760196,A,,F
M,XM,EUR,E,0,6,A, Exchange rates against USD Euro area - Euro - Monthly - End of period,1990-10,0.737175,A,,F
M,XM,EUR,E,0,6,A, Exchange rates against USD Euro area - Euro - Monthly - End of period,1990-11,0.732928,A,,F
M,XM,EUR,E,0,6,A, Exchange rates against USD Euro area - Euro - Monthly - End of period,1990-12,0.733514,A,,F
M,XM,EUR,E,0,6,A, Exchange rates against USD Euro area - Euro - Monthly - End of period,1991-01,0.723662,A,,F
M,XM,EUR,E,0,6,A, Exchange rates against USD Euro area - Euro - Monthly - End of period,1991-02,0.74068,A,,F
M,XM,EUR,E,0,6,A, Exchange rates against USD Euro area - Euro - Monthly - End of period,1991-03,0.833208,A,,F
M,XM,EUR,E,0,6,A, Exchange rates against USD Euro area - Euro - Monthly - End of period,1991-04,0.840562,A,,F
M,XM,EUR,E,0,6,A, Exchange rates against USD Euro area - Euro - Monthly - End of period,1991-05,0.838588,A,,F
M,XM,EUR,E,0,6,A, Exchange rates against USD Euro area - Euro - Monthly - End of period,1991-06,0.882099,A,,F
M,XM,EUR,E,0,6,A, Exchange rates against USD Euro area - Euro - Monthly - End of period,1991-07,0.850991,A,,F
M,XM,EUR,E,0,6,A, Exchange rates against USD Euro area - Euro - Monthly - End of period,1991-08,0.8485,A,,F
M,XM,EUR,E,0,6,A, Exchange rates against USD Euro area - Euro - Monthly - End of period,1991-09,0.811985,A,,F
M,XM,EUR,E,0,6,A, Exchange rates against USD Euro area - Euro - Monthly - End of period,1991-10,0.818887,A,,F
M,XM,EUR,E,0,6,A, Exchange rates against USD Euro area - Euro - Monthly - End of period,1991-11,0.800339,A,,F
M,XM,EUR,E,0,6,A, Exchange rates against USD Euro area - Euro - Monthly - End of period,1991-12,0.745751,A,,F
M,XM,EUR,E,0,6,A, Exchange rates against USD Euro area - Euro - Monthly - End of period,1992-01,0.789833,A,,F
M,XM,EUR,E,0,6,A, Exchange rates against USD Euro area - Euro - Monthly - End of period,1992-02,0.800923,A,,F
M,XM,EUR,E,0,6,A, Exchange rates against USD Euro area - Euro - Monthly - End of period,1992-03,0.803994,A,,F
M,XM,EUR,E,0,6,A, Exchange rates against USD Euro area - Euro - Monthly - End of period,1992-04,0.808205,A,,F
M,XM,EUR,E,0,6,A, Exchange rates against USD Euro area - Euro - Monthly - End of period,1992-05,0.78365,A,,F
M,XM,EUR,E,0,6,A, Exchange rates against USD Euro area - Euro - Monthly - End of period,1992-06,0.745001,A,,F
M,XM,EUR,E,0,6,A, Exchange rates against USD Euro area - Euro - Monthly - End of period,1992-07,0.7252,A,,F
M,XM,EUR,E,0,6,A, Exchange rates against USD Euro area - Euro - Monthly - End of period,1992-08,0.695202,A,,F
M,XM,EUR,E,0,6,A, Exchange rates against USD Euro area - Euro - Monthly - End of period,1992-09,0.715308,A,,F
M,XM,EUR,E,0,6,A, Exchange rates against USD Euro area - Euro - Monthly - End of period,1992-10,0.78202,A,,F
M,XM,EUR,E,0,6,A, Exchange rates against USD Euro area - Euro - Monthly - End of period,1992-11,0.816173,A,,F
M,XM,EUR,E,0,6,A, Exchange rates against USD Euro area - Euro - Monthly - End of period,1992-12,0.825832,A,,F
M,XM,EUR,E,0,6,A, Exchange rates against USD Euro area - Euro - Monthly - End of period,1993-01,0.819128,A,,F
M,XM,EUR,E,0,6,A, Exchange rates against USD Euro area - Euro - Monthly - End of period,1993-02,0.850398,A,,F
M,XM,EUR,E,0,6,A, Exchange rates against USD Euro area - Euro - Monthly - End of period,1993-03,0.832466,A,,F
M,XM,EUR,E,0,6,A, Exchange rates against USD Euro area - Euro - Monthly - End of period,1993-04,0.80782,A,,F
M,XM,EUR,E,0,6,A, Exchange rates against USD Euro area - Euro - Monthly - End of period,1993-05,0.819148,A,,F
M,XM,EUR,E,0,6,A, Exchange rates against USD Euro area - Euro - Monthly - End of period,1993-06,0.861289,A,,F
M,XM,EUR,E,0,6,A, Exchange rates against USD Euro area - Euro - Monthly - End of period,1993-07,0.897408,A,,F
M,XM,EUR,E,0,6,A, Exchange rates against USD Euro area - Euro - Monthly - End of period,1993-08,0.870148,A,,F
M,XM,EUR,E,0,6,A, Exchange rates against USD Euro area - Euro - Monthly - End of period,1993-09,0.850311,A,,F
M,XM,EUR,E,0,6,A, Exchange rates against USD Euro area - Euro - Monthly - End of period,1993-10,0.876324,A,,F
M,XM,EUR,E,0,6,A, Exchange rates against USD Euro area - Euro - Monthly - End of period,1993-11,0.889719,A,,F
M,XM,EUR,E,0,6,A, Exchange rates against USD Euro area - Euro - Monthly - End of period,1993-12,0.896322,A,,F
M,XM,EUR,E,0,6,A, Exchange rates against USD Euro area - Euro - Monthly - End of period,1994-01,0.895367,A,,F
M,XM,EUR,E,0,6,A, Exchange rates against USD Euro area - Euro - Monthly - End of period,1994-02,0.885669,A,,F
M,XM,EUR,E,0,6,A, Exchange rates against USD Euro area - Euro - Monthly - End of period,1994-03,0.866071,A,,F
M,XM,EUR,E,0,6,A, Exchange rates against USD Euro area - Euro - Monthly - End of period,1994-04,0.85918,A,,F
M,XM,EUR,E,0,6,A, Exchange rates against USD Euro area - Euro - Monthly - End of period,1994-05,0.850731,A,,F
M,XM,EUR,E,0,6,A, Exchange rates against USD Euro area - Euro - Monthly - End of period,1994-06,0.830461,A,,F
M,XM,EUR,E,0,6,A, Exchange rates against USD Euro area - Euro - Monthly - End of period,1994-07,0.830192,A,,F
M,XM,EUR,E,0,6,A, Exchange rates against USD Euro area - Euro - Monthly - End of period,1994-08,0.824817,A,,F
M,XM,EUR,E,0,6,A, Exchange rates against USD Euro area - Euro - Monthly - End of period,1994-09,0.805802,A,,F
M,XM,EUR,E,0,6,A, Exchange rates against USD Euro area - Euro - Monthly - End of period,1994-10,0.788774,A,,F
M,XM,EUR,E,0,6,A, Exchange rates against USD Euro area - Euro - Monthly - End of period,1994-11,0.820176,A,,F
M,XM,EUR,E,0,6,A, Exchange rates against USD Euro area - Euro - Monthly - End of period,1994-12,0.812982,A,,F
M,XM,EUR,E,0,6,A, Exchange rates against USD Euro area - Euro - Monthly - End of period,1995-01,0.796337,A,,F
M,XM,EUR,E,0,6,A, Exchange rates against USD Euro area - Euro - Monthly - End of period,1995-02,0.78183,A,,F
M,XM,EUR,E,0,6,A, Exchange rates against USD Euro area - Euro - Monthly - End of period,1995-03,0.746597,A,,F
M,XM,EUR,E,0,6,A, Exchange rates against USD Euro area - Euro - Monthly - End of period,1995-04,0.746692,A,,F
M,XM,EUR,E,0,6,A, Exchange rates against USD Euro area - Euro - Monthly - End of period,1995-05,0.744469,A,,F
M,XM,EUR,E,0,6,A, Exchange rates against USD Euro area - Euro - Monthly - End of period,1995-06,0.744624,A,,F
M,XM,EUR,E,0,6,A, Exchange rates against USD Euro area - Euro - Monthly - End of period,1995-07,0.736773,A,,F
M,XM,EUR,E,0,6,A, Exchange rates against USD Euro area - Euro - Monthly - End of period,1995-08,0.777381,A,,F
M,XM,EUR,E,0,6,A, Exchange rates against USD Euro area - Euro - Monthly - End of period,1995-09,0.758455,A,,F
M,XM,EUR,E,0,6,A, Exchange rates against USD Euro area - Euro - Monthly - End of period,1995-10,0.753636,A,,F
M,XM,EUR,E,0,6,A, Exchange rates against USD Euro area - Euro - Monthly - End of period,1995-11,0.765738,A,,F
M,XM,EUR,E,0,6,A, Exchange rates against USD Euro area - Euro - Monthly - End of period,1995-12,0.760896,A,,F
M,XM,EUR,E,0,6,A, Exchange rates against USD Euro area - Euro - Monthly - End of period,1996-01,0.789478,A,,F
M,XM,EUR,E,0,6,A, Exchange rates against USD Euro area - Euro - Monthly - End of period,1996-02,0.778095,A,,F
M,XM,EUR,E,0,6,A, Exchange rates against USD Euro area - Euro - Monthly - End of period,1996-03,0.77912,A,,F
M,XM,EUR,E,0,6,A, Exchange rates against USD Euro area - Euro - Monthly - End of period,1996-04,0.800282,A,,F
M,XM,EUR,E,0,6,A, Exchange rates against USD Euro area - Euro - Monthly - End of period,1996-05,0.801057,A,,F
M,XM,EUR,E,0,6,A, Exchange rates against USD Euro area - Euro - Monthly - End of period,1996-06,0.795425,A,,F
M,XM,EUR,E,0,6,A, Exchange rates against USD Euro area - Euro - Monthly - End of period,1996-07,0.772786,A,,F
M,XM,EUR,E,0,6,A, Exchange rates against USD Euro area - Euro - Monthly - End of period,1996-08,0.779144,A,,F
M,XM,EUR,E,0,6,A, Exchange rates against USD Euro area - Euro - Monthly - End of period,1996-09,0.796242,A,,F
M,XM,EUR,E,0,6,A, Exchange rates against USD Euro area - Euro - Monthly - End of period,1996-10,0.785318,A,,F
M,XM,EUR,E,0,6,A, Exchange rates against USD Euro area - Euro - Monthly - End of period,1996-11,0.792042,A,,F
M,XM,EUR,E,0,6,A, Exchange rates against USD Euro area - Euro - Monthly - End of period,1996-12,0.798091,A,,F
M,XM,EUR,E,0,6,A, Exchange rates against USD Euro area - Euro - Monthly - End of period,1997-01,0.840689,A,,F
M,XM,EUR,E,0,6,A, Exchange rates against USD Euro area - Euro - Monthly - End of period,1997-02,0.866078,A,,F
M,XM,EUR,E,0,6,A, Exchange rates against USD Euro area - Euro - Monthly - End of period,1997-03,0.860785,A,,F
M,XM,EUR,E,0,6,A, Exchange rates against USD Euro area - Euro - Monthly - End of period,1997-04,0.881135,A,,F
M,XM,EUR,E,0,6,A, Exchange rates against USD Euro area - Euro - Monthly - End of period,1997-05,0.870277,A,,F
M,XM,EUR,E,0,6,A, Exchange rates against USD Euro area - Euro - Monthly - End of period,1997-06,0.88494,A,,F
M,XM,EUR,E,0,6,A, Exchange rates against USD Euro area - Euro - Monthly - End of period,1997-07,0.925532,A,,F
M,XM,EUR,E,0,6,A, Exchange rates against USD Euro area - Euro - Monthly - End of period,1997-08,0.911544,A,,F
M,XM,EUR,E,0,6,A, Exchange rates against USD Euro area - Euro - Monthly - End of period,1997-09,0.898473,A,,F
M,XM,EUR,E,0,6,A, Exchange rates against USD Euro area - Euro - Monthly - End of period,1997-10,0.875067,A,,F
M,XM,EUR,E,0,6,A, Exchange rates against USD Euro area - Euro - Monthly - End of period,1997-11,0.891806,A,,F
M,XM,EUR,E,0,6,A, Exchange rates against USD Euro area - Euro - Monthly - End of period,1997-12,0.905625,A,,F
M,XM,EUR,E,0,6,A, Exchange rates against USD Euro area - Euro - Monthly - End of period,1998-01,0.922952,A,,F
M,XM,EUR,E,0,6,A, Exchange rates against USD Euro area - Euro - Monthly - End of period,1998-02,0.917431,A,,F
M,XM,EUR,E,0,6,A, Exchange rates against USD Euro area - Euro - Monthly - End of period,1998-03,0.929213,A,,F
M,XM,EUR,E,0,6,A, Exchange rates against USD Euro area - Euro - Monthly - End of period,1998-04,0.908678,A,,F
M,XM,EUR,E,0,6,A, Exchange rates against USD Euro area - Euro - Monthly - End of period,1998-05,0.905994,A,,F
M,XM,EUR,E,0,6,A, Exchange rates against USD Euro area - Euro - Monthly - End of period,1998-06,0.912492,A,,F
M,XM,EUR,E,0,6,A, Exchange rates against USD Euro area - Euro - Monthly - End of period,1998-07,0.903204,A,,F
M,XM,EUR,E,0,6,A, Exchange rates against USD Euro area - Euro - Monthly - End of period,1998-08,0.897481,A,,F
M,XM,EUR,E,0,6,A, Exchange rates against USD Euro area - Euro - Monthly - End of period,1998-09,0.853541,A,,F
M,XM,EUR,E,0,6,A, Exchange rates against USD Euro area - Euro - Monthly - End of period,1998-10,0.844609,A,,F
M,XM,EUR,E,0,6,A, Exchange rates against USD Euro area - Euro - Monthly - End of period,1998-11,0.868282,A,,F
M,XM,EUR,E,0,6,A, Exchange rates against USD Euro area - Euro - Monthly - End of period,1998-12,0.857082,A,,F
M,XM,EUR,E,0,6,A, Exchange rates against USD Euro area - Euro - Monthly - End of period,1999-01,0.878426,A,,F
M,XM,EUR,E,0,6,A, Exchange rates against USD Euro area - Euro - Monthly - End of period,1999-02,0.907606,A,,F
M,XM,EUR,E,0,6,A, Exchange rates against USD Euro area - Euro - Monthly - End of period,1999-03,0.930925,A,,F
M,XM,EUR,E,0,6,A, Exchange rates against USD Euro area - Euro - Monthly - End of period,1999-04,0.943663,A,,F
M,XM,EUR,E,0,6,A, Exchange rates against USD Euro area - Euro - Monthly - End of period,1999-05,0.956389,A,,F
M,XM,EUR,E,0,6,A, Exchange rates against USD Euro area - Euro - Monthly - End of period,1999-06,0.968242,A,,F
M,XM,EUR,E,0,6,A, Exchange rates against USD Euro area - Euro - Monthly - End of period,1999-07,0.935104,A,,F
M,XM,EUR,E,0,6,A, Exchange rates against USD Euro area - Euro - Monthly - End of period,1999-08,0.945805,A,,F
M,XM,EUR,E,0,6,A, Exchange rates against USD Euro area - Euro - Monthly - End of period,1999-09,0.937647,A,,F
M,XM,EUR,E,0,6,A, Exchange rates against USD Euro area - Euro - Monthly - End of period,1999-10,0.956663,A,,F
M,XM,EUR,E,0,6,A, Exchange rates against USD Euro area - Euro - Monthly - End of period,1999-11,0.990393,A,,F
M,XM,EUR,E,0,6,A, Exchange rates against USD Euro area - Euro - Monthly - End of period,1999-12,0.995421,A,,F
M,XM,EUR,E,0,6,A, Exchange rates against USD Euro area - Euro - Monthly - End of period,2000-01,1.021346,A,,F
M,XM,EUR,E,0,6,A, Exchange rates against USD Euro area - Euro - Monthly - End of period,2000-02,1.029442,A,,F
M,XM,EUR,E,0,6,A, Exchange rates against USD Euro area - Euro - Monthly - End of period,2000-03,1.046792,A,,F
M,XM,EUR,E,0,6,A, Exchange rates against USD Euro area - Euro - Monthly - End of period,2000-04,1.100715,A,,F
M,XM,EUR,E,0,6,A, Exchange rates against USD Euro area - Euro - Monthly - End of period,2000-05,1.074922,A,,F
M,XM,EUR,E,0,6,A, Exchange rates against USD Euro area - Euro - Monthly - End of period,2000-06,1.046463,A,,F
M,XM,EUR,E,0,6,A, Exchange rates against USD Euro area - Euro - Monthly - End of period,2000-07,1.0819,A,,F
M,XM,EUR,E,0,6,A, Exchange rates against USD Euro area - Euro - Monthly - End of period,2000-08,1.122839,A,,F
M,XM,EUR,E,0,6,A, Exchange rates against USD Euro area - Euro - Monthly - End of period,2000-09,1.140901,A,,F
M,XM,EUR,E,0,6,A, Exchange rates against USD Euro area - Euro - Monthly - End of period,2000-10,1.188072,A,,F
M,XM,EUR,E,0,6,A, Exchange rates against USD Euro area - Euro - Monthly - End of period,2000-11,1.151543,A,,F
M,XM,EUR,E,0,6,A, Exchange rates against USD Euro area - Euro - Monthly - End of period,2000-12,1.074691,A,,F
M,XM,EUR,E,0,6,A, Exchange rates against USD Euro area - Euro - Monthly - End of period,2001-01,1.076079,A,,F
M,XM,EUR,E,0,6,A, Exchange rates against USD Euro area - Euro - Monthly - End of period,2001-02,1.081315,A,,F
M,XM,EUR,E,0,6,A, Exchange rates against USD Euro area - Euro - Monthly - End of period,2001-03,1.132246,A,,F
M,XM,EUR,E,0,6,A, Exchange rates against USD Euro area - Euro - Monthly - End of period,2001-04,1.126634,A,,F
M,XM,EUR,E,0,6,A, Exchange rates against USD Euro area - Euro - Monthly - End of period,2001-05,1.179245,A,,F
M,XM,EUR,E,0,6,A, Exchange rates against USD Euro area - Euro - Monthly - End of period,2001-06,1.179245,A,,F
M,XM,EUR,E,0,6,A, Exchange rates against USD Euro area - Euro - Monthly - End of period,2001-07,1.142204,A,,F
M,XM,EUR,E,0,6,A, Exchange rates against USD Euro area - Euro - Monthly - End of period,2001-08,1.091941,A,,F
M,XM,EUR,E,0,6,A, Exchange rates against USD Euro area - Euro - Monthly - End of period,2001-09,1.09517,A,,F
M,XM,EUR,E,0,6,A, Exchange rates against USD Euro area - Euro - Monthly - End of period,2001-10,1.10595,A,,F
M,XM,EUR,E,0,6,A, Exchange rates against USD Euro area - Euro - Monthly - End of period,2001-11,1.123848,A,,F
M,XM,EUR,E,0,6,A, Exchange rates against USD Euro area - Euro - Monthly - End of period,2001-12,1.134687,A,,F
M,XM,EUR,E,0,6,A, Exchange rates against USD Euro area - Euro - Monthly - End of period,2002-01,1.157809,A,,F
M,XM,EUR,E,0,6,A, Exchange rates against USD Euro area - Euro - Monthly - End of period,2002-02,1.155936,A,,F
M,XM,EUR,E,0,6,A, Exchange rates against USD Euro area - Euro - Monthly - End of period,2002-03,1.146263,A,,F
M,XM,EUR,E,0,6,A, Exchange rates against USD Euro area - Euro - Monthly - End of period,2002-04,1.110124,A,,F
M,XM,EUR,E,0,6,A, Exchange rates against USD Euro area - Euro - Monthly - End of period,2002-05,1.065303,A,,F
M,XM,EUR,E,0,6,A, Exchange rates against USD Euro area - Euro - Monthly - End of period,2002-06,1.002506,A,,F
M,XM,EUR,E,0,6,A, Exchange rates against USD Euro area - Euro - Monthly - End of period,2002-07,1.022181,A,,F
M,XM,EUR,E,0,6,A, Exchange rates against USD Euro area - Euro - Monthly - End of period,2002-08,1.016984,A,,F
M,XM,EUR,E,0,6,A, Exchange rates against USD Euro area - Euro - Monthly - End of period,2002-09,1.014199,A,,F
M,XM,EUR,E,0,6,A, Exchange rates against USD Euro area - Euro - Monthly - End of period,2002-10,1.013788,A,,F
M,XM,EUR,E,0,6,A, Exchange rates against USD Euro area - Euro - Monthly - End of period,2002-11,1.007354,A,,F
M,XM,EUR,E,0,6,A, Exchange rates against USD Euro area - Euro - Monthly - End of period,2002-12,0.953562,A,,F
M,XM,EUR,E,0,6,A, Exchange rates against USD Euro area - Euro - Monthly - End of period,2003-01,0.924556,A,,F
M,XM,EUR,E,0,6,A, Exchange rates against USD Euro area - Euro - Monthly - End of period,2003-02,0.927472,A,,F
M,XM,EUR,E,0,6,A, Exchange rates against USD Euro area - Euro - Monthly - End of period,2003-03,0.917852,A,,F
M,XM,EUR,E,0,6,A, Exchange rates against USD Euro area - Euro - Monthly - End of period,2003-04,0.898392,A,,F
M,XM,EUR,E,0,6,A, Exchange rates against USD Euro area - Euro - Monthly - End of period,2003-05,0.845881,A,,F
M,XM,EUR,E,0,6,A, Exchange rates against USD Euro area - Euro - Monthly - End of period,2003-06,0.87512,A,,F
M,XM,EUR,E,0,6,A, Exchange rates against USD Euro area - Euro - Monthly - End of period,2003-07,0.883548,A,,F
M,XM,EUR,E,0,6,A, Exchange rates against USD Euro area - Euro - Monthly - End of period,2003-08,0.915164,A,,F
M,XM,EUR,E,0,6,A, Exchange rates against USD Euro area - Euro - Monthly - End of period,2003-09,0.858222,A,,F
M,XM,EUR,E,0,6,A, Exchange rates against USD Euro area - Euro - Monthly - End of period,2003-10,0.860437,A,,F
M,XM,EUR,E,0,6,A, Exchange rates against USD Euro area - Euro - Monthly - End of period,2003-11,0.83375,A,,F
M,XM,EUR,E,0,6,A, Exchange rates against USD Euro area - Euro - Monthly - End of period,2003-12,0.791766,A,,F
M,XM,EUR,E,0,6,A, Exchange rates against USD Euro area - Euro - Monthly - End of period,2004-01,0.807494,A,,F
M,XM,EUR,E,0,6,A, Exchange rates against USD Euro area - Euro - Monthly - End of period,2004-02,0.805283,A,,F
M,XM,EUR,E,0,6,A, Exchange rates against USD Euro area - Euro - Monthly - End of period,2004-03,0.818063,A,,F
M,XM,EUR,E,0,6,A, Exchange rates against USD Euro area - Euro - Monthly - End of period,2004-04,0.83703,A,,F
M,XM,EUR,E,0,6,A, Exchange rates against USD Euro area - Euro - Monthly - End of period,2004-05,0.819807,A,,F
M,XM,EUR,E,0,6,A, Exchange rates against USD Euro area - Euro - Monthly - End of period,2004-06,0.822707,A,,F
M,XM,EUR,E,0,6,A, Exchange rates against USD Euro area - Euro - Monthly - End of period,2004-07,0.830634,A,,F
M,XM,EUR,E,0,6,A, Exchange rates against USD Euro area - Euro - Monthly - End of period,2004-08,0.825696,A,,F
M,XM,EUR,E,0,6,A, Exchange rates against USD Euro area - Euro - Monthly - End of period,2004-09,0.805867,A,,F
M,XM,EUR,E,0,6,A, Exchange rates against USD Euro area - Euro - Monthly - End of period,2004-10,0.785114,A,,F
M,XM,EUR,E,0,6,A, Exchange rates against USD Euro area - Euro - Monthly - End of period,2004-11,0.752162,A,,F
M,XM,EUR,E,0,6,A, Exchange rates against USD Euro area - Euro - Monthly - End of period,2004-12,0.73416,A,,F
M,XM,EUR,E,0,6,A, Exchange rates against USD Euro area - Euro - Monthly - End of period,2005-01,0.767165,A,,F
M,XM,EUR,E,0,6,A, Exchange rates against USD Euro area - Euro - Monthly - End of period,2005-02,0.754318,A,,F
M,XM,EUR,E,0,6,A, Exchange rates against USD Euro area - Euro - Monthly - End of period,2005-03,0.771367,A,,F
M,XM,EUR,E,0,6,A, Exchange rates against USD Euro area - Euro - Monthly - End of period,2005-04,0.771784,A,,F
M,XM,EUR,E,0,6,A, Exchange rates against USD Euro area - Euro - Monthly - End of period,2005-05,0.810964,A,,F
M,XM,EUR,E,0,6,A, Exchange rates against USD Euro area - Euro - Monthly - End of period,2005-06,0.826993,A,,F
M,XM,EUR,E,0,6,A, Exchange rates against USD Euro area - Euro - Monthly - End of period,2005-07,0.826925,A,,F
M,XM,EUR,E,0,6,A, Exchange rates against USD Euro area - Euro - Monthly - End of period,2005-08,0.819807,A,,F
M,XM,EUR,E,0,6,A, Exchange rates against USD Euro area - Euro - Monthly - End of period,2005-09,0.830427,A,,F
M,XM,EUR,E,0,6,A, Exchange rates against USD Euro area - Euro - Monthly - End of period,2005-10,0.831739,A,,F
M,XM,EUR,E,0,6,A, Exchange rates against USD Euro area - Euro - Monthly - End of period,2005-11,0.84969,A,,F
M,XM,EUR,E,0,6,A, Exchange rates against USD Euro area - Euro - Monthly - End of period,2005-12,0.847673,A,,F
M,XM,EUR,E,0,6,A, Exchange rates against USD Euro area - Euro - Monthly - End of period,2006-01,0.825219,A,,F
M,XM,EUR,E,0,6,A, Exchange rates against USD Euro area - Euro - Monthly - End of period,2006-02,0.842105,A,,F
M,XM,EUR,E,0,6,A, Exchange rates against USD Euro area - Euro - Monthly - End of period,2006-03,0.826173,A,,F
M,XM,EUR,E,0,6,A, Exchange rates against USD Euro area - Euro - Monthly - End of period,2006-04,0.797639,A,,F
M,XM,EUR,E,0,6,A, Exchange rates against USD Euro area - Euro - Monthly - End of period,2006-05,0.777122,A,,F
M,XM,EUR,E,0,6,A, Exchange rates against USD Euro area - Euro - Monthly - End of period,2006-06,0.786596,A,,F
M,XM,EUR,E,0,6,A, Exchange rates against USD Euro area - Euro - Monthly - End of period,2006-07,0.783269,A,,F
M,XM,EUR,E,0,6,A, Exchange rates against USD Euro area - Euro - Monthly - End of period,2006-08,0.77815,A,,F
M,XM,EUR,E,0,6,A, Exchange rates against USD Euro area - Euro - Monthly - End of period,2006-09,0.789889,A,,F
M,XM,EUR,E,0,6,A, Exchange rates against USD Euro area - Euro - Monthly - End of period,2006-10,0.78765,A,,F
M,XM,EUR,E,0,6,A, Exchange rates against USD Euro area - Euro - Monthly - End of period,2006-11,0.757576,A,,F
M,XM,EUR,E,0,6,A, Exchange rates against USD Euro area - Euro - Monthly - End of period,2006-12,0.759301,A,,F
M,XM,EUR,E,0,6,A, Exchange rates against USD Euro area - Euro - Monthly - End of period,2007-01,0.771962,A,,F
M,XM,EUR,E,0,6,A, Exchange rates against USD Euro area - Euro - Monthly - End of period,2007-02,0.756945,A,,F
M,XM,EUR,E,0,6,A, Exchange rates against USD Euro area - Euro - Monthly - End of period,2007-03,0.750863,A,,F
M,XM,EUR,E,0,6,A, Exchange rates against USD Euro area - Euro - Monthly - End of period,2007-04,0.735024,A,,F
M,XM,EUR,E,0,6,A, Exchange rates against USD Euro area - Euro - Monthly - End of period,2007-05,0.743329,A,,F
M,XM,EUR,E,0,6,A, Exchange rates against USD Euro area - Euro - Monthly - End of period,2007-06,0.740466,A,,F
M,XM,EUR,E,0,6,A, Exchange rates against USD Euro area - Euro - Monthly - End of period,2007-07,0.729554,A,,F
M,XM,EUR,E,0,6,A, Exchange rates against USD Euro area - Euro - Monthly - End of period,2007-08,0.729661,A,,F
M,XM,EUR,E,0,6,A, Exchange rates against USD Euro area - Euro - Monthly - End of period,2007-09,0.705268,A,,F
M,XM,EUR,E,0,6,A, Exchange rates against USD Euro area - Euro - Monthly - End of period,2007-10,0.692185,A,,F
M,XM,EUR,E,0,6,A, Exchange rates against USD Euro area - Euro - Monthly - End of period,2007-11,0.677461,A,,F
M,XM,EUR,E,0,6,A, Exchange rates against USD Euro area - Euro - Monthly - End of period,2007-12,0.679302,A,,F
M,XM,EUR,E,0,6,A, Exchange rates against USD Euro area - Euro - Monthly - End of period,2008-01,0.672495,A,,F
M,XM,EUR,E,0,6,A, Exchange rates against USD Euro area - Euro - Monthly - End of period,2008-02,0.659326,A,,F
M,XM,EUR,E,0,6,A, Exchange rates against USD Euro area - Euro - Monthly - End of period,2008-03,0.632431,A,,F
M,XM,EUR,E,0,6,A, Exchange rates against USD Euro area - Euro - Monthly - End of period,2008-04,0.643501,A,,F
M,XM,EUR,E,0,6,A, Exchange rates against USD Euro area - Euro - Monthly - End of period,2008-05,0.644828,A,,F
M,XM,EUR,E,0,6,A, Exchange rates against USD Euro area - Euro - Monthly - End of period,2008-06,0.634357,A,,F
M,XM,EUR,E,0,6,A, Exchange rates against USD Euro area - Euro - Monthly - End of period,2008-07,0.640574,A,,F
M,XM,EUR,E,0,6,A, Exchange rates against USD Euro area - Euro - Monthly - End of period,2008-08,0.678656,A,,F
M,XM,EUR,E,0,6,A, Exchange rates against USD Euro area - Euro - Monthly - End of period,2008-09,0.699154,A,,F
M,XM,EUR,E,0,6,A, Exchange rates against USD Euro area - Euro - Monthly - End of period,2008-10,0.783883,A,,F
M,XM,EUR,E,0,6,A, Exchange rates against USD Euro area - Euro - Monthly - End of period,2008-11,0.785731,A,,F
M,XM,EUR,E,0,6,A, Exchange rates against USD Euro area - Euro - Monthly - End of period,2008-12,0.718546,A,,F
M,XM,EUR,E,0,6,A, Exchange rates against USD Euro area - Euro - Monthly - End of period,2009-01,0.780275,A,,F
M,XM,EUR,E,0,6,A, Exchange rates against USD Euro area - Euro - Monthly - End of period,2009-02,0.790889,A,,F
M,XM,EUR,E,0,6,A, Exchange rates against USD Euro area - Euro - Monthly - End of period,2009-03,0.751428,A,,F
M,XM,EUR,E,0,6,A, Exchange rates against USD Euro area - Euro - Monthly - End of period,2009-04,0.753296,A,,F
M,XM,EUR,E,0,6,A, Exchange rates against USD Euro area - Euro - Monthly - End of period,2009-05,0.70932,A,,F
M,XM,EUR,E,0,6,A, Exchange rates against USD Euro area - Euro - Monthly - End of period,2009-06,0.707514,A,,F
M,XM,EUR,E,0,6,A, Exchange rates against USD Euro area - Euro - Monthly - End of period,2009-07,0.707314,A,,F
M,XM,EUR,E,0,6,A, Exchange rates against USD Euro area - Euro - Monthly - End of period,2009-08,0.700673,A,,F
M,XM,EUR,E,0,6,A, Exchange rates against USD Euro area - Euro - Monthly - End of period,2009-09,0.68292,A,,F
M,XM,EUR,E,0,6,A, Exchange rates against USD Euro area - Euro - Monthly - End of period,2009-10,0.675676,A,,F
M,XM,EUR,E,0,6,A, Exchange rates against USD Euro area - Euro - Monthly - End of period,2009-11,0.665646,A,,F
M,XM,EUR,E,0,6,A, Exchange rates against USD Euro area - Euro - Monthly - End of period,2009-12,0.694155,A,,F
M,XM,EUR,E,0,6,A, Exchange rates against USD Euro area - Euro - Monthly - End of period,2010-01,0.716025,A,,F
M,XM,EUR,E,0,6,A, Exchange rates against USD Euro area - Euro - Monthly - End of period,2010-02,0.73692,A,,F
M,XM,EUR,E,0,6,A, Exchange rates against USD Euro area - Euro - Monthly - End of period,2010-03,0.741895,A,,F
M,XM,EUR,E,0,6,A, Exchange rates against USD Euro area - Euro - Monthly - End of period,2010-04,0.751033,A,,F
M,XM,EUR,E,0,6,A, Exchange rates against USD Euro area - Euro - Monthly - End of period,2010-05,0.812546,A,,F
M,XM,EUR,E,0,6,A, Exchange rates against USD Euro area - Euro - Monthly - End of period,2010-06,0.81493,A,,F
M,XM,EUR,E,0,6,A, Exchange rates against USD Euro area - Euro - Monthly - End of period,2010-07,0.767578,A,,F
M,XM,EUR,E,0,6,A, Exchange rates against USD Euro area - Euro - Monthly - End of period,2010-08,0.788644,A,,F
M,XM,EUR,E,0,6,A, Exchange rates against USD Euro area - Euro - Monthly - End of period,2010-09,0.732708,A,,F
M,XM,EUR,E,0,6,A, Exchange rates against USD Euro area - Euro - Monthly - End of period,2010-10,0.721657,A,,F
M,XM,EUR,E,0,6,A, Exchange rates against USD Euro area - Euro - Monthly - End of period,2010-11,0.769349,A,,F
M,XM,EUR,E,0,6,A, Exchange rates against USD Euro area - Euro - Monthly - End of period,2010-12,0.748391,A,,F
M,XM,EUR,E,0,6,A, Exchange rates against USD Euro area - Euro - Monthly - End of period,2011-01,0.730353,A,,F
M,XM,EUR,E,0,6,A, Exchange rates against USD Euro area - Euro - Monthly - End of period,2011-02,0.722857,A,,F
M,XM,EUR,E,0,6,A, Exchange rates against USD Euro area - Euro - Monthly - End of period,2011-03,0.703878,A,,F
M,XM,EUR,E,0,6,A, Exchange rates against USD Euro area - Euro - Monthly - End of period,2011-04,0.672948,A,,F
M,XM,EUR,E,0,6,A, Exchange rates against USD Euro area - Euro - Monthly - End of period,2011-05,0.695169,A,,F
M,XM,EUR,E,0,6,A, Exchange rates against USD Euro area - Euro - Monthly - End of period,2011-06,0.691898,A,,F
M,XM,EUR,E,0,6,A, Exchange rates against USD Euro area - Euro - Monthly - End of period,2011-07,0.701262,A,,F
M,XM,EUR,E,0,6,A, Exchange rates against USD Euro area - Euro - Monthly - End of period,2011-08,0.692042,A,,F
M,XM,EUR,E,0,6,A, Exchange rates against USD Euro area - Euro - Monthly - End of period,2011-09,0.740576,A,,F
M,XM,EUR,E,0,6,A, Exchange rates against USD Euro area - Euro - Monthly - End of period,2011-10,0.714235,A,,F
M,XM,EUR,E,0,6,A, Exchange rates against USD Euro area - Euro - Monthly - End of period,2011-11,0.745268,A,,F
M,XM,EUR,E,0,6,A, Exchange rates against USD Euro area - Euro - Monthly - End of period,2011-12,0.772857,A,,F
M,XM,EUR,E,0,6,A, Exchange rates against USD Euro area - Euro - Monthly - End of period,2012-01,0.758956,A,,F
M,XM,EUR,E,0,6,A, Exchange rates against USD Euro area - Euro - Monthly - End of period,2012-02,0.743882,A,,F
M,XM,EUR,E,0,6,A, Exchange rates against USD Euro area - Euro - Monthly - End of period,2012-03,0.748727,A,,F
M,XM,EUR,E,0,6,A, Exchange rates against USD Euro area - Euro - Monthly - End of period,2012-04,0.756773,A,,F
M,XM,EUR,E,0,6,A, Exchange rates against USD Euro area - Euro - Monthly - End of period,2012-05,0.806257,A,,F
M,XM,EUR,E,0,6,A, Exchange rates against USD Euro area - Euro - Monthly - End of period,2012-06,0.794281,A,,F
M,XM,EUR,E,0,6,A, Exchange rates against USD Euro area - Euro - Monthly - End of period,2012-07,0.814067,A,,F
M,XM,EUR,E,0,6,A, Exchange rates against USD Euro area - Euro - Monthly - End of period,2012-08,0.792959,A,,F
M,XM,EUR,E,0,6,A, Exchange rates against USD Euro area - Euro - Monthly - End of period,2012-09,0.773395,A,,F
M,XM,EUR,E,0,6,A, Exchange rates against USD Euro area - Euro - Monthly - End of period,2012-10,0.769645,A,,F
M,XM,EUR,E,0,6,A, Exchange rates against USD Euro area - Euro - Monthly - End of period,2012-11,0.77006,A,,F
M,XM,EUR,E,0,6,A, Exchange rates against USD Euro area - Euro - Monthly - End of period,2012-12,0.75792,A,,F
M,XM,EUR,E,0,6,A, Exchange rates against USD Euro area - Euro - Monthly - End of period,2013-01,0.738007,A,,F
M,XM,EUR,E,0,6,A, Exchange rates against USD Euro area - Euro - Monthly - End of period,2013-02,0.761673,A,,F
M,XM,EUR,E,0,6,A, Exchange rates against USD Euro area - Euro - Monthly - End of period,2013-03,0.780945,A,,F
M,XM,EUR,E,0,6,A, Exchange rates against USD Euro area - Euro - Monthly - End of period,2013-04,0.764994,A,,F
M,XM,EUR,E,0,6,A, Exchange rates against USD Euro area - Euro - Monthly - End of period,2013-05,0.768876,A,,F
M,XM,EUR,E,0,6,A, Exchange rates against USD Euro area - Euro - Monthly - End of period,2013-06,0.764526,A,,F
M,XM,EUR,E,0,6,A, Exchange rates against USD Euro area - Euro - Monthly - End of period,2013-07,0.753296,A,,F
M,XM,EUR,E,0,6,A, Exchange rates against USD Euro area - Euro - Monthly - End of period,2013-08,0.755572,A,,F
M,XM,EUR,E,0,6,A, Exchange rates against USD Euro area - Euro - Monthly - End of period,2013-09,0.740466,A,,F
M,XM,EUR,E,0,6,A, Exchange rates against USD Euro area - Euro - Monthly - End of period,2013-10,0.733084,A,,F
M,XM,EUR,E,0,6,A, Exchange rates against USD Euro area - Euro - Monthly - End of period,2013-11,0.7347,A,,F
M,XM,EUR,E,0,6,A, Exchange rates against USD Euro area - Euro - Monthly - End of period,2013-12,0.725111,A,,F
M,XM,EUR,E,0,6,A, Exchange rates against USD Euro area - Euro - Monthly - End of period,2014-01,0.739864,A,,F
M,XM,EUR,E,0,6,A, Exchange rates against USD Euro area - Euro - Monthly - End of period,2014-02,0.723956,A,,F
M,XM,EUR,E,0,6,A, Exchange rates against USD Euro area - Euro - Monthly - End of period,2014-03,0.725268,A,,F
M,XM,EUR,E,0,6,A, Exchange rates against USD Euro area - Euro - Monthly - End of period,2014-04,0.722022,A,,F
M,XM,EUR,E,0,6,A, Exchange rates against USD Euro area - Euro - Monthly - End of period,2014-05,0.734916,A,,F
M,XM,EUR,E,0,6,A, Exchange rates against USD Euro area - Euro - Monthly - End of period,2014-06,0.732172,A,,F
M,XM,EUR,E,0,6,A, Exchange rates against USD Euro area - Euro - Monthly - End of period,2014-07,0.74744,A,,F
M,XM,EUR,E,0,6,A, Exchange rates against USD Euro area - Euro - Monthly - End of period,2014-08,0.758265,A,,F
M,XM,EUR,E,0,6,A, Exchange rates against USD Euro area - Euro - Monthly - End of period,2014-09,0.794723,A,,F
M,XM,EUR,E,0,6,A, Exchange rates against USD Euro area - Euro - Monthly - End of period,2014-10,0.798467,A,,F
M,XM,EUR,E,0,6,A, Exchange rates against USD Euro area - Euro - Monthly - End of period,2014-11,0.801089,A,,F
M,XM,EUR,E,0,6,A, Exchange rates against USD Euro area - Euro - Monthly - End of period,2014-12,0.823655,A,,F
M,XM,EUR,E,0,6,A, Exchange rates against USD Euro area - Euro - Monthly - End of period,2015-01,0.884564,A,,F
M,XM,EUR,E,0,6,A, Exchange rates against USD Euro area - Euro - Monthly - End of period,2015-02,0.88968,A,,F
M,XM,EUR,E,0,6,A, Exchange rates against USD Euro area - Euro - Monthly - End of period,2015-03,0.929454,A,,F
M,XM,EUR,E,0,6,A, Exchange rates against USD Euro area - Euro - Monthly - End of period,2015-04,0.891663,A,,F
M,XM,EUR,E,0,6,A, Exchange rates against USD Euro area - Euro - Monthly - End of period,2015-05,0.911577,A,,F
M,XM,EUR,E,0,6,A, Exchange rates against USD Euro area - Euro - Monthly - End of period,2015-06,0.893735,A,,F
M,XM,EUR,E,0,6,A, Exchange rates against USD Euro area - Euro - Monthly - End of period,2015-07,0.911826,A,,F
M,XM,EUR,E,0,6,A, Exchange rates against USD Euro area - Euro - Monthly - End of period,2015-08,0.891663,A,,F
M,XM,EUR,E,0,6,A, Exchange rates against USD Euro area - Euro - Monthly - End of period,2015-09,0.892618,A,,F
M,XM,EUR,E,0,6,A, Exchange rates against USD Euro area - Euro - Monthly - End of period,2015-10,0.907688,A,,F
M,XM,EUR,E,0,6,A, Exchange rates against USD Euro area - Euro - Monthly - End of period,2015-11,0.945269,A,,F
M,XM,EUR,E,0,6,A, Exchange rates against USD Euro area - Euro - Monthly - End of period,2015-12,0.918527,A,,F
M,XM,EUR,E,0,6,A, Exchange rates against USD Euro area - Euro - Monthly - End of period,2016-01,0.915751,A,,F
M,XM,EUR,E,0,6,A, Exchange rates against USD Euro area - Euro - Monthly - End of period,2016-02,0.918442,A,,F
M,XM,EUR,E,0,6,A, Exchange rates against USD Euro area - Euro - Monthly - End of period,2016-03,0.878349,A,,F
M,XM,EUR,E,0,6,A, Exchange rates against USD Euro area - Euro - Monthly - End of period,2016-04,0.876962,A,,F
M,XM,EUR,E,0,6,A, Exchange rates against USD Euro area - Euro - Monthly - End of period,2016-05,0.896539,A,,F
M,XM,EUR,E,0,6,A, Exchange rates against USD Euro area - Euro - Monthly - End of period,2016-06,0.900739,A,,F
M,XM,EUR,E,0,6,A, Exchange rates against USD Euro area - Euro - Monthly - End of period,2016-07,0.899847,A,,F
M,XM,EUR,E,0,6,A, Exchange rates against USD Euro area - Euro - Monthly - End of period,2016-08,0.898311,A,,F
M,XM,EUR,E,0,6,A, Exchange rates against USD Euro area - Euro - Monthly - End of period,2016-09,0.895977,A,,F
M,XM,EUR,E,0,6,A, Exchange rates against USD Euro area - Euro - Monthly - End of period,2016-10,0.913576,A,,F
M,XM,EUR,E,0,6,A, Exchange rates against USD Euro area - Euro - Monthly - End of period,2016-11,0.940291,A,,F
M,XM,EUR,E,0,6,A, Exchange rates against USD Euro area - Euro - Monthly - End of period,2016-12,0.948677,A,,F
M,XM,EUR,E,0,6,A, Exchange rates against USD Euro area - Euro - Monthly - End of period,2017-01,0.9298,A,,F
M,XM,EUR,E,0,6,A, Exchange rates against USD Euro area - Euro - Monthly - End of period,2017-02,0.943663,A,,F
M,XM,EUR,E,0,6,A, Exchange rates against USD Euro area - Euro - Monthly - End of period,2017-03,0.935366,A,,F
M,XM,EUR,E,0,6,A, Exchange rates against USD Euro area - Euro - Monthly - End of period,2017-04,0.914913,A,,F
M,XM,EUR,E,0,6,A, Exchange rates against USD Euro area - Euro - Monthly - End of period,2017-05,0.891186,A,,F
M,XM,EUR,E,0,6,A, Exchange rates against USD Euro area - Euro - Monthly - End of period,2017-06,0.876271,A,,F
M,XM,EUR,E,0,6,A, Exchange rates against USD Euro area - Euro - Monthly - End of period,2017-07,0.852733,A,,F
M,XM,EUR,E,0,6,A, Exchange rates against USD Euro area - Euro - Monthly - End of period,2017-08,0.845666,A,,F
M,XM,EUR,E,0,6,A, Exchange rates against USD Euro area - Euro - Monthly - End of period,2017-09,0.847027,A,,F
M,XM,EUR,E,0,6,A, Exchange rates against USD Euro area - Euro - Monthly - End of period,2017-10,0.859254,A,,F
M,XM,EUR,E,0,6,A, Exchange rates against USD Euro area - Euro - Monthly - End of period,2017-11,0.843953,A,,F
M,XM,EUR,E,0,6,A, Exchange rates against USD Euro area - Euro - Monthly - End of period,2017-12,0.83382,A,,F
M,XM,EUR,E,0,6,A, Exchange rates against USD Euro area - Euro - Monthly - End of period,2018-01,0.802761,A,,F
M,XM,EUR,E,0,6,A, Exchange rates against USD Euro area - Euro - Monthly - End of period,2018-02,0.818733,A,,F
M,XM,EUR,E,0,6,A, Exchange rates against USD Euro area - Euro - Monthly - End of period,2018-03,0.811622,A,,F
M,XM,EUR,E,0,6,A, Exchange rates against USD Euro area - Euro - Monthly - End of period,2018-04,0.827883,A,,F
M,XM,EUR,E,0,6,A, Exchange rates against USD Euro area - Euro - Monthly - End of period,2018-05,0.854774,A,,F
M,XM,EUR,E,0,6,A, Exchange rates against USD Euro area - Euro - Monthly - End of period,2018-06,0.85778,A,,F
M,XM,EUR,E,0,6,A, Exchange rates against USD Euro area - Euro - Monthly - End of period,2018-07,0.852079,A,,F
M,XM,EUR,E,0,6,A, Exchange rates against USD Euro area - Euro - Monthly - End of period,2018-08,0.858295,A,,F
M,XM,EUR,E,0,6,A, Exchange rates against USD Euro area - Euro - Monthly - End of period,2018-09,0.863856,A,,F
M,XM,EUR,E,0,6,A, Exchange rates against USD Euro area - Euro - Monthly - End of period,2018-10,0.883548,A,,F
M,XM,EUR,E,0,6,A, Exchange rates against USD Euro area - Euro - Monthly - End of period,2018-11,0.880359,A,,F
M,XM,EUR,E,0,6,A, Exchange rates against USD Euro area - Euro - Monthly - End of period,2018-12,0.873362,A,,F
M,XM,EUR,E,0,6,A, Exchange rates against USD Euro area - Euro - Monthly - End of period,2019-01,0.870474,A,,F
M,XM,EUR,E,0,6,A, Exchange rates against USD Euro area - Euro - Monthly - End of period,2019-02,0.875964,A,,F
M,XM,EUR,E,0,6,A, Exchange rates against USD Euro area - Euro - Monthly - End of period,2019-03,0.890076,A,,F
M,XM,EUR,E,0,6,A, Exchange rates against USD Euro area - Euro - Monthly - End of period,2019-04,0.891424,A,,F
M,XM,EUR,E,0,6,A, Exchange rates against USD Euro area - Euro - Monthly - End of period,2019-05,0.896781,A,,F
M,XM,EUR,E,0,6,A, Exchange rates against USD Euro area - Euro - Monthly - End of period,2019-06,0.878735,A,,F
M,XM,EUR,E,0,6,A, Exchange rates against USD Euro area - Euro - Monthly - End of period,2019-07,0.896781,A,,F
M,XM,EUR,E,0,6,A, Exchange rates against USD Euro area - Euro - Monthly - End of period,2019-08,0.906125,A,,F
M,XM,EUR,E,0,6,A, Exchange rates against USD Euro area - Euro - Monthly - End of period,2019-09,0.918358,A,,F
M,XM,EUR,E,0,6,A, Exchange rates against USD Euro area - Euro - Monthly - End of period,2019-10,0.896539,A,,F
M,XM,EUR,E,0,6,A, Exchange rates against USD Euro area - Euro - Monthly - End of period,2019-11,0.910581,A,,F
M,XM,EUR,E,0,6,A, Exchange rates against USD Euro area - Euro - Monthly - End of period,2019-12,0.890155,A,,F
M,XM,EUR,E,0,6,A, Exchange rates against USD Euro area - Euro - Monthly - End of period,2020-01,0.904814,A,,F
M,XM,EUR,E,0,6,A, Exchange rates against USD Euro area - Euro - Monthly - End of period,2020-02,0.910996,A,,F
M,XM,EUR,E,0,6,A, Exchange rates against USD Euro area - Euro - Monthly - End of period,2020-03,0.912742,A,,F
M,XM,EUR,E,0,6,A, Exchange rates against USD Euro area - Euro - Monthly - End of period,2020-04,0.919456,A,,F
M,XM,EUR,E,0,6,A, Exchange rates against USD Euro area - Euro - Monthly - End of period,2020-05,0.897989,A,,F
M,XM,EUR,E,0,6,A, Exchange rates against USD Euro area - Euro - Monthly - End of period,2020-06,0.893017,A,,F
M,XM,EUR,E,0,6,A, Exchange rates against USD Euro area - Euro - Monthly - End of period,2020-07,0.844024,A,,F
M,XM,EUR,E,0,6,A, Exchange rates against USD Euro area - Euro - Monthly - End of period,2020-08,0.837521,A,,F
M,XM,EUR,E,0,6,A, Exchange rates against USD Euro area - Euro - Monthly - End of period,2020-09,0.854117,A,,F
M,XM,EUR,E,0,6,A, Exchange rates against USD Euro area - Euro - Monthly - End of period,2020-10,0.854847,A,,F
M,XM,EUR,E,0,6,A, Exchange rates against USD Euro area - Euro - Monthly - End of period,2020-11,0.834725,A,,F
M,XM,EUR,E,0,6,A, Exchange rates against USD Euro area - Euro - Monthly - End of period,2020-12,0.81493,A,,F
M,XM,EUR,E,0,6,A, Exchange rates against USD Euro area - Euro - Monthly - End of period,2021-01,0.823995,A,,F
M,XM,EUR,E,0,6,A, Exchange rates against USD Euro area - Euro - Monthly - End of period,2021-02,0.825014,A,,F
M,XM,EUR,E,0,6,A, Exchange rates against USD Euro area - Euro - Monthly - End of period,2021-03,0.852878,A,,F
M,XM,EUR,E,0,6,A, Exchange rates against USD Euro area - Euro - Monthly - End of period,2021-04,0.827678,A,,F
M,XM,EUR,E,0,6,A, Exchange rates against USD Euro area - Euro - Monthly - End of period,2021-05,0.819605,A,,F
M,XM,EUR,E,0,6,A, Exchange rates against USD Euro area - Euro - Monthly - End of period,2021-06,0.841468,A,,F
M,XM,EUR,E,0,6,A, Exchange rates against USD Euro area - Euro - Monthly - End of period,2021-07,0.840972,A,,F
M,XM,EUR,E,0,6,A, Exchange rates against USD Euro area - Euro - Monthly - End of period,2021-08,0.845023,A,,F
M,XM,EUR,E,0,6,A, Exchange rates against USD Euro area - Euro - Monthly - End of period,2021-09,0.863632,A,,F
M,XM,EUR,E,0,6,A, Exchange rates against USD Euro area - Euro - Monthly - End of period,2021-10,0.858738,A,,F
M,XM,EUR,E,0,6,A, Exchange rates against USD Euro area - Euro - Monthly - End of period,2021-11,0.880049,A,,F
M,XM,EUR,E,0,6,A, Exchange rates against USD Euro area - Euro - Monthly - End of period,2021-12,0.882924,A,,F
M,XM,EUR,E,0,6,A, Exchange rates against USD Euro area - Euro - Monthly - End of period,2022-01,0.896379,A,,F
M,XM,EUR,E,0,6,A, Exchange rates against USD Euro area - Euro - Monthly - End of period,2022-02,0.892937,A,,F
M,XM,EUR,E,0,6,A, Exchange rates against USD Euro area - Euro - Monthly - End of period,2022-03,0.90082,A,,F
M,XM,EUR,E,0,6,A, Exchange rates against USD Euro area - Euro - Monthly - End of period,2022-04,0.948767,A,,F
M,XM,EUR,E,0,6,A, Exchange rates against USD Euro area - Euro - Monthly - End of period,2022-05,0.933445,A,,F
M,XM,EUR,E,0,6,A, Exchange rates against USD Euro area - Euro - Monthly - End of period,2022-06,0.962742,A,,F
M,XM,EUR,E,0,6,A, Exchange rates against USD Euro area - Euro - Monthly - End of period,2022-07,0.980584,A,,F
M,XM,EUR,E,0,6,A, Exchange rates against USD Euro area - Euro - Monthly - End of period,2022-08,1,A,,F
M,XM,EUR,E,0,6,A, Exchange rates against USD Euro area - Euro - Monthly - End of period,2022-09,1.025851,A,,F
M,XM,EUR,E,0,6,A, Exchange rates against USD Euro area - Euro - Monthly - End of period,2022-10,1.008675,A,,F
M,XM,EUR,E,0,6,A, Exchange rates against USD Euro area - Euro - Monthly - End of period,2022-11,0.963763,A,,F
M,XM,EUR,E,0,6,A, Exchange rates against USD Euro area - Euro - Monthly - End of period,2022-12,0.937559,A,,F
M,XM,EUR,E,0,6,A, Exchange rates against USD Euro area - Euro - Monthly - End of period,2023-01,0.923105,A,,F
M,XM,EUR,E,0,6,A, Exchange rates against USD Euro area - Euro - Monthly - End of period,2023-02,0.941708,A,,F
M,XM,EUR,E,0,6,A, Exchange rates against USD Euro area - Euro - Monthly - End of period,2023-03,0.91954,A,,F
M,XM,EUR,E,0,6,A, Exchange rates against USD Euro area - Euro - Monthly - End of period,2023-04,0.910664,A,,F
M,XM,EUR,E,0,6,A, Exchange rates against USD Euro area - Euro - Monthly - End of period,2023-05,0.936067,A,,F
M,XM,EUR,E,0,6,A, Exchange rates against USD Euro area - Euro - Monthly - End of period,2023-06,0.920302,A,,F
M,XM,EUR,E,0,6,A, Exchange rates against USD Euro area - Euro - Monthly - End of period,2023-07,0.907194,A,,F
M,XM,EUR,E,0,6,A, Exchange rates against USD Euro area - Euro - Monthly - End of period,2023-08,0.920132,A,,F
M,XM,EUR,E,0,6,A, Exchange rates against USD Euro area - Euro - Monthly - End of period,2023-09,0.943931,A,,F
M,XM,EUR,E,0,6,A, Exchange rates against USD Euro area - Euro - Monthly - End of period,2023-10,0.941708,A,,F
M,XM,EUR,E,0,6,A, Exchange rates against USD Euro area - Euro - Monthly - End of period,2023-11,0.914829,A,,F
M,XM,EUR,E,0,6,A, Exchange rates against USD Euro area - Euro - Monthly - End of period,2023-12,0.904977,A,,F
M,XM,EUR,E,0,6,A, Exchange rates against USD Euro area - Euro - Monthly - End of period,2024-01,0.922765,A,,F
M,XM,EUR,E,0,6,A, Exchange rates against USD Euro area - Euro - Monthly - End of period,2024-02,0.923702,A,,F
M,XM,EUR,E,0,6,A, Exchange rates against USD Euro area - Euro - Monthly - End of period,2024-03,0.924984,A,,F
M,XM,EUR,E,0,6,A, Exchange rates against USD Euro area - Euro - Monthly - End of period,2024-04,0.93301,A,,F
M,XM,EUR,E,0,6,A, Exchange rates against USD Euro area - Euro - Monthly - End of period,2024-05,0.921489,A,,F
M,XM,EUR,E,0,6,A, Exchange rates against USD Euro area - Euro - Monthly - End of period,2024-06,0.934143,A,,F
M,XM,EUR,E,0,6,A, Exchange rates against USD Euro area - Euro - Monthly - End of period,2024-07,0.923532,A,,F
M,XM,EUR,E,0,6,A, Exchange rates against USD Euro area - Euro - Monthly - End of period,2024-08,0.901957,A,,F
M,XM,EUR,E,0,6,A, Exchange rates against USD Euro area - Euro - Monthly - End of period,2024-09,0.893176,A,,F
M,XM,EUR,E,0,6,A, Exchange rates against USD Euro area - Euro - Monthly - End of period,2024-10,0.918949,A,,F
M,XM,EUR,E,0,6,A, Exchange rates against USD Euro area - Euro - Monthly - End of period,2024-11,0.94679,A,,F
M,XM,EUR,E,0,6,A, Exchange rates against USD Euro area - Euro - Monthly - End of period,2024-12,0.962557,A,,F
M,XM,EUR,E,0,6,A, Exchange rates against USD Euro area - Euro - Monthly - End of period,2025-01,0.962186,A,,F
M,XM,EUR,E,0,6,A, Exchange rates against USD Euro area - Euro - Monthly - End of period,2025-02,0.960523,A,,F
M,XM,EUR,E,0,6,A, Exchange rates against USD Euro area - Euro - Monthly - End of period,2025-03,0.924642,A,,F
M,XM,EUR,E,0,6,A, Exchange rates against USD Euro area - Euro - Monthly - End of period,2025-04,0.879275,A,,F
M,XM,EUR,E,0,6,A, Exchange rates against USD Euro area - Euro - Monthly - End of period,2025-05,0.881912,A,,F
M,XM,EUR,E,0,6,A, Exchange rates against USD Euro area - Euro - Monthly - End of period,2025-06,0.853242,A,,F
M,XM,EUR,E,0,6,A, Exchange rates against USD Euro area - Euro - Monthly - End of period,2025-07,0.873668,A,,F
M,XM,EUR,E,0,6,A, Exchange rates against USD Euro area - Euro - Monthly - End of period,2025-08,0.85778,A,,F
M,XM,EUR,E,0,6,A, Exchange rates against USD Euro area - Euro - Monthly - End of period,2025-09,0.851716,A,,F
M,XM,EUR,E,0,6,A, Exchange rates against USD Euro area - Euro - Monthly - End of period,2025-10,0.865501,A,,F
M,XM,EUR,E,0,6,A, Exchange rates against USD Euro area - Euro - Monthly - End of period,2025-11,0.864603,A,,F
M,XM,EUR,E,0,6,A, Exchange rates against USD Euro area - Euro - Monthly - End of period,2025-12,0.851064,A,,F
M,XM,EUR,E,0,6,A, Exchange rates against USD Euro area - Euro - Monthly - End of period,2026-01,0.838997,A,,F
M,XM,EUR,E,0,6,A, Exchange rates against USD Euro area - Euro - Monthly - End of period,2026-02,0.847099,A,,F
M,XM,EUR,E,0,6,A, Exchange rates against USD Euro area - Euro - Monthly - End of period,2026-03,0.869716,A,,F
M,XM,EUR,E,0,6,A, Exchange rates against USD Euro area - Euro - Monthly - End of period,2026-04,0.854555,A,,F
M,XM,EUR,E,0,6,A, Exchange rates against USD Euro area - Euro - Monthly - End of period,2026-05,0.858811,A,,F
M,XM,EUR,E,0,6,A, Exchange rates against USD Euro area - Euro - Monthly - End of period,2026-06,0.877655,A,,F
M,XM,EUR,E,0,6,A, Exchange rates against USD Euro area - Euro - Monthly - End of period,2026-07,0.870701,A,,F
M,XM,EUR,E,0,6,A, Exchange rates against USD Euro area - Euro - Monthly - End of period,2026-08,0.862366,A,,F
M,SG,SGD,E,0,6,A, Exchange rates against USD Singapore - Singapore dollar - Monthly - End of period,1957-01,3.06122,A,,F
M,SG,SGD,E,0,6,A, Exchange rates against USD Singapore - Singapore dollar - Monthly - End of period,1957-02,3.06122,A,,F
M,SG,SGD,E,0,6,A, Exchange rates against USD Singapore - Singapore dollar - Monthly - End of period,1957-03,3.06122,A,,F
M,SG,SGD,E,0,6,A, Exchange rates against USD Singapore - Singapore dollar - Monthly - End of period,1957-04,3.06122,A,,F
M,SG,SGD,E,0,6,A, Exchange rates against USD Singapore - Singapore dollar - Monthly - End of period,1957-05,3.06122,A,,F
M,SG,SGD,E,0,6,A, Exchange rates against USD Singapore - Singapore dollar - Monthly - End of period,1957-06,3.06122,A,,F
M,SG,SGD,E,0,6,A, Exchange rates against USD Singapore - Singapore dollar - Monthly - End of period,1957-07,3.06122,A,,F
M,SG,SGD,E,0,6,A, Exchange rates against USD Singapore - Singapore dollar - Monthly - End of period,1957-08,3.06122,A,,F
M,SG,SGD,E,0,6,A, Exchange rates against USD Singapore - Singapore dollar - Monthly - End of period,1957-09,3.06122,A,,F
M,SG,SGD,E,0,6,A, Exchange rates against USD Singapore - Singapore dollar - Monthly - End of period,1957-10,3.06122,A,,F
M,SG,SGD,E,0,6,A, Exchange rates against USD Singapore - Singapore dollar - Monthly - End of period,1957-11,3.06122,A,,F
M,SG,SGD,E,0,6,A, Exchange rates against USD Singapore - Singapore dollar - Monthly - End of period,1957-12,3.06122,A,,F
M,SG,SGD,E,0,6,A, Exchange rates against USD Singapore - Singapore dollar - Monthly - End of period,1958-01,3.06122,A,,F
M,SG,SGD,E,0,6,A, Exchange rates against USD Singapore - Singapore dollar - Monthly - End of period,1958-02,3.06122,A,,F
M,SG,SGD,E,0,6,A, Exchange rates against USD Singapore - Singapore dollar - Monthly - End of period,1958-03,3.06122,A,,F
M,SG,SGD,E,0,6,A, Exchange rates against USD Singapore - Singapore dollar - Monthly - End of period,1958-04,3.06122,A,,F
M,SG,SGD,E,0,6,A, Exchange rates against USD Singapore - Singapore dollar - Monthly - End of period,1958-05,3.06122,A,,F
M,SG,SGD,E,0,6,A, Exchange rates against USD Singapore - Singapore dollar - Monthly - End of period,1958-06,3.06122,A,,F
M,SG,SGD,E,0,6,A, Exchange rates against USD Singapore - Singapore dollar - Monthly - End of period,1958-07,3.06122,A,,F
M,SG,SGD,E,0,6,A, Exchange rates against USD Singapore - Singapore dollar - Monthly - End of period,1958-08,3.06122,A,,F
M,SG,SGD,E,0,6,A, Exchange rates against USD Singapore - Singapore dollar - Monthly - End of period,1958-09,3.06122,A,,F
M,SG,SGD,E,0,6,A, Exchange rates against USD Singapore - Singapore dollar - Monthly - End of period,1958-10,3.06122,A,,F
M,SG,SGD,E,0,6,A, Exchange rates against USD Singapore - Singapore dollar - Monthly - End of period,1958-11,3.06122,A,,F
M,SG,SGD,E,0,6,A, Exchange rates against USD Singapore - Singapore dollar - Monthly - End of period,1958-12,3.06122,A,,F
M,SG,SGD,E,0,6,A, Exchange rates against USD Singapore - Singapore dollar - Monthly - End of period,1959-01,3.06122,A,,F
M,SG,SGD,E,0,6,A, Exchange rates against USD Singapore - Singapore dollar - Monthly - End of period,1959-02,3.06122,A,,F
M,SG,SGD,E,0,6,A, Exchange rates against USD Singapore - Singapore dollar - Monthly - End of period,1959-03,3.06122,A,,F
M,SG,SGD,E,0,6,A, Exchange rates against USD Singapore - Singapore dollar - Monthly - End of period,1959-04,3.06122,A,,F
M,SG,SGD,E,0,6,A, Exchange rates against USD Singapore - Singapore dollar - Monthly - End of period,1959-05,3.06122,A,,F
M,SG,SGD,E,0,6,A, Exchange rates against USD Singapore - Singapore dollar - Monthly - End of period,1959-06,3.06122,A,,F
M,SG,SGD,E,0,6,A, Exchange rates against USD Singapore - Singapore dollar - Monthly - End of period,1959-07,3.06122,A,,F
M,SG,SGD,E,0,6,A, Exchange rates against USD Singapore - Singapore dollar - Monthly - End of period,1959-08,3.06122,A,,F
M,SG,SGD,E,0,6,A, Exchange rates against USD Singapore - Singapore dollar - Monthly - End of period,1959-09,3.06122,A,,F
M,SG,SGD,E,0,6,A, Exchange rates against USD Singapore - Singapore dollar - Monthly - End of period,1959-10,3.06122,A,,F
M,SG,SGD,E,0,6,A, Exchange rates against USD Singapore - Singapore dollar - Monthly - End of period,1959-11,3.06122,A,,F
M,SG,SGD,E,0,6,A, Exchange rates against USD Singapore - Singapore dollar - Monthly - End of period,1959-12,3.06122,A,,F
M,SG,SGD,E,0,6,A, Exchange rates against USD Singapore - Singapore dollar - Monthly - End of period,1960-01,3.06122,A,,F
M,SG,SGD,E,0,6,A, Exchange rates against USD Singapore - Singapore dollar - Monthly - End of period,1960-02,3.06122,A,,F
M,SG,SGD,E,0,6,A, Exchange rates against USD Singapore - Singapore dollar - Monthly - End of period,1960-03,3.06122,A,,F
M,SG,SGD,E,0,6,A, Exchange rates against USD Singapore - Singapore dollar - Monthly - End of period,1960-04,3.06122,A,,F
M,SG,SGD,E,0,6,A, Exchange rates against USD Singapore - Singapore dollar - Monthly - End of period,1960-05,3.06122,A,,F
M,SG,SGD,E,0,6,A, Exchange rates against USD Singapore - Singapore dollar - Monthly - End of period,1960-06,3.06122,A,,F
M,SG,SGD,E,0,6,A, Exchange rates against USD Singapore - Singapore dollar - Monthly - End of period,1960-07,3.06122,A,,F
M,SG,SGD,E,0,6,A, Exchange rates against USD Singapore - Singapore dollar - Monthly - End of period,1960-08,3.06122,A,,F
M,SG,SGD,E,0,6,A, Exchange rates against USD Singapore - Singapore dollar - Monthly - End of period,1960-09,3.06122,A,,F
M,SG,SGD,E,0,6,A, Exchange rates against USD Singapore - Singapore dollar - Monthly - End of period,1960-10,3.06122,A,,F
M,SG,SGD,E,0,6,A, Exchange rates against USD Singapore - Singapore dollar - Monthly - End of period,1960-11,3.06122,A,,F
M,SG,SGD,E,0,6,A, Exchange rates against USD Singapore - Singapore dollar - Monthly - End of period,1960-12,3.06122,A,,F
M,SG,SGD,E,0,6,A, Exchange rates against USD Singapore - Singapore dollar - Monthly - End of period,1961-01,3.06122,A,,F
M,SG,SGD,E,0,6,A, Exchange rates against USD Singapore - Singapore dollar - Monthly - End of period,1961-02,3.06122,A,,F
M,SG,SGD,E,0,6,A, Exchange rates against USD Singapore - Singapore dollar - Monthly - End of period,1961-03,3.06122,A,,F
M,SG,SGD,E,0,6,A, Exchange rates against USD Singapore - Singapore dollar - Monthly - End of period,1961-04,3.06122,A,,F
M,SG,SGD,E,0,6,A, Exchange rates against USD Singapore - Singapore dollar - Monthly - End of period,1961-05,3.06122,A,,F
M,SG,SGD,E,0,6,A, Exchange rates against USD Singapore - Singapore dollar - Monthly - End of period,1961-06,3.06122,A,,F
M,SG,SGD,E,0,6,A, Exchange rates against USD Singapore - Singapore dollar - Monthly - End of period,1961-07,3.06122,A,,F
M,SG,SGD,E,0,6,A, Exchange rates against USD Singapore - Singapore dollar - Monthly - End of period,1961-08,3.06122,A,,F
M,SG,SGD,E,0,6,A, Exchange rates against USD Singapore - Singapore dollar - Monthly - End of period,1961-09,3.06122,A,,F
M,SG,SGD,E,0,6,A, Exchange rates against USD Singapore - Singapore dollar - Monthly - End of period,1961-10,3.06122,A,,F
M,SG,SGD,E,0,6,A, Exchange rates against USD Singapore - Singapore dollar - Monthly - End of period,1961-11,3.06122,A,,F
M,SG,SGD,E,0,6,A, Exchange rates against USD Singapore - Singapore dollar - Monthly - End of period,1961-12,3.06122,A,,F
M,SG,SGD,E,0,6,A, Exchange rates against USD Singapore - Singapore dollar - Monthly - End of period,1962-01,3.06122,A,,F
M,SG,SGD,E,0,6,A, Exchange rates against USD Singapore - Singapore dollar - Monthly - End of period,1962-02,3.06122,A,,F
M,SG,SGD,E,0,6,A, Exchange rates against USD Singapore - Singapore dollar - Monthly - End of period,1962-03,3.06122,A,,F
M,SG,SGD,E,0,6,A, Exchange rates against USD Singapore - Singapore dollar - Monthly - End of period,1962-04,3.06122,A,,F
M,SG,SGD,E,0,6,A, Exchange rates against USD Singapore - Singapore dollar - Monthly - End of period,1962-05,3.06122,A,,F
M,SG,SGD,E,0,6,A, Exchange rates against USD Singapore - Singapore dollar - Monthly - End of period,1962-06,3.06122,A,,F
M,SG,SGD,E,0,6,A, Exchange rates against USD Singapore - Singapore dollar - Monthly - End of period,1962-07,3.06122,A,,F
M,SG,SGD,E,0,6,A, Exchange rates against USD Singapore - Singapore dollar - Monthly - End of period,1962-08,3.06122,A,,F
M,SG,SGD,E,0,6,A, Exchange rates against USD Singapore - Singapore dollar - Monthly - End of period,1962-09,3.06122,A,,F
M,SG,SGD,E,0,6,A, Exchange rates against USD Singapore - Singapore dollar - Monthly - End of period,1962-10,3.06122,A,,F
M,SG,SGD,E,0,6,A, Exchange rates against USD Singapore - Singapore dollar - Monthly - End of period,1962-11,3.06122,A,,F
M,SG,SGD,E,0,6,A, Exchange rates against USD Singapore - Singapore dollar - Monthly - End of period,1962-12,3.06122,A,,F
M,SG,SGD,E,0,6,A, Exchange rates against USD Singapore - Singapore dollar - Monthly - End of period,1963-01,3.06,A,,F
M,SG,SGD,E,0,6,A, Exchange rates against USD Singapore - Singapore dollar - Monthly - End of period,1963-02,3.06,A,,F
M,SG,SGD,E,0,6,A, Exchange rates against USD Singapore - Singapore dollar - Monthly - End of period,1963-03,3.06,A,,F
M,SG,SGD,E,0,6,A, Exchange rates against USD Singapore - Singapore dollar - Monthly - End of period,1963-04,3.06,A,,F
M,SG,SGD,E,0,6,A, Exchange rates against USD Singapore - Singapore dollar - Monthly - End of period,1963-05,3.06,A,,F
M,SG,SGD,E,0,6,A, Exchange rates against USD Singapore - Singapore dollar - Monthly - End of period,1963-06,3.06,A,,F
M,SG,SGD,E,0,6,A, Exchange rates against USD Singapore - Singapore dollar - Monthly - End of period,1963-07,3.06,A,,F
M,SG,SGD,E,0,6,A, Exchange rates against USD Singapore - Singapore dollar - Monthly - End of period,1963-08,3.06,A,,F
M,SG,SGD,E,0,6,A, Exchange rates against USD Singapore - Singapore dollar - Monthly - End of period,1963-09,3.06,A,,F
M,SG,SGD,E,0,6,A, Exchange rates against USD Singapore - Singapore dollar - Monthly - End of period,1963-10,3.06,A,,F
M,SG,SGD,E,0,6,A, Exchange rates against USD Singapore - Singapore dollar - Monthly - End of period,1963-11,3.06,A,,F
M,SG,SGD,E,0,6,A, Exchange rates against USD Singapore - Singapore dollar - Monthly - End of period,1963-12,3.06,A,,F
M,SG,SGD,E,0,6,A, Exchange rates against USD Singapore - Singapore dollar - Monthly - End of period,1964-01,3.06,A,,F
M,SG,SGD,E,0,6,A, Exchange rates against USD Singapore - Singapore dollar - Monthly - End of period,1964-02,3.06,A,,F
M,SG,SGD,E,0,6,A, Exchange rates against USD Singapore - Singapore dollar - Monthly - End of period,1964-03,3.06,A,,F
M,SG,SGD,E,0,6,A, Exchange rates against USD Singapore - Singapore dollar - Monthly - End of period,1964-04,3.06,A,,F
M,SG,SGD,E,0,6,A, Exchange rates against USD Singapore - Singapore dollar - Monthly - End of period,1964-05,3.06,A,,F
M,SG,SGD,E,0,6,A, Exchange rates against USD Singapore - Singapore dollar - Monthly - End of period,1964-06,3.07,A,,F
M,SG,SGD,E,0,6,A, Exchange rates against USD Singapore - Singapore dollar - Monthly - End of period,1964-07,3.07,A,,F
M,SG,SGD,E,0,6,A, Exchange rates against USD Singapore - Singapore dollar - Monthly - End of period,1964-08,3.08,A,,F
M,SG,SGD,E,0,6,A, Exchange rates against USD Singapore - Singapore dollar - Monthly - End of period,1964-09,3.08,A,,F
M,SG,SGD,E,0,6,A, Exchange rates against USD Singapore - Singapore dollar - Monthly - End of period,1964-10,3.08,A,,F
M,SG,SGD,E,0,6,A, Exchange rates against USD Singapore - Singapore dollar - Monthly - End of period,1964-11,3.07,A,,F
M,SG,SGD,E,0,6,A, Exchange rates against USD Singapore - Singapore dollar - Monthly - End of period,1964-12,3.07,A,,F
M,SG,SGD,E,0,6,A, Exchange rates against USD Singapore - Singapore dollar - Monthly - End of period,1965-01,3.07,A,,F
M,SG,SGD,E,0,6,A, Exchange rates against USD Singapore - Singapore dollar - Monthly - End of period,1965-02,3.07,A,,F
M,SG,SGD,E,0,6,A, Exchange rates against USD Singapore - Singapore dollar - Monthly - End of period,1965-03,3.07,A,,F
M,SG,SGD,E,0,6,A, Exchange rates against USD Singapore - Singapore dollar - Monthly - End of period,1965-04,3.06,A,,F
M,SG,SGD,E,0,6,A, Exchange rates against USD Singapore - Singapore dollar - Monthly - End of period,1965-05,3.07,A,,F
M,SG,SGD,E,0,6,A, Exchange rates against USD Singapore - Singapore dollar - Monthly - End of period,1965-06,3.07,A,,F
M,SG,SGD,E,0,6,A, Exchange rates against USD Singapore - Singapore dollar - Monthly - End of period,1965-07,3.07,A,,F
M,SG,SGD,E,0,6,A, Exchange rates against USD Singapore - Singapore dollar - Monthly - End of period,1965-08,3.07,A,,F
M,SG,SGD,E,0,6,A, Exchange rates against USD Singapore - Singapore dollar - Monthly - End of period,1965-09,3.06,A,,F
M,SG,SGD,E,0,6,A, Exchange rates against USD Singapore - Singapore dollar - Monthly - End of period,1965-10,3.06,A,,F
M,SG,SGD,E,0,6,A, Exchange rates against USD Singapore - Singapore dollar - Monthly - End of period,1965-11,3.06,A,,F
M,SG,SGD,E,0,6,A, Exchange rates against USD Singapore - Singapore dollar - Monthly - End of period,1965-12,3.06,A,,F
M,SG,SGD,E,0,6,A, Exchange rates against USD Singapore - Singapore dollar - Monthly - End of period,1966-01,3.06,A,,F
M,SG,SGD,E,0,6,A, Exchange rates against USD Singapore - Singapore dollar - Monthly - End of period,1966-02,3.06,A,,F
M,SG,SGD,E,0,6,A, Exchange rates against USD Singapore - Singapore dollar - Monthly - End of period,1966-03,3.06,A,,F
M,SG,SGD,E,0,6,A, Exchange rates against USD Singapore - Singapore dollar - Monthly - End of period,1966-04,3.06,A,,F
M,SG,SGD,E,0,6,A, Exchange rates against USD Singapore - Singapore dollar - Monthly - End of period,1966-05,3.07,A,,F
M,SG,SGD,E,0,6,A, Exchange rates against USD Singapore - Singapore dollar - Monthly - End of period,1966-06,3.07,A,,F
M,SG,SGD,E,0,6,A, Exchange rates against USD Singapore - Singapore dollar - Monthly - End of period,1966-07,3.07,A,,F
M,SG,SGD,E,0,6,A, Exchange rates against USD Singapore - Singapore dollar - Monthly - End of period,1966-08,3.07,A,,F
M,SG,SGD,E,0,6,A, Exchange rates against USD Singapore - Singapore dollar - Monthly - End of period,1966-09,3.07,A,,F
M,SG,SGD,E,0,6,A, Exchange rates against USD Singapore - Singapore dollar - Monthly - End of period,1966-10,3.07,A,,F
M,SG,SGD,E,0,6,A, Exchange rates against USD Singapore - Singapore dollar - Monthly - End of period,1966-11,3.07,A,,F
M,SG,SGD,E,0,6,A, Exchange rates against USD Singapore - Singapore dollar - Monthly - End of period,1966-12,3.08,A,,F
M,SG,SGD,E,0,6,A, Exchange rates against USD Singapore - Singapore dollar - Monthly - End of period,1967-01,3.07,A,,F
M,SG,SGD,E,0,6,A, Exchange rates against USD Singapore - Singapore dollar - Monthly - End of period,1967-02,3.07,A,,F
M,SG,SGD,E,0,6,A, Exchange rates against USD Singapore - Singapore dollar - Monthly - End of period,1967-03,3.08,A,,F
M,SG,SGD,E,0,6,A, Exchange rates against USD Singapore - Singapore dollar - Monthly - End of period,1967-04,3.06,A,,F
M,SG,SGD,E,0,6,A, Exchange rates against USD Singapore - Singapore dollar - Monthly - End of period,1967-05,3.07,A,,F
M,SG,SGD,E,0,6,A, Exchange rates against USD Singapore - Singapore dollar - Monthly - End of period,1967-06,3.09,A,,F
M,SG,SGD,E,0,6,A, Exchange rates against USD Singapore - Singapore dollar - Monthly - End of period,1967-07,3.09,A,,F
M,SG,SGD,E,0,6,A, Exchange rates against USD Singapore - Singapore dollar - Monthly - End of period,1967-08,3.09,A,,F
M,SG,SGD,E,0,6,A, Exchange rates against USD Singapore - Singapore dollar - Monthly - End of period,1967-09,3.09,A,,F
M,SG,SGD,E,0,6,A, Exchange rates against USD Singapore - Singapore dollar - Monthly - End of period,1967-10,3.09,A,,F
M,SG,SGD,E,0,6,A, Exchange rates against USD Singapore - Singapore dollar - Monthly - End of period,1967-11,3.09,A,,F
M,SG,SGD,E,0,6,A, Exchange rates against USD Singapore - Singapore dollar - Monthly - End of period,1967-12,3.07,A,,F
M,SG,SGD,E,0,6,A, Exchange rates against USD Singapore - Singapore dollar - Monthly - End of period,1968-01,3.07,A,,F
M,SG,SGD,E,0,6,A, Exchange rates against USD Singapore - Singapore dollar - Monthly - End of period,1968-02,3.07,A,,F
M,SG,SGD,E,0,6,A, Exchange rates against USD Singapore - Singapore dollar - Monthly - End of period,1968-03,3.07,A,,F
M,SG,SGD,E,0,6,A, Exchange rates against USD Singapore - Singapore dollar - Monthly - End of period,1968-04,3.08,A,,F
M,SG,SGD,E,0,6,A, Exchange rates against USD Singapore - Singapore dollar - Monthly - End of period,1968-05,3.09,A,,F
M,SG,SGD,E,0,6,A, Exchange rates against USD Singapore - Singapore dollar - Monthly - End of period,1968-06,3.09,A,,F
M,SG,SGD,E,0,6,A, Exchange rates against USD Singapore - Singapore dollar - Monthly - End of period,1968-07,3.08,A,,F
M,SG,SGD,E,0,6,A, Exchange rates against USD Singapore - Singapore dollar - Monthly - End of period,1968-08,3.08,A,,F
M,SG,SGD,E,0,6,A, Exchange rates against USD Singapore - Singapore dollar - Monthly - End of period,1968-09,3.09,A,,F
M,SG,SGD,E,0,6,A, Exchange rates against USD Singapore - Singapore dollar - Monthly - End of period,1968-10,3.08,A,,F
M,SG,SGD,E,0,6,A, Exchange rates against USD Singapore - Singapore dollar - Monthly - End of period,1968-11,3.08,A,,F
M,SG,SGD,E,0,6,A, Exchange rates against USD Singapore - Singapore dollar - Monthly - End of period,1968-12,3.08,A,,F
M,SG,SGD,E,0,6,A, Exchange rates against USD Singapore - Singapore dollar - Monthly - End of period,1969-01,3.07,A,,F
M,SG,SGD,E,0,6,A, Exchange rates against USD Singapore - Singapore dollar - Monthly - End of period,1969-02,3.08,A,,F
M,SG,SGD,E,0,6,A, Exchange rates against USD Singapore - Singapore dollar - Monthly - End of period,1969-03,3.07,A,,F
M,SG,SGD,E,0,6,A, Exchange rates against USD Singapore - Singapore dollar - Monthly - End of period,1969-04,3.09,A,,F
M,SG,SGD,E,0,6,A, Exchange rates against USD Singapore - Singapore dollar - Monthly - End of period,1969-05,3.08,A,,F
M,SG,SGD,E,0,6,A, Exchange rates against USD Singapore - Singapore dollar - Monthly - End of period,1969-06,3.08,A,,F
M,SG,SGD,E,0,6,A, Exchange rates against USD Singapore - Singapore dollar - Monthly - End of period,1969-07,3.08,A,,F
M,SG,SGD,E,0,6,A, Exchange rates against USD Singapore - Singapore dollar - Monthly - End of period,1969-08,3.08,A,,F
M,SG,SGD,E,0,6,A, Exchange rates against USD Singapore - Singapore dollar - Monthly - End of period,1969-09,3.08,A,,F
M,SG,SGD,E,0,6,A, Exchange rates against USD Singapore - Singapore dollar - Monthly - End of period,1969-10,3.07,A,,F
M,SG,SGD,E,0,6,A, Exchange rates against USD Singapore - Singapore dollar - Monthly - End of period,1969-11,3.08,A,,F
M,SG,SGD,E,0,6,A, Exchange rates against USD Singapore - Singapore dollar - Monthly - End of period,1969-12,3.09,A,,F
M,SG,SGD,E,0,6,A, Exchange rates against USD Singapore - Singapore dollar - Monthly - End of period,1970-01,3.09,A,,F
M,SG,SGD,E,0,6,A, Exchange rates against USD Singapore - Singapore dollar - Monthly - End of period,1970-02,3.09,A,,F
M,SG,SGD,E,0,6,A, Exchange rates against USD Singapore - Singapore dollar - Monthly - End of period,1970-03,3.09,A,,F
M,SG,SGD,E,0,6,A, Exchange rates against USD Singapore - Singapore dollar - Monthly - End of period,1970-04,3.09,A,,F
M,SG,SGD,E,0,6,A, Exchange rates against USD Singapore - Singapore dollar - Monthly - End of period,1970-05,3.09,A,,F
M,SG,SGD,E,0,6,A, Exchange rates against USD Singapore - Singapore dollar - Monthly - End of period,1970-06,3.1,A,,F
M,SG,SGD,E,0,6,A, Exchange rates against USD Singapore - Singapore dollar - Monthly - End of period,1970-07,3.1,A,,F
M,SG,SGD,E,0,6,A, Exchange rates against USD Singapore - Singapore dollar - Monthly - End of period,1970-08,3.1,A,,F
M,SG,SGD,E,0,6,A, Exchange rates against USD Singapore - Singapore dollar - Monthly - End of period,1970-09,3.1,A,,F
M,SG,SGD,E,0,6,A, Exchange rates against USD Singapore - Singapore dollar - Monthly - End of period,1970-10,3.1,A,,F
M,SG,SGD,E,0,6,A, Exchange rates against USD Singapore - Singapore dollar - Monthly - End of period,1970-11,3.1,A,,F
M,SG,SGD,E,0,6,A, Exchange rates against USD Singapore - Singapore dollar - Monthly - End of period,1970-12,3.08,A,,F
M,SG,SGD,E,0,6,A, Exchange rates against USD Singapore - Singapore dollar - Monthly - End of period,1971-01,3.08,A,,F
M,SG,SGD,E,0,6,A, Exchange rates against USD Singapore - Singapore dollar - Monthly - End of period,1971-02,3.08,A,,F
M,SG,SGD,E,0,6,A, Exchange rates against USD Singapore - Singapore dollar - Monthly - End of period,1971-03,3.07,A,,F
M,SG,SGD,E,0,6,A, Exchange rates against USD Singapore - Singapore dollar - Monthly - End of period,1971-04,3.07,A,,F
M,SG,SGD,E,0,6,A, Exchange rates against USD Singapore - Singapore dollar - Monthly - End of period,1971-05,3.06,A,,F
M,SG,SGD,E,0,6,A, Exchange rates against USD Singapore - Singapore dollar - Monthly - End of period,1971-06,3.06,A,,F
M,SG,SGD,E,0,6,A, Exchange rates against USD Singapore - Singapore dollar - Monthly - End of period,1971-07,3.06,A,,F
M,SG,SGD,E,0,6,A, Exchange rates against USD Singapore - Singapore dollar - Monthly - End of period,1971-08,3.02,A,,F
M,SG,SGD,E,0,6,A, Exchange rates against USD Singapore - Singapore dollar - Monthly - End of period,1971-09,2.98,A,,F
M,SG,SGD,E,0,6,A, Exchange rates against USD Singapore - Singapore dollar - Monthly - End of period,1971-10,2.97,A,,F
M,SG,SGD,E,0,6,A, Exchange rates against USD Singapore - Singapore dollar - Monthly - End of period,1971-11,2.97,A,,F
M,SG,SGD,E,0,6,A, Exchange rates against USD Singapore - Singapore dollar - Monthly - End of period,1971-12,2.9,A,,F
M,SG,SGD,E,0,6,A, Exchange rates against USD Singapore - Singapore dollar - Monthly - End of period,1972-01,2.86,A,,F
M,SG,SGD,E,0,6,A, Exchange rates against USD Singapore - Singapore dollar - Monthly - End of period,1972-02,2.85,A,,F
M,SG,SGD,E,0,6,A, Exchange rates against USD Singapore - Singapore dollar - Monthly - End of period,1972-03,2.83,A,,F
M,SG,SGD,E,0,6,A, Exchange rates against USD Singapore - Singapore dollar - Monthly - End of period,1972-04,2.83,A,,F
M,SG,SGD,E,0,6,A, Exchange rates against USD Singapore - Singapore dollar - Monthly - End of period,1972-05,2.83,A,,F
M,SG,SGD,E,0,6,A, Exchange rates against USD Singapore - Singapore dollar - Monthly - End of period,1972-06,2.81,A,,F
M,SG,SGD,E,0,6,A, Exchange rates against USD Singapore - Singapore dollar - Monthly - End of period,1972-07,2.79,A,,F
M,SG,SGD,E,0,6,A, Exchange rates against USD Singapore - Singapore dollar - Monthly - End of period,1972-08,2.78,A,,F
M,SG,SGD,E,0,6,A, Exchange rates against USD Singapore - Singapore dollar - Monthly - End of period,1972-09,2.77,A,,F
M,SG,SGD,E,0,6,A, Exchange rates against USD Singapore - Singapore dollar - Monthly - End of period,1972-10,2.77,A,,F
M,SG,SGD,E,0,6,A, Exchange rates against USD Singapore - Singapore dollar - Monthly - End of period,1972-11,2.77,A,,F
M,SG,SGD,E,0,6,A, Exchange rates against USD Singapore - Singapore dollar - Monthly - End of period,1972-12,2.82,A,,F
M,SG,SGD,E,0,6,A, Exchange rates against USD Singapore - Singapore dollar - Monthly - End of period,1973-01,2.79,A,,F
M,SG,SGD,E,0,6,A, Exchange rates against USD Singapore - Singapore dollar - Monthly - End of period,1973-02,2.54,A,,F
M,SG,SGD,E,0,6,A, Exchange rates against USD Singapore - Singapore dollar - Monthly - End of period,1973-03,2.49,A,,F
M,SG,SGD,E,0,6,A, Exchange rates against USD Singapore - Singapore dollar - Monthly - End of period,1973-04,2.49,A,,F
M,SG,SGD,E,0,6,A, Exchange rates against USD Singapore - Singapore dollar - Monthly - End of period,1973-05,2.49,A,,F
M,SG,SGD,E,0,6,A, Exchange rates against USD Singapore - Singapore dollar - Monthly - End of period,1973-06,2.3592,A,,F
M,SG,SGD,E,0,6,A, Exchange rates against USD Singapore - Singapore dollar - Monthly - End of period,1973-07,2.2516,A,,F
M,SG,SGD,E,0,6,A, Exchange rates against USD Singapore - Singapore dollar - Monthly - End of period,1973-08,2.3366,A,,F
M,SG,SGD,E,0,6,A, Exchange rates against USD Singapore - Singapore dollar - Monthly - End of period,1973-09,2.3414,A,,F
M,SG,SGD,E,0,6,A, Exchange rates against USD Singapore - Singapore dollar - Monthly - End of period,1973-10,2.3495,A,,F
M,SG,SGD,E,0,6,A, Exchange rates against USD Singapore - Singapore dollar - Monthly - End of period,1973-11,2.4547,A,,F
M,SG,SGD,E,0,6,A, Exchange rates against USD Singapore - Singapore dollar - Monthly - End of period,1973-12,2.4861,A,,F
M,SG,SGD,E,0,6,A, Exchange rates against USD Singapore - Singapore dollar - Monthly - End of period,1974-01,2.4885,A,,F
M,SG,SGD,E,0,6,A, Exchange rates against USD Singapore - Singapore dollar - Monthly - End of period,1974-02,2.4724,A,,F
M,SG,SGD,E,0,6,A, Exchange rates against USD Singapore - Singapore dollar - Monthly - End of period,1974-03,2.4225,A,,F
M,SG,SGD,E,0,6,A, Exchange rates against USD Singapore - Singapore dollar - Monthly - End of period,1974-04,2.4154,A,,F
M,SG,SGD,E,0,6,A, Exchange rates against USD Singapore - Singapore dollar - Monthly - End of period,1974-05,2.4171,A,,F
M,SG,SGD,E,0,6,A, Exchange rates against USD Singapore - Singapore dollar - Monthly - End of period,1974-06,2.4638,A,,F
M,SG,SGD,E,0,6,A, Exchange rates against USD Singapore - Singapore dollar - Monthly - End of period,1974-07,2.4758,A,,F
M,SG,SGD,E,0,6,A, Exchange rates against USD Singapore - Singapore dollar - Monthly - End of period,1974-08,2.4752,A,,F
M,SG,SGD,E,0,6,A, Exchange rates against USD Singapore - Singapore dollar - Monthly - End of period,1974-09,2.4325,A,,F
M,SG,SGD,E,0,6,A, Exchange rates against USD Singapore - Singapore dollar - Monthly - End of period,1974-10,2.4032,A,,F
M,SG,SGD,E,0,6,A, Exchange rates against USD Singapore - Singapore dollar - Monthly - End of period,1974-11,2.3534,A,,F
M,SG,SGD,E,0,6,A, Exchange rates against USD Singapore - Singapore dollar - Monthly - End of period,1974-12,2.312,A,,F
M,SG,SGD,E,0,6,A, Exchange rates against USD Singapore - Singapore dollar - Monthly - End of period,1975-01,2.3015,A,,F
M,SG,SGD,E,0,6,A, Exchange rates against USD Singapore - Singapore dollar - Monthly - End of period,1975-02,2.2285,A,,F
M,SG,SGD,E,0,6,A, Exchange rates against USD Singapore - Singapore dollar - Monthly - End of period,1975-03,2.2645,A,,F
M,SG,SGD,E,0,6,A, Exchange rates against USD Singapore - Singapore dollar - Monthly - End of period,1975-04,2.2761,A,,F
M,SG,SGD,E,0,6,A, Exchange rates against USD Singapore - Singapore dollar - Monthly - End of period,1975-05,2.2595,A,,F
M,SG,SGD,E,0,6,A, Exchange rates against USD Singapore - Singapore dollar - Monthly - End of period,1975-06,2.2992,A,,F
M,SG,SGD,E,0,6,A, Exchange rates against USD Singapore - Singapore dollar - Monthly - End of period,1975-07,2.4832,A,,F
M,SG,SGD,E,0,6,A, Exchange rates against USD Singapore - Singapore dollar - Monthly - End of period,1975-08,2.4785,A,,F
M,SG,SGD,E,0,6,A, Exchange rates against USD Singapore - Singapore dollar - Monthly - End of period,1975-09,2.5222,A,,F
M,SG,SGD,E,0,6,A, Exchange rates against USD Singapore - Singapore dollar - Monthly - End of period,1975-10,2.4565,A,,F
M,SG,SGD,E,0,6,A, Exchange rates against USD Singapore - Singapore dollar - Monthly - End of period,1975-11,2.5055,A,,F
M,SG,SGD,E,0,6,A, Exchange rates against USD Singapore - Singapore dollar - Monthly - End of period,1975-12,2.4895,A,,F
M,SG,SGD,E,0,6,A, Exchange rates against USD Singapore - Singapore dollar - Monthly - End of period,1976-01,2.488,A,,F
M,SG,SGD,E,0,6,A, Exchange rates against USD Singapore - Singapore dollar - Monthly - End of period,1976-02,2.4846,A,,F
M,SG,SGD,E,0,6,A, Exchange rates against USD Singapore - Singapore dollar - Monthly - End of period,1976-03,2.483,A,,F
M,SG,SGD,E,0,6,A, Exchange rates against USD Singapore - Singapore dollar - Monthly - End of period,1976-04,2.4742,A,,F
M,SG,SGD,E,0,6,A, Exchange rates against USD Singapore - Singapore dollar - Monthly - End of period,1976-05,2.4776,A,,F
M,SG,SGD,E,0,6,A, Exchange rates against USD Singapore - Singapore dollar - Monthly - End of period,1976-06,2.4718,A,,F
M,SG,SGD,E,0,6,A, Exchange rates against USD Singapore - Singapore dollar - Monthly - End of period,1976-07,2.466,A,,F
M,SG,SGD,E,0,6,A, Exchange rates against USD Singapore - Singapore dollar - Monthly - End of period,1976-08,2.463,A,,F
M,SG,SGD,E,0,6,A, Exchange rates against USD Singapore - Singapore dollar - Monthly - End of period,1976-09,2.4585,A,,F
M,SG,SGD,E,0,6,A, Exchange rates against USD Singapore - Singapore dollar - Monthly - End of period,1976-10,2.455,A,,F
M,SG,SGD,E,0,6,A, Exchange rates against USD Singapore - Singapore dollar - Monthly - End of period,1976-11,2.455,A,,F
M,SG,SGD,E,0,6,A, Exchange rates against USD Singapore - Singapore dollar - Monthly - End of period,1976-12,2.4555,A,,F
M,SG,SGD,E,0,6,A, Exchange rates against USD Singapore - Singapore dollar - Monthly - End of period,1977-01,2.4586,A,,F
M,SG,SGD,E,0,6,A, Exchange rates against USD Singapore - Singapore dollar - Monthly - End of period,1977-02,2.4597,A,,F
M,SG,SGD,E,0,6,A, Exchange rates against USD Singapore - Singapore dollar - Monthly - End of period,1977-03,2.4622,A,,F
M,SG,SGD,E,0,6,A, Exchange rates against USD Singapore - Singapore dollar - Monthly - End of period,1977-04,2.4626,A,,F
M,SG,SGD,E,0,6,A, Exchange rates against USD Singapore - Singapore dollar - Monthly - End of period,1977-05,2.4642,A,,F
M,SG,SGD,E,0,6,A, Exchange rates against USD Singapore - Singapore dollar - Monthly - End of period,1977-06,2.4644,A,,F
M,SG,SGD,E,0,6,A, Exchange rates against USD Singapore - Singapore dollar - Monthly - End of period,1977-07,2.4393,A,,F
M,SG,SGD,E,0,6,A, Exchange rates against USD Singapore - Singapore dollar - Monthly - End of period,1977-08,2.449,A,,F
M,SG,SGD,E,0,6,A, Exchange rates against USD Singapore - Singapore dollar - Monthly - End of period,1977-09,2.4418,A,,F
M,SG,SGD,E,0,6,A, Exchange rates against USD Singapore - Singapore dollar - Monthly - End of period,1977-10,2.396,A,,F
M,SG,SGD,E,0,6,A, Exchange rates against USD Singapore - Singapore dollar - Monthly - End of period,1977-11,2.3752,A,,F
M,SG,SGD,E,0,6,A, Exchange rates against USD Singapore - Singapore dollar - Monthly - End of period,1977-12,2.3385,A,,F
M,SG,SGD,E,0,6,A, Exchange rates against USD Singapore - Singapore dollar - Monthly - End of period,1978-01,2.3306,A,,F
M,SG,SGD,E,0,6,A, Exchange rates against USD Singapore - Singapore dollar - Monthly - End of period,1978-02,2.3155,A,,F
M,SG,SGD,E,0,6,A, Exchange rates against USD Singapore - Singapore dollar - Monthly - End of period,1978-03,2.3086,A,,F
M,SG,SGD,E,0,6,A, Exchange rates against USD Singapore - Singapore dollar - Monthly - End of period,1978-04,2.3302,A,,F
M,SG,SGD,E,0,6,A, Exchange rates against USD Singapore - Singapore dollar - Monthly - End of period,1978-05,2.3352,A,,F
M,SG,SGD,E,0,6,A, Exchange rates against USD Singapore - Singapore dollar - Monthly - End of period,1978-06,2.3212,A,,F
M,SG,SGD,E,0,6,A, Exchange rates against USD Singapore - Singapore dollar - Monthly - End of period,1978-07,2.266,A,,F
M,SG,SGD,E,0,6,A, Exchange rates against USD Singapore - Singapore dollar - Monthly - End of period,1978-08,2.2565,A,,F
M,SG,SGD,E,0,6,A, Exchange rates against USD Singapore - Singapore dollar - Monthly - End of period,1978-09,2.232,A,,F
M,SG,SGD,E,0,6,A, Exchange rates against USD Singapore - Singapore dollar - Monthly - End of period,1978-10,2.099,A,,F
M,SG,SGD,E,0,6,A, Exchange rates against USD Singapore - Singapore dollar - Monthly - End of period,1978-11,2.1945,A,,F
M,SG,SGD,E,0,6,A, Exchange rates against USD Singapore - Singapore dollar - Monthly - End of period,1978-12,2.1635,A,,F
M,SG,SGD,E,0,6,A, Exchange rates against USD Singapore - Singapore dollar - Monthly - End of period,1979-01,2.1662,A,,F
M,SG,SGD,E,0,6,A, Exchange rates against USD Singapore - Singapore dollar - Monthly - End of period,1979-02,2.1658,A,,F
M,SG,SGD,E,0,6,A, Exchange rates against USD Singapore - Singapore dollar - Monthly - End of period,1979-03,2.1825,A,,F
M,SG,SGD,E,0,6,A, Exchange rates against USD Singapore - Singapore dollar - Monthly - End of period,1979-04,2.2128,A,,F
M,SG,SGD,E,0,6,A, Exchange rates against USD Singapore - Singapore dollar - Monthly - End of period,1979-05,2.2028,A,,F
M,SG,SGD,E,0,6,A, Exchange rates against USD Singapore - Singapore dollar - Monthly - End of period,1979-06,2.1744,A,,F
M,SG,SGD,E,0,6,A, Exchange rates against USD Singapore - Singapore dollar - Monthly - End of period,1979-07,2.1622,A,,F
M,SG,SGD,E,0,6,A, Exchange rates against USD Singapore - Singapore dollar - Monthly - End of period,1979-08,2.1525,A,,F
M,SG,SGD,E,0,6,A, Exchange rates against USD Singapore - Singapore dollar - Monthly - End of period,1979-09,2.1409,A,,F
M,SG,SGD,E,0,6,A, Exchange rates against USD Singapore - Singapore dollar - Monthly - End of period,1979-10,2.193,A,,F
M,SG,SGD,E,0,6,A, Exchange rates against USD Singapore - Singapore dollar - Monthly - End of period,1979-11,2.18,A,,F
M,SG,SGD,E,0,6,A, Exchange rates against USD Singapore - Singapore dollar - Monthly - End of period,1979-12,2.159,A,,F
M,SG,SGD,E,0,6,A, Exchange rates against USD Singapore - Singapore dollar - Monthly - End of period,1980-01,2.1519,A,,F
M,SG,SGD,E,0,6,A, Exchange rates against USD Singapore - Singapore dollar - Monthly - End of period,1980-02,2.1705,A,,F
M,SG,SGD,E,0,6,A, Exchange rates against USD Singapore - Singapore dollar - Monthly - End of period,1980-03,2.27,A,,F
M,SG,SGD,E,0,6,A, Exchange rates against USD Singapore - Singapore dollar - Monthly - End of period,1980-04,2.195,A,,F
M,SG,SGD,E,0,6,A, Exchange rates against USD Singapore - Singapore dollar - Monthly - End of period,1980-05,2.1395,A,,F
M,SG,SGD,E,0,6,A, Exchange rates against USD Singapore - Singapore dollar - Monthly - End of period,1980-06,2.117,A,,F
M,SG,SGD,E,0,6,A, Exchange rates against USD Singapore - Singapore dollar - Monthly - End of period,1980-07,2.1342,A,,F
M,SG,SGD,E,0,6,A, Exchange rates against USD Singapore - Singapore dollar - Monthly - End of period,1980-08,2.1248,A,,F
M,SG,SGD,E,0,6,A, Exchange rates against USD Singapore - Singapore dollar - Monthly - End of period,1980-09,2.1062,A,,F
M,SG,SGD,E,0,6,A, Exchange rates against USD Singapore - Singapore dollar - Monthly - End of period,1980-10,2.0917,A,,F
M,SG,SGD,E,0,6,A, Exchange rates against USD Singapore - Singapore dollar - Monthly - End of period,1980-11,2.0972,A,,F
M,SG,SGD,E,0,6,A, Exchange rates against USD Singapore - Singapore dollar - Monthly - End of period,1980-12,2.0935,A,,F
M,SG,SGD,E,0,6,A, Exchange rates against USD Singapore - Singapore dollar - Monthly - End of period,1981-01,2.088,A,,F
M,SG,SGD,E,0,6,A, Exchange rates against USD Singapore - Singapore dollar - Monthly - End of period,1981-02,2.103,A,,F
M,SG,SGD,E,0,6,A, Exchange rates against USD Singapore - Singapore dollar - Monthly - End of period,1981-03,2.091,A,,F
M,SG,SGD,E,0,6,A, Exchange rates against USD Singapore - Singapore dollar - Monthly - End of period,1981-04,2.12,A,,F
M,SG,SGD,E,0,6,A, Exchange rates against USD Singapore - Singapore dollar - Monthly - End of period,1981-05,2.156,A,,F
M,SG,SGD,E,0,6,A, Exchange rates against USD Singapore - Singapore dollar - Monthly - End of period,1981-06,2.132,A,,F
M,SG,SGD,E,0,6,A, Exchange rates against USD Singapore - Singapore dollar - Monthly - End of period,1981-07,2.16,A,,F
M,SG,SGD,E,0,6,A, Exchange rates against USD Singapore - Singapore dollar - Monthly - End of period,1981-08,2.161,A,,F
M,SG,SGD,E,0,6,A, Exchange rates against USD Singapore - Singapore dollar - Monthly - End of period,1981-09,2.116,A,,F
M,SG,SGD,E,0,6,A, Exchange rates against USD Singapore - Singapore dollar - Monthly - End of period,1981-10,2.085,A,,F
M,SG,SGD,E,0,6,A, Exchange rates against USD Singapore - Singapore dollar - Monthly - End of period,1981-11,2.052,A,,F
M,SG,SGD,E,0,6,A, Exchange rates against USD Singapore - Singapore dollar - Monthly - End of period,1981-12,2.045,A,,F
M,SG,SGD,E,0,6,A, Exchange rates against USD Singapore - Singapore dollar - Monthly - End of period,1982-01,2.078,A,,F
M,SG,SGD,E,0,6,A, Exchange rates against USD Singapore - Singapore dollar - Monthly - End of period,1982-02,2.114,A,,F
M,SG,SGD,E,0,6,A, Exchange rates against USD Singapore - Singapore dollar - Monthly - End of period,1982-03,2.1305,A,,F
M,SG,SGD,E,0,6,A, Exchange rates against USD Singapore - Singapore dollar - Monthly - End of period,1982-04,2.102,A,,F
M,SG,SGD,E,0,6,A, Exchange rates against USD Singapore - Singapore dollar - Monthly - End of period,1982-05,2.09,A,,F
M,SG,SGD,E,0,6,A, Exchange rates against USD Singapore - Singapore dollar - Monthly - End of period,1982-06,2.154,A,,F
M,SG,SGD,E,0,6,A, Exchange rates against USD Singapore - Singapore dollar - Monthly - End of period,1982-07,2.147,A,,F
M,SG,SGD,E,0,6,A, Exchange rates against USD Singapore - Singapore dollar - Monthly - End of period,1982-08,2.155,A,,F
M,SG,SGD,E,0,6,A, Exchange rates against USD Singapore - Singapore dollar - Monthly - End of period,1982-09,2.194,A,,F
M,SG,SGD,E,0,6,A, Exchange rates against USD Singapore - Singapore dollar - Monthly - End of period,1982-10,2.221,A,,F
M,SG,SGD,E,0,6,A, Exchange rates against USD Singapore - Singapore dollar - Monthly - End of period,1982-11,2.202,A,,F
M,SG,SGD,E,0,6,A, Exchange rates against USD Singapore - Singapore dollar - Monthly - End of period,1982-12,2.1125,A,,F
M,SG,SGD,E,0,6,A, Exchange rates against USD Singapore - Singapore dollar - Monthly - End of period,1983-01,2.069,A,,F
M,SG,SGD,E,0,6,A, Exchange rates against USD Singapore - Singapore dollar - Monthly - End of period,1983-02,2.075,A,,F
M,SG,SGD,E,0,6,A, Exchange rates against USD Singapore - Singapore dollar - Monthly - End of period,1983-03,2.085,A,,F
M,SG,SGD,E,0,6,A, Exchange rates against USD Singapore - Singapore dollar - Monthly - End of period,1983-04,2.102,A,,F
M,SG,SGD,E,0,6,A, Exchange rates against USD Singapore - Singapore dollar - Monthly - End of period,1983-05,2.098,A,,F
M,SG,SGD,E,0,6,A, Exchange rates against USD Singapore - Singapore dollar - Monthly - End of period,1983-06,2.131,A,,F
M,SG,SGD,E,0,6,A, Exchange rates against USD Singapore - Singapore dollar - Monthly - End of period,1983-07,2.1365,A,,F
M,SG,SGD,E,0,6,A, Exchange rates against USD Singapore - Singapore dollar - Monthly - End of period,1983-08,2.1475,A,,F
M,SG,SGD,E,0,6,A, Exchange rates against USD Singapore - Singapore dollar - Monthly - End of period,1983-09,2.138,A,,F
M,SG,SGD,E,0,6,A, Exchange rates against USD Singapore - Singapore dollar - Monthly - End of period,1983-10,2.136,A,,F
M,SG,SGD,E,0,6,A, Exchange rates against USD Singapore - Singapore dollar - Monthly - End of period,1983-11,2.1325,A,,F
M,SG,SGD,E,0,6,A, Exchange rates against USD Singapore - Singapore dollar - Monthly - End of period,1983-12,2.122,A,,F
M,SG,SGD,E,0,6,A, Exchange rates against USD Singapore - Singapore dollar - Monthly - End of period,1984-01,2.132,A,,F
M,SG,SGD,E,0,6,A, Exchange rates against USD Singapore - Singapore dollar - Monthly - End of period,1984-02,2.121,A,,F
M,SG,SGD,E,0,6,A, Exchange rates against USD Singapore - Singapore dollar - Monthly - End of period,1984-03,2.087,A,,F
M,SG,SGD,E,0,6,A, Exchange rates against USD Singapore - Singapore dollar - Monthly - End of period,1984-04,2.088,A,,F
M,SG,SGD,E,0,6,A, Exchange rates against USD Singapore - Singapore dollar - Monthly - End of period,1984-05,2.1045,A,,F
M,SG,SGD,E,0,6,A, Exchange rates against USD Singapore - Singapore dollar - Monthly - End of period,1984-06,2.132,A,,F
M,SG,SGD,E,0,6,A, Exchange rates against USD Singapore - Singapore dollar - Monthly - End of period,1984-07,2.154,A,,F
M,SG,SGD,E,0,6,A, Exchange rates against USD Singapore - Singapore dollar - Monthly - End of period,1984-08,2.157,A,,F
M,SG,SGD,E,0,6,A, Exchange rates against USD Singapore - Singapore dollar - Monthly - End of period,1984-09,2.165,A,,F
M,SG,SGD,E,0,6,A, Exchange rates against USD Singapore - Singapore dollar - Monthly - End of period,1984-10,2.1615,A,,F
M,SG,SGD,E,0,6,A, Exchange rates against USD Singapore - Singapore dollar - Monthly - End of period,1984-11,2.1685,A,,F
M,SG,SGD,E,0,6,A, Exchange rates against USD Singapore - Singapore dollar - Monthly - End of period,1984-12,2.181,A,,F
M,SG,SGD,E,0,6,A, Exchange rates against USD Singapore - Singapore dollar - Monthly - End of period,1985-01,2.209,A,,F
M,SG,SGD,E,0,6,A, Exchange rates against USD Singapore - Singapore dollar - Monthly - End of period,1985-02,2.262,A,,F
M,SG,SGD,E,0,6,A, Exchange rates against USD Singapore - Singapore dollar - Monthly - End of period,1985-03,2.205,A,,F
M,SG,SGD,E,0,6,A, Exchange rates against USD Singapore - Singapore dollar - Monthly - End of period,1985-04,2.225,A,,F
M,SG,SGD,E,0,6,A, Exchange rates against USD Singapore - Singapore dollar - Monthly - End of period,1985-05,2.225,A,,F
M,SG,SGD,E,0,6,A, Exchange rates against USD Singapore - Singapore dollar - Monthly - End of period,1985-06,2.2225,A,,F
M,SG,SGD,E,0,6,A, Exchange rates against USD Singapore - Singapore dollar - Monthly - End of period,1985-07,2.185,A,,F
M,SG,SGD,E,0,6,A, Exchange rates against USD Singapore - Singapore dollar - Monthly - End of period,1985-08,2.26,A,,F
M,SG,SGD,E,0,6,A, Exchange rates against USD Singapore - Singapore dollar - Monthly - End of period,1985-09,2.141,A,,F
M,SG,SGD,E,0,6,A, Exchange rates against USD Singapore - Singapore dollar - Monthly - End of period,1985-10,2.13,A,,F
M,SG,SGD,E,0,6,A, Exchange rates against USD Singapore - Singapore dollar - Monthly - End of period,1985-11,2.095,A,,F
M,SG,SGD,E,0,6,A, Exchange rates against USD Singapore - Singapore dollar - Monthly - End of period,1985-12,2.105,A,,F
M,SG,SGD,E,0,6,A, Exchange rates against USD Singapore - Singapore dollar - Monthly - End of period,1986-01,2.1395,A,,F
M,SG,SGD,E,0,6,A, Exchange rates against USD Singapore - Singapore dollar - Monthly - End of period,1986-02,2.1565,A,,F
M,SG,SGD,E,0,6,A, Exchange rates against USD Singapore - Singapore dollar - Monthly - End of period,1986-03,2.1765,A,,F
M,SG,SGD,E,0,6,A, Exchange rates against USD Singapore - Singapore dollar - Monthly - End of period,1986-04,2.194,A,,F
M,SG,SGD,E,0,6,A, Exchange rates against USD Singapore - Singapore dollar - Monthly - End of period,1986-05,2.2415,A,,F
M,SG,SGD,E,0,6,A, Exchange rates against USD Singapore - Singapore dollar - Monthly - End of period,1986-06,2.188,A,,F
M,SG,SGD,E,0,6,A, Exchange rates against USD Singapore - Singapore dollar - Monthly - End of period,1986-07,2.1745,A,,F
M,SG,SGD,E,0,6,A, Exchange rates against USD Singapore - Singapore dollar - Monthly - End of period,1986-08,2.155,A,,F
M,SG,SGD,E,0,6,A, Exchange rates against USD Singapore - Singapore dollar - Monthly - End of period,1986-09,2.172,A,,F
M,SG,SGD,E,0,6,A, Exchange rates against USD Singapore - Singapore dollar - Monthly - End of period,1986-10,2.2,A,,F
M,SG,SGD,E,0,6,A, Exchange rates against USD Singapore - Singapore dollar - Monthly - End of period,1986-11,2.1955,A,,F
M,SG,SGD,E,0,6,A, Exchange rates against USD Singapore - Singapore dollar - Monthly - End of period,1986-12,2.1725,A,,F
M,SG,SGD,E,0,6,A, Exchange rates against USD Singapore - Singapore dollar - Monthly - End of period,1987-01,2.1475,A,,F
M,SG,SGD,E,0,6,A, Exchange rates against USD Singapore - Singapore dollar - Monthly - End of period,1987-02,2.136,A,,F
M,SG,SGD,E,0,6,A, Exchange rates against USD Singapore - Singapore dollar - Monthly - End of period,1987-03,2.1355,A,,F
M,SG,SGD,E,0,6,A, Exchange rates against USD Singapore - Singapore dollar - Monthly - End of period,1987-04,2.123,A,,F
M,SG,SGD,E,0,6,A, Exchange rates against USD Singapore - Singapore dollar - Monthly - End of period,1987-05,2.1215,A,,F
M,SG,SGD,E,0,6,A, Exchange rates against USD Singapore - Singapore dollar - Monthly - End of period,1987-06,2.1188,A,,F
M,SG,SGD,E,0,6,A, Exchange rates against USD Singapore - Singapore dollar - Monthly - End of period,1987-07,2.111,A,,F
M,SG,SGD,E,0,6,A, Exchange rates against USD Singapore - Singapore dollar - Monthly - End of period,1987-08,2.104,A,,F
M,SG,SGD,E,0,6,A, Exchange rates against USD Singapore - Singapore dollar - Monthly - End of period,1987-09,2.091,A,,F
M,SG,SGD,E,0,6,A, Exchange rates against USD Singapore - Singapore dollar - Monthly - End of period,1987-10,2.0705,A,,F
M,SG,SGD,E,0,6,A, Exchange rates against USD Singapore - Singapore dollar - Monthly - End of period,1987-11,2.027,A,,F
M,SG,SGD,E,0,6,A, Exchange rates against USD Singapore - Singapore dollar - Monthly - End of period,1987-12,1.997,A,,F
M,SG,SGD,E,0,6,A, Exchange rates against USD Singapore - Singapore dollar - Monthly - End of period,1988-01,2.0225,A,,F
M,SG,SGD,E,0,6,A, Exchange rates against USD Singapore - Singapore dollar - Monthly - End of period,1988-02,2.0145,A,,F
M,SG,SGD,E,0,6,A, Exchange rates against USD Singapore - Singapore dollar - Monthly - End of period,1988-03,2.001,A,,F
M,SG,SGD,E,0,6,A, Exchange rates against USD Singapore - Singapore dollar - Monthly - End of period,1988-04,2.005,A,,F
M,SG,SGD,E,0,6,A, Exchange rates against USD Singapore - Singapore dollar - Monthly - End of period,1988-05,2.021,A,,F
M,SG,SGD,E,0,6,A, Exchange rates against USD Singapore - Singapore dollar - Monthly - End of period,1988-06,2.047,A,,F
M,SG,SGD,E,0,6,A, Exchange rates against USD Singapore - Singapore dollar - Monthly - End of period,1988-07,2.043,A,,F
M,SG,SGD,E,0,6,A, Exchange rates against USD Singapore - Singapore dollar - Monthly - End of period,1988-08,2.045,A,,F
M,SG,SGD,E,0,6,A, Exchange rates against USD Singapore - Singapore dollar - Monthly - End of period,1988-09,2.041,A,,F
M,SG,SGD,E,0,6,A, Exchange rates against USD Singapore - Singapore dollar - Monthly - End of period,1988-10,1.997,A,,F
M,SG,SGD,E,0,6,A, Exchange rates against USD Singapore - Singapore dollar - Monthly - End of period,1988-11,1.9485,A,,F
M,SG,SGD,E,0,6,A, Exchange rates against USD Singapore - Singapore dollar - Monthly - End of period,1988-12,1.945,A,,F
M,SG,SGD,E,0,6,A, Exchange rates against USD Singapore - Singapore dollar - Monthly - End of period,1989-01,1.933,A,,F
M,SG,SGD,E,0,6,A, Exchange rates against USD Singapore - Singapore dollar - Monthly - End of period,1989-02,1.931,A,,F
M,SG,SGD,E,0,6,A, Exchange rates against USD Singapore - Singapore dollar - Monthly - End of period,1989-03,1.962,A,,F
M,SG,SGD,E,0,6,A, Exchange rates against USD Singapore - Singapore dollar - Monthly - End of period,1989-04,1.9515,A,,F
M,SG,SGD,E,0,6,A, Exchange rates against USD Singapore - Singapore dollar - Monthly - End of period,1989-05,1.955,A,,F
M,SG,SGD,E,0,6,A, Exchange rates against USD Singapore - Singapore dollar - Monthly - End of period,1989-06,1.955,A,,F
M,SG,SGD,E,0,6,A, Exchange rates against USD Singapore - Singapore dollar - Monthly - End of period,1989-07,1.951,A,,F
M,SG,SGD,E,0,6,A, Exchange rates against USD Singapore - Singapore dollar - Monthly - End of period,1989-08,1.9685,A,,F
M,SG,SGD,E,0,6,A, Exchange rates against USD Singapore - Singapore dollar - Monthly - End of period,1989-09,1.96,A,,F
M,SG,SGD,E,0,6,A, Exchange rates against USD Singapore - Singapore dollar - Monthly - End of period,1989-10,1.957,A,,F
M,SG,SGD,E,0,6,A, Exchange rates against USD Singapore - Singapore dollar - Monthly - End of period,1989-11,1.9455,A,,F
M,SG,SGD,E,0,6,A, Exchange rates against USD Singapore - Singapore dollar - Monthly - End of period,1989-12,1.9025,A,,F
M,SG,SGD,E,0,6,A, Exchange rates against USD Singapore - Singapore dollar - Monthly - End of period,1990-01,1.864,A,,F
M,SG,SGD,E,0,6,A, Exchange rates against USD Singapore - Singapore dollar - Monthly - End of period,1990-02,1.867,A,,F
M,SG,SGD,E,0,6,A, Exchange rates against USD Singapore - Singapore dollar - Monthly - End of period,1990-03,1.8855,A,,F
M,SG,SGD,E,0,6,A, Exchange rates against USD Singapore - Singapore dollar - Monthly - End of period,1990-04,1.877,A,,F
M,SG,SGD,E,0,6,A, Exchange rates against USD Singapore - Singapore dollar - Monthly - End of period,1990-05,1.854,A,,F
M,SG,SGD,E,0,6,A, Exchange rates against USD Singapore - Singapore dollar - Monthly - End of period,1990-06,1.841,A,,F
M,SG,SGD,E,0,6,A, Exchange rates against USD Singapore - Singapore dollar - Monthly - End of period,1990-07,1.807,A,,F
M,SG,SGD,E,0,6,A, Exchange rates against USD Singapore - Singapore dollar - Monthly - End of period,1990-08,1.765,A,,F
M,SG,SGD,E,0,6,A, Exchange rates against USD Singapore - Singapore dollar - Monthly - End of period,1990-09,1.7655,A,,F
M,SG,SGD,E,0,6,A, Exchange rates against USD Singapore - Singapore dollar - Monthly - End of period,1990-10,1.706,A,,F
M,SG,SGD,E,0,6,A, Exchange rates against USD Singapore - Singapore dollar - Monthly - End of period,1990-11,1.722,A,,F
M,SG,SGD,E,0,6,A, Exchange rates against USD Singapore - Singapore dollar - Monthly - End of period,1990-12,1.74,A,,F
M,SG,SGD,E,0,6,A, Exchange rates against USD Singapore - Singapore dollar - Monthly - End of period,1991-01,1.733,A,,F
M,SG,SGD,E,0,6,A, Exchange rates against USD Singapore - Singapore dollar - Monthly - End of period,1991-02,1.726,A,,F
M,SG,SGD,E,0,6,A, Exchange rates against USD Singapore - Singapore dollar - Monthly - End of period,1991-03,1.79,A,,F
M,SG,SGD,E,0,6,A, Exchange rates against USD Singapore - Singapore dollar - Monthly - End of period,1991-04,1.769,A,,F
M,SG,SGD,E,0,6,A, Exchange rates against USD Singapore - Singapore dollar - Monthly - End of period,1991-05,1.7655,A,,F
M,SG,SGD,E,0,6,A, Exchange rates against USD Singapore - Singapore dollar - Monthly - End of period,1991-06,1.77,A,,F
M,SG,SGD,E,0,6,A, Exchange rates against USD Singapore - Singapore dollar - Monthly - End of period,1991-07,1.7445,A,,F
M,SG,SGD,E,0,6,A, Exchange rates against USD Singapore - Singapore dollar - Monthly - End of period,1991-08,1.7195,A,,F
M,SG,SGD,E,0,6,A, Exchange rates against USD Singapore - Singapore dollar - Monthly - End of period,1991-09,1.685,A,,F
M,SG,SGD,E,0,6,A, Exchange rates against USD Singapore - Singapore dollar - Monthly - End of period,1991-10,1.692,A,,F
M,SG,SGD,E,0,6,A, Exchange rates against USD Singapore - Singapore dollar - Monthly - End of period,1991-11,1.6685,A,,F
M,SG,SGD,E,0,6,A, Exchange rates against USD Singapore - Singapore dollar - Monthly - End of period,1991-12,1.621,A,,F
M,SG,SGD,E,0,6,A, Exchange rates against USD Singapore - Singapore dollar - Monthly - End of period,1992-01,1.638,A,,F
M,SG,SGD,E,0,6,A, Exchange rates against USD Singapore - Singapore dollar - Monthly - End of period,1992-02,1.6438,A,,F
M,SG,SGD,E,0,6,A, Exchange rates against USD Singapore - Singapore dollar - Monthly - End of period,1992-03,1.656,A,,F
M,SG,SGD,E,0,6,A, Exchange rates against USD Singapore - Singapore dollar - Monthly - End of period,1992-04,1.6595,A,,F
M,SG,SGD,E,0,6,A, Exchange rates against USD Singapore - Singapore dollar - Monthly - End of period,1992-05,1.6287,A,,F
M,SG,SGD,E,0,6,A, Exchange rates against USD Singapore - Singapore dollar - Monthly - End of period,1992-06,1.6178,A,,F
M,SG,SGD,E,0,6,A, Exchange rates against USD Singapore - Singapore dollar - Monthly - End of period,1992-07,1.6128,A,,F
M,SG,SGD,E,0,6,A, Exchange rates against USD Singapore - Singapore dollar - Monthly - End of period,1992-08,1.5985,A,,F
M,SG,SGD,E,0,6,A, Exchange rates against USD Singapore - Singapore dollar - Monthly - End of period,1992-09,1.591,A,,F
M,SG,SGD,E,0,6,A, Exchange rates against USD Singapore - Singapore dollar - Monthly - End of period,1992-10,1.622,A,,F
M,SG,SGD,E,0,6,A, Exchange rates against USD Singapore - Singapore dollar - Monthly - End of period,1992-11,1.6375,A,,F
M,SG,SGD,E,0,6,A, Exchange rates against USD Singapore - Singapore dollar - Monthly - End of period,1992-12,1.645,A,,F
M,SG,SGD,E,0,6,A, Exchange rates against USD Singapore - Singapore dollar - Monthly - End of period,1993-01,1.646,A,,F
M,SG,SGD,E,0,6,A, Exchange rates against USD Singapore - Singapore dollar - Monthly - End of period,1993-02,1.646,A,,F
M,SG,SGD,E,0,6,A, Exchange rates against USD Singapore - Singapore dollar - Monthly - End of period,1993-03,1.6392,A,,F
M,SG,SGD,E,0,6,A, Exchange rates against USD Singapore - Singapore dollar - Monthly - End of period,1993-04,1.6156,A,,F
M,SG,SGD,E,0,6,A, Exchange rates against USD Singapore - Singapore dollar - Monthly - End of period,1993-05,1.6065,A,,F
M,SG,SGD,E,0,6,A, Exchange rates against USD Singapore - Singapore dollar - Monthly - End of period,1993-06,1.625,A,,F
M,SG,SGD,E,0,6,A, Exchange rates against USD Singapore - Singapore dollar - Monthly - End of period,1993-07,1.6178,A,,F
M,SG,SGD,E,0,6,A, Exchange rates against USD Singapore - Singapore dollar - Monthly - End of period,1993-08,1.6058,A,,F
M,SG,SGD,E,0,6,A, Exchange rates against USD Singapore - Singapore dollar - Monthly - End of period,1993-09,1.583,A,,F
M,SG,SGD,E,0,6,A, Exchange rates against USD Singapore - Singapore dollar - Monthly - End of period,1993-10,1.586,A,,F
M,SG,SGD,E,0,6,A, Exchange rates against USD Singapore - Singapore dollar - Monthly - End of period,1993-11,1.6005,A,,F
M,SG,SGD,E,0,6,A, Exchange rates against USD Singapore - Singapore dollar - Monthly - End of period,1993-12,1.6085,A,,F
M,SG,SGD,E,0,6,A, Exchange rates against USD Singapore - Singapore dollar - Monthly - End of period,1994-01,1.5935,A,,F
M,SG,SGD,E,0,6,A, Exchange rates against USD Singapore - Singapore dollar - Monthly - End of period,1994-02,1.5805,A,,F
M,SG,SGD,E,0,6,A, Exchange rates against USD Singapore - Singapore dollar - Monthly - End of period,1994-03,1.5695,A,,F
M,SG,SGD,E,0,6,A, Exchange rates against USD Singapore - Singapore dollar - Monthly - End of period,1994-04,1.5552,A,,F
M,SG,SGD,E,0,6,A, Exchange rates against USD Singapore - Singapore dollar - Monthly - End of period,1994-05,1.534,A,,F
M,SG,SGD,E,0,6,A, Exchange rates against USD Singapore - Singapore dollar - Monthly - End of period,1994-06,1.5249,A,,F
M,SG,SGD,E,0,6,A, Exchange rates against USD Singapore - Singapore dollar - Monthly - End of period,1994-07,1.5108,A,,F
M,SG,SGD,E,0,6,A, Exchange rates against USD Singapore - Singapore dollar - Monthly - End of period,1994-08,1.5,A,,F
M,SG,SGD,E,0,6,A, Exchange rates against USD Singapore - Singapore dollar - Monthly - End of period,1994-09,1.4835,A,,F
M,SG,SGD,E,0,6,A, Exchange rates against USD Singapore - Singapore dollar - Monthly - End of period,1994-10,1.469,A,,F
M,SG,SGD,E,0,6,A, Exchange rates against USD Singapore - Singapore dollar - Monthly - End of period,1994-11,1.4643,A,,F
M,SG,SGD,E,0,6,A, Exchange rates against USD Singapore - Singapore dollar - Monthly - End of period,1994-12,1.4585,A,,F
M,SG,SGD,E,0,6,A, Exchange rates against USD Singapore - Singapore dollar - Monthly - End of period,1995-01,1.4537,A,,F
M,SG,SGD,E,0,6,A, Exchange rates against USD Singapore - Singapore dollar - Monthly - End of period,1995-02,1.4491,A,,F
M,SG,SGD,E,0,6,A, Exchange rates against USD Singapore - Singapore dollar - Monthly - End of period,1995-03,1.4125,A,,F
M,SG,SGD,E,0,6,A, Exchange rates against USD Singapore - Singapore dollar - Monthly - End of period,1995-04,1.3937,A,,F
M,SG,SGD,E,0,6,A, Exchange rates against USD Singapore - Singapore dollar - Monthly - End of period,1995-05,1.393,A,,F
M,SG,SGD,E,0,6,A, Exchange rates against USD Singapore - Singapore dollar - Monthly - End of period,1995-06,1.3975,A,,F
M,SG,SGD,E,0,6,A, Exchange rates against USD Singapore - Singapore dollar - Monthly - End of period,1995-07,1.3935,A,,F
M,SG,SGD,E,0,6,A, Exchange rates against USD Singapore - Singapore dollar - Monthly - End of period,1995-08,1.4205,A,,F
M,SG,SGD,E,0,6,A, Exchange rates against USD Singapore - Singapore dollar - Monthly - End of period,1995-09,1.423,A,,F
M,SG,SGD,E,0,6,A, Exchange rates against USD Singapore - Singapore dollar - Monthly - End of period,1995-10,1.4131,A,,F
M,SG,SGD,E,0,6,A, Exchange rates against USD Singapore - Singapore dollar - Monthly - End of period,1995-11,1.411,A,,F
M,SG,SGD,E,0,6,A, Exchange rates against USD Singapore - Singapore dollar - Monthly - End of period,1995-12,1.415,A,,F
M,SG,SGD,E,0,6,A, Exchange rates against USD Singapore - Singapore dollar - Monthly - End of period,1996-01,1.4105,A,,F
M,SG,SGD,E,0,6,A, Exchange rates against USD Singapore - Singapore dollar - Monthly - End of period,1996-02,1.4122,A,,F
M,SG,SGD,E,0,6,A, Exchange rates against USD Singapore - Singapore dollar - Monthly - End of period,1996-03,1.4081,A,,F
M,SG,SGD,E,0,6,A, Exchange rates against USD Singapore - Singapore dollar - Monthly - End of period,1996-04,1.4055,A,,F
M,SG,SGD,E,0,6,A, Exchange rates against USD Singapore - Singapore dollar - Monthly - End of period,1996-05,1.4095,A,,F
M,SG,SGD,E,0,6,A, Exchange rates against USD Singapore - Singapore dollar - Monthly - End of period,1996-06,1.4115,A,,F
M,SG,SGD,E,0,6,A, Exchange rates against USD Singapore - Singapore dollar - Monthly - End of period,1996-07,1.413,A,,F
M,SG,SGD,E,0,6,A, Exchange rates against USD Singapore - Singapore dollar - Monthly - End of period,1996-08,1.4075,A,,F
M,SG,SGD,E,0,6,A, Exchange rates against USD Singapore - Singapore dollar - Monthly - End of period,1996-09,1.408,A,,F
M,SG,SGD,E,0,6,A, Exchange rates against USD Singapore - Singapore dollar - Monthly - End of period,1996-10,1.4088,A,,F
M,SG,SGD,E,0,6,A, Exchange rates against USD Singapore - Singapore dollar - Monthly - End of period,1996-11,1.4026,A,,F
M,SG,SGD,E,0,6,A, Exchange rates against USD Singapore - Singapore dollar - Monthly - End of period,1996-12,1.3995,A,,F
M,SG,SGD,E,0,6,A, Exchange rates against USD Singapore - Singapore dollar - Monthly - End of period,1997-01,1.408,A,,F
M,SG,SGD,E,0,6,A, Exchange rates against USD Singapore - Singapore dollar - Monthly - End of period,1997-02,1.426,A,,F
M,SG,SGD,E,0,6,A, Exchange rates against USD Singapore - Singapore dollar - Monthly - End of period,1997-03,1.4445,A,,F
M,SG,SGD,E,0,6,A, Exchange rates against USD Singapore - Singapore dollar - Monthly - End of period,1997-04,1.448,A,,F
M,SG,SGD,E,0,6,A, Exchange rates against USD Singapore - Singapore dollar - Monthly - End of period,1997-05,1.4308,A,,F
M,SG,SGD,E,0,6,A, Exchange rates against USD Singapore - Singapore dollar - Monthly - End of period,1997-06,1.4302,A,,F
M,SG,SGD,E,0,6,A, Exchange rates against USD Singapore - Singapore dollar - Monthly - End of period,1997-07,1.471,A,,F
M,SG,SGD,E,0,6,A, Exchange rates against USD Singapore - Singapore dollar - Monthly - End of period,1997-08,1.515,A,,F
M,SG,SGD,E,0,6,A, Exchange rates against USD Singapore - Singapore dollar - Monthly - End of period,1997-09,1.5305,A,,F
M,SG,SGD,E,0,6,A, Exchange rates against USD Singapore - Singapore dollar - Monthly - End of period,1997-10,1.5735,A,,F
M,SG,SGD,E,0,6,A, Exchange rates against USD Singapore - Singapore dollar - Monthly - End of period,1997-11,1.595,A,,F
M,SG,SGD,E,0,6,A, Exchange rates against USD Singapore - Singapore dollar - Monthly - End of period,1997-12,1.686,A,,F
M,SG,SGD,E,0,6,A, Exchange rates against USD Singapore - Singapore dollar - Monthly - End of period,1998-01,1.7155,A,,F
M,SG,SGD,E,0,6,A, Exchange rates against USD Singapore - Singapore dollar - Monthly - End of period,1998-02,1.62,A,,F
M,SG,SGD,E,0,6,A, Exchange rates against USD Singapore - Singapore dollar - Monthly - End of period,1998-03,1.616,A,,F
M,SG,SGD,E,0,6,A, Exchange rates against USD Singapore - Singapore dollar - Monthly - End of period,1998-04,1.585,A,,F
M,SG,SGD,E,0,6,A, Exchange rates against USD Singapore - Singapore dollar - Monthly - End of period,1998-05,1.6755,A,,F
M,SG,SGD,E,0,6,A, Exchange rates against USD Singapore - Singapore dollar - Monthly - End of period,1998-06,1.684,A,,F
M,SG,SGD,E,0,6,A, Exchange rates against USD Singapore - Singapore dollar - Monthly - End of period,1998-07,1.728,A,,F
M,SG,SGD,E,0,6,A, Exchange rates against USD Singapore - Singapore dollar - Monthly - End of period,1998-08,1.775,A,,F
M,SG,SGD,E,0,6,A, Exchange rates against USD Singapore - Singapore dollar - Monthly - End of period,1998-09,1.6882,A,,F
M,SG,SGD,E,0,6,A, Exchange rates against USD Singapore - Singapore dollar - Monthly - End of period,1998-10,1.627,A,,F
M,SG,SGD,E,0,6,A, Exchange rates against USD Singapore - Singapore dollar - Monthly - End of period,1998-11,1.65,A,,F
M,SG,SGD,E,0,6,A, Exchange rates against USD Singapore - Singapore dollar - Monthly - End of period,1998-12,1.651,A,,F
M,SG,SGD,E,0,6,A, Exchange rates against USD Singapore - Singapore dollar - Monthly - End of period,1999-01,1.689476,A,,F
M,SG,SGD,E,0,6,A, Exchange rates against USD Singapore - Singapore dollar - Monthly - End of period,1999-02,1.721274,A,,F
M,SG,SGD,E,0,6,A, Exchange rates against USD Singapore - Singapore dollar - Monthly - End of period,1999-03,1.726308,A,,F
M,SG,SGD,E,0,6,A, Exchange rates against USD Singapore - Singapore dollar - Monthly - End of period,1999-04,1.700198,A,,F
M,SG,SGD,E,0,6,A, Exchange rates against USD Singapore - Singapore dollar - Monthly - End of period,1999-05,1.726855,A,,F
M,SG,SGD,E,0,6,A, Exchange rates against USD Singapore - Singapore dollar - Monthly - End of period,1999-06,1.700039,A,,F
M,SG,SGD,E,0,6,A, Exchange rates against USD Singapore - Singapore dollar - Monthly - End of period,1999-07,1.685338,A,,F
M,SG,SGD,E,0,6,A, Exchange rates against USD Singapore - Singapore dollar - Monthly - End of period,1999-08,1.682304,A,,F
M,SG,SGD,E,0,6,A, Exchange rates against USD Singapore - Singapore dollar - Monthly - End of period,1999-09,1.700141,A,,F
M,SG,SGD,E,0,6,A, Exchange rates against USD Singapore - Singapore dollar - Monthly - End of period,1999-10,1.665359,A,,F
M,SG,SGD,E,0,6,A, Exchange rates against USD Singapore - Singapore dollar - Monthly - End of period,1999-11,1.682678,A,,F
M,SG,SGD,E,0,6,A, Exchange rates against USD Singapore - Singapore dollar - Monthly - End of period,1999-12,1.664145,A,,F
M,SG,SGD,E,0,6,A, Exchange rates against USD Singapore - Singapore dollar - Monthly - End of period,2000-01,1.699622,A,,F
M,SG,SGD,E,0,6,A, Exchange rates against USD Singapore - Singapore dollar - Monthly - End of period,2000-02,1.723286,A,,F
M,SG,SGD,E,0,6,A, Exchange rates against USD Singapore - Singapore dollar - Monthly - End of period,2000-03,1.711923,A,,F
M,SG,SGD,E,0,6,A, Exchange rates against USD Singapore - Singapore dollar - Monthly - End of period,2000-04,1.704128,A,,F
M,SG,SGD,E,0,6,A, Exchange rates against USD Singapore - Singapore dollar - Monthly - End of period,2000-05,1.734387,A,,F
M,SG,SGD,E,0,6,A, Exchange rates against USD Singapore - Singapore dollar - Monthly - End of period,2000-06,1.728024,A,,F
M,SG,SGD,E,0,6,A, Exchange rates against USD Singapore - Singapore dollar - Monthly - End of period,2000-07,1.734718,A,,F
M,SG,SGD,E,0,6,A, Exchange rates against USD Singapore - Singapore dollar - Monthly - End of period,2000-08,1.722097,A,,F
M,SG,SGD,E,0,6,A, Exchange rates against USD Singapore - Singapore dollar - Monthly - End of period,2000-09,1.739532,A,,F
M,SG,SGD,E,0,6,A, Exchange rates against USD Singapore - Singapore dollar - Monthly - End of period,2000-10,1.756802,A,,F
M,SG,SGD,E,0,6,A, Exchange rates against USD Singapore - Singapore dollar - Monthly - End of period,2000-11,1.755412,A,,F
M,SG,SGD,E,0,6,A, Exchange rates against USD Singapore - Singapore dollar - Monthly - End of period,2000-12,1.733047,A,,F
M,SG,SGD,E,0,6,A, Exchange rates against USD Singapore - Singapore dollar - Monthly - End of period,2001-01,1.742602,A,,F
M,SG,SGD,E,0,6,A, Exchange rates against USD Singapore - Singapore dollar - Monthly - End of period,2001-02,1.743188,A,,F
M,SG,SGD,E,0,6,A, Exchange rates against USD Singapore - Singapore dollar - Monthly - End of period,2001-03,1.803555,A,,F
M,SG,SGD,E,0,6,A, Exchange rates against USD Singapore - Singapore dollar - Monthly - End of period,2001-04,1.820302,A,,F
M,SG,SGD,E,0,6,A, Exchange rates against USD Singapore - Singapore dollar - Monthly - End of period,2001-05,1.80967,A,,F
M,SG,SGD,E,0,6,A, Exchange rates against USD Singapore - Singapore dollar - Monthly - End of period,2001-06,1.822052,A,,F
M,SG,SGD,E,0,6,A, Exchange rates against USD Singapore - Singapore dollar - Monthly - End of period,2001-07,1.803655,A,,F
M,SG,SGD,E,0,6,A, Exchange rates against USD Singapore - Singapore dollar - Monthly - End of period,2001-08,1.740446,A,,F
M,SG,SGD,E,0,6,A, Exchange rates against USD Singapore - Singapore dollar - Monthly - End of period,2001-09,1.765743,A,,F
M,SG,SGD,E,0,6,A, Exchange rates against USD Singapore - Singapore dollar - Monthly - End of period,2001-10,1.822274,A,,F
M,SG,SGD,E,0,6,A, Exchange rates against USD Singapore - Singapore dollar - Monthly - End of period,2001-11,1.831648,A,,F
M,SG,SGD,E,0,6,A, Exchange rates against USD Singapore - Singapore dollar - Monthly - End of period,2001-12,1.850221,A,,F
M,SG,SGD,E,0,6,A, Exchange rates against USD Singapore - Singapore dollar - Monthly - End of period,2002-01,1.834202,A,,F
M,SG,SGD,E,0,6,A, Exchange rates against USD Singapore - Singapore dollar - Monthly - End of period,2002-02,1.83447,A,,F
M,SG,SGD,E,0,6,A, Exchange rates against USD Singapore - Singapore dollar - Monthly - End of period,2002-03,1.840555,A,,F
M,SG,SGD,E,0,6,A, Exchange rates against USD Singapore - Singapore dollar - Monthly - End of period,2002-04,1.811501,A,,F
M,SG,SGD,E,0,6,A, Exchange rates against USD Singapore - Singapore dollar - Monthly - End of period,2002-05,1.785235,A,,F
M,SG,SGD,E,0,6,A, Exchange rates against USD Singapore - Singapore dollar - Monthly - End of period,2002-06,1.763008,A,,F
M,SG,SGD,E,0,6,A, Exchange rates against USD Singapore - Singapore dollar - Monthly - End of period,2002-07,1.763672,A,,F
M,SG,SGD,E,0,6,A, Exchange rates against USD Singapore - Singapore dollar - Monthly - End of period,2002-08,1.748703,A,,F
M,SG,SGD,E,0,6,A, Exchange rates against USD Singapore - Singapore dollar - Monthly - End of period,2002-09,1.779108,A,,F
M,SG,SGD,E,0,6,A, Exchange rates against USD Singapore - Singapore dollar - Monthly - End of period,2002-10,1.767539,A,,F
M,SG,SGD,E,0,6,A, Exchange rates against USD Singapore - Singapore dollar - Monthly - End of period,2002-11,1.765589,A,,F
M,SG,SGD,E,0,6,A, Exchange rates against USD Singapore - Singapore dollar - Monthly - End of period,2002-12,1.735387,A,,F
M,SG,SGD,E,0,6,A, Exchange rates against USD Singapore - Singapore dollar - Monthly - End of period,2003-01,1.735022,A,,F
M,SG,SGD,E,0,6,A, Exchange rates against USD Singapore - Singapore dollar - Monthly - End of period,2003-02,1.738175,A,,F
M,SG,SGD,E,0,6,A, Exchange rates against USD Singapore - Singapore dollar - Monthly - End of period,2003-03,1.763286,A,,F
M,SG,SGD,E,0,6,A, Exchange rates against USD Singapore - Singapore dollar - Monthly - End of period,2003-04,1.775582,A,,F
M,SG,SGD,E,0,6,A, Exchange rates against USD Singapore - Singapore dollar - Monthly - End of period,2003-05,1.729487,A,,F
M,SG,SGD,E,0,6,A, Exchange rates against USD Singapore - Singapore dollar - Monthly - End of period,2003-06,1.76328,A,,F
M,SG,SGD,E,0,6,A, Exchange rates against USD Singapore - Singapore dollar - Monthly - End of period,2003-07,1.75835,A,,F
M,SG,SGD,E,0,6,A, Exchange rates against USD Singapore - Singapore dollar - Monthly - End of period,2003-08,1.753638,A,,F
M,SG,SGD,E,0,6,A, Exchange rates against USD Singapore - Singapore dollar - Monthly - End of period,2003-09,1.727171,A,,F
M,SG,SGD,E,0,6,A, Exchange rates against USD Singapore - Singapore dollar - Monthly - End of period,2003-10,1.739288,A,,F
M,SG,SGD,E,0,6,A, Exchange rates against USD Singapore - Singapore dollar - Monthly - End of period,2003-11,1.722695,A,,F
M,SG,SGD,E,0,6,A, Exchange rates against USD Singapore - Singapore dollar - Monthly - End of period,2003-12,1.698337,A,,F
M,SG,SGD,E,0,6,A, Exchange rates against USD Singapore - Singapore dollar - Monthly - End of period,2004-01,1.699451,A,,F
M,SG,SGD,E,0,6,A, Exchange rates against USD Singapore - Singapore dollar - Monthly - End of period,2004-02,1.699952,A,,F
M,SG,SGD,E,0,6,A, Exchange rates against USD Singapore - Singapore dollar - Monthly - End of period,2004-03,1.673675,A,,F
M,SG,SGD,E,0,6,A, Exchange rates against USD Singapore - Singapore dollar - Monthly - End of period,2004-04,1.702687,A,,F
M,SG,SGD,E,0,6,A, Exchange rates against USD Singapore - Singapore dollar - Monthly - End of period,2004-05,1.698639,A,,F
M,SG,SGD,E,0,6,A, Exchange rates against USD Singapore - Singapore dollar - Monthly - End of period,2004-06,1.719539,A,,F
M,SG,SGD,E,0,6,A, Exchange rates against USD Singapore - Singapore dollar - Monthly - End of period,2004-07,1.72207,A,,F
M,SG,SGD,E,0,6,A, Exchange rates against USD Singapore - Singapore dollar - Monthly - End of period,2004-08,1.713649,A,,F
M,SG,SGD,E,0,6,A, Exchange rates against USD Singapore - Singapore dollar - Monthly - End of period,2004-09,1.687243,A,,F
M,SG,SGD,E,0,6,A, Exchange rates against USD Singapore - Singapore dollar - Monthly - End of period,2004-10,1.663579,A,,F
M,SG,SGD,E,0,6,A, Exchange rates against USD Singapore - Singapore dollar - Monthly - End of period,2004-11,1.637608,A,,F
M,SG,SGD,E,0,6,A, Exchange rates against USD Singapore - Singapore dollar - Monthly - End of period,2004-12,1.634388,A,,F
M,SG,SGD,E,0,6,A, Exchange rates against USD Singapore - Singapore dollar - Monthly - End of period,2005-01,1.636671,A,,F
M,SG,SGD,E,0,6,A, Exchange rates against USD Singapore - Singapore dollar - Monthly - End of period,2005-02,1.626461,A,,F
M,SG,SGD,E,0,6,A, Exchange rates against USD Singapore - Singapore dollar - Monthly - End of period,2005-03,1.648951,A,,F
M,SG,SGD,E,0,6,A, Exchange rates against USD Singapore - Singapore dollar - Monthly - End of period,2005-04,1.635487,A,,F
M,SG,SGD,E,0,6,A, Exchange rates against USD Singapore - Singapore dollar - Monthly - End of period,2005-05,1.666694,A,,F
M,SG,SGD,E,0,6,A, Exchange rates against USD Singapore - Singapore dollar - Monthly - End of period,2005-06,1.685164,A,,F
M,SG,SGD,E,0,6,A, Exchange rates against USD Singapore - Singapore dollar - Monthly - End of period,2005-07,1.662119,A,,F
M,SG,SGD,E,0,6,A, Exchange rates against USD Singapore - Singapore dollar - Monthly - End of period,2005-08,1.688146,A,,F
M,SG,SGD,E,0,6,A, Exchange rates against USD Singapore - Singapore dollar - Monthly - End of period,2005-09,1.690168,A,,F
M,SG,SGD,E,0,6,A, Exchange rates against USD Singapore - Singapore dollar - Monthly - End of period,2005-10,1.693837,A,,F
M,SG,SGD,E,0,6,A, Exchange rates against USD Singapore - Singapore dollar - Monthly - End of period,2005-11,1.693007,A,,F
M,SG,SGD,E,0,6,A, Exchange rates against USD Singapore - Singapore dollar - Monthly - End of period,2005-12,1.663813,A,,F
M,SG,SGD,E,0,6,A, Exchange rates against USD Singapore - Singapore dollar - Monthly - End of period,2006-01,1.62337,A,,F
M,SG,SGD,E,0,6,A, Exchange rates against USD Singapore - Singapore dollar - Monthly - End of period,2006-02,1.623663,A,,F
M,SG,SGD,E,0,6,A, Exchange rates against USD Singapore - Singapore dollar - Monthly - End of period,2006-03,1.617812,A,,F
M,SG,SGD,E,0,6,A, Exchange rates against USD Singapore - Singapore dollar - Monthly - End of period,2006-04,1.583553,A,,F
M,SG,SGD,E,0,6,A, Exchange rates against USD Singapore - Singapore dollar - Monthly - End of period,2006-05,1.576313,A,,F
M,SG,SGD,E,0,6,A, Exchange rates against USD Singapore - Singapore dollar - Monthly - End of period,2006-06,1.583969,A,,F
M,SG,SGD,E,0,6,A, Exchange rates against USD Singapore - Singapore dollar - Monthly - End of period,2006-07,1.577348,A,,F
M,SG,SGD,E,0,6,A, Exchange rates against USD Singapore - Singapore dollar - Monthly - End of period,2006-08,1.572173,A,,F
M,SG,SGD,E,0,6,A, Exchange rates against USD Singapore - Singapore dollar - Monthly - End of period,2006-09,1.585782,A,,F
M,SG,SGD,E,0,6,A, Exchange rates against USD Singapore - Singapore dollar - Monthly - End of period,2006-10,1.561437,A,,F
M,SG,SGD,E,0,6,A, Exchange rates against USD Singapore - Singapore dollar - Monthly - End of period,2006-11,1.541818,A,,F
M,SG,SGD,E,0,6,A, Exchange rates against USD Singapore - Singapore dollar - Monthly - End of period,2006-12,1.533941,A,,F
M,SG,SGD,E,0,6,A, Exchange rates against USD Singapore - Singapore dollar - Monthly - End of period,2007-01,1.537517,A,,F
M,SG,SGD,E,0,6,A, Exchange rates against USD Singapore - Singapore dollar - Monthly - End of period,2007-02,1.527969,A,,F
M,SG,SGD,E,0,6,A, Exchange rates against USD Singapore - Singapore dollar - Monthly - End of period,2007-03,1.517045,A,,F
M,SG,SGD,E,0,6,A, Exchange rates against USD Singapore - Singapore dollar - Monthly - End of period,2007-04,1.519956,A,,F
M,SG,SGD,E,0,6,A, Exchange rates against USD Singapore - Singapore dollar - Monthly - End of period,2007-05,1.530068,A,,F
M,SG,SGD,E,0,6,A, Exchange rates against USD Singapore - Singapore dollar - Monthly - End of period,2007-06,1.5301,A,,F
M,SG,SGD,E,0,6,A, Exchange rates against USD Singapore - Singapore dollar - Monthly - End of period,2007-07,1.511053,A,,F
M,SG,SGD,E,0,6,A, Exchange rates against USD Singapore - Singapore dollar - Monthly - End of period,2007-08,1.521197,A,,F
M,SG,SGD,E,0,6,A, Exchange rates against USD Singapore - Singapore dollar - Monthly - End of period,2007-09,1.485718,A,,F
M,SG,SGD,E,0,6,A, Exchange rates against USD Singapore - Singapore dollar - Monthly - End of period,2007-10,1.448813,A,,F
M,SG,SGD,E,0,6,A, Exchange rates against USD Singapore - Singapore dollar - Monthly - End of period,2007-11,1.445431,A,,F
M,SG,SGD,E,0,6,A, Exchange rates against USD Singapore - Singapore dollar - Monthly - End of period,2007-12,1.437606,A,,F
M,SG,SGD,E,0,6,A, Exchange rates against USD Singapore - Singapore dollar - Monthly - End of period,2008-01,1.417485,A,,F
M,SG,SGD,E,0,6,A, Exchange rates against USD Singapore - Singapore dollar - Monthly - End of period,2008-02,1.395266,A,,F
M,SG,SGD,E,0,6,A, Exchange rates against USD Singapore - Singapore dollar - Monthly - End of period,2008-03,1.379901,A,,F
M,SG,SGD,E,0,6,A, Exchange rates against USD Singapore - Singapore dollar - Monthly - End of period,2008-04,1.36094,A,,F
M,SG,SGD,E,0,6,A, Exchange rates against USD Singapore - Singapore dollar - Monthly - End of period,2008-05,1.36594,A,,F
M,SG,SGD,E,0,6,A, Exchange rates against USD Singapore - Singapore dollar - Monthly - End of period,2008-06,1.360442,A,,F
M,SG,SGD,E,0,6,A, Exchange rates against USD Singapore - Singapore dollar - Monthly - End of period,2008-07,1.367882,A,,F
M,SG,SGD,E,0,6,A, Exchange rates against USD Singapore - Singapore dollar - Monthly - End of period,2008-08,1.414727,A,,F
M,SG,SGD,E,0,6,A, Exchange rates against USD Singapore - Singapore dollar - Monthly - End of period,2008-09,1.429001,A,,F
M,SG,SGD,E,0,6,A, Exchange rates against USD Singapore - Singapore dollar - Monthly - End of period,2008-10,1.483734,A,,F
M,SG,SGD,E,0,6,A, Exchange rates against USD Singapore - Singapore dollar - Monthly - End of period,2008-11,1.510961,A,,F
M,SG,SGD,E,0,6,A, Exchange rates against USD Singapore - Singapore dollar - Monthly - End of period,2008-12,1.439966,A,,F
M,SG,SGD,E,0,6,A, Exchange rates against USD Singapore - Singapore dollar - Monthly - End of period,2009-01,1.509519,A,,F
M,SG,SGD,E,0,6,A, Exchange rates against USD Singapore - Singapore dollar - Monthly - End of period,2009-02,1.5469,A,,F
M,SG,SGD,E,0,6,A, Exchange rates against USD Singapore - Singapore dollar - Monthly - End of period,2009-03,1.520439,A,,F
M,SG,SGD,E,0,6,A, Exchange rates against USD Singapore - Singapore dollar - Monthly - End of period,2009-04,1.477966,A,,F
M,SG,SGD,E,0,6,A, Exchange rates against USD Singapore - Singapore dollar - Monthly - End of period,2009-05,1.443467,A,,F
M,SG,SGD,E,0,6,A, Exchange rates against USD Singapore - Singapore dollar - Monthly - End of period,2009-06,1.446229,A,,F
M,SG,SGD,E,0,6,A, Exchange rates against USD Singapore - Singapore dollar - Monthly - End of period,2009-07,1.441293,A,,F
M,SG,SGD,E,0,6,A, Exchange rates against USD Singapore - Singapore dollar - Monthly - End of period,2009-08,1.443526,A,,F
M,SG,SGD,E,0,6,A, Exchange rates against USD Singapore - Singapore dollar - Monthly - End of period,2009-09,1.410503,A,,F
M,SG,SGD,E,0,6,A, Exchange rates against USD Singapore - Singapore dollar - Monthly - End of period,2009-10,1.398311,A,,F
M,SG,SGD,E,0,6,A, Exchange rates against USD Singapore - Singapore dollar - Monthly - End of period,2009-11,1.383811,A,,F
M,SG,SGD,E,0,6,A, Exchange rates against USD Singapore - Singapore dollar - Monthly - End of period,2009-12,1.401777,A,,F
M,SG,SGD,E,0,6,A, Exchange rates against USD Singapore - Singapore dollar - Monthly - End of period,2010-01,1.404053,A,,F
M,SG,SGD,E,0,6,A, Exchange rates against USD Singapore - Singapore dollar - Monthly - End of period,2010-02,1.40678,A,,F
M,SG,SGD,E,0,6,A, Exchange rates against USD Singapore - Singapore dollar - Monthly - End of period,2010-03,1.399362,A,,F
M,SG,SGD,E,0,6,A, Exchange rates against USD Singapore - Singapore dollar - Monthly - End of period,2010-04,1.368156,A,,F
M,SG,SGD,E,0,6,A, Exchange rates against USD Singapore - Singapore dollar - Monthly - End of period,2010-05,1.39961,A,,F
M,SG,SGD,E,0,6,A, Exchange rates against USD Singapore - Singapore dollar - Monthly - End of period,2010-06,1.398419,A,,F
M,SG,SGD,E,0,6,A, Exchange rates against USD Singapore - Singapore dollar - Monthly - End of period,2010-07,1.361145,A,,F
M,SG,SGD,E,0,6,A, Exchange rates against USD Singapore - Singapore dollar - Monthly - End of period,2010-08,1.355915,A,,F
M,SG,SGD,E,0,6,A, Exchange rates against USD Singapore - Singapore dollar - Monthly - End of period,2010-09,1.314625,A,,F
M,SG,SGD,E,0,6,A, Exchange rates against USD Singapore - Singapore dollar - Monthly - End of period,2010-10,1.296673,A,,F
M,SG,SGD,E,0,6,A, Exchange rates against USD Singapore - Singapore dollar - Monthly - End of period,2010-11,1.324742,A,,F
M,SG,SGD,E,0,6,A, Exchange rates against USD Singapore - Singapore dollar - Monthly - End of period,2010-12,1.282443,A,,F
M,SG,SGD,E,0,6,A, Exchange rates against USD Singapore - Singapore dollar - Monthly - End of period,2011-01,1.280602,A,,F
M,SG,SGD,E,0,6,A, Exchange rates against USD Singapore - Singapore dollar - Monthly - End of period,2011-02,1.270927,A,,F
M,SG,SGD,E,0,6,A, Exchange rates against USD Singapore - Singapore dollar - Monthly - End of period,2011-03,1.260083,A,,F
M,SG,SGD,E,0,6,A, Exchange rates against USD Singapore - Singapore dollar - Monthly - End of period,2011-04,1.225101,A,,F
M,SG,SGD,E,0,6,A, Exchange rates against USD Singapore - Singapore dollar - Monthly - End of period,2011-05,1.234202,A,,F
M,SG,SGD,E,0,6,A, Exchange rates against USD Singapore - Singapore dollar - Monthly - End of period,2011-06,1.22888,A,,F
M,SG,SGD,E,0,6,A, Exchange rates against USD Singapore - Singapore dollar - Monthly - End of period,2011-07,1.205119,A,,F
M,SG,SGD,E,0,6,A, Exchange rates against USD Singapore - Singapore dollar - Monthly - End of period,2011-08,1.202699,A,,F
M,SG,SGD,E,0,6,A, Exchange rates against USD Singapore - Singapore dollar - Monthly - End of period,2011-09,1.302599,A,,F
M,SG,SGD,E,0,6,A, Exchange rates against USD Singapore - Singapore dollar - Monthly - End of period,2011-10,1.249196,A,,F
M,SG,SGD,E,0,6,A, Exchange rates against USD Singapore - Singapore dollar - Monthly - End of period,2011-11,1.286406,A,,F
M,SG,SGD,E,0,6,A, Exchange rates against USD Singapore - Singapore dollar - Monthly - End of period,2011-12,1.299869,A,,F
M,SG,SGD,E,0,6,A, Exchange rates against USD Singapore - Singapore dollar - Monthly - End of period,2012-01,1.25129,A,,F
M,SG,SGD,E,0,6,A, Exchange rates against USD Singapore - Singapore dollar - Monthly - End of period,2012-02,1.244216,A,,F
M,SG,SGD,E,0,6,A, Exchange rates against USD Singapore - Singapore dollar - Monthly - End of period,2012-03,1.25599,A,,F
M,SG,SGD,E,0,6,A, Exchange rates against USD Singapore - Singapore dollar - Monthly - End of period,2012-04,1.236567,A,,F
M,SG,SGD,E,0,6,A, Exchange rates against USD Singapore - Singapore dollar - Monthly - End of period,2012-05,1.286463,A,,F
M,SG,SGD,E,0,6,A, Exchange rates against USD Singapore - Singapore dollar - Monthly - End of period,2012-06,1.268785,A,,F
M,SG,SGD,E,0,6,A, Exchange rates against USD Singapore - Singapore dollar - Monthly - End of period,2012-07,1.243732,A,,F
M,SG,SGD,E,0,6,A, Exchange rates against USD Singapore - Singapore dollar - Monthly - End of period,2012-08,1.248592,A,,F
M,SG,SGD,E,0,6,A, Exchange rates against USD Singapore - Singapore dollar - Monthly - End of period,2012-09,1.225677,A,,F
M,SG,SGD,E,0,6,A, Exchange rates against USD Singapore - Singapore dollar - Monthly - End of period,2012-10,1.220119,A,,F
M,SG,SGD,E,0,6,A, Exchange rates against USD Singapore - Singapore dollar - Monthly - End of period,2012-11,1.221238,A,,F
M,SG,SGD,E,0,6,A, Exchange rates against USD Singapore - Singapore dollar - Monthly - End of period,2012-12,1.221085,A,,F
M,SG,SGD,E,0,6,A, Exchange rates against USD Singapore - Singapore dollar - Monthly - End of period,2013-01,1.237491,A,,F
M,SG,SGD,E,0,6,A, Exchange rates against USD Singapore - Singapore dollar - Monthly - End of period,2013-02,1.236728,A,,F
M,SG,SGD,E,0,6,A, Exchange rates against USD Singapore - Singapore dollar - Monthly - End of period,2013-03,1.241702,A,,F
M,SG,SGD,E,0,6,A, Exchange rates against USD Singapore - Singapore dollar - Monthly - End of period,2013-04,1.233782,A,,F
M,SG,SGD,E,0,6,A, Exchange rates against USD Singapore - Singapore dollar - Monthly - End of period,2013-05,1.261879,A,,F
M,SG,SGD,E,0,6,A, Exchange rates against USD Singapore - Singapore dollar - Monthly - End of period,2013-06,1.264908,A,,F
M,SG,SGD,E,0,6,A, Exchange rates against USD Singapore - Singapore dollar - Monthly - End of period,2013-07,1.272994,A,,F
M,SG,SGD,E,0,6,A, Exchange rates against USD Singapore - Singapore dollar - Monthly - End of period,2013-08,1.274424,A,,F
M,SG,SGD,E,0,6,A, Exchange rates against USD Singapore - Singapore dollar - Monthly - End of period,2013-09,1.255905,A,,F
M,SG,SGD,E,0,6,A, Exchange rates against USD Singapore - Singapore dollar - Monthly - End of period,2013-10,1.238692,A,,F
M,SG,SGD,E,0,6,A, Exchange rates against USD Singapore - Singapore dollar - Monthly - End of period,2013-11,1.255014,A,,F
M,SG,SGD,E,0,6,A, Exchange rates against USD Singapore - Singapore dollar - Monthly - End of period,2013-12,1.262708,A,,F
M,SG,SGD,E,0,6,A, Exchange rates against USD Singapore - Singapore dollar - Monthly - End of period,2014-01,1.278337,A,,F
M,SG,SGD,E,0,6,A, Exchange rates against USD Singapore - Singapore dollar - Monthly - End of period,2014-02,1.265981,A,,F
M,SG,SGD,E,0,6,A, Exchange rates against USD Singapore - Singapore dollar - Monthly - End of period,2014-03,1.259501,A,,F
M,SG,SGD,E,0,6,A, Exchange rates against USD Singapore - Singapore dollar - Monthly - End of period,2014-04,1.256823,A,,F
M,SG,SGD,E,0,6,A, Exchange rates against USD Singapore - Singapore dollar - Monthly - End of period,2014-05,1.253693,A,,F
M,SG,SGD,E,0,6,A, Exchange rates against USD Singapore - Singapore dollar - Monthly - End of period,2014-06,1.248133,A,,F
M,SG,SGD,E,0,6,A, Exchange rates against USD Singapore - Singapore dollar - Monthly - End of period,2014-07,1.246805,A,,F
M,SG,SGD,E,0,6,A, Exchange rates against USD Singapore - Singapore dollar - Monthly - End of period,2014-08,1.247801,A,,F
M,SG,SGD,E,0,6,A, Exchange rates against USD Singapore - Singapore dollar - Monthly - End of period,2014-09,1.276564,A,,F
M,SG,SGD,E,0,6,A, Exchange rates against USD Singapore - Singapore dollar - Monthly - End of period,2014-10,1.28641,A,,F
M,SG,SGD,E,0,6,A, Exchange rates against USD Singapore - Singapore dollar - Monthly - End of period,2014-11,1.303212,A,,F
M,SG,SGD,E,0,6,A, Exchange rates against USD Singapore - Singapore dollar - Monthly - End of period,2014-12,1.322626,A,,F
M,SG,SGD,E,0,6,A, Exchange rates against USD Singapore - Singapore dollar - Monthly - End of period,2015-01,1.352676,A,,F
M,SG,SGD,E,0,6,A, Exchange rates against USD Singapore - Singapore dollar - Monthly - End of period,2015-02,1.360231,A,,F
M,SG,SGD,E,0,6,A, Exchange rates against USD Singapore - Singapore dollar - Monthly - End of period,2015-03,1.373176,A,,F
M,SG,SGD,E,0,6,A, Exchange rates against USD Singapore - Singapore dollar - Monthly - End of period,2015-04,1.320999,A,,F
M,SG,SGD,E,0,6,A, Exchange rates against USD Singapore - Singapore dollar - Monthly - End of period,2015-05,1.349043,A,,F
M,SG,SGD,E,0,6,A, Exchange rates against USD Singapore - Singapore dollar - Monthly - End of period,2015-06,1.34668,A,,F
M,SG,SGD,E,0,6,A, Exchange rates against USD Singapore - Singapore dollar - Monthly - End of period,2015-07,1.375217,A,,F
M,SG,SGD,E,0,6,A, Exchange rates against USD Singapore - Singapore dollar - Monthly - End of period,2015-08,1.412572,A,,F
M,SG,SGD,E,0,6,A, Exchange rates against USD Singapore - Singapore dollar - Monthly - End of period,2015-09,1.421137,A,,F
M,SG,SGD,E,0,6,A, Exchange rates against USD Singapore - Singapore dollar - Monthly - End of period,2015-10,1.401924,A,,F
M,SG,SGD,E,0,6,A, Exchange rates against USD Singapore - Singapore dollar - Monthly - End of period,2015-11,1.412232,A,,F
M,SG,SGD,E,0,6,A, Exchange rates against USD Singapore - Singapore dollar - Monthly - End of period,2015-12,1.416093,A,,F
M,SG,SGD,E,0,6,A, Exchange rates against USD Singapore - Singapore dollar - Monthly - End of period,2016-01,1.423993,A,,F
M,SG,SGD,E,0,6,A, Exchange rates against USD Singapore - Singapore dollar - Monthly - End of period,2016-02,1.407513,A,,F
M,SG,SGD,E,0,6,A, Exchange rates against USD Singapore - Singapore dollar - Monthly - End of period,2016-03,1.344225,A,,F
M,SG,SGD,E,0,6,A, Exchange rates against USD Singapore - Singapore dollar - Monthly - End of period,2016-04,1.342717,A,,F
M,SG,SGD,E,0,6,A, Exchange rates against USD Singapore - Singapore dollar - Monthly - End of period,2016-05,1.377712,A,,F
M,SG,SGD,E,0,6,A, Exchange rates against USD Singapore - Singapore dollar - Monthly - End of period,2016-06,1.347235,A,,F
M,SG,SGD,E,0,6,A, Exchange rates against USD Singapore - Singapore dollar - Monthly - End of period,2016-07,1.35112,A,,F
M,SG,SGD,E,0,6,A, Exchange rates against USD Singapore - Singapore dollar - Monthly - End of period,2016-08,1.363726,A,,F
M,SG,SGD,E,0,6,A, Exchange rates against USD Singapore - Singapore dollar - Monthly - End of period,2016-09,1.365021,A,,F
M,SG,SGD,E,0,6,A, Exchange rates against USD Singapore - Singapore dollar - Monthly - End of period,2016-10,1.393294,A,,F
M,SG,SGD,E,0,6,A, Exchange rates against USD Singapore - Singapore dollar - Monthly - End of period,2016-11,1.427268,A,,F
M,SG,SGD,E,0,6,A, Exchange rates against USD Singapore - Singapore dollar - Monthly - End of period,2016-12,1.445214,A,,F
M,SG,SGD,E,0,6,A, Exchange rates against USD Singapore - Singapore dollar - Monthly - End of period,2017-01,1.413389,A,,F
M,SG,SGD,E,0,6,A, Exchange rates against USD Singapore - Singapore dollar - Monthly - End of period,2017-02,1.399547,A,,F
M,SG,SGD,E,0,6,A, Exchange rates against USD Singapore - Singapore dollar - Monthly - End of period,2017-03,1.397437,A,,F
M,SG,SGD,E,0,6,A, Exchange rates against USD Singapore - Singapore dollar - Monthly - End of period,2017-04,1.395974,A,,F
M,SG,SGD,E,0,6,A, Exchange rates against USD Singapore - Singapore dollar - Monthly - End of period,2017-05,1.382943,A,,F
M,SG,SGD,E,0,6,A, Exchange rates against USD Singapore - Singapore dollar - Monthly - End of period,2017-06,1.376621,A,,F
M,SG,SGD,E,0,6,A, Exchange rates against USD Singapore - Singapore dollar - Monthly - End of period,2017-07,1.35738,A,,F
M,SG,SGD,E,0,6,A, Exchange rates against USD Singapore - Singapore dollar - Monthly - End of period,2017-08,1.361015,A,,F
M,SG,SGD,E,0,6,A, Exchange rates against USD Singapore - Singapore dollar - Monthly - End of period,2017-09,1.357869,A,,F
M,SG,SGD,E,0,6,A, Exchange rates against USD Singapore - Singapore dollar - Monthly - End of period,2017-10,1.362777,A,,F
M,SG,SGD,E,0,6,A, Exchange rates against USD Singapore - Singapore dollar - Monthly - End of period,2017-11,1.349143,A,,F
M,SG,SGD,E,0,6,A, Exchange rates against USD Singapore - Singapore dollar - Monthly - End of period,2017-12,1.336113,A,,F
M,SG,SGD,E,0,6,A, Exchange rates against USD Singapore - Singapore dollar - Monthly - End of period,2018-01,1.307538,A,,F
M,SG,SGD,E,0,6,A, Exchange rates against USD Singapore - Singapore dollar - Monthly - End of period,2018-02,1.323236,A,,F
M,SG,SGD,E,0,6,A, Exchange rates against USD Singapore - Singapore dollar - Monthly - End of period,2018-03,1.31142,A,,F
M,SG,SGD,E,0,6,A, Exchange rates against USD Singapore - Singapore dollar - Monthly - End of period,2018-04,1.325938,A,,F
M,SG,SGD,E,0,6,A, Exchange rates against USD Singapore - Singapore dollar - Monthly - End of period,2018-05,1.338234,A,,F
M,SG,SGD,E,0,6,A, Exchange rates against USD Singapore - Singapore dollar - Monthly - End of period,2018-06,1.363527,A,,F
M,SG,SGD,E,0,6,A, Exchange rates against USD Singapore - Singapore dollar - Monthly - End of period,2018-07,1.361282,A,,F
M,SG,SGD,E,0,6,A, Exchange rates against USD Singapore - Singapore dollar - Monthly - End of period,2018-08,1.370269,A,,F
M,SG,SGD,E,0,6,A, Exchange rates against USD Singapore - Singapore dollar - Monthly - End of period,2018-09,1.368262,A,,F
M,SG,SGD,E,0,6,A, Exchange rates against USD Singapore - Singapore dollar - Monthly - End of period,2018-10,1.386817,A,,F
M,SG,SGD,E,0,6,A, Exchange rates against USD Singapore - Singapore dollar - Monthly - End of period,2018-11,1.371688,A,,F
M,SG,SGD,E,0,6,A, Exchange rates against USD Singapore - Singapore dollar - Monthly - End of period,2018-12,1.361659,A,,F
M,SG,SGD,E,0,6,A, Exchange rates against USD Singapore - Singapore dollar - Monthly - End of period,2019-01,1.345665,A,,F
M,SG,SGD,E,0,6,A, Exchange rates against USD Singapore - Singapore dollar - Monthly - End of period,2019-02,1.348108,A,,F
M,SG,SGD,E,0,6,A, Exchange rates against USD Singapore - Singapore dollar - Monthly - End of period,2019-03,1.354161,A,,F
M,SG,SGD,E,0,6,A, Exchange rates against USD Singapore - Singapore dollar - Monthly - End of period,2019-04,1.360581,A,,F
M,SG,SGD,E,0,6,A, Exchange rates against USD Singapore - Singapore dollar - Monthly - End of period,2019-05,1.379069,A,,F
M,SG,SGD,E,0,6,A, Exchange rates against USD Singapore - Singapore dollar - Monthly - End of period,2019-06,1.352812,A,,F
M,SG,SGD,E,0,6,A, Exchange rates against USD Singapore - Singapore dollar - Monthly - End of period,2019-07,1.368577,A,,F
M,SG,SGD,E,0,6,A, Exchange rates against USD Singapore - Singapore dollar - Monthly - End of period,2019-08,1.387459,A,,F
M,SG,SGD,E,0,6,A, Exchange rates against USD Singapore - Singapore dollar - Monthly - End of period,2019-09,1.383047,A,,F
M,SG,SGD,E,0,6,A, Exchange rates against USD Singapore - Singapore dollar - Monthly - End of period,2019-10,1.360409,A,,F
M,SG,SGD,E,0,6,A, Exchange rates against USD Singapore - Singapore dollar - Monthly - End of period,2019-11,1.367419,A,,F
M,SG,SGD,E,0,6,A, Exchange rates against USD Singapore - Singapore dollar - Monthly - End of period,2019-12,1.345113,A,,F
M,SG,SGD,E,0,6,A, Exchange rates against USD Singapore - Singapore dollar - Monthly - End of period,2020-01,1.365545,A,,F
M,SG,SGD,E,0,6,A, Exchange rates against USD Singapore - Singapore dollar - Monthly - End of period,2020-02,1.395372,A,,F
M,SG,SGD,E,0,6,A, Exchange rates against USD Singapore - Singapore dollar - Monthly - End of period,2020-03,1.426889,A,,F
M,SG,SGD,E,0,6,A, Exchange rates against USD Singapore - Singapore dollar - Monthly - End of period,2020-04,1.408974,A,,F
M,SG,SGD,E,0,6,A, Exchange rates against USD Singapore - Singapore dollar - Monthly - End of period,2020-05,1.41092,A,,F
M,SG,SGD,E,0,6,A, Exchange rates against USD Singapore - Singapore dollar - Monthly - End of period,2020-06,1.397392,A,,F
M,SG,SGD,E,0,6,A, Exchange rates against USD Singapore - Singapore dollar - Monthly - End of period,2020-07,1.371117,A,,F
M,SG,SGD,E,0,6,A, Exchange rates against USD Singapore - Singapore dollar - Monthly - End of period,2020-08,1.359715,A,,F
M,SG,SGD,E,0,6,A, Exchange rates against USD Singapore - Singapore dollar - Monthly - End of period,2020-09,1.369576,A,,F
M,SG,SGD,E,0,6,A, Exchange rates against USD Singapore - Singapore dollar - Monthly - End of period,2020-10,1.363652,A,,F
M,SG,SGD,E,0,6,A, Exchange rates against USD Singapore - Singapore dollar - Monthly - End of period,2020-11,1.33798,A,,F
M,SG,SGD,E,0,6,A, Exchange rates against USD Singapore - Singapore dollar - Monthly - End of period,2020-12,1.321653,A,,F
M,SG,SGD,E,0,6,A, Exchange rates against USD Singapore - Singapore dollar - Monthly - End of period,2021-01,1.328362,A,,F
M,SG,SGD,E,0,6,A, Exchange rates against USD Singapore - Singapore dollar - Monthly - End of period,2021-02,1.328768,A,,F
M,SG,SGD,E,0,6,A, Exchange rates against USD Singapore - Singapore dollar - Monthly - End of period,2021-03,1.344819,A,,F
M,SG,SGD,E,0,6,A, Exchange rates against USD Singapore - Singapore dollar - Monthly - End of period,2021-04,1.328009,A,,F
M,SG,SGD,E,0,6,A, Exchange rates against USD Singapore - Singapore dollar - Monthly - End of period,2021-05,1.322023,A,,F
M,SG,SGD,E,0,6,A, Exchange rates against USD Singapore - Singapore dollar - Monthly - End of period,2021-06,1.344329,A,,F
M,SG,SGD,E,0,6,A, Exchange rates against USD Singapore - Singapore dollar - Monthly - End of period,2021-07,1.353124,A,,F
M,SG,SGD,E,0,6,A, Exchange rates against USD Singapore - Singapore dollar - Monthly - End of period,2021-08,1.343333,A,,F
M,SG,SGD,E,0,6,A, Exchange rates against USD Singapore - Singapore dollar - Monthly - End of period,2021-09,1.361085,A,,F
M,SG,SGD,E,0,6,A, Exchange rates against USD Singapore - Singapore dollar - Monthly - End of period,2021-10,1.346157,A,,F
M,SG,SGD,E,0,6,A, Exchange rates against USD Singapore - Singapore dollar - Monthly - End of period,2021-11,1.365924,A,,F
M,SG,SGD,E,0,6,A, Exchange rates against USD Singapore - Singapore dollar - Monthly - End of period,2021-12,1.34902,A,,F
M,SG,SGD,E,0,6,A, Exchange rates against USD Singapore - Singapore dollar - Monthly - End of period,2022-01,1.354428,A,,F
M,SG,SGD,E,0,6,A, Exchange rates against USD Singapore - Singapore dollar - Monthly - End of period,2022-02,1.357353,A,,F
M,SG,SGD,E,0,6,A, Exchange rates against USD Singapore - Singapore dollar - Monthly - End of period,2022-03,1.353752,A,,F
M,SG,SGD,E,0,6,A, Exchange rates against USD Singapore - Singapore dollar - Monthly - End of period,2022-04,1.379981,A,,F
M,SG,SGD,E,0,6,A, Exchange rates against USD Singapore - Singapore dollar - Monthly - End of period,2022-05,1.370951,A,,F
M,SG,SGD,E,0,6,A, Exchange rates against USD Singapore - Singapore dollar - Monthly - End of period,2022-06,1.394339,A,,F
M,SG,SGD,E,0,6,A, Exchange rates against USD Singapore - Singapore dollar - Monthly - End of period,2022-07,1.381447,A,,F
M,SG,SGD,E,0,6,A, Exchange rates against USD Singapore - Singapore dollar - Monthly - End of period,2022-08,1.3969,A,,F
M,SG,SGD,E,0,6,A, Exchange rates against USD Singapore - Singapore dollar - Monthly - End of period,2022-09,1.436295,A,,F
M,SG,SGD,E,0,6,A, Exchange rates against USD Singapore - Singapore dollar - Monthly - End of period,2022-10,1.415977,A,,F
M,SG,SGD,E,0,6,A, Exchange rates against USD Singapore - Singapore dollar - Monthly - End of period,2022-11,1.366615,A,,F
M,SG,SGD,E,0,6,A, Exchange rates against USD Singapore - Singapore dollar - Monthly - End of period,2022-12,1.340709,A,,F
M,SG,SGD,E,0,6,A, Exchange rates against USD Singapore - Singapore dollar - Monthly - End of period,2023-01,1.317087,A,,F
M,SG,SGD,E,0,6,A, Exchange rates against USD Singapore - Singapore dollar - Monthly - End of period,2023-02,1.347961,A,,F
M,SG,SGD,E,0,6,A, Exchange rates against USD Singapore - Singapore dollar - Monthly - End of period,2023-03,1.330023,A,,F
M,SG,SGD,E,0,6,A, Exchange rates against USD Singapore - Singapore dollar - Monthly - End of period,2023-04,1.336764,A,,F
M,SG,SGD,E,0,6,A, Exchange rates against USD Singapore - Singapore dollar - Monthly - End of period,2023-05,1.354208,A,,F
M,SG,SGD,E,0,6,A, Exchange rates against USD Singapore - Singapore dollar - Monthly - End of period,2023-06,1.355789,A,,F
M,SG,SGD,E,0,6,A, Exchange rates against USD Singapore - Singapore dollar - Monthly - End of period,2023-07,1.329946,A,,F
M,SG,SGD,E,0,6,A, Exchange rates against USD Singapore - Singapore dollar - Monthly - End of period,2023-08,1.351307,A,,F
M,SG,SGD,E,0,6,A, Exchange rates against USD Singapore - Singapore dollar - Monthly - End of period,2023-09,1.363319,A,,F
M,SG,SGD,E,0,6,A, Exchange rates against USD Singapore - Singapore dollar - Monthly - End of period,2023-10,1.367831,A,,F
M,SG,SGD,E,0,6,A, Exchange rates against USD Singapore - Singapore dollar - Monthly - End of period,2023-11,1.335834,A,,F
M,SG,SGD,E,0,6,A, Exchange rates against USD Singapore - Singapore dollar - Monthly - End of period,2023-12,1.320452,A,,F
M,SG,SGD,E,0,6,A, Exchange rates against USD Singapore - Singapore dollar - Monthly - End of period,2024-01,1.339577,A,,F
M,SG,SGD,E,0,6,A, Exchange rates against USD Singapore - Singapore dollar - Monthly - End of period,2024-02,1.345834,A,,F
M,SG,SGD,E,0,6,A, Exchange rates against USD Singapore - Singapore dollar - Monthly - End of period,2024-03,1.349274,A,,F
M,SG,SGD,E,0,6,A, Exchange rates against USD Singapore - Singapore dollar - Monthly - End of period,2024-04,1.361541,A,,F
M,SG,SGD,E,0,6,A, Exchange rates against USD Singapore - Singapore dollar - Monthly - End of period,2024-05,1.35118,A,,F
M,SG,SGD,E,0,6,A, Exchange rates against USD Singapore - Singapore dollar - Monthly - End of period,2024-06,1.355722,A,,F
M,SG,SGD,E,0,6,A, Exchange rates against USD Singapore - Singapore dollar - Monthly - End of period,2024-07,1.33829,A,,F
M,SG,SGD,E,0,6,A, Exchange rates against USD Singapore - Singapore dollar - Monthly - End of period,2024-08,1.302516,A,,F
M,SG,SGD,E,0,6,A, Exchange rates against USD Singapore - Singapore dollar - Monthly - End of period,2024-09,1.280993,A,,F
M,SG,SGD,E,0,6,A, Exchange rates against USD Singapore - Singapore dollar - Monthly - End of period,2024-10,1.321173,A,,F
M,SG,SGD,E,0,6,A, Exchange rates against USD Singapore - Singapore dollar - Monthly - End of period,2024-11,1.34056,A,,F
M,SG,SGD,E,0,6,A, Exchange rates against USD Singapore - Singapore dollar - Monthly - End of period,2024-12,1.363365,A,,F
M,SG,SGD,E,0,6,A, Exchange rates against USD Singapore - Singapore dollar - Monthly - End of period,2025-01,1.355816,A,,F
M,SG,SGD,E,0,6,A, Exchange rates against USD Singapore - Singapore dollar - Monthly - End of period,2025-02,1.348285,A,,F
M,SG,SGD,E,0,6,A, Exchange rates against USD Singapore - Singapore dollar - Monthly - End of period,2025-03,1.342487,A,,F
M,SG,SGD,E,0,6,A, Exchange rates against USD Singapore - Singapore dollar - Monthly - End of period,2025-04,1.306515,A,,F
M,SG,SGD,E,0,6,A, Exchange rates against USD Singapore - Singapore dollar - Monthly - End of period,2025-05,1.290502,A,,F
M,SG,SGD,E,0,6,A, Exchange rates against USD Singapore - Singapore dollar - Monthly - End of period,2025-06,1.274829,A,,F
M,SG,SGD,E,0,6,A, Exchange rates against USD Singapore - Singapore dollar - Monthly - End of period,2025-07,1.29696,A,,F
M,SG,SGD,E,0,6,A, Exchange rates against USD Singapore - Singapore dollar - Monthly - End of period,2025-08,1.285555,A,,F
M,SG,SGD,E,0,6,A, Exchange rates against USD Singapore - Singapore dollar - Monthly - End of period,2025-09,1.289924,A,,F
M,SG,SGD,E,0,6,A, Exchange rates against USD Singapore - Singapore dollar - Monthly - End of period,2025-10,1.301627,A,,F
M,SG,SGD,E,0,6,A, Exchange rates against USD Singapore - Singapore dollar - Monthly - End of period,2025-11,1.297596,A,,F
M,SG,SGD,E,0,6,A, Exchange rates against USD Singapore - Singapore dollar - Monthly - End of period,2025-12,1.285532,A,,F
M,SG,SGD,E,0,6,A, Exchange rates against USD Singapore - Singapore dollar - Monthly - End of period,2026-01,1.267808,A,,F
M,SG,SGD,E,0,6,A, Exchange rates against USD Singapore - Singapore dollar - Monthly - End of period,2026-02,1.265735,A,,F
M,SG,SGD,E,0,6,A, Exchange rates against USD Singapore - Singapore dollar - Monthly - End of period,2026-03,1.288137,A,,F
M,SG,SGD,E,0,6,A, Exchange rates against USD Singapore - Singapore dollar - Monthly - End of period,2026-04,1.276192,A,,F
M,SG,SGD,E,0,6,A, Exchange rates against USD Singapore - Singapore dollar - Monthly - End of period,2026-05,1.277053,A,,F
M,SG,SGD,E,0,6,A, Exchange rates against USD Singapore - Singapore dollar - Monthly - End of period,2026-06,1.294892,A,,F
M,SG,SGD,E,0,6,A, Exchange rates against USD Singapore - Singapore dollar - Monthly - End of period,2026-07,1.284893,A,,F
M,SG,SGD,E,0,6,A, Exchange rates against USD Singapore - Singapore dollar - Monthly - End of period,2026-08,1.27268,A,,F
M,HK,HKD,E,0,6,A, Exchange rates against USD Hong Kong SAR - Hong Kong dollar - Monthly - End of period,1957-01,5.720209,A,,F
M,HK,HKD,E,0,6,A, Exchange rates against USD Hong Kong SAR - Hong Kong dollar - Monthly - End of period,1957-02,5.721641,A,,F
M,HK,HKD,E,0,6,A, Exchange rates against USD Hong Kong SAR - Hong Kong dollar - Monthly - End of period,1957-03,5.742167,A,,F
M,HK,HKD,E,0,6,A, Exchange rates against USD Hong Kong SAR - Hong Kong dollar - Monthly - End of period,1957-04,5.734555,A,,F
M,HK,HKD,E,0,6,A, Exchange rates against USD Hong Kong SAR - Hong Kong dollar - Monthly - End of period,1957-05,5.733323,A,,F
M,HK,HKD,E,0,6,A, Exchange rates against USD Hong Kong SAR - Hong Kong dollar - Monthly - End of period,1957-06,5.734555,A,,F
M,HK,HKD,E,0,6,A, Exchange rates against USD Hong Kong SAR - Hong Kong dollar - Monthly - End of period,1957-07,5.747321,A,,F
M,HK,HKD,E,0,6,A, Exchange rates against USD Hong Kong SAR - Hong Kong dollar - Monthly - End of period,1957-08,5.751038,A,,F
M,HK,HKD,E,0,6,A, Exchange rates against USD Hong Kong SAR - Hong Kong dollar - Monthly - End of period,1957-09,5.725529,A,,F
M,HK,HKD,E,0,6,A, Exchange rates against USD Hong Kong SAR - Hong Kong dollar - Monthly - End of period,1957-10,5.723073,A,,F
M,HK,HKD,E,0,6,A, Exchange rates against USD Hong Kong SAR - Hong Kong dollar - Monthly - End of period,1957-11,5.703902,A,,F
M,HK,HKD,E,0,6,A, Exchange rates against USD Hong Kong SAR - Hong Kong dollar - Monthly - End of period,1957-12,5.597779,A,,F
M,HK,HKD,E,0,6,A, Exchange rates against USD Hong Kong SAR - Hong Kong dollar - Monthly - End of period,1958-01,5.683648,A,,F
M,HK,HKD,E,0,6,A, Exchange rates against USD Hong Kong SAR - Hong Kong dollar - Monthly - End of period,1958-02,5.683648,A,,F
M,HK,HKD,E,0,6,A, Exchange rates against USD Hong Kong SAR - Hong Kong dollar - Monthly - End of period,1958-03,5.683648,A,,F
M,HK,HKD,E,0,6,A, Exchange rates against USD Hong Kong SAR - Hong Kong dollar - Monthly - End of period,1958-04,5.679615,A,,F
M,HK,HKD,E,0,6,A, Exchange rates against USD Hong Kong SAR - Hong Kong dollar - Monthly - End of period,1958-05,5.682437,A,,F
M,HK,HKD,E,0,6,A, Exchange rates against USD Hong Kong SAR - Hong Kong dollar - Monthly - End of period,1958-06,5.710006,A,,F
M,HK,HKD,E,0,6,A, Exchange rates against USD Hong Kong SAR - Hong Kong dollar - Monthly - End of period,1958-07,5.706342,A,,F
M,HK,HKD,E,0,6,A, Exchange rates against USD Hong Kong SAR - Hong Kong dollar - Monthly - End of period,1958-08,5.71286,A,,F
M,HK,HKD,E,0,6,A, Exchange rates against USD Hong Kong SAR - Hong Kong dollar - Monthly - End of period,1958-09,5.702683,A,,F
M,HK,HKD,E,0,6,A, Exchange rates against USD Hong Kong SAR - Hong Kong dollar - Monthly - End of period,1958-10,5.703902,A,,F
M,HK,HKD,E,0,6,A, Exchange rates against USD Hong Kong SAR - Hong Kong dollar - Monthly - End of period,1958-11,5.707563,A,,F
M,HK,HKD,E,0,6,A, Exchange rates against USD Hong Kong SAR - Hong Kong dollar - Monthly - End of period,1958-12,5.711433,A,,F
M,HK,HKD,E,0,6,A, Exchange rates against USD Hong Kong SAR - Hong Kong dollar - Monthly - End of period,1959-01,5.697405,A,,F
M,HK,HKD,E,0,6,A, Exchange rates against USD Hong Kong SAR - Hong Kong dollar - Monthly - End of period,1959-02,5.705325,A,,F
M,HK,HKD,E,0,6,A, Exchange rates against USD Hong Kong SAR - Hong Kong dollar - Monthly - End of period,1959-03,5.683648,A,,F
M,HK,HKD,E,0,6,A, Exchange rates against USD Hong Kong SAR - Hong Kong dollar - Monthly - End of period,1959-04,5.683648,A,,F
M,HK,HKD,E,0,6,A, Exchange rates against USD Hong Kong SAR - Hong Kong dollar - Monthly - End of period,1959-05,5.692542,A,,F
M,HK,HKD,E,0,6,A, Exchange rates against USD Hong Kong SAR - Hong Kong dollar - Monthly - End of period,1959-06,5.688496,A,,F
M,HK,HKD,E,0,6,A, Exchange rates against USD Hong Kong SAR - Hong Kong dollar - Monthly - End of period,1959-07,5.693757,A,,F
M,HK,HKD,E,0,6,A, Exchange rates against USD Hong Kong SAR - Hong Kong dollar - Monthly - End of period,1959-08,5.705122,A,,F
M,HK,HKD,E,0,6,A, Exchange rates against USD Hong Kong SAR - Hong Kong dollar - Monthly - End of period,1959-09,5.707563,A,,F
M,HK,HKD,E,0,6,A, Exchange rates against USD Hong Kong SAR - Hong Kong dollar - Monthly - End of period,1959-10,5.705122,A,,F
M,HK,HKD,E,0,6,A, Exchange rates against USD Hong Kong SAR - Hong Kong dollar - Monthly - End of period,1959-11,5.71286,A,,F
M,HK,HKD,E,0,6,A, Exchange rates against USD Hong Kong SAR - Hong Kong dollar - Monthly - End of period,1959-12,5.716532,A,,F
M,HK,HKD,E,0,6,A, Exchange rates against USD Hong Kong SAR - Hong Kong dollar - Monthly - End of period,1960-01,5.711433,A,,F
M,HK,HKD,E,0,6,A, Exchange rates against USD Hong Kong SAR - Hong Kong dollar - Monthly - End of period,1960-02,5.708784,A,,F
M,HK,HKD,E,0,6,A, Exchange rates against USD Hong Kong SAR - Hong Kong dollar - Monthly - End of period,1960-03,5.701261,A,,F
M,HK,HKD,E,0,6,A, Exchange rates against USD Hong Kong SAR - Hong Kong dollar - Monthly - End of period,1960-04,5.698622,A,,F
M,HK,HKD,E,0,6,A, Exchange rates against USD Hong Kong SAR - Hong Kong dollar - Monthly - End of period,1960-05,5.711433,A,,F
M,HK,HKD,E,0,6,A, Exchange rates against USD Hong Kong SAR - Hong Kong dollar - Monthly - End of period,1960-06,5.70248,A,,F
M,HK,HKD,E,0,6,A, Exchange rates against USD Hong Kong SAR - Hong Kong dollar - Monthly - End of period,1960-07,5.698419,A,,F
M,HK,HKD,E,0,6,A, Exchange rates against USD Hong Kong SAR - Hong Kong dollar - Monthly - End of period,1960-08,5.693555,A,,F
M,HK,HKD,E,0,6,A, Exchange rates against USD Hong Kong SAR - Hong Kong dollar - Monthly - End of period,1960-09,5.694973,A,,F
M,HK,HKD,E,0,6,A, Exchange rates against USD Hong Kong SAR - Hong Kong dollar - Monthly - End of period,1960-10,5.684859,A,,F
M,HK,HKD,E,0,6,A, Exchange rates against USD Hong Kong SAR - Hong Kong dollar - Monthly - End of period,1960-11,5.694973,A,,F
M,HK,HKD,E,0,6,A, Exchange rates against USD Hong Kong SAR - Hong Kong dollar - Monthly - End of period,1960-12,5.708784,A,,F
M,HK,HKD,E,0,6,A, Exchange rates against USD Hong Kong SAR - Hong Kong dollar - Monthly - End of period,1961-01,5.707563,A,,F
M,HK,HKD,E,0,6,A, Exchange rates against USD Hong Kong SAR - Hong Kong dollar - Monthly - End of period,1961-02,5.725529,A,,F
M,HK,HKD,E,0,6,A, Exchange rates against USD Hong Kong SAR - Hong Kong dollar - Monthly - End of period,1961-03,5.721641,A,,F
M,HK,HKD,E,0,6,A, Exchange rates against USD Hong Kong SAR - Hong Kong dollar - Monthly - End of period,1961-04,5.724301,A,,F
M,HK,HKD,E,0,6,A, Exchange rates against USD Hong Kong SAR - Hong Kong dollar - Monthly - End of period,1961-05,5.733117,A,,F
M,HK,HKD,E,0,6,A, Exchange rates against USD Hong Kong SAR - Hong Kong dollar - Monthly - End of period,1961-06,5.740931,A,,F
M,HK,HKD,E,0,6,A, Exchange rates against USD Hong Kong SAR - Hong Kong dollar - Monthly - End of period,1961-07,5.726758,A,,F
M,HK,HKD,E,0,6,A, Exchange rates against USD Hong Kong SAR - Hong Kong dollar - Monthly - End of period,1961-08,5.705122,A,,F
M,HK,HKD,E,0,6,A, Exchange rates against USD Hong Kong SAR - Hong Kong dollar - Monthly - End of period,1961-09,5.687283,A,,F
M,HK,HKD,E,0,6,A, Exchange rates against USD Hong Kong SAR - Hong Kong dollar - Monthly - End of period,1961-10,5.686071,A,,F
M,HK,HKD,E,0,6,A, Exchange rates against USD Hong Kong SAR - Hong Kong dollar - Monthly - End of period,1961-11,5.691125,A,,F
M,HK,HKD,E,0,6,A, Exchange rates against USD Hong Kong SAR - Hong Kong dollar - Monthly - End of period,1961-12,5.700043,A,,F
M,HK,HKD,E,0,6,A, Exchange rates against USD Hong Kong SAR - Hong Kong dollar - Monthly - End of period,1962-01,5.69234,A,,F
M,HK,HKD,E,0,6,A, Exchange rates against USD Hong Kong SAR - Hong Kong dollar - Monthly - End of period,1962-02,5.686071,A,,F
M,HK,HKD,E,0,6,A, Exchange rates against USD Hong Kong SAR - Hong Kong dollar - Monthly - End of period,1962-03,5.688496,A,,F
M,HK,HKD,E,0,6,A, Exchange rates against USD Hong Kong SAR - Hong Kong dollar - Monthly - End of period,1962-04,5.691125,A,,F
M,HK,HKD,E,0,6,A, Exchange rates against USD Hong Kong SAR - Hong Kong dollar - Monthly - End of period,1962-05,5.696189,A,,F
M,HK,HKD,E,0,6,A, Exchange rates against USD Hong Kong SAR - Hong Kong dollar - Monthly - End of period,1962-06,5.698622,A,,F
M,HK,HKD,E,0,6,A, Exchange rates against USD Hong Kong SAR - Hong Kong dollar - Monthly - End of period,1962-07,5.706342,A,,F
M,HK,HKD,E,0,6,A, Exchange rates against USD Hong Kong SAR - Hong Kong dollar - Monthly - End of period,1962-08,5.712656,A,,F
M,HK,HKD,E,0,6,A, Exchange rates against USD Hong Kong SAR - Hong Kong dollar - Monthly - End of period,1962-09,5.714083,A,,F
M,HK,HKD,E,0,6,A, Exchange rates against USD Hong Kong SAR - Hong Kong dollar - Monthly - End of period,1962-10,5.714083,A,,F
M,HK,HKD,E,0,6,A, Exchange rates against USD Hong Kong SAR - Hong Kong dollar - Monthly - End of period,1962-11,5.71021,A,,F
M,HK,HKD,E,0,6,A, Exchange rates against USD Hong Kong SAR - Hong Kong dollar - Monthly - End of period,1962-12,5.711433,A,,F
M,HK,HKD,E,0,6,A, Exchange rates against USD Hong Kong SAR - Hong Kong dollar - Monthly - End of period,1963-01,5.707563,A,,F
M,HK,HKD,E,0,6,A, Exchange rates against USD Hong Kong SAR - Hong Kong dollar - Monthly - End of period,1963-02,5.711433,A,,F
M,HK,HKD,E,0,6,A, Exchange rates against USD Hong Kong SAR - Hong Kong dollar - Monthly - End of period,1963-03,5.717553,A,,F
M,HK,HKD,E,0,6,A, Exchange rates against USD Hong Kong SAR - Hong Kong dollar - Monthly - End of period,1963-04,5.715307,A,,F
M,HK,HKD,E,0,6,A, Exchange rates against USD Hong Kong SAR - Hong Kong dollar - Monthly - End of period,1963-05,5.716124,A,,F
M,HK,HKD,E,0,6,A, Exchange rates against USD Hong Kong SAR - Hong Kong dollar - Monthly - End of period,1963-06,5.714695,A,,F
M,HK,HKD,E,0,6,A, Exchange rates against USD Hong Kong SAR - Hong Kong dollar - Monthly - End of period,1963-07,5.715103,A,,F
M,HK,HKD,E,0,6,A, Exchange rates against USD Hong Kong SAR - Hong Kong dollar - Monthly - End of period,1963-08,5.720823,A,,F
M,HK,HKD,E,0,6,A, Exchange rates against USD Hong Kong SAR - Hong Kong dollar - Monthly - End of period,1963-09,5.721232,A,,F
M,HK,HKD,E,0,6,A, Exchange rates against USD Hong Kong SAR - Hong Kong dollar - Monthly - End of period,1963-10,5.720414,A,,F
M,HK,HKD,E,0,6,A, Exchange rates against USD Hong Kong SAR - Hong Kong dollar - Monthly - End of period,1963-11,5.72205,A,,F
M,HK,HKD,E,0,6,A, Exchange rates against USD Hong Kong SAR - Hong Kong dollar - Monthly - End of period,1963-12,5.723482,A,,F
M,HK,HKD,E,0,6,A, Exchange rates against USD Hong Kong SAR - Hong Kong dollar - Monthly - End of period,1964-01,5.721027,A,,F
M,HK,HKD,E,0,6,A, Exchange rates against USD Hong Kong SAR - Hong Kong dollar - Monthly - End of period,1964-02,5.720209,A,,F
M,HK,HKD,E,0,6,A, Exchange rates against USD Hong Kong SAR - Hong Kong dollar - Monthly - End of period,1964-03,5.719801,A,,F
M,HK,HKD,E,0,6,A, Exchange rates against USD Hong Kong SAR - Hong Kong dollar - Monthly - End of period,1964-04,5.716736,A,,F
M,HK,HKD,E,0,6,A, Exchange rates against USD Hong Kong SAR - Hong Kong dollar - Monthly - End of period,1964-05,5.720823,A,,F
M,HK,HKD,E,0,6,A, Exchange rates against USD Hong Kong SAR - Hong Kong dollar - Monthly - End of period,1964-06,5.733528,A,,F
M,HK,HKD,E,0,6,A, Exchange rates against USD Hong Kong SAR - Hong Kong dollar - Monthly - End of period,1964-07,5.740725,A,,F
M,HK,HKD,E,0,6,A, Exchange rates against USD Hong Kong SAR - Hong Kong dollar - Monthly - End of period,1964-08,5.749592,A,,F
M,HK,HKD,E,0,6,A, Exchange rates against USD Hong Kong SAR - Hong Kong dollar - Monthly - End of period,1964-09,5.750832,A,,F
M,HK,HKD,E,0,6,A, Exchange rates against USD Hong Kong SAR - Hong Kong dollar - Monthly - End of period,1964-10,5.747321,A,,F
M,HK,HKD,E,0,6,A, Exchange rates against USD Hong Kong SAR - Hong Kong dollar - Monthly - End of period,1964-11,5.734555,A,,F
M,HK,HKD,E,0,6,A, Exchange rates against USD Hong Kong SAR - Hong Kong dollar - Monthly - End of period,1964-12,5.736816,A,,F
M,HK,HKD,E,0,6,A, Exchange rates against USD Hong Kong SAR - Hong Kong dollar - Monthly - End of period,1965-01,5.732912,A,,F
M,HK,HKD,E,0,6,A, Exchange rates against USD Hong Kong SAR - Hong Kong dollar - Monthly - End of period,1965-02,5.728603,A,,F
M,HK,HKD,E,0,6,A, Exchange rates against USD Hong Kong SAR - Hong Kong dollar - Monthly - End of period,1965-03,5.735993,A,,F
M,HK,HKD,E,0,6,A, Exchange rates against USD Hong Kong SAR - Hong Kong dollar - Monthly - End of period,1965-04,5.71837,A,,F
M,HK,HKD,E,0,6,A, Exchange rates against USD Hong Kong SAR - Hong Kong dollar - Monthly - End of period,1965-05,5.731475,A,,F
M,HK,HKD,E,0,6,A, Exchange rates against USD Hong Kong SAR - Hong Kong dollar - Monthly - End of period,1965-06,5.733528,A,,F
M,HK,HKD,E,0,6,A, Exchange rates against USD Hong Kong SAR - Hong Kong dollar - Monthly - End of period,1965-07,5.732912,A,,F
M,HK,HKD,E,0,6,A, Exchange rates against USD Hong Kong SAR - Hong Kong dollar - Monthly - End of period,1965-08,5.735582,A,,F
M,HK,HKD,E,0,6,A, Exchange rates against USD Hong Kong SAR - Hong Kong dollar - Monthly - End of period,1965-09,5.71286,A,,F
M,HK,HKD,E,0,6,A, Exchange rates against USD Hong Kong SAR - Hong Kong dollar - Monthly - End of period,1965-10,5.708784,A,,F
M,HK,HKD,E,0,6,A, Exchange rates against USD Hong Kong SAR - Hong Kong dollar - Monthly - End of period,1965-11,5.710821,A,,F
M,HK,HKD,E,0,6,A, Exchange rates against USD Hong Kong SAR - Hong Kong dollar - Monthly - End of period,1965-12,5.710821,A,,F
M,HK,HKD,E,0,6,A, Exchange rates against USD Hong Kong SAR - Hong Kong dollar - Monthly - End of period,1966-01,5.709192,A,,F
M,HK,HKD,E,0,6,A, Exchange rates against USD Hong Kong SAR - Hong Kong dollar - Monthly - End of period,1966-02,5.716532,A,,F
M,HK,HKD,E,0,6,A, Exchange rates against USD Hong Kong SAR - Hong Kong dollar - Monthly - End of period,1966-03,5.730654,A,,F
M,HK,HKD,E,0,6,A, Exchange rates against USD Hong Kong SAR - Hong Kong dollar - Monthly - End of period,1966-04,5.729423,A,,F
M,HK,HKD,E,0,6,A, Exchange rates against USD Hong Kong SAR - Hong Kong dollar - Monthly - End of period,1966-05,5.73476,A,,F
M,HK,HKD,E,0,6,A, Exchange rates against USD Hong Kong SAR - Hong Kong dollar - Monthly - End of period,1966-06,5.737844,A,,F
M,HK,HKD,E,0,6,A, Exchange rates against USD Hong Kong SAR - Hong Kong dollar - Monthly - End of period,1966-07,5.73661,A,,F
M,HK,HKD,E,0,6,A, Exchange rates against USD Hong Kong SAR - Hong Kong dollar - Monthly - End of period,1966-08,5.738873,A,,F
M,HK,HKD,E,0,6,A, Exchange rates against USD Hong Kong SAR - Hong Kong dollar - Monthly - End of period,1966-09,5.734144,A,,F
M,HK,HKD,E,0,6,A, Exchange rates against USD Hong Kong SAR - Hong Kong dollar - Monthly - End of period,1966-10,5.735171,A,,F
M,HK,HKD,E,0,6,A, Exchange rates against USD Hong Kong SAR - Hong Kong dollar - Monthly - End of period,1966-11,5.735993,A,,F
M,HK,HKD,E,0,6,A, Exchange rates against USD Hong Kong SAR - Hong Kong dollar - Monthly - End of period,1966-12,5.73661,A,,F
M,HK,HKD,E,0,6,A, Exchange rates against USD Hong Kong SAR - Hong Kong dollar - Monthly - End of period,1967-01,5.728193,A,,F
M,HK,HKD,E,0,6,A, Exchange rates against USD Hong Kong SAR - Hong Kong dollar - Monthly - End of period,1967-02,5.730244,A,,F
M,HK,HKD,E,0,6,A, Exchange rates against USD Hong Kong SAR - Hong Kong dollar - Monthly - End of period,1967-03,5.72205,A,,F
M,HK,HKD,E,0,6,A, Exchange rates against USD Hong Kong SAR - Hong Kong dollar - Monthly - End of period,1967-04,5.719392,A,,F
M,HK,HKD,E,0,6,A, Exchange rates against USD Hong Kong SAR - Hong Kong dollar - Monthly - End of period,1967-05,5.727168,A,,F
M,HK,HKD,E,0,6,A, Exchange rates against USD Hong Kong SAR - Hong Kong dollar - Monthly - End of period,1967-06,5.737021,A,,F
M,HK,HKD,E,0,6,A, Exchange rates against USD Hong Kong SAR - Hong Kong dollar - Monthly - End of period,1967-07,5.745671,A,,F
M,HK,HKD,E,0,6,A, Exchange rates against USD Hong Kong SAR - Hong Kong dollar - Monthly - End of period,1967-08,5.746496,A,,F
M,HK,HKD,E,0,6,A, Exchange rates against USD Hong Kong SAR - Hong Kong dollar - Monthly - End of period,1967-09,5.750625,A,,F
M,HK,HKD,E,0,6,A, Exchange rates against USD Hong Kong SAR - Hong Kong dollar - Monthly - End of period,1967-10,5.752072,A,,F
M,HK,HKD,E,0,6,A, Exchange rates against USD Hong Kong SAR - Hong Kong dollar - Monthly - End of period,1967-11,6.0129,A,,F
M,HK,HKD,E,0,6,A, Exchange rates against USD Hong Kong SAR - Hong Kong dollar - Monthly - End of period,1967-12,6.047134,A,,F
M,HK,HKD,E,0,6,A, Exchange rates against USD Hong Kong SAR - Hong Kong dollar - Monthly - End of period,1968-01,6.032093,A,,F
M,HK,HKD,E,0,6,A, Exchange rates against USD Hong Kong SAR - Hong Kong dollar - Monthly - End of period,1968-02,6.055438,A,,F
M,HK,HKD,E,0,6,A, Exchange rates against USD Hong Kong SAR - Hong Kong dollar - Monthly - End of period,1968-03,6.06023,A,,F
M,HK,HKD,E,0,6,A, Exchange rates against USD Hong Kong SAR - Hong Kong dollar - Monthly - End of period,1968-04,6.070342,A,,F
M,HK,HKD,E,0,6,A, Exchange rates against USD Hong Kong SAR - Hong Kong dollar - Monthly - End of period,1968-05,6.105235,A,,F
M,HK,HKD,E,0,6,A, Exchange rates against USD Hong Kong SAR - Hong Kong dollar - Monthly - End of period,1968-06,6.107285,A,,F
M,HK,HKD,E,0,6,A, Exchange rates against USD Hong Kong SAR - Hong Kong dollar - Monthly - End of period,1968-07,6.075919,A,,F
M,HK,HKD,E,0,6,A, Exchange rates against USD Hong Kong SAR - Hong Kong dollar - Monthly - End of period,1968-08,6.104723,A,,F
M,HK,HKD,E,0,6,A, Exchange rates against USD Hong Kong SAR - Hong Kong dollar - Monthly - End of period,1968-09,6.089395,A,,F
M,HK,HKD,E,0,6,A, Exchange rates against USD Hong Kong SAR - Hong Kong dollar - Monthly - End of period,1968-10,6.085575,A,,F
M,HK,HKD,E,0,6,A, Exchange rates against USD Hong Kong SAR - Hong Kong dollar - Monthly - End of period,1968-11,6.102163,A,,F
M,HK,HKD,E,0,6,A, Exchange rates against USD Hong Kong SAR - Hong Kong dollar - Monthly - End of period,1968-12,6.102675,A,,F
M,HK,HKD,E,0,6,A, Exchange rates against USD Hong Kong SAR - Hong Kong dollar - Monthly - End of period,1969-01,6.088376,A,,F
M,HK,HKD,E,0,6,A, Exchange rates against USD Hong Kong SAR - Hong Kong dollar - Monthly - End of period,1969-02,6.078711,A,,F
M,HK,HKD,E,0,6,A, Exchange rates against USD Hong Kong SAR - Hong Kong dollar - Monthly - End of period,1969-03,6.076173,A,,F
M,HK,HKD,E,0,6,A, Exchange rates against USD Hong Kong SAR - Hong Kong dollar - Monthly - End of period,1969-04,6.100628,A,,F
M,HK,HKD,E,0,6,A, Exchange rates against USD Hong Kong SAR - Hong Kong dollar - Monthly - End of period,1969-05,6.08965,A,,F
M,HK,HKD,E,0,6,A, Exchange rates against USD Hong Kong SAR - Hong Kong dollar - Monthly - End of period,1969-06,6.085066,A,,F
M,HK,HKD,E,0,6,A, Exchange rates against USD Hong Kong SAR - Hong Kong dollar - Monthly - End of period,1969-07,6.086848,A,,F
M,HK,HKD,E,0,6,A, Exchange rates against USD Hong Kong SAR - Hong Kong dollar - Monthly - End of period,1969-08,6.110619,A,,F
M,HK,HKD,E,0,6,A, Exchange rates against USD Hong Kong SAR - Hong Kong dollar - Monthly - End of period,1969-09,6.107029,A,,F
M,HK,HKD,E,0,6,A, Exchange rates against USD Hong Kong SAR - Hong Kong dollar - Monthly - End of period,1969-10,6.073636,A,,F
M,HK,HKD,E,0,6,A, Exchange rates against USD Hong Kong SAR - Hong Kong dollar - Monthly - End of period,1969-11,6.072116,A,,F
M,HK,HKD,E,0,6,A, Exchange rates against USD Hong Kong SAR - Hong Kong dollar - Monthly - End of period,1969-12,6.06124,A,,F
M,HK,HKD,E,0,6,A, Exchange rates against USD Hong Kong SAR - Hong Kong dollar - Monthly - End of period,1970-01,6.056698,A,,F
M,HK,HKD,E,0,6,A, Exchange rates against USD Hong Kong SAR - Hong Kong dollar - Monthly - End of period,1970-02,6.045124,A,,F
M,HK,HKD,E,0,6,A, Exchange rates against USD Hong Kong SAR - Hong Kong dollar - Monthly - End of period,1970-03,6.046129,A,,F
M,HK,HKD,E,0,6,A, Exchange rates against USD Hong Kong SAR - Hong Kong dollar - Monthly - End of period,1970-04,6.048139,A,,F
M,HK,HKD,E,0,6,A, Exchange rates against USD Hong Kong SAR - Hong Kong dollar - Monthly - End of period,1970-05,6.05922,A,,F
M,HK,HKD,E,0,6,A, Exchange rates against USD Hong Kong SAR - Hong Kong dollar - Monthly - End of period,1970-06,6.075158,A,,F
M,HK,HKD,E,0,6,A, Exchange rates against USD Hong Kong SAR - Hong Kong dollar - Monthly - End of period,1970-07,6.086084,A,,F
M,HK,HKD,E,0,6,A, Exchange rates against USD Hong Kong SAR - Hong Kong dollar - Monthly - End of period,1970-08,6.105235,A,,F
M,HK,HKD,E,0,6,A, Exchange rates against USD Hong Kong SAR - Hong Kong dollar - Monthly - End of period,1970-09,6.09373,A,,F
M,HK,HKD,E,0,6,A, Exchange rates against USD Hong Kong SAR - Hong Kong dollar - Monthly - End of period,1970-10,6.087612,A,,F
M,HK,HKD,E,0,6,A, Exchange rates against USD Hong Kong SAR - Hong Kong dollar - Monthly - End of period,1970-11,6.091689,A,,F
M,HK,HKD,E,0,6,A, Exchange rates against USD Hong Kong SAR - Hong Kong dollar - Monthly - End of period,1970-12,6.078965,A,,F
M,HK,HKD,E,0,6,A, Exchange rates against USD Hong Kong SAR - Hong Kong dollar - Monthly - End of period,1971-01,6.019118,A,,F
M,HK,HKD,E,0,6,A, Exchange rates against USD Hong Kong SAR - Hong Kong dollar - Monthly - End of period,1971-02,6.022357,A,,F
M,HK,HKD,E,0,6,A, Exchange rates against USD Hong Kong SAR - Hong Kong dollar - Monthly - End of period,1971-03,6.020612,A,,F
M,HK,HKD,E,0,6,A, Exchange rates against USD Hong Kong SAR - Hong Kong dollar - Monthly - End of period,1971-04,6.014391,A,,F
M,HK,HKD,E,0,6,A, Exchange rates against USD Hong Kong SAR - Hong Kong dollar - Monthly - End of period,1971-05,6.017625,A,,F
M,HK,HKD,E,0,6,A, Exchange rates against USD Hong Kong SAR - Hong Kong dollar - Monthly - End of period,1971-06,6.014391,A,,F
M,HK,HKD,E,0,6,A, Exchange rates against USD Hong Kong SAR - Hong Kong dollar - Monthly - End of period,1971-07,6.015883,A,,F
M,HK,HKD,E,0,6,A, Exchange rates against USD Hong Kong SAR - Hong Kong dollar - Monthly - End of period,1971-08,5.933218,A,,F
M,HK,HKD,E,0,6,A, Exchange rates against USD Hong Kong SAR - Hong Kong dollar - Monthly - End of period,1971-09,5.855621,A,,F
M,HK,HKD,E,0,6,A, Exchange rates against USD Hong Kong SAR - Hong Kong dollar - Monthly - End of period,1971-10,5.841048,A,,F
M,HK,HKD,E,0,6,A, Exchange rates against USD Hong Kong SAR - Hong Kong dollar - Monthly - End of period,1971-11,5.834958,A,,F
M,HK,HKD,E,0,6,A, Exchange rates against USD Hong Kong SAR - Hong Kong dollar - Monthly - End of period,1971-12,5.700771,A,,F
M,HK,HKD,E,0,6,A, Exchange rates against USD Hong Kong SAR - Hong Kong dollar - Monthly - End of period,1972-01,5.61,A,,F
M,HK,HKD,E,0,6,A, Exchange rates against USD Hong Kong SAR - Hong Kong dollar - Monthly - End of period,1972-02,5.583,A,,F
M,HK,HKD,E,0,6,A, Exchange rates against USD Hong Kong SAR - Hong Kong dollar - Monthly - End of period,1972-03,5.565,A,,F
M,HK,HKD,E,0,6,A, Exchange rates against USD Hong Kong SAR - Hong Kong dollar - Monthly - End of period,1972-04,5.57,A,,F
M,HK,HKD,E,0,6,A, Exchange rates against USD Hong Kong SAR - Hong Kong dollar - Monthly - End of period,1972-05,5.563,A,,F
M,HK,HKD,E,0,6,A, Exchange rates against USD Hong Kong SAR - Hong Kong dollar - Monthly - End of period,1972-06,5.84,A,,F
M,HK,HKD,E,0,6,A, Exchange rates against USD Hong Kong SAR - Hong Kong dollar - Monthly - End of period,1972-07,5.745,A,,F
M,HK,HKD,E,0,6,A, Exchange rates against USD Hong Kong SAR - Hong Kong dollar - Monthly - End of period,1972-08,5.635,A,,F
M,HK,HKD,E,0,6,A, Exchange rates against USD Hong Kong SAR - Hong Kong dollar - Monthly - End of period,1972-09,5.655,A,,F
M,HK,HKD,E,0,6,A, Exchange rates against USD Hong Kong SAR - Hong Kong dollar - Monthly - End of period,1972-10,5.66,A,,F
M,HK,HKD,E,0,6,A, Exchange rates against USD Hong Kong SAR - Hong Kong dollar - Monthly - End of period,1972-11,5.667,A,,F
M,HK,HKD,E,0,6,A, Exchange rates against USD Hong Kong SAR - Hong Kong dollar - Monthly - End of period,1972-12,5.694,A,,F
M,HK,HKD,E,0,6,A, Exchange rates against USD Hong Kong SAR - Hong Kong dollar - Monthly - End of period,1973-01,5.678,A,,F
M,HK,HKD,E,0,6,A, Exchange rates against USD Hong Kong SAR - Hong Kong dollar - Monthly - End of period,1973-02,5.18,A,,F
M,HK,HKD,E,0,6,A, Exchange rates against USD Hong Kong SAR - Hong Kong dollar - Monthly - End of period,1973-03,5.14,A,,F
M,HK,HKD,E,0,6,A, Exchange rates against USD Hong Kong SAR - Hong Kong dollar - Monthly - End of period,1973-04,5.158,A,,F
M,HK,HKD,E,0,6,A, Exchange rates against USD Hong Kong SAR - Hong Kong dollar - Monthly - End of period,1973-05,5.133,A,,F
M,HK,HKD,E,0,6,A, Exchange rates against USD Hong Kong SAR - Hong Kong dollar - Monthly - End of period,1973-06,5.02,A,,F
M,HK,HKD,E,0,6,A, Exchange rates against USD Hong Kong SAR - Hong Kong dollar - Monthly - End of period,1973-07,5.06,A,,F
M,HK,HKD,E,0,6,A, Exchange rates against USD Hong Kong SAR - Hong Kong dollar - Monthly - End of period,1973-08,5.13,A,,F
M,HK,HKD,E,0,6,A, Exchange rates against USD Hong Kong SAR - Hong Kong dollar - Monthly - End of period,1973-09,5.105,A,,F
M,HK,HKD,E,0,6,A, Exchange rates against USD Hong Kong SAR - Hong Kong dollar - Monthly - End of period,1973-10,5.08,A,,F
M,HK,HKD,E,0,6,A, Exchange rates against USD Hong Kong SAR - Hong Kong dollar - Monthly - End of period,1973-11,5.078,A,,F
M,HK,HKD,E,0,6,A, Exchange rates against USD Hong Kong SAR - Hong Kong dollar - Monthly - End of period,1973-12,5.09,A,,F
M,HK,HKD,E,0,6,A, Exchange rates against USD Hong Kong SAR - Hong Kong dollar - Monthly - End of period,1974-01,5.1,A,,F
M,HK,HKD,E,0,6,A, Exchange rates against USD Hong Kong SAR - Hong Kong dollar - Monthly - End of period,1974-02,5.07,A,,F
M,HK,HKD,E,0,6,A, Exchange rates against USD Hong Kong SAR - Hong Kong dollar - Monthly - End of period,1974-03,5.065,A,,F
M,HK,HKD,E,0,6,A, Exchange rates against USD Hong Kong SAR - Hong Kong dollar - Monthly - End of period,1974-04,5.062,A,,F
M,HK,HKD,E,0,6,A, Exchange rates against USD Hong Kong SAR - Hong Kong dollar - Monthly - End of period,1974-05,5.05,A,,F
M,HK,HKD,E,0,6,A, Exchange rates against USD Hong Kong SAR - Hong Kong dollar - Monthly - End of period,1974-06,5.038,A,,F
M,HK,HKD,E,0,6,A, Exchange rates against USD Hong Kong SAR - Hong Kong dollar - Monthly - End of period,1974-07,5.05,A,,F
M,HK,HKD,E,0,6,A, Exchange rates against USD Hong Kong SAR - Hong Kong dollar - Monthly - End of period,1974-08,5.06,A,,F
M,HK,HKD,E,0,6,A, Exchange rates against USD Hong Kong SAR - Hong Kong dollar - Monthly - End of period,1974-09,5.058,A,,F
M,HK,HKD,E,0,6,A, Exchange rates against USD Hong Kong SAR - Hong Kong dollar - Monthly - End of period,1974-10,5.02,A,,F
M,HK,HKD,E,0,6,A, Exchange rates against USD Hong Kong SAR - Hong Kong dollar - Monthly - End of period,1974-11,4.88,A,,F
M,HK,HKD,E,0,6,A, Exchange rates against USD Hong Kong SAR - Hong Kong dollar - Monthly - End of period,1974-12,4.93,A,,F
M,HK,HKD,E,0,6,A, Exchange rates against USD Hong Kong SAR - Hong Kong dollar - Monthly - End of period,1975-01,4.715,A,,F
M,HK,HKD,E,0,6,A, Exchange rates against USD Hong Kong SAR - Hong Kong dollar - Monthly - End of period,1975-02,4.685,A,,F
M,HK,HKD,E,0,6,A, Exchange rates against USD Hong Kong SAR - Hong Kong dollar - Monthly - End of period,1975-03,4.85,A,,F
M,HK,HKD,E,0,6,A, Exchange rates against USD Hong Kong SAR - Hong Kong dollar - Monthly - End of period,1975-04,4.915,A,,F
M,HK,HKD,E,0,6,A, Exchange rates against USD Hong Kong SAR - Hong Kong dollar - Monthly - End of period,1975-05,4.935,A,,F
M,HK,HKD,E,0,6,A, Exchange rates against USD Hong Kong SAR - Hong Kong dollar - Monthly - End of period,1975-06,4.965,A,,F
M,HK,HKD,E,0,6,A, Exchange rates against USD Hong Kong SAR - Hong Kong dollar - Monthly - End of period,1975-07,5.074,A,,F
M,HK,HKD,E,0,6,A, Exchange rates against USD Hong Kong SAR - Hong Kong dollar - Monthly - End of period,1975-08,5.058,A,,F
M,HK,HKD,E,0,6,A, Exchange rates against USD Hong Kong SAR - Hong Kong dollar - Monthly - End of period,1975-09,5.092,A,,F
M,HK,HKD,E,0,6,A, Exchange rates against USD Hong Kong SAR - Hong Kong dollar - Monthly - End of period,1975-10,5.026,A,,F
M,HK,HKD,E,0,6,A, Exchange rates against USD Hong Kong SAR - Hong Kong dollar - Monthly - End of period,1975-11,5.042,A,,F
M,HK,HKD,E,0,6,A, Exchange rates against USD Hong Kong SAR - Hong Kong dollar - Monthly - End of period,1975-12,5.04,A,,F
M,HK,HKD,E,0,6,A, Exchange rates against USD Hong Kong SAR - Hong Kong dollar - Monthly - End of period,1976-01,5.015,A,,F
M,HK,HKD,E,0,6,A, Exchange rates against USD Hong Kong SAR - Hong Kong dollar - Monthly - End of period,1976-02,4.96,A,,F
M,HK,HKD,E,0,6,A, Exchange rates against USD Hong Kong SAR - Hong Kong dollar - Monthly - End of period,1976-03,4.937,A,,F
M,HK,HKD,E,0,6,A, Exchange rates against USD Hong Kong SAR - Hong Kong dollar - Monthly - End of period,1976-04,4.918,A,,F
M,HK,HKD,E,0,6,A, Exchange rates against USD Hong Kong SAR - Hong Kong dollar - Monthly - End of period,1976-05,4.886,A,,F
M,HK,HKD,E,0,6,A, Exchange rates against USD Hong Kong SAR - Hong Kong dollar - Monthly - End of period,1976-06,4.936,A,,F
M,HK,HKD,E,0,6,A, Exchange rates against USD Hong Kong SAR - Hong Kong dollar - Monthly - End of period,1976-07,4.924,A,,F
M,HK,HKD,E,0,6,A, Exchange rates against USD Hong Kong SAR - Hong Kong dollar - Monthly - End of period,1976-08,4.887,A,,F
M,HK,HKD,E,0,6,A, Exchange rates against USD Hong Kong SAR - Hong Kong dollar - Monthly - End of period,1976-09,4.868,A,,F
M,HK,HKD,E,0,6,A, Exchange rates against USD Hong Kong SAR - Hong Kong dollar - Monthly - End of period,1976-10,4.823,A,,F
M,HK,HKD,E,0,6,A, Exchange rates against USD Hong Kong SAR - Hong Kong dollar - Monthly - End of period,1976-11,4.75,A,,F
M,HK,HKD,E,0,6,A, Exchange rates against USD Hong Kong SAR - Hong Kong dollar - Monthly - End of period,1976-12,4.677,A,,F
M,HK,HKD,E,0,6,A, Exchange rates against USD Hong Kong SAR - Hong Kong dollar - Monthly - End of period,1977-01,4.658,A,,F
M,HK,HKD,E,0,6,A, Exchange rates against USD Hong Kong SAR - Hong Kong dollar - Monthly - End of period,1977-02,4.642,A,,F
M,HK,HKD,E,0,6,A, Exchange rates against USD Hong Kong SAR - Hong Kong dollar - Monthly - End of period,1977-03,4.631,A,,F
M,HK,HKD,E,0,6,A, Exchange rates against USD Hong Kong SAR - Hong Kong dollar - Monthly - End of period,1977-04,4.649,A,,F
M,HK,HKD,E,0,6,A, Exchange rates against USD Hong Kong SAR - Hong Kong dollar - Monthly - End of period,1977-05,4.698,A,,F
M,HK,HKD,E,0,6,A, Exchange rates against USD Hong Kong SAR - Hong Kong dollar - Monthly - End of period,1977-06,4.685,A,,F
M,HK,HKD,E,0,6,A, Exchange rates against USD Hong Kong SAR - Hong Kong dollar - Monthly - End of period,1977-07,4.663,A,,F
M,HK,HKD,E,0,6,A, Exchange rates against USD Hong Kong SAR - Hong Kong dollar - Monthly - End of period,1977-08,4.651,A,,F
M,HK,HKD,E,0,6,A, Exchange rates against USD Hong Kong SAR - Hong Kong dollar - Monthly - End of period,1977-09,4.678,A,,F
M,HK,HKD,E,0,6,A, Exchange rates against USD Hong Kong SAR - Hong Kong dollar - Monthly - End of period,1977-10,4.703,A,,F
M,HK,HKD,E,0,6,A, Exchange rates against USD Hong Kong SAR - Hong Kong dollar - Monthly - End of period,1977-11,4.668,A,,F
M,HK,HKD,E,0,6,A, Exchange rates against USD Hong Kong SAR - Hong Kong dollar - Monthly - End of period,1977-12,4.62,A,,F
M,HK,HKD,E,0,6,A, Exchange rates against USD Hong Kong SAR - Hong Kong dollar - Monthly - End of period,1978-01,4.609,A,,F
M,HK,HKD,E,0,6,A, Exchange rates against USD Hong Kong SAR - Hong Kong dollar - Monthly - End of period,1978-02,4.616,A,,F
M,HK,HKD,E,0,6,A, Exchange rates against USD Hong Kong SAR - Hong Kong dollar - Monthly - End of period,1978-03,4.63,A,,F
M,HK,HKD,E,0,6,A, Exchange rates against USD Hong Kong SAR - Hong Kong dollar - Monthly - End of period,1978-04,4.639,A,,F
M,HK,HKD,E,0,6,A, Exchange rates against USD Hong Kong SAR - Hong Kong dollar - Monthly - End of period,1978-05,4.666,A,,F
M,HK,HKD,E,0,6,A, Exchange rates against USD Hong Kong SAR - Hong Kong dollar - Monthly - End of period,1978-06,4.654,A,,F
M,HK,HKD,E,0,6,A, Exchange rates against USD Hong Kong SAR - Hong Kong dollar - Monthly - End of period,1978-07,4.662,A,,F
M,HK,HKD,E,0,6,A, Exchange rates against USD Hong Kong SAR - Hong Kong dollar - Monthly - End of period,1978-08,4.73,A,,F
M,HK,HKD,E,0,6,A, Exchange rates against USD Hong Kong SAR - Hong Kong dollar - Monthly - End of period,1978-09,4.746,A,,F
M,HK,HKD,E,0,6,A, Exchange rates against USD Hong Kong SAR - Hong Kong dollar - Monthly - End of period,1978-10,4.735,A,,F
M,HK,HKD,E,0,6,A, Exchange rates against USD Hong Kong SAR - Hong Kong dollar - Monthly - End of period,1978-11,4.817,A,,F
M,HK,HKD,E,0,6,A, Exchange rates against USD Hong Kong SAR - Hong Kong dollar - Monthly - End of period,1978-12,4.81,A,,F
M,HK,HKD,E,0,6,A, Exchange rates against USD Hong Kong SAR - Hong Kong dollar - Monthly - End of period,1979-01,4.769,A,,F
M,HK,HKD,E,0,6,A, Exchange rates against USD Hong Kong SAR - Hong Kong dollar - Monthly - End of period,1979-02,4.83,A,,F
M,HK,HKD,E,0,6,A, Exchange rates against USD Hong Kong SAR - Hong Kong dollar - Monthly - End of period,1979-03,5,A,,F
M,HK,HKD,E,0,6,A, Exchange rates against USD Hong Kong SAR - Hong Kong dollar - Monthly - End of period,1979-04,5.06,A,,F
M,HK,HKD,E,0,6,A, Exchange rates against USD Hong Kong SAR - Hong Kong dollar - Monthly - End of period,1979-05,5.099,A,,F
M,HK,HKD,E,0,6,A, Exchange rates against USD Hong Kong SAR - Hong Kong dollar - Monthly - End of period,1979-06,5.104,A,,F
M,HK,HKD,E,0,6,A, Exchange rates against USD Hong Kong SAR - Hong Kong dollar - Monthly - End of period,1979-07,5.165,A,,F
M,HK,HKD,E,0,6,A, Exchange rates against USD Hong Kong SAR - Hong Kong dollar - Monthly - End of period,1979-08,5.068,A,,F
M,HK,HKD,E,0,6,A, Exchange rates against USD Hong Kong SAR - Hong Kong dollar - Monthly - End of period,1979-09,4.998,A,,F
M,HK,HKD,E,0,6,A, Exchange rates against USD Hong Kong SAR - Hong Kong dollar - Monthly - End of period,1979-10,5.043,A,,F
M,HK,HKD,E,0,6,A, Exchange rates against USD Hong Kong SAR - Hong Kong dollar - Monthly - End of period,1979-11,4.983,A,,F
M,HK,HKD,E,0,6,A, Exchange rates against USD Hong Kong SAR - Hong Kong dollar - Monthly - End of period,1979-12,4.96,A,,F
M,HK,HKD,E,0,6,A, Exchange rates against USD Hong Kong SAR - Hong Kong dollar - Monthly - End of period,1980-01,4.845,A,,F
M,HK,HKD,E,0,6,A, Exchange rates against USD Hong Kong SAR - Hong Kong dollar - Monthly - End of period,1980-02,4.943,A,,F
M,HK,HKD,E,0,6,A, Exchange rates against USD Hong Kong SAR - Hong Kong dollar - Monthly - End of period,1980-03,5.093,A,,F
M,HK,HKD,E,0,6,A, Exchange rates against USD Hong Kong SAR - Hong Kong dollar - Monthly - End of period,1980-04,4.925,A,,F
M,HK,HKD,E,0,6,A, Exchange rates against USD Hong Kong SAR - Hong Kong dollar - Monthly - End of period,1980-05,4.91,A,,F
M,HK,HKD,E,0,6,A, Exchange rates against USD Hong Kong SAR - Hong Kong dollar - Monthly - End of period,1980-06,4.942,A,,F
M,HK,HKD,E,0,6,A, Exchange rates against USD Hong Kong SAR - Hong Kong dollar - Monthly - End of period,1980-07,4.95,A,,F
M,HK,HKD,E,0,6,A, Exchange rates against USD Hong Kong SAR - Hong Kong dollar - Monthly - End of period,1980-08,4.957,A,,F
M,HK,HKD,E,0,6,A, Exchange rates against USD Hong Kong SAR - Hong Kong dollar - Monthly - End of period,1980-09,5.008,A,,F
M,HK,HKD,E,0,6,A, Exchange rates against USD Hong Kong SAR - Hong Kong dollar - Monthly - End of period,1980-10,5.075,A,,F
M,HK,HKD,E,0,6,A, Exchange rates against USD Hong Kong SAR - Hong Kong dollar - Monthly - End of period,1980-11,5.125,A,,F
M,HK,HKD,E,0,6,A, Exchange rates against USD Hong Kong SAR - Hong Kong dollar - Monthly - End of period,1980-12,5.14,A,,F
M,HK,HKD,E,0,6,A, Exchange rates against USD Hong Kong SAR - Hong Kong dollar - Monthly - End of period,1981-01,5.288,A,,F
M,HK,HKD,E,0,6,A, Exchange rates against USD Hong Kong SAR - Hong Kong dollar - Monthly - End of period,1981-02,5.337,A,,F
M,HK,HKD,E,0,6,A, Exchange rates against USD Hong Kong SAR - Hong Kong dollar - Monthly - End of period,1981-03,5.287,A,,F
M,HK,HKD,E,0,6,A, Exchange rates against USD Hong Kong SAR - Hong Kong dollar - Monthly - End of period,1981-04,5.371,A,,F
M,HK,HKD,E,0,6,A, Exchange rates against USD Hong Kong SAR - Hong Kong dollar - Monthly - End of period,1981-05,5.4705,A,,F
M,HK,HKD,E,0,6,A, Exchange rates against USD Hong Kong SAR - Hong Kong dollar - Monthly - End of period,1981-06,5.55,A,,F
M,HK,HKD,E,0,6,A, Exchange rates against USD Hong Kong SAR - Hong Kong dollar - Monthly - End of period,1981-07,5.787,A,,F
M,HK,HKD,E,0,6,A, Exchange rates against USD Hong Kong SAR - Hong Kong dollar - Monthly - End of period,1981-08,5.93,A,,F
M,HK,HKD,E,0,6,A, Exchange rates against USD Hong Kong SAR - Hong Kong dollar - Monthly - End of period,1981-09,6.1375,A,,F
M,HK,HKD,E,0,6,A, Exchange rates against USD Hong Kong SAR - Hong Kong dollar - Monthly - End of period,1981-10,5.862,A,,F
M,HK,HKD,E,0,6,A, Exchange rates against USD Hong Kong SAR - Hong Kong dollar - Monthly - End of period,1981-11,5.6125,A,,F
M,HK,HKD,E,0,6,A, Exchange rates against USD Hong Kong SAR - Hong Kong dollar - Monthly - End of period,1981-12,5.6875,A,,F
M,HK,HKD,E,0,6,A, Exchange rates against USD Hong Kong SAR - Hong Kong dollar - Monthly - End of period,1982-01,5.79,A,,F
M,HK,HKD,E,0,6,A, Exchange rates against USD Hong Kong SAR - Hong Kong dollar - Monthly - End of period,1982-02,5.895,A,,F
M,HK,HKD,E,0,6,A, Exchange rates against USD Hong Kong SAR - Hong Kong dollar - Monthly - End of period,1982-03,5.843,A,,F
M,HK,HKD,E,0,6,A, Exchange rates against USD Hong Kong SAR - Hong Kong dollar - Monthly - End of period,1982-04,5.817,A,,F
M,HK,HKD,E,0,6,A, Exchange rates against USD Hong Kong SAR - Hong Kong dollar - Monthly - End of period,1982-05,5.7475,A,,F
M,HK,HKD,E,0,6,A, Exchange rates against USD Hong Kong SAR - Hong Kong dollar - Monthly - End of period,1982-06,5.9025,A,,F
M,HK,HKD,E,0,6,A, Exchange rates against USD Hong Kong SAR - Hong Kong dollar - Monthly - End of period,1982-07,5.9405,A,,F
M,HK,HKD,E,0,6,A, Exchange rates against USD Hong Kong SAR - Hong Kong dollar - Monthly - End of period,1982-08,6.0475,A,,F
M,HK,HKD,E,0,6,A, Exchange rates against USD Hong Kong SAR - Hong Kong dollar - Monthly - End of period,1982-09,6.285,A,,F
M,HK,HKD,E,0,6,A, Exchange rates against USD Hong Kong SAR - Hong Kong dollar - Monthly - End of period,1982-10,6.87,A,,F
M,HK,HKD,E,0,6,A, Exchange rates against USD Hong Kong SAR - Hong Kong dollar - Monthly - End of period,1982-11,6.67,A,,F
M,HK,HKD,E,0,6,A, Exchange rates against USD Hong Kong SAR - Hong Kong dollar - Monthly - End of period,1982-12,6.48,A,,F
M,HK,HKD,E,0,6,A, Exchange rates against USD Hong Kong SAR - Hong Kong dollar - Monthly - End of period,1983-01,6.5675,A,,F
M,HK,HKD,E,0,6,A, Exchange rates against USD Hong Kong SAR - Hong Kong dollar - Monthly - End of period,1983-02,6.616,A,,F
M,HK,HKD,E,0,6,A, Exchange rates against USD Hong Kong SAR - Hong Kong dollar - Monthly - End of period,1983-03,6.7225,A,,F
M,HK,HKD,E,0,6,A, Exchange rates against USD Hong Kong SAR - Hong Kong dollar - Monthly - End of period,1983-04,6.905,A,,F
M,HK,HKD,E,0,6,A, Exchange rates against USD Hong Kong SAR - Hong Kong dollar - Monthly - End of period,1983-05,7.145,A,,F
M,HK,HKD,E,0,6,A, Exchange rates against USD Hong Kong SAR - Hong Kong dollar - Monthly - End of period,1983-06,7.15,A,,F
M,HK,HKD,E,0,6,A, Exchange rates against USD Hong Kong SAR - Hong Kong dollar - Monthly - End of period,1983-07,7.24,A,,F
M,HK,HKD,E,0,6,A, Exchange rates against USD Hong Kong SAR - Hong Kong dollar - Monthly - End of period,1983-08,7.545,A,,F
M,HK,HKD,E,0,6,A, Exchange rates against USD Hong Kong SAR - Hong Kong dollar - Monthly - End of period,1983-09,8.15,A,,F
M,HK,HKD,E,0,6,A, Exchange rates against USD Hong Kong SAR - Hong Kong dollar - Monthly - End of period,1983-10,7.8025,A,,F
M,HK,HKD,E,0,6,A, Exchange rates against USD Hong Kong SAR - Hong Kong dollar - Monthly - End of period,1983-11,7.8085,A,,F
M,HK,HKD,E,0,6,A, Exchange rates against USD Hong Kong SAR - Hong Kong dollar - Monthly - End of period,1983-12,7.7805,A,,F
M,HK,HKD,E,0,6,A, Exchange rates against USD Hong Kong SAR - Hong Kong dollar - Monthly - End of period,1984-01,7.8005,A,,F
M,HK,HKD,E,0,6,A, Exchange rates against USD Hong Kong SAR - Hong Kong dollar - Monthly - End of period,1984-02,7.787,A,,F
M,HK,HKD,E,0,6,A, Exchange rates against USD Hong Kong SAR - Hong Kong dollar - Monthly - End of period,1984-03,7.817,A,,F
M,HK,HKD,E,0,6,A, Exchange rates against USD Hong Kong SAR - Hong Kong dollar - Monthly - End of period,1984-04,7.8185,A,,F
M,HK,HKD,E,0,6,A, Exchange rates against USD Hong Kong SAR - Hong Kong dollar - Monthly - End of period,1984-05,7.8135,A,,F
M,HK,HKD,E,0,6,A, Exchange rates against USD Hong Kong SAR - Hong Kong dollar - Monthly - End of period,1984-06,7.82,A,,F
M,HK,HKD,E,0,6,A, Exchange rates against USD Hong Kong SAR - Hong Kong dollar - Monthly - End of period,1984-07,7.84,A,,F
M,HK,HKD,E,0,6,A, Exchange rates against USD Hong Kong SAR - Hong Kong dollar - Monthly - End of period,1984-08,7.843,A,,F
M,HK,HKD,E,0,6,A, Exchange rates against USD Hong Kong SAR - Hong Kong dollar - Monthly - End of period,1984-09,7.81,A,,F
M,HK,HKD,E,0,6,A, Exchange rates against USD Hong Kong SAR - Hong Kong dollar - Monthly - End of period,1984-10,7.822,A,,F
M,HK,HKD,E,0,6,A, Exchange rates against USD Hong Kong SAR - Hong Kong dollar - Monthly - End of period,1984-11,7.8265,A,,F
M,HK,HKD,E,0,6,A, Exchange rates against USD Hong Kong SAR - Hong Kong dollar - Monthly - End of period,1984-12,7.825,A,,F
M,HK,HKD,E,0,6,A, Exchange rates against USD Hong Kong SAR - Hong Kong dollar - Monthly - End of period,1985-01,7.798,A,,F
M,HK,HKD,E,0,6,A, Exchange rates against USD Hong Kong SAR - Hong Kong dollar - Monthly - End of period,1985-02,7.8,A,,F
M,HK,HKD,E,0,6,A, Exchange rates against USD Hong Kong SAR - Hong Kong dollar - Monthly - End of period,1985-03,7.797,A,,F
M,HK,HKD,E,0,6,A, Exchange rates against USD Hong Kong SAR - Hong Kong dollar - Monthly - End of period,1985-04,7.7795,A,,F
M,HK,HKD,E,0,6,A, Exchange rates against USD Hong Kong SAR - Hong Kong dollar - Monthly - End of period,1985-05,7.773,A,,F
M,HK,HKD,E,0,6,A, Exchange rates against USD Hong Kong SAR - Hong Kong dollar - Monthly - End of period,1985-06,7.762,A,,F
M,HK,HKD,E,0,6,A, Exchange rates against USD Hong Kong SAR - Hong Kong dollar - Monthly - End of period,1985-07,7.749,A,,F
M,HK,HKD,E,0,6,A, Exchange rates against USD Hong Kong SAR - Hong Kong dollar - Monthly - End of period,1985-08,7.8045,A,,F
M,HK,HKD,E,0,6,A, Exchange rates against USD Hong Kong SAR - Hong Kong dollar - Monthly - End of period,1985-09,7.7625,A,,F
M,HK,HKD,E,0,6,A, Exchange rates against USD Hong Kong SAR - Hong Kong dollar - Monthly - End of period,1985-10,7.7925,A,,F
M,HK,HKD,E,0,6,A, Exchange rates against USD Hong Kong SAR - Hong Kong dollar - Monthly - End of period,1985-11,7.8015,A,,F
M,HK,HKD,E,0,6,A, Exchange rates against USD Hong Kong SAR - Hong Kong dollar - Monthly - End of period,1985-12,7.8075,A,,F
M,HK,HKD,E,0,6,A, Exchange rates against USD Hong Kong SAR - Hong Kong dollar - Monthly - End of period,1986-01,7.807,A,,F
M,HK,HKD,E,0,6,A, Exchange rates against USD Hong Kong SAR - Hong Kong dollar - Monthly - End of period,1986-02,7.805,A,,F
M,HK,HKD,E,0,6,A, Exchange rates against USD Hong Kong SAR - Hong Kong dollar - Monthly - End of period,1986-03,7.8165,A,,F
M,HK,HKD,E,0,6,A, Exchange rates against USD Hong Kong SAR - Hong Kong dollar - Monthly - End of period,1986-04,7.792,A,,F
M,HK,HKD,E,0,6,A, Exchange rates against USD Hong Kong SAR - Hong Kong dollar - Monthly - End of period,1986-05,7.811,A,,F
M,HK,HKD,E,0,6,A, Exchange rates against USD Hong Kong SAR - Hong Kong dollar - Monthly - End of period,1986-06,7.809,A,,F
M,HK,HKD,E,0,6,A, Exchange rates against USD Hong Kong SAR - Hong Kong dollar - Monthly - End of period,1986-07,7.808,A,,F
M,HK,HKD,E,0,6,A, Exchange rates against USD Hong Kong SAR - Hong Kong dollar - Monthly - End of period,1986-08,7.8035,A,,F
M,HK,HKD,E,0,6,A, Exchange rates against USD Hong Kong SAR - Hong Kong dollar - Monthly - End of period,1986-09,7.802,A,,F
M,HK,HKD,E,0,6,A, Exchange rates against USD Hong Kong SAR - Hong Kong dollar - Monthly - End of period,1986-10,7.7995,A,,F
M,HK,HKD,E,0,6,A, Exchange rates against USD Hong Kong SAR - Hong Kong dollar - Monthly - End of period,1986-11,7.7845,A,,F
M,HK,HKD,E,0,6,A, Exchange rates against USD Hong Kong SAR - Hong Kong dollar - Monthly - End of period,1986-12,7.7915,A,,F
M,HK,HKD,E,0,6,A, Exchange rates against USD Hong Kong SAR - Hong Kong dollar - Monthly - End of period,1987-01,7.765,A,,F
M,HK,HKD,E,0,6,A, Exchange rates against USD Hong Kong SAR - Hong Kong dollar - Monthly - End of period,1987-02,7.7955,A,,F
M,HK,HKD,E,0,6,A, Exchange rates against USD Hong Kong SAR - Hong Kong dollar - Monthly - End of period,1987-03,7.799,A,,F
M,HK,HKD,E,0,6,A, Exchange rates against USD Hong Kong SAR - Hong Kong dollar - Monthly - End of period,1987-04,7.804,A,,F
M,HK,HKD,E,0,6,A, Exchange rates against USD Hong Kong SAR - Hong Kong dollar - Monthly - End of period,1987-05,7.8085,A,,F
M,HK,HKD,E,0,6,A, Exchange rates against USD Hong Kong SAR - Hong Kong dollar - Monthly - End of period,1987-06,7.8105,A,,F
M,HK,HKD,E,0,6,A, Exchange rates against USD Hong Kong SAR - Hong Kong dollar - Monthly - End of period,1987-07,7.8077,A,,F
M,HK,HKD,E,0,6,A, Exchange rates against USD Hong Kong SAR - Hong Kong dollar - Monthly - End of period,1987-08,7.8075,A,,F
M,HK,HKD,E,0,6,A, Exchange rates against USD Hong Kong SAR - Hong Kong dollar - Monthly - End of period,1987-09,7.8075,A,,F
M,HK,HKD,E,0,6,A, Exchange rates against USD Hong Kong SAR - Hong Kong dollar - Monthly - End of period,1987-10,7.804,A,,F
M,HK,HKD,E,0,6,A, Exchange rates against USD Hong Kong SAR - Hong Kong dollar - Monthly - End of period,1987-11,7.77,A,,F
M,HK,HKD,E,0,6,A, Exchange rates against USD Hong Kong SAR - Hong Kong dollar - Monthly - End of period,1987-12,7.762,A,,F
M,HK,HKD,E,0,6,A, Exchange rates against USD Hong Kong SAR - Hong Kong dollar - Monthly - End of period,1988-01,7.775,A,,F
M,HK,HKD,E,0,6,A, Exchange rates against USD Hong Kong SAR - Hong Kong dollar - Monthly - End of period,1988-02,7.801,A,,F
M,HK,HKD,E,0,6,A, Exchange rates against USD Hong Kong SAR - Hong Kong dollar - Monthly - End of period,1988-03,7.802,A,,F
M,HK,HKD,E,0,6,A, Exchange rates against USD Hong Kong SAR - Hong Kong dollar - Monthly - End of period,1988-04,7.818,A,,F
M,HK,HKD,E,0,6,A, Exchange rates against USD Hong Kong SAR - Hong Kong dollar - Monthly - End of period,1988-05,7.814,A,,F
M,HK,HKD,E,0,6,A, Exchange rates against USD Hong Kong SAR - Hong Kong dollar - Monthly - End of period,1988-06,7.8035,A,,F
M,HK,HKD,E,0,6,A, Exchange rates against USD Hong Kong SAR - Hong Kong dollar - Monthly - End of period,1988-07,7.807,A,,F
M,HK,HKD,E,0,6,A, Exchange rates against USD Hong Kong SAR - Hong Kong dollar - Monthly - End of period,1988-08,7.8055,A,,F
M,HK,HKD,E,0,6,A, Exchange rates against USD Hong Kong SAR - Hong Kong dollar - Monthly - End of period,1988-09,7.811,A,,F
M,HK,HKD,E,0,6,A, Exchange rates against USD Hong Kong SAR - Hong Kong dollar - Monthly - End of period,1988-10,7.8105,A,,F
M,HK,HKD,E,0,6,A, Exchange rates against USD Hong Kong SAR - Hong Kong dollar - Monthly - End of period,1988-11,7.805,A,,F
M,HK,HKD,E,0,6,A, Exchange rates against USD Hong Kong SAR - Hong Kong dollar - Monthly - End of period,1988-12,7.809,A,,F
M,HK,HKD,E,0,6,A, Exchange rates against USD Hong Kong SAR - Hong Kong dollar - Monthly - End of period,1989-01,7.7985,A,,F
M,HK,HKD,E,0,6,A, Exchange rates against USD Hong Kong SAR - Hong Kong dollar - Monthly - End of period,1989-02,7.8015,A,,F
M,HK,HKD,E,0,6,A, Exchange rates against USD Hong Kong SAR - Hong Kong dollar - Monthly - End of period,1989-03,7.788,A,,F
M,HK,HKD,E,0,6,A, Exchange rates against USD Hong Kong SAR - Hong Kong dollar - Monthly - End of period,1989-04,7.78,A,,F
M,HK,HKD,E,0,6,A, Exchange rates against USD Hong Kong SAR - Hong Kong dollar - Monthly - End of period,1989-05,7.776,A,,F
M,HK,HKD,E,0,6,A, Exchange rates against USD Hong Kong SAR - Hong Kong dollar - Monthly - End of period,1989-06,7.798,A,,F
M,HK,HKD,E,0,6,A, Exchange rates against USD Hong Kong SAR - Hong Kong dollar - Monthly - End of period,1989-07,7.807,A,,F
M,HK,HKD,E,0,6,A, Exchange rates against USD Hong Kong SAR - Hong Kong dollar - Monthly - End of period,1989-08,7.811,A,,F
M,HK,HKD,E,0,6,A, Exchange rates against USD Hong Kong SAR - Hong Kong dollar - Monthly - End of period,1989-09,7.803,A,,F
M,HK,HKD,E,0,6,A, Exchange rates against USD Hong Kong SAR - Hong Kong dollar - Monthly - End of period,1989-10,7.811,A,,F
M,HK,HKD,E,0,6,A, Exchange rates against USD Hong Kong SAR - Hong Kong dollar - Monthly - End of period,1989-11,7.8165,A,,F
M,HK,HKD,E,0,6,A, Exchange rates against USD Hong Kong SAR - Hong Kong dollar - Monthly - End of period,1989-12,7.807,A,,F
M,HK,HKD,E,0,6,A, Exchange rates against USD Hong Kong SAR - Hong Kong dollar - Monthly - End of period,1990-01,7.812,A,,F
M,HK,HKD,E,0,6,A, Exchange rates against USD Hong Kong SAR - Hong Kong dollar - Monthly - End of period,1990-02,7.809,A,,F
M,HK,HKD,E,0,6,A, Exchange rates against USD Hong Kong SAR - Hong Kong dollar - Monthly - End of period,1990-03,7.8095,A,,F
M,HK,HKD,E,0,6,A, Exchange rates against USD Hong Kong SAR - Hong Kong dollar - Monthly - End of period,1990-04,7.794,A,,F
M,HK,HKD,E,0,6,A, Exchange rates against USD Hong Kong SAR - Hong Kong dollar - Monthly - End of period,1990-05,7.782,A,,F
M,HK,HKD,E,0,6,A, Exchange rates against USD Hong Kong SAR - Hong Kong dollar - Monthly - End of period,1990-06,7.7885,A,,F
M,HK,HKD,E,0,6,A, Exchange rates against USD Hong Kong SAR - Hong Kong dollar - Monthly - End of period,1990-07,7.7645,A,,F
M,HK,HKD,E,0,6,A, Exchange rates against USD Hong Kong SAR - Hong Kong dollar - Monthly - End of period,1990-08,7.763,A,,F
M,HK,HKD,E,0,6,A, Exchange rates against USD Hong Kong SAR - Hong Kong dollar - Monthly - End of period,1990-09,7.7635,A,,F
M,HK,HKD,E,0,6,A, Exchange rates against USD Hong Kong SAR - Hong Kong dollar - Monthly - End of period,1990-10,7.7965,A,,F
M,HK,HKD,E,0,6,A, Exchange rates against USD Hong Kong SAR - Hong Kong dollar - Monthly - End of period,1990-11,7.8005,A,,F
M,HK,HKD,E,0,6,A, Exchange rates against USD Hong Kong SAR - Hong Kong dollar - Monthly - End of period,1990-12,7.801,A,,F
M,HK,HKD,E,0,6,A, Exchange rates against USD Hong Kong SAR - Hong Kong dollar - Monthly - End of period,1991-01,7.7955,A,,F
M,HK,HKD,E,0,6,A, Exchange rates against USD Hong Kong SAR - Hong Kong dollar - Monthly - End of period,1991-02,7.792,A,,F
M,HK,HKD,E,0,6,A, Exchange rates against USD Hong Kong SAR - Hong Kong dollar - Monthly - End of period,1991-03,7.794,A,,F
M,HK,HKD,E,0,6,A, Exchange rates against USD Hong Kong SAR - Hong Kong dollar - Monthly - End of period,1991-04,7.7955,A,,F
M,HK,HKD,E,0,6,A, Exchange rates against USD Hong Kong SAR - Hong Kong dollar - Monthly - End of period,1991-05,7.738,A,,F
M,HK,HKD,E,0,6,A, Exchange rates against USD Hong Kong SAR - Hong Kong dollar - Monthly - End of period,1991-06,7.765,A,,F
M,HK,HKD,E,0,6,A, Exchange rates against USD Hong Kong SAR - Hong Kong dollar - Monthly - End of period,1991-07,7.76,A,,F
M,HK,HKD,E,0,6,A, Exchange rates against USD Hong Kong SAR - Hong Kong dollar - Monthly - End of period,1991-08,7.761,A,,F
M,HK,HKD,E,0,6,A, Exchange rates against USD Hong Kong SAR - Hong Kong dollar - Monthly - End of period,1991-09,7.743,A,,F
M,HK,HKD,E,0,6,A, Exchange rates against USD Hong Kong SAR - Hong Kong dollar - Monthly - End of period,1991-10,7.769,A,,F
M,HK,HKD,E,0,6,A, Exchange rates against USD Hong Kong SAR - Hong Kong dollar - Monthly - End of period,1991-11,7.762,A,,F
M,HK,HKD,E,0,6,A, Exchange rates against USD Hong Kong SAR - Hong Kong dollar - Monthly - End of period,1991-12,7.78,A,,F
M,HK,HKD,E,0,6,A, Exchange rates against USD Hong Kong SAR - Hong Kong dollar - Monthly - End of period,1992-01,7.762,A,,F
M,HK,HKD,E,0,6,A, Exchange rates against USD Hong Kong SAR - Hong Kong dollar - Monthly - End of period,1992-02,7.757,A,,F
M,HK,HKD,E,0,6,A, Exchange rates against USD Hong Kong SAR - Hong Kong dollar - Monthly - End of period,1992-03,7.739,A,,F
M,HK,HKD,E,0,6,A, Exchange rates against USD Hong Kong SAR - Hong Kong dollar - Monthly - End of period,1992-04,7.759,A,,F
M,HK,HKD,E,0,6,A, Exchange rates against USD Hong Kong SAR - Hong Kong dollar - Monthly - End of period,1992-05,7.7445,A,,F
M,HK,HKD,E,0,6,A, Exchange rates against USD Hong Kong SAR - Hong Kong dollar - Monthly - End of period,1992-06,7.7305,A,,F
M,HK,HKD,E,0,6,A, Exchange rates against USD Hong Kong SAR - Hong Kong dollar - Monthly - End of period,1992-07,7.7348,A,,F
M,HK,HKD,E,0,6,A, Exchange rates against USD Hong Kong SAR - Hong Kong dollar - Monthly - End of period,1992-08,7.7287,A,,F
M,HK,HKD,E,0,6,A, Exchange rates against USD Hong Kong SAR - Hong Kong dollar - Monthly - End of period,1992-09,7.7237,A,,F
M,HK,HKD,E,0,6,A, Exchange rates against USD Hong Kong SAR - Hong Kong dollar - Monthly - End of period,1992-10,7.7315,A,,F
M,HK,HKD,E,0,6,A, Exchange rates against USD Hong Kong SAR - Hong Kong dollar - Monthly - End of period,1992-11,7.741,A,,F
M,HK,HKD,E,0,6,A, Exchange rates against USD Hong Kong SAR - Hong Kong dollar - Monthly - End of period,1992-12,7.743,A,,F
M,HK,HKD,E,0,6,A, Exchange rates against USD Hong Kong SAR - Hong Kong dollar - Monthly - End of period,1993-01,7.733,A,,F
M,HK,HKD,E,0,6,A, Exchange rates against USD Hong Kong SAR - Hong Kong dollar - Monthly - End of period,1993-02,7.734,A,,F
M,HK,HKD,E,0,6,A, Exchange rates against USD Hong Kong SAR - Hong Kong dollar - Monthly - End of period,1993-03,7.731,A,,F
M,HK,HKD,E,0,6,A, Exchange rates against USD Hong Kong SAR - Hong Kong dollar - Monthly - End of period,1993-04,7.731,A,,F
M,HK,HKD,E,0,6,A, Exchange rates against USD Hong Kong SAR - Hong Kong dollar - Monthly - End of period,1993-05,7.7242,A,,F
M,HK,HKD,E,0,6,A, Exchange rates against USD Hong Kong SAR - Hong Kong dollar - Monthly - End of period,1993-06,7.744,A,,F
M,HK,HKD,E,0,6,A, Exchange rates against USD Hong Kong SAR - Hong Kong dollar - Monthly - End of period,1993-07,7.756,A,,F
M,HK,HKD,E,0,6,A, Exchange rates against USD Hong Kong SAR - Hong Kong dollar - Monthly - End of period,1993-08,7.7485,A,,F
M,HK,HKD,E,0,6,A, Exchange rates against USD Hong Kong SAR - Hong Kong dollar - Monthly - End of period,1993-09,7.7345,A,,F
M,HK,HKD,E,0,6,A, Exchange rates against USD Hong Kong SAR - Hong Kong dollar - Monthly - End of period,1993-10,7.728,A,,F
M,HK,HKD,E,0,6,A, Exchange rates against USD Hong Kong SAR - Hong Kong dollar - Monthly - End of period,1993-11,7.7255,A,,F
M,HK,HKD,E,0,6,A, Exchange rates against USD Hong Kong SAR - Hong Kong dollar - Monthly - End of period,1993-12,7.728,A,,F
M,HK,HKD,E,0,6,A, Exchange rates against USD Hong Kong SAR - Hong Kong dollar - Monthly - End of period,1994-01,7.7237,A,,F
M,HK,HKD,E,0,6,A, Exchange rates against USD Hong Kong SAR - Hong Kong dollar - Monthly - End of period,1994-02,7.727,A,,F
M,HK,HKD,E,0,6,A, Exchange rates against USD Hong Kong SAR - Hong Kong dollar - Monthly - End of period,1994-03,7.728,A,,F
M,HK,HKD,E,0,6,A, Exchange rates against USD Hong Kong SAR - Hong Kong dollar - Monthly - End of period,1994-04,7.7253,A,,F
M,HK,HKD,E,0,6,A, Exchange rates against USD Hong Kong SAR - Hong Kong dollar - Monthly - End of period,1994-05,7.7263,A,,F
M,HK,HKD,E,0,6,A, Exchange rates against USD Hong Kong SAR - Hong Kong dollar - Monthly - End of period,1994-06,7.73,A,,F
M,HK,HKD,E,0,6,A, Exchange rates against USD Hong Kong SAR - Hong Kong dollar - Monthly - End of period,1994-07,7.7255,A,,F
M,HK,HKD,E,0,6,A, Exchange rates against USD Hong Kong SAR - Hong Kong dollar - Monthly - End of period,1994-08,7.728,A,,F
M,HK,HKD,E,0,6,A, Exchange rates against USD Hong Kong SAR - Hong Kong dollar - Monthly - End of period,1994-09,7.7273,A,,F
M,HK,HKD,E,0,6,A, Exchange rates against USD Hong Kong SAR - Hong Kong dollar - Monthly - End of period,1994-10,7.7275,A,,F
M,HK,HKD,E,0,6,A, Exchange rates against USD Hong Kong SAR - Hong Kong dollar - Monthly - End of period,1994-11,7.7344,A,,F
M,HK,HKD,E,0,6,A, Exchange rates against USD Hong Kong SAR - Hong Kong dollar - Monthly - End of period,1994-12,7.7375,A,,F
M,HK,HKD,E,0,6,A, Exchange rates against USD Hong Kong SAR - Hong Kong dollar - Monthly - End of period,1995-01,7.7355,A,,F
M,HK,HKD,E,0,6,A, Exchange rates against USD Hong Kong SAR - Hong Kong dollar - Monthly - End of period,1995-02,7.7316,A,,F
M,HK,HKD,E,0,6,A, Exchange rates against USD Hong Kong SAR - Hong Kong dollar - Monthly - End of period,1995-03,7.7321,A,,F
M,HK,HKD,E,0,6,A, Exchange rates against USD Hong Kong SAR - Hong Kong dollar - Monthly - End of period,1995-04,7.741,A,,F
M,HK,HKD,E,0,6,A, Exchange rates against USD Hong Kong SAR - Hong Kong dollar - Monthly - End of period,1995-05,7.7358,A,,F
M,HK,HKD,E,0,6,A, Exchange rates against USD Hong Kong SAR - Hong Kong dollar - Monthly - End of period,1995-06,7.738,A,,F
M,HK,HKD,E,0,6,A, Exchange rates against USD Hong Kong SAR - Hong Kong dollar - Monthly - End of period,1995-07,7.7382,A,,F
M,HK,HKD,E,0,6,A, Exchange rates against USD Hong Kong SAR - Hong Kong dollar - Monthly - End of period,1995-08,7.7414,A,,F
M,HK,HKD,E,0,6,A, Exchange rates against USD Hong Kong SAR - Hong Kong dollar - Monthly - End of period,1995-09,7.732,A,,F
M,HK,HKD,E,0,6,A, Exchange rates against USD Hong Kong SAR - Hong Kong dollar - Monthly - End of period,1995-10,7.7319,A,,F
M,HK,HKD,E,0,6,A, Exchange rates against USD Hong Kong SAR - Hong Kong dollar - Monthly - End of period,1995-11,7.735,A,,F
M,HK,HKD,E,0,6,A, Exchange rates against USD Hong Kong SAR - Hong Kong dollar - Monthly - End of period,1995-12,7.7323,A,,F
M,HK,HKD,E,0,6,A, Exchange rates against USD Hong Kong SAR - Hong Kong dollar - Monthly - End of period,1996-01,7.7325,A,,F
M,HK,HKD,E,0,6,A, Exchange rates against USD Hong Kong SAR - Hong Kong dollar - Monthly - End of period,1996-02,7.7315,A,,F
M,HK,HKD,E,0,6,A, Exchange rates against USD Hong Kong SAR - Hong Kong dollar - Monthly - End of period,1996-03,7.7348,A,,F
M,HK,HKD,E,0,6,A, Exchange rates against USD Hong Kong SAR - Hong Kong dollar - Monthly - End of period,1996-04,7.736,A,,F
M,HK,HKD,E,0,6,A, Exchange rates against USD Hong Kong SAR - Hong Kong dollar - Monthly - End of period,1996-05,7.737,A,,F
M,HK,HKD,E,0,6,A, Exchange rates against USD Hong Kong SAR - Hong Kong dollar - Monthly - End of period,1996-06,7.741,A,,F
M,HK,HKD,E,0,6,A, Exchange rates against USD Hong Kong SAR - Hong Kong dollar - Monthly - End of period,1996-07,7.734,A,,F
M,HK,HKD,E,0,6,A, Exchange rates against USD Hong Kong SAR - Hong Kong dollar - Monthly - End of period,1996-08,7.733,A,,F
M,HK,HKD,E,0,6,A, Exchange rates against USD Hong Kong SAR - Hong Kong dollar - Monthly - End of period,1996-09,7.7332,A,,F
M,HK,HKD,E,0,6,A, Exchange rates against USD Hong Kong SAR - Hong Kong dollar - Monthly - End of period,1996-10,7.7323,A,,F
M,HK,HKD,E,0,6,A, Exchange rates against USD Hong Kong SAR - Hong Kong dollar - Monthly - End of period,1996-11,7.7325,A,,F
M,HK,HKD,E,0,6,A, Exchange rates against USD Hong Kong SAR - Hong Kong dollar - Monthly - End of period,1996-12,7.7347,A,,F
M,HK,HKD,E,0,6,A, Exchange rates against USD Hong Kong SAR - Hong Kong dollar - Monthly - End of period,1997-01,7.749,A,,F
M,HK,HKD,E,0,6,A, Exchange rates against USD Hong Kong SAR - Hong Kong dollar - Monthly - End of period,1997-02,7.7437,A,,F
M,HK,HKD,E,0,6,A, Exchange rates against USD Hong Kong SAR - Hong Kong dollar - Monthly - End of period,1997-03,7.7485,A,,F
M,HK,HKD,E,0,6,A, Exchange rates against USD Hong Kong SAR - Hong Kong dollar - Monthly - End of period,1997-04,7.7467,A,,F
M,HK,HKD,E,0,6,A, Exchange rates against USD Hong Kong SAR - Hong Kong dollar - Monthly - End of period,1997-05,7.749,A,,F
M,HK,HKD,E,0,6,A, Exchange rates against USD Hong Kong SAR - Hong Kong dollar - Monthly - End of period,1997-06,7.7475,A,,F
M,HK,HKD,E,0,6,A, Exchange rates against USD Hong Kong SAR - Hong Kong dollar - Monthly - End of period,1997-07,7.743,A,,F
M,HK,HKD,E,0,6,A, Exchange rates against USD Hong Kong SAR - Hong Kong dollar - Monthly - End of period,1997-08,7.75,A,,F
M,HK,HKD,E,0,6,A, Exchange rates against USD Hong Kong SAR - Hong Kong dollar - Monthly - End of period,1997-09,7.7385,A,,F
M,HK,HKD,E,0,6,A, Exchange rates against USD Hong Kong SAR - Hong Kong dollar - Monthly - End of period,1997-10,7.732,A,,F
M,HK,HKD,E,0,6,A, Exchange rates against USD Hong Kong SAR - Hong Kong dollar - Monthly - End of period,1997-11,7.7304,A,,F
M,HK,HKD,E,0,6,A, Exchange rates against USD Hong Kong SAR - Hong Kong dollar - Monthly - End of period,1997-12,7.7495,A,,F
M,HK,HKD,E,0,6,A, Exchange rates against USD Hong Kong SAR - Hong Kong dollar - Monthly - End of period,1998-01,7.7375,A,,F
M,HK,HKD,E,0,6,A, Exchange rates against USD Hong Kong SAR - Hong Kong dollar - Monthly - End of period,1998-02,7.743,A,,F
M,HK,HKD,E,0,6,A, Exchange rates against USD Hong Kong SAR - Hong Kong dollar - Monthly - End of period,1998-03,7.7495,A,,F
M,HK,HKD,E,0,6,A, Exchange rates against USD Hong Kong SAR - Hong Kong dollar - Monthly - End of period,1998-04,7.7465,A,,F
M,HK,HKD,E,0,6,A, Exchange rates against USD Hong Kong SAR - Hong Kong dollar - Monthly - End of period,1998-05,7.7495,A,,F
M,HK,HKD,E,0,6,A, Exchange rates against USD Hong Kong SAR - Hong Kong dollar - Monthly - End of period,1998-06,7.7483,A,,F
M,HK,HKD,E,0,6,A, Exchange rates against USD Hong Kong SAR - Hong Kong dollar - Monthly - End of period,1998-07,7.749,A,,F
M,HK,HKD,E,0,6,A, Exchange rates against USD Hong Kong SAR - Hong Kong dollar - Monthly - End of period,1998-08,7.7497,A,,F
M,HK,HKD,E,0,6,A, Exchange rates against USD Hong Kong SAR - Hong Kong dollar - Monthly - End of period,1998-09,7.7492,A,,F
M,HK,HKD,E,0,6,A, Exchange rates against USD Hong Kong SAR - Hong Kong dollar - Monthly - End of period,1998-10,7.7455,A,,F
M,HK,HKD,E,0,6,A, Exchange rates against USD Hong Kong SAR - Hong Kong dollar - Monthly - End of period,1998-11,7.743,A,,F
M,HK,HKD,E,0,6,A, Exchange rates against USD Hong Kong SAR - Hong Kong dollar - Monthly - End of period,1998-12,7.7476,A,,F
M,HK,HKD,E,0,6,A, Exchange rates against USD Hong Kong SAR - Hong Kong dollar - Monthly - End of period,1999-01,7.747013,A,,F
M,HK,HKD,E,0,6,A, Exchange rates against USD Hong Kong SAR - Hong Kong dollar - Monthly - End of period,1999-02,7.749319,A,,F
M,HK,HKD,E,0,6,A, Exchange rates against USD Hong Kong SAR - Hong Kong dollar - Monthly - End of period,1999-03,7.747719,A,,F
M,HK,HKD,E,0,6,A, Exchange rates against USD Hong Kong SAR - Hong Kong dollar - Monthly - End of period,1999-04,7.749835,A,,F
M,HK,HKD,E,0,6,A, Exchange rates against USD Hong Kong SAR - Hong Kong dollar - Monthly - End of period,1999-05,7.754208,A,,F
M,HK,HKD,E,0,6,A, Exchange rates against USD Hong Kong SAR - Hong Kong dollar - Monthly - End of period,1999-06,7.757165,A,,F
M,HK,HKD,E,0,6,A, Exchange rates against USD Hong Kong SAR - Hong Kong dollar - Monthly - End of period,1999-07,7.763138,A,,F
M,HK,HKD,E,0,6,A, Exchange rates against USD Hong Kong SAR - Hong Kong dollar - Monthly - End of period,1999-08,7.765913,A,,F
M,HK,HKD,E,0,6,A, Exchange rates against USD Hong Kong SAR - Hong Kong dollar - Monthly - End of period,1999-09,7.766807,A,,F
M,HK,HKD,E,0,6,A, Exchange rates against USD Hong Kong SAR - Hong Kong dollar - Monthly - End of period,1999-10,7.774036,A,,F
M,HK,HKD,E,0,6,A, Exchange rates against USD Hong Kong SAR - Hong Kong dollar - Monthly - End of period,1999-11,7.772011,A,,F
M,HK,HKD,E,0,6,A, Exchange rates against USD Hong Kong SAR - Hong Kong dollar - Monthly - End of period,1999-12,7.767569,A,,F
M,HK,HKD,E,0,6,A, Exchange rates against USD Hong Kong SAR - Hong Kong dollar - Monthly - End of period,2000-01,7.78327,A,,F
M,HK,HKD,E,0,6,A, Exchange rates against USD Hong Kong SAR - Hong Kong dollar - Monthly - End of period,2000-02,7.781552,A,,F
M,HK,HKD,E,0,6,A, Exchange rates against USD Hong Kong SAR - Hong Kong dollar - Monthly - End of period,2000-03,7.783628,A,,F
M,HK,HKD,E,0,6,A, Exchange rates against USD Hong Kong SAR - Hong Kong dollar - Monthly - End of period,2000-04,7.779417,A,,F
M,HK,HKD,E,0,6,A, Exchange rates against USD Hong Kong SAR - Hong Kong dollar - Monthly - End of period,2000-05,7.784801,A,,F
M,HK,HKD,E,0,6,A, Exchange rates against USD Hong Kong SAR - Hong Kong dollar - Monthly - End of period,2000-06,7.791545,A,,F
M,HK,HKD,E,0,6,A, Exchange rates against USD Hong Kong SAR - Hong Kong dollar - Monthly - End of period,2000-07,7.806448,A,,F
M,HK,HKD,E,0,6,A, Exchange rates against USD Hong Kong SAR - Hong Kong dollar - Monthly - End of period,2000-08,7.802605,A,,F
M,HK,HKD,E,0,6,A, Exchange rates against USD Hong Kong SAR - Hong Kong dollar - Monthly - End of period,2000-09,7.792584,A,,F
M,HK,HKD,E,0,6,A, Exchange rates against USD Hong Kong SAR - Hong Kong dollar - Monthly - End of period,2000-10,7.799216,A,,F
M,HK,HKD,E,0,6,A, Exchange rates against USD Hong Kong SAR - Hong Kong dollar - Monthly - End of period,2000-11,7.799747,A,,F
M,HK,HKD,E,0,6,A, Exchange rates against USD Hong Kong SAR - Hong Kong dollar - Monthly - End of period,2000-12,7.799893,A,,F
M,HK,HKD,E,0,6,A, Exchange rates against USD Hong Kong SAR - Hong Kong dollar - Monthly - End of period,2001-01,7.799096,A,,F
M,HK,HKD,E,0,6,A, Exchange rates against USD Hong Kong SAR - Hong Kong dollar - Monthly - End of period,2001-02,7.799849,A,,F
M,HK,HKD,E,0,6,A, Exchange rates against USD Hong Kong SAR - Hong Kong dollar - Monthly - End of period,2001-03,7.799139,A,,F
M,HK,HKD,E,0,6,A, Exchange rates against USD Hong Kong SAR - Hong Kong dollar - Monthly - End of period,2001-04,7.798896,A,,F
M,HK,HKD,E,0,6,A, Exchange rates against USD Hong Kong SAR - Hong Kong dollar - Monthly - End of period,2001-05,7.799764,A,,F
M,HK,HKD,E,0,6,A, Exchange rates against USD Hong Kong SAR - Hong Kong dollar - Monthly - End of period,2001-06,7.799882,A,,F
M,HK,HKD,E,0,6,A, Exchange rates against USD Hong Kong SAR - Hong Kong dollar - Monthly - End of period,2001-07,7.799657,A,,F
M,HK,HKD,E,0,6,A, Exchange rates against USD Hong Kong SAR - Hong Kong dollar - Monthly - End of period,2001-08,7.799738,A,,F
M,HK,HKD,E,0,6,A, Exchange rates against USD Hong Kong SAR - Hong Kong dollar - Monthly - End of period,2001-09,7.799474,A,,F
M,HK,HKD,E,0,6,A, Exchange rates against USD Hong Kong SAR - Hong Kong dollar - Monthly - End of period,2001-10,7.800044,A,,F
M,HK,HKD,E,0,6,A, Exchange rates against USD Hong Kong SAR - Hong Kong dollar - Monthly - End of period,2001-11,7.798944,A,,F
M,HK,HKD,E,0,6,A, Exchange rates against USD Hong Kong SAR - Hong Kong dollar - Monthly - End of period,2001-12,7.797912,A,,F
M,HK,HKD,E,0,6,A, Exchange rates against USD Hong Kong SAR - Hong Kong dollar - Monthly - End of period,2002-01,7.799352,A,,F
M,HK,HKD,E,0,6,A, Exchange rates against USD Hong Kong SAR - Hong Kong dollar - Monthly - End of period,2002-02,7.799098,A,,F
M,HK,HKD,E,0,6,A, Exchange rates against USD Hong Kong SAR - Hong Kong dollar - Monthly - End of period,2002-03,7.799633,A,,F
M,HK,HKD,E,0,6,A, Exchange rates against USD Hong Kong SAR - Hong Kong dollar - Monthly - End of period,2002-04,7.799179,A,,F
M,HK,HKD,E,0,6,A, Exchange rates against USD Hong Kong SAR - Hong Kong dollar - Monthly - End of period,2002-05,7.799723,A,,F
M,HK,HKD,E,0,6,A, Exchange rates against USD Hong Kong SAR - Hong Kong dollar - Monthly - End of period,2002-06,7.8,A,,F
M,HK,HKD,E,0,6,A, Exchange rates against USD Hong Kong SAR - Hong Kong dollar - Monthly - End of period,2002-07,7.799857,A,,F
M,HK,HKD,E,0,6,A, Exchange rates against USD Hong Kong SAR - Hong Kong dollar - Monthly - End of period,2002-08,7.799959,A,,F
M,HK,HKD,E,0,6,A, Exchange rates against USD Hong Kong SAR - Hong Kong dollar - Monthly - End of period,2002-09,7.799696,A,,F
M,HK,HKD,E,0,6,A, Exchange rates against USD Hong Kong SAR - Hong Kong dollar - Monthly - End of period,2002-10,7.79927,A,,F
M,HK,HKD,E,0,6,A, Exchange rates against USD Hong Kong SAR - Hong Kong dollar - Monthly - End of period,2002-11,7.79863,A,,F
M,HK,HKD,E,0,6,A, Exchange rates against USD Hong Kong SAR - Hong Kong dollar - Monthly - End of period,2002-12,7.798322,A,,F
M,HK,HKD,E,0,6,A, Exchange rates against USD Hong Kong SAR - Hong Kong dollar - Monthly - End of period,2003-01,7.799834,A,,F
M,HK,HKD,E,0,6,A, Exchange rates against USD Hong Kong SAR - Hong Kong dollar - Monthly - End of period,2003-02,7.79911,A,,F
M,HK,HKD,E,0,6,A, Exchange rates against USD Hong Kong SAR - Hong Kong dollar - Monthly - End of period,2003-03,7.799449,A,,F
M,HK,HKD,E,0,6,A, Exchange rates against USD Hong Kong SAR - Hong Kong dollar - Monthly - End of period,2003-04,7.79894,A,,F
M,HK,HKD,E,0,6,A, Exchange rates against USD Hong Kong SAR - Hong Kong dollar - Monthly - End of period,2003-05,7.798596,A,,F
M,HK,HKD,E,0,6,A, Exchange rates against USD Hong Kong SAR - Hong Kong dollar - Monthly - End of period,2003-06,7.798197,A,,F
M,HK,HKD,E,0,6,A, Exchange rates against USD Hong Kong SAR - Hong Kong dollar - Monthly - End of period,2003-07,7.799169,A,,F
M,HK,HKD,E,0,6,A, Exchange rates against USD Hong Kong SAR - Hong Kong dollar - Monthly - End of period,2003-08,7.799213,A,,F
M,HK,HKD,E,0,6,A, Exchange rates against USD Hong Kong SAR - Hong Kong dollar - Monthly - End of period,2003-09,7.745795,A,,F
M,HK,HKD,E,0,6,A, Exchange rates against USD Hong Kong SAR - Hong Kong dollar - Monthly - End of period,2003-10,7.766047,A,,F
M,HK,HKD,E,0,6,A, Exchange rates against USD Hong Kong SAR - Hong Kong dollar - Monthly - End of period,2003-11,7.763632,A,,F
M,HK,HKD,E,0,6,A, Exchange rates against USD Hong Kong SAR - Hong Kong dollar - Monthly - End of period,2003-12,7.763183,A,,F
M,HK,HKD,E,0,6,A, Exchange rates against USD Hong Kong SAR - Hong Kong dollar - Monthly - End of period,2004-01,7.774629,A,,F
M,HK,HKD,E,0,6,A, Exchange rates against USD Hong Kong SAR - Hong Kong dollar - Monthly - End of period,2004-02,7.782976,A,,F
M,HK,HKD,E,0,6,A, Exchange rates against USD Hong Kong SAR - Hong Kong dollar - Monthly - End of period,2004-03,7.790249,A,,F
M,HK,HKD,E,0,6,A, Exchange rates against USD Hong Kong SAR - Hong Kong dollar - Monthly - End of period,2004-04,7.799699,A,,F
M,HK,HKD,E,0,6,A, Exchange rates against USD Hong Kong SAR - Hong Kong dollar - Monthly - End of period,2004-05,7.798164,A,,F
M,HK,HKD,E,0,6,A, Exchange rates against USD Hong Kong SAR - Hong Kong dollar - Monthly - End of period,2004-06,7.799506,A,,F
M,HK,HKD,E,0,6,A, Exchange rates against USD Hong Kong SAR - Hong Kong dollar - Monthly - End of period,2004-07,7.799817,A,,F
M,HK,HKD,E,0,6,A, Exchange rates against USD Hong Kong SAR - Hong Kong dollar - Monthly - End of period,2004-08,7.800017,A,,F
M,HK,HKD,E,0,6,A, Exchange rates against USD Hong Kong SAR - Hong Kong dollar - Monthly - End of period,2004-09,7.796357,A,,F
M,HK,HKD,E,0,6,A, Exchange rates against USD Hong Kong SAR - Hong Kong dollar - Monthly - End of period,2004-10,7.783073,A,,F
M,HK,HKD,E,0,6,A, Exchange rates against USD Hong Kong SAR - Hong Kong dollar - Monthly - End of period,2004-11,7.774727,A,,F
M,HK,HKD,E,0,6,A, Exchange rates against USD Hong Kong SAR - Hong Kong dollar - Monthly - End of period,2004-12,7.773365,A,,F
M,HK,HKD,E,0,6,A, Exchange rates against USD Hong Kong SAR - Hong Kong dollar - Monthly - End of period,2005-01,7.799847,A,,F
M,HK,HKD,E,0,6,A, Exchange rates against USD Hong Kong SAR - Hong Kong dollar - Monthly - End of period,2005-02,7.799351,A,,F
M,HK,HKD,E,0,6,A, Exchange rates against USD Hong Kong SAR - Hong Kong dollar - Monthly - End of period,2005-03,7.79929,A,,F
M,HK,HKD,E,0,6,A, Exchange rates against USD Hong Kong SAR - Hong Kong dollar - Monthly - End of period,2005-04,7.796326,A,,F
M,HK,HKD,E,0,6,A, Exchange rates against USD Hong Kong SAR - Hong Kong dollar - Monthly - End of period,2005-05,7.779256,A,,F
M,HK,HKD,E,0,6,A, Exchange rates against USD Hong Kong SAR - Hong Kong dollar - Monthly - End of period,2005-06,7.772908,A,,F
M,HK,HKD,E,0,6,A, Exchange rates against USD Hong Kong SAR - Hong Kong dollar - Monthly - End of period,2005-07,7.772348,A,,F
M,HK,HKD,E,0,6,A, Exchange rates against USD Hong Kong SAR - Hong Kong dollar - Monthly - End of period,2005-08,7.772668,A,,F
M,HK,HKD,E,0,6,A, Exchange rates against USD Hong Kong SAR - Hong Kong dollar - Monthly - End of period,2005-09,7.757183,A,,F
M,HK,HKD,E,0,6,A, Exchange rates against USD Hong Kong SAR - Hong Kong dollar - Monthly - End of period,2005-10,7.752391,A,,F
M,HK,HKD,E,0,6,A, Exchange rates against USD Hong Kong SAR - Hong Kong dollar - Monthly - End of period,2005-11,7.754525,A,,F
M,HK,HKD,E,0,6,A, Exchange rates against USD Hong Kong SAR - Hong Kong dollar - Monthly - End of period,2005-12,7.754005,A,,F
M,HK,HKD,E,0,6,A, Exchange rates against USD Hong Kong SAR - Hong Kong dollar - Monthly - End of period,2006-01,7.756643,A,,F
M,HK,HKD,E,0,6,A, Exchange rates against USD Hong Kong SAR - Hong Kong dollar - Monthly - End of period,2006-02,7.758568,A,,F
M,HK,HKD,E,0,6,A, Exchange rates against USD Hong Kong SAR - Hong Kong dollar - Monthly - End of period,2006-03,7.759666,A,,F
M,HK,HKD,E,0,6,A, Exchange rates against USD Hong Kong SAR - Hong Kong dollar - Monthly - End of period,2006-04,7.75337,A,,F
M,HK,HKD,E,0,6,A, Exchange rates against USD Hong Kong SAR - Hong Kong dollar - Monthly - End of period,2006-05,7.757694,A,,F
M,HK,HKD,E,0,6,A, Exchange rates against USD Hong Kong SAR - Hong Kong dollar - Monthly - End of period,2006-06,7.767246,A,,F
M,HK,HKD,E,0,6,A, Exchange rates against USD Hong Kong SAR - Hong Kong dollar - Monthly - End of period,2006-07,7.771285,A,,F
M,HK,HKD,E,0,6,A, Exchange rates against USD Hong Kong SAR - Hong Kong dollar - Monthly - End of period,2006-08,7.777216,A,,F
M,HK,HKD,E,0,6,A, Exchange rates against USD Hong Kong SAR - Hong Kong dollar - Monthly - End of period,2006-09,7.791469,A,,F
M,HK,HKD,E,0,6,A, Exchange rates against USD Hong Kong SAR - Hong Kong dollar - Monthly - End of period,2006-10,7.779301,A,,F
M,HK,HKD,E,0,6,A, Exchange rates against USD Hong Kong SAR - Hong Kong dollar - Monthly - End of period,2006-11,7.777803,A,,F
M,HK,HKD,E,0,6,A, Exchange rates against USD Hong Kong SAR - Hong Kong dollar - Monthly - End of period,2006-12,7.77593,A,,F
M,HK,HKD,E,0,6,A, Exchange rates against USD Hong Kong SAR - Hong Kong dollar - Monthly - End of period,2007-01,7.807009,A,,F
M,HK,HKD,E,0,6,A, Exchange rates against USD Hong Kong SAR - Hong Kong dollar - Monthly - End of period,2007-02,7.811445,A,,F
M,HK,HKD,E,0,6,A, Exchange rates against USD Hong Kong SAR - Hong Kong dollar - Monthly - End of period,2007-03,7.814236,A,,F
M,HK,HKD,E,0,6,A, Exchange rates against USD Hong Kong SAR - Hong Kong dollar - Monthly - End of period,2007-04,7.82036,A,,F
M,HK,HKD,E,0,6,A, Exchange rates against USD Hong Kong SAR - Hong Kong dollar - Monthly - End of period,2007-05,7.809039,A,,F
M,HK,HKD,E,0,6,A, Exchange rates against USD Hong Kong SAR - Hong Kong dollar - Monthly - End of period,2007-06,7.817031,A,,F
M,HK,HKD,E,0,6,A, Exchange rates against USD Hong Kong SAR - Hong Kong dollar - Monthly - End of period,2007-07,7.825053,A,,F
M,HK,HKD,E,0,6,A, Exchange rates against USD Hong Kong SAR - Hong Kong dollar - Monthly - End of period,2007-08,7.797592,A,,F
M,HK,HKD,E,0,6,A, Exchange rates against USD Hong Kong SAR - Hong Kong dollar - Monthly - End of period,2007-09,7.761831,A,,F
M,HK,HKD,E,0,6,A, Exchange rates against USD Hong Kong SAR - Hong Kong dollar - Monthly - End of period,2007-10,7.750121,A,,F
M,HK,HKD,E,0,6,A, Exchange rates against USD Hong Kong SAR - Hong Kong dollar - Monthly - End of period,2007-11,7.787684,A,,F
M,HK,HKD,E,0,6,A, Exchange rates against USD Hong Kong SAR - Hong Kong dollar - Monthly - End of period,2007-12,7.798383,A,,F
M,HK,HKD,E,0,6,A, Exchange rates against USD Hong Kong SAR - Hong Kong dollar - Monthly - End of period,2008-01,7.797646,A,,F
M,HK,HKD,E,0,6,A, Exchange rates against USD Hong Kong SAR - Hong Kong dollar - Monthly - End of period,2008-02,7.781829,A,,F
M,HK,HKD,E,0,6,A, Exchange rates against USD Hong Kong SAR - Hong Kong dollar - Monthly - End of period,2008-03,7.783645,A,,F
M,HK,HKD,E,0,6,A, Exchange rates against USD Hong Kong SAR - Hong Kong dollar - Monthly - End of period,2008-04,7.79453,A,,F
M,HK,HKD,E,0,6,A, Exchange rates against USD Hong Kong SAR - Hong Kong dollar - Monthly - End of period,2008-05,7.805584,A,,F
M,HK,HKD,E,0,6,A, Exchange rates against USD Hong Kong SAR - Hong Kong dollar - Monthly - End of period,2008-06,7.798972,A,,F
M,HK,HKD,E,0,6,A, Exchange rates against USD Hong Kong SAR - Hong Kong dollar - Monthly - End of period,2008-07,7.802767,A,,F
M,HK,HKD,E,0,6,A, Exchange rates against USD Hong Kong SAR - Hong Kong dollar - Monthly - End of period,2008-08,7.806854,A,,F
M,HK,HKD,E,0,6,A, Exchange rates against USD Hong Kong SAR - Hong Kong dollar - Monthly - End of period,2008-09,7.769279,A,,F
M,HK,HKD,E,0,6,A, Exchange rates against USD Hong Kong SAR - Hong Kong dollar - Monthly - End of period,2008-10,7.751039,A,,F
M,HK,HKD,E,0,6,A, Exchange rates against USD Hong Kong SAR - Hong Kong dollar - Monthly - End of period,2008-11,7.75053,A,,F
M,HK,HKD,E,0,6,A, Exchange rates against USD Hong Kong SAR - Hong Kong dollar - Monthly - End of period,2008-12,7.75009,A,,F
M,HK,HKD,E,0,6,A, Exchange rates against USD Hong Kong SAR - Hong Kong dollar - Monthly - End of period,2009-01,7.755852,A,,F
M,HK,HKD,E,0,6,A, Exchange rates against USD Hong Kong SAR - Hong Kong dollar - Monthly - End of period,2009-02,7.754904,A,,F
M,HK,HKD,E,0,6,A, Exchange rates against USD Hong Kong SAR - Hong Kong dollar - Monthly - End of period,2009-03,7.750225,A,,F
M,HK,HKD,E,0,6,A, Exchange rates against USD Hong Kong SAR - Hong Kong dollar - Monthly - End of period,2009-04,7.749981,A,,F
M,HK,HKD,E,0,6,A, Exchange rates against USD Hong Kong SAR - Hong Kong dollar - Monthly - End of period,2009-05,7.750958,A,,F
M,HK,HKD,E,0,6,A, Exchange rates against USD Hong Kong SAR - Hong Kong dollar - Monthly - End of period,2009-06,7.750106,A,,F
M,HK,HKD,E,0,6,A, Exchange rates against USD Hong Kong SAR - Hong Kong dollar - Monthly - End of period,2009-07,7.750035,A,,F
M,HK,HKD,E,0,6,A, Exchange rates against USD Hong Kong SAR - Hong Kong dollar - Monthly - End of period,2009-08,7.750841,A,,F
M,HK,HKD,E,0,6,A, Exchange rates against USD Hong Kong SAR - Hong Kong dollar - Monthly - End of period,2009-09,7.75012,A,,F
M,HK,HKD,E,0,6,A, Exchange rates against USD Hong Kong SAR - Hong Kong dollar - Monthly - End of period,2009-10,7.750135,A,,F
M,HK,HKD,E,0,6,A, Exchange rates against USD Hong Kong SAR - Hong Kong dollar - Monthly - End of period,2009-11,7.750183,A,,F
M,HK,HKD,E,0,6,A, Exchange rates against USD Hong Kong SAR - Hong Kong dollar - Monthly - End of period,2009-12,7.754338,A,,F
M,HK,HKD,E,0,6,A, Exchange rates against USD Hong Kong SAR - Hong Kong dollar - Monthly - End of period,2010-01,7.766719,A,,F
M,HK,HKD,E,0,6,A, Exchange rates against USD Hong Kong SAR - Hong Kong dollar - Monthly - End of period,2010-02,7.762417,A,,F
M,HK,HKD,E,0,6,A, Exchange rates against USD Hong Kong SAR - Hong Kong dollar - Monthly - End of period,2010-03,7.764152,A,,F
M,HK,HKD,E,0,6,A, Exchange rates against USD Hong Kong SAR - Hong Kong dollar - Monthly - End of period,2010-04,7.763199,A,,F
M,HK,HKD,E,0,6,A, Exchange rates against USD Hong Kong SAR - Hong Kong dollar - Monthly - End of period,2010-05,7.79272,A,,F
M,HK,HKD,E,0,6,A, Exchange rates against USD Hong Kong SAR - Hong Kong dollar - Monthly - End of period,2010-06,7.78657,A,,F
M,HK,HKD,E,0,6,A, Exchange rates against USD Hong Kong SAR - Hong Kong dollar - Monthly - End of period,2010-07,7.766349,A,,F
M,HK,HKD,E,0,6,A, Exchange rates against USD Hong Kong SAR - Hong Kong dollar - Monthly - End of period,2010-08,7.780205,A,,F
M,HK,HKD,E,0,6,A, Exchange rates against USD Hong Kong SAR - Hong Kong dollar - Monthly - End of period,2010-09,7.760698,A,,F
M,HK,HKD,E,0,6,A, Exchange rates against USD Hong Kong SAR - Hong Kong dollar - Monthly - End of period,2010-10,7.75543,A,,F
M,HK,HKD,E,0,6,A, Exchange rates against USD Hong Kong SAR - Hong Kong dollar - Monthly - End of period,2010-11,7.768811,A,,F
M,HK,HKD,E,0,6,A, Exchange rates against USD Hong Kong SAR - Hong Kong dollar - Monthly - End of period,2010-12,7.772489,A,,F
M,HK,HKD,E,0,6,A, Exchange rates against USD Hong Kong SAR - Hong Kong dollar - Monthly - End of period,2011-01,7.7974,A,,F
M,HK,HKD,E,0,6,A, Exchange rates against USD Hong Kong SAR - Hong Kong dollar - Monthly - End of period,2011-02,7.790299,A,,F
M,HK,HKD,E,0,6,A, Exchange rates against USD Hong Kong SAR - Hong Kong dollar - Monthly - End of period,2011-03,7.782009,A,,F
M,HK,HKD,E,0,6,A, Exchange rates against USD Hong Kong SAR - Hong Kong dollar - Monthly - End of period,2011-04,7.767631,A,,F
M,HK,HKD,E,0,6,A, Exchange rates against USD Hong Kong SAR - Hong Kong dollar - Monthly - End of period,2011-05,7.777268,A,,F
M,HK,HKD,E,0,6,A, Exchange rates against USD Hong Kong SAR - Hong Kong dollar - Monthly - End of period,2011-06,7.782121,A,,F
M,HK,HKD,E,0,6,A, Exchange rates against USD Hong Kong SAR - Hong Kong dollar - Monthly - End of period,2011-07,7.793408,A,,F
M,HK,HKD,E,0,6,A, Exchange rates against USD Hong Kong SAR - Hong Kong dollar - Monthly - End of period,2011-08,7.79391,A,,F
M,HK,HKD,E,0,6,A, Exchange rates against USD Hong Kong SAR - Hong Kong dollar - Monthly - End of period,2011-09,7.791824,A,,F
M,HK,HKD,E,0,6,A, Exchange rates against USD Hong Kong SAR - Hong Kong dollar - Monthly - End of period,2011-10,7.766231,A,,F
M,HK,HKD,E,0,6,A, Exchange rates against USD Hong Kong SAR - Hong Kong dollar - Monthly - End of period,2011-11,7.783276,A,,F
M,HK,HKD,E,0,6,A, Exchange rates against USD Hong Kong SAR - Hong Kong dollar - Monthly - End of period,2011-12,7.767988,A,,F
M,HK,HKD,E,0,6,A, Exchange rates against USD Hong Kong SAR - Hong Kong dollar - Monthly - End of period,2012-01,7.756072,A,,F
M,HK,HKD,E,0,6,A, Exchange rates against USD Hong Kong SAR - Hong Kong dollar - Monthly - End of period,2012-02,7.755114,A,,F
M,HK,HKD,E,0,6,A, Exchange rates against USD Hong Kong SAR - Hong Kong dollar - Monthly - End of period,2012-03,7.764675,A,,F
M,HK,HKD,E,0,6,A, Exchange rates against USD Hong Kong SAR - Hong Kong dollar - Monthly - End of period,2012-04,7.758892,A,,F
M,HK,HKD,E,0,6,A, Exchange rates against USD Hong Kong SAR - Hong Kong dollar - Monthly - End of period,2012-05,7.764815,A,,F
M,HK,HKD,E,0,6,A, Exchange rates against USD Hong Kong SAR - Hong Kong dollar - Monthly - End of period,2012-06,7.756791,A,,F
M,HK,HKD,E,0,6,A, Exchange rates against USD Hong Kong SAR - Hong Kong dollar - Monthly - End of period,2012-07,7.753663,A,,F
M,HK,HKD,E,0,6,A, Exchange rates against USD Hong Kong SAR - Hong Kong dollar - Monthly - End of period,2012-08,7.75561,A,,F
M,HK,HKD,E,0,6,A, Exchange rates against USD Hong Kong SAR - Hong Kong dollar - Monthly - End of period,2012-09,7.753906,A,,F
M,HK,HKD,E,0,6,A, Exchange rates against USD Hong Kong SAR - Hong Kong dollar - Monthly - End of period,2012-10,7.750096,A,,F
M,HK,HKD,E,0,6,A, Exchange rates against USD Hong Kong SAR - Hong Kong dollar - Monthly - End of period,2012-11,7.750116,A,,F
M,HK,HKD,E,0,6,A, Exchange rates against USD Hong Kong SAR - Hong Kong dollar - Monthly - End of period,2012-12,7.750493,A,,F
M,HK,HKD,E,0,6,A, Exchange rates against USD Hong Kong SAR - Hong Kong dollar - Monthly - End of period,2013-01,7.7569,A,,F
M,HK,HKD,E,0,6,A, Exchange rates against USD Hong Kong SAR - Hong Kong dollar - Monthly - End of period,2013-02,7.756112,A,,F
M,HK,HKD,E,0,6,A, Exchange rates against USD Hong Kong SAR - Hong Kong dollar - Monthly - End of period,2013-03,7.764155,A,,F
M,HK,HKD,E,0,6,A, Exchange rates against USD Hong Kong SAR - Hong Kong dollar - Monthly - End of period,2013-04,7.761016,A,,F
M,HK,HKD,E,0,6,A, Exchange rates against USD Hong Kong SAR - Hong Kong dollar - Monthly - End of period,2013-05,7.764186,A,,F
M,HK,HKD,E,0,6,A, Exchange rates against USD Hong Kong SAR - Hong Kong dollar - Monthly - End of period,2013-06,7.75818,A,,F
M,HK,HKD,E,0,6,A, Exchange rates against USD Hong Kong SAR - Hong Kong dollar - Monthly - End of period,2013-07,7.754878,A,,F
M,HK,HKD,E,0,6,A, Exchange rates against USD Hong Kong SAR - Hong Kong dollar - Monthly - End of period,2013-08,7.754212,A,,F
M,HK,HKD,E,0,6,A, Exchange rates against USD Hong Kong SAR - Hong Kong dollar - Monthly - End of period,2013-09,7.754313,A,,F
M,HK,HKD,E,0,6,A, Exchange rates against USD Hong Kong SAR - Hong Kong dollar - Monthly - End of period,2013-10,7.753024,A,,F
M,HK,HKD,E,0,6,A, Exchange rates against USD Hong Kong SAR - Hong Kong dollar - Monthly - End of period,2013-11,7.752773,A,,F
M,HK,HKD,E,0,6,A, Exchange rates against USD Hong Kong SAR - Hong Kong dollar - Monthly - End of period,2013-12,7.753825,A,,F
M,HK,HKD,E,0,6,A, Exchange rates against USD Hong Kong SAR - Hong Kong dollar - Monthly - End of period,2014-01,7.766277,A,,F
M,HK,HKD,E,0,6,A, Exchange rates against USD Hong Kong SAR - Hong Kong dollar - Monthly - End of period,2014-02,7.758778,A,,F
M,HK,HKD,E,0,6,A, Exchange rates against USD Hong Kong SAR - Hong Kong dollar - Monthly - End of period,2014-03,7.758413,A,,F
M,HK,HKD,E,0,6,A, Exchange rates against USD Hong Kong SAR - Hong Kong dollar - Monthly - End of period,2014-04,7.752996,A,,F
M,HK,HKD,E,0,6,A, Exchange rates against USD Hong Kong SAR - Hong Kong dollar - Monthly - End of period,2014-05,7.752701,A,,F
M,HK,HKD,E,0,6,A, Exchange rates against USD Hong Kong SAR - Hong Kong dollar - Monthly - End of period,2014-06,7.750622,A,,F
M,HK,HKD,E,0,6,A, Exchange rates against USD Hong Kong SAR - Hong Kong dollar - Monthly - End of period,2014-07,7.750131,A,,F
M,HK,HKD,E,0,6,A, Exchange rates against USD Hong Kong SAR - Hong Kong dollar - Monthly - End of period,2014-08,7.750076,A,,F
M,HK,HKD,E,0,6,A, Exchange rates against USD Hong Kong SAR - Hong Kong dollar - Monthly - End of period,2014-09,7.767623,A,,F
M,HK,HKD,E,0,6,A, Exchange rates against USD Hong Kong SAR - Hong Kong dollar - Monthly - End of period,2014-10,7.75511,A,,F
M,HK,HKD,E,0,6,A, Exchange rates against USD Hong Kong SAR - Hong Kong dollar - Monthly - End of period,2014-11,7.755027,A,,F
M,HK,HKD,E,0,6,A, Exchange rates against USD Hong Kong SAR - Hong Kong dollar - Monthly - End of period,2014-12,7.756363,A,,F
M,HK,HKD,E,0,6,A, Exchange rates against USD Hong Kong SAR - Hong Kong dollar - Monthly - End of period,2015-01,7.751968,A,,F
M,HK,HKD,E,0,6,A, Exchange rates against USD Hong Kong SAR - Hong Kong dollar - Monthly - End of period,2015-02,7.755071,A,,F
M,HK,HKD,E,0,6,A, Exchange rates against USD Hong Kong SAR - Hong Kong dollar - Monthly - End of period,2015-03,7.753695,A,,F
M,HK,HKD,E,0,6,A, Exchange rates against USD Hong Kong SAR - Hong Kong dollar - Monthly - End of period,2015-04,7.75078,A,,F
M,HK,HKD,E,0,6,A, Exchange rates against USD Hong Kong SAR - Hong Kong dollar - Monthly - End of period,2015-05,7.753145,A,,F
M,HK,HKD,E,0,6,A, Exchange rates against USD Hong Kong SAR - Hong Kong dollar - Monthly - End of period,2015-06,7.752257,A,,F
M,HK,HKD,E,0,6,A, Exchange rates against USD Hong Kong SAR - Hong Kong dollar - Monthly - End of period,2015-07,7.753442,A,,F
M,HK,HKD,E,0,6,A, Exchange rates against USD Hong Kong SAR - Hong Kong dollar - Monthly - End of period,2015-08,7.750334,A,,F
M,HK,HKD,E,0,6,A, Exchange rates against USD Hong Kong SAR - Hong Kong dollar - Monthly - End of period,2015-09,7.750067,A,,F
M,HK,HKD,E,0,6,A, Exchange rates against USD Hong Kong SAR - Hong Kong dollar - Monthly - End of period,2015-10,7.750023,A,,F
M,HK,HKD,E,0,6,A, Exchange rates against USD Hong Kong SAR - Hong Kong dollar - Monthly - End of period,2015-11,7.750165,A,,F
M,HK,HKD,E,0,6,A, Exchange rates against USD Hong Kong SAR - Hong Kong dollar - Monthly - End of period,2015-12,7.750161,A,,F
M,HK,HKD,E,0,6,A, Exchange rates against USD Hong Kong SAR - Hong Kong dollar - Monthly - End of period,2016-01,7.793132,A,,F
M,HK,HKD,E,0,6,A, Exchange rates against USD Hong Kong SAR - Hong Kong dollar - Monthly - End of period,2016-02,7.774706,A,,F
M,HK,HKD,E,0,6,A, Exchange rates against USD Hong Kong SAR - Hong Kong dollar - Monthly - End of period,2016-03,7.754238,A,,F
M,HK,HKD,E,0,6,A, Exchange rates against USD Hong Kong SAR - Hong Kong dollar - Monthly - End of period,2016-04,7.758134,A,,F
M,HK,HKD,E,0,6,A, Exchange rates against USD Hong Kong SAR - Hong Kong dollar - Monthly - End of period,2016-05,7.767617,A,,F
M,HK,HKD,E,0,6,A, Exchange rates against USD Hong Kong SAR - Hong Kong dollar - Monthly - End of period,2016-06,7.758512,A,,F
M,HK,HKD,E,0,6,A, Exchange rates against USD Hong Kong SAR - Hong Kong dollar - Monthly - End of period,2016-07,7.757581,A,,F
M,HK,HKD,E,0,6,A, Exchange rates against USD Hong Kong SAR - Hong Kong dollar - Monthly - End of period,2016-08,7.757546,A,,F
M,HK,HKD,E,0,6,A, Exchange rates against USD Hong Kong SAR - Hong Kong dollar - Monthly - End of period,2016-09,7.754413,A,,F
M,HK,HKD,E,0,6,A, Exchange rates against USD Hong Kong SAR - Hong Kong dollar - Monthly - End of period,2016-10,7.75507,A,,F
M,HK,HKD,E,0,6,A, Exchange rates against USD Hong Kong SAR - Hong Kong dollar - Monthly - End of period,2016-11,7.75637,A,,F
M,HK,HKD,E,0,6,A, Exchange rates against USD Hong Kong SAR - Hong Kong dollar - Monthly - End of period,2016-12,7.755526,A,,F
M,HK,HKD,E,0,6,A, Exchange rates against USD Hong Kong SAR - Hong Kong dollar - Monthly - End of period,2017-01,7.75788,A,,F
M,HK,HKD,E,0,6,A, Exchange rates against USD Hong Kong SAR - Hong Kong dollar - Monthly - End of period,2017-02,7.761819,A,,F
M,HK,HKD,E,0,6,A, Exchange rates against USD Hong Kong SAR - Hong Kong dollar - Monthly - End of period,2017-03,7.770461,A,,F
M,HK,HKD,E,0,6,A, Exchange rates against USD Hong Kong SAR - Hong Kong dollar - Monthly - End of period,2017-04,7.777127,A,,F
M,HK,HKD,E,0,6,A, Exchange rates against USD Hong Kong SAR - Hong Kong dollar - Monthly - End of period,2017-05,7.790839,A,,F
M,HK,HKD,E,0,6,A, Exchange rates against USD Hong Kong SAR - Hong Kong dollar - Monthly - End of period,2017-06,7.804767,A,,F
M,HK,HKD,E,0,6,A, Exchange rates against USD Hong Kong SAR - Hong Kong dollar - Monthly - End of period,2017-07,7.810864,A,,F
M,HK,HKD,E,0,6,A, Exchange rates against USD Hong Kong SAR - Hong Kong dollar - Monthly - End of period,2017-08,7.824609,A,,F
M,HK,HKD,E,0,6,A, Exchange rates against USD Hong Kong SAR - Hong Kong dollar - Monthly - End of period,2017-09,7.810774,A,,F
M,HK,HKD,E,0,6,A, Exchange rates against USD Hong Kong SAR - Hong Kong dollar - Monthly - End of period,2017-10,7.799364,A,,F
M,HK,HKD,E,0,6,A, Exchange rates against USD Hong Kong SAR - Hong Kong dollar - Monthly - End of period,2017-11,7.808591,A,,F
M,HK,HKD,E,0,6,A, Exchange rates against USD Hong Kong SAR - Hong Kong dollar - Monthly - End of period,2017-12,7.814558,A,,F
M,HK,HKD,E,0,6,A, Exchange rates against USD Hong Kong SAR - Hong Kong dollar - Monthly - End of period,2018-01,7.819941,A,,F
M,HK,HKD,E,0,6,A, Exchange rates against USD Hong Kong SAR - Hong Kong dollar - Monthly - End of period,2018-02,7.826674,A,,F
M,HK,HKD,E,0,6,A, Exchange rates against USD Hong Kong SAR - Hong Kong dollar - Monthly - End of period,2018-03,7.848064,A,,F
M,HK,HKD,E,0,6,A, Exchange rates against USD Hong Kong SAR - Hong Kong dollar - Monthly - End of period,2018-04,7.848415,A,,F
M,HK,HKD,E,0,6,A, Exchange rates against USD Hong Kong SAR - Hong Kong dollar - Monthly - End of period,2018-05,7.848363,A,,F
M,HK,HKD,E,0,6,A, Exchange rates against USD Hong Kong SAR - Hong Kong dollar - Monthly - End of period,2018-06,7.845943,A,,F
M,HK,HKD,E,0,6,A, Exchange rates against USD Hong Kong SAR - Hong Kong dollar - Monthly - End of period,2018-07,7.848841,A,,F
M,HK,HKD,E,0,6,A, Exchange rates against USD Hong Kong SAR - Hong Kong dollar - Monthly - End of period,2018-08,7.849369,A,,F
M,HK,HKD,E,0,6,A, Exchange rates against USD Hong Kong SAR - Hong Kong dollar - Monthly - End of period,2018-09,7.824724,A,,F
M,HK,HKD,E,0,6,A, Exchange rates against USD Hong Kong SAR - Hong Kong dollar - Monthly - End of period,2018-10,7.844761,A,,F
M,HK,HKD,E,0,6,A, Exchange rates against USD Hong Kong SAR - Hong Kong dollar - Monthly - End of period,2018-11,7.822079,A,,F
M,HK,HKD,E,0,6,A, Exchange rates against USD Hong Kong SAR - Hong Kong dollar - Monthly - End of period,2018-12,7.831878,A,,F
M,HK,HKD,E,0,6,A, Exchange rates against USD Hong Kong SAR - Hong Kong dollar - Monthly - End of period,2019-01,7.846187,A,,F
M,HK,HKD,E,0,6,A, Exchange rates against USD Hong Kong SAR - Hong Kong dollar - Monthly - End of period,2019-02,7.849772,A,,F
M,HK,HKD,E,0,6,A, Exchange rates against USD Hong Kong SAR - Hong Kong dollar - Monthly - End of period,2019-03,7.850022,A,,F
M,HK,HKD,E,0,6,A, Exchange rates against USD Hong Kong SAR - Hong Kong dollar - Monthly - End of period,2019-04,7.84516,A,,F
M,HK,HKD,E,0,6,A, Exchange rates against USD Hong Kong SAR - Hong Kong dollar - Monthly - End of period,2019-05,7.842974,A,,F
M,HK,HKD,E,0,6,A, Exchange rates against USD Hong Kong SAR - Hong Kong dollar - Monthly - End of period,2019-06,7.808963,A,,F
M,HK,HKD,E,0,6,A, Exchange rates against USD Hong Kong SAR - Hong Kong dollar - Monthly - End of period,2019-07,7.827908,A,,F
M,HK,HKD,E,0,6,A, Exchange rates against USD Hong Kong SAR - Hong Kong dollar - Monthly - End of period,2019-08,7.842425,A,,F
M,HK,HKD,E,0,6,A, Exchange rates against USD Hong Kong SAR - Hong Kong dollar - Monthly - End of period,2019-09,7.839838,A,,F
M,HK,HKD,E,0,6,A, Exchange rates against USD Hong Kong SAR - Hong Kong dollar - Monthly - End of period,2019-10,7.835844,A,,F
M,HK,HKD,E,0,6,A, Exchange rates against USD Hong Kong SAR - Hong Kong dollar - Monthly - End of period,2019-11,7.826808,A,,F
M,HK,HKD,E,0,6,A, Exchange rates against USD Hong Kong SAR - Hong Kong dollar - Monthly - End of period,2019-12,7.786452,A,,F
M,HK,HKD,E,0,6,A, Exchange rates against USD Hong Kong SAR - Hong Kong dollar - Monthly - End of period,2020-01,7.767191,A,,F
M,HK,HKD,E,0,6,A, Exchange rates against USD Hong Kong SAR - Hong Kong dollar - Monthly - End of period,2020-02,7.793568,A,,F
M,HK,HKD,E,0,6,A, Exchange rates against USD Hong Kong SAR - Hong Kong dollar - Monthly - End of period,2020-03,7.753286,A,,F
M,HK,HKD,E,0,6,A, Exchange rates against USD Hong Kong SAR - Hong Kong dollar - Monthly - End of period,2020-04,7.751011,A,,F
M,HK,HKD,E,0,6,A, Exchange rates against USD Hong Kong SAR - Hong Kong dollar - Monthly - End of period,2020-05,7.753861,A,,F
M,HK,HKD,E,0,6,A, Exchange rates against USD Hong Kong SAR - Hong Kong dollar - Monthly - End of period,2020-06,7.750313,A,,F
M,HK,HKD,E,0,6,A, Exchange rates against USD Hong Kong SAR - Hong Kong dollar - Monthly - End of period,2020-07,7.750253,A,,F
M,HK,HKD,E,0,6,A, Exchange rates against USD Hong Kong SAR - Hong Kong dollar - Monthly - End of period,2020-08,7.750084,A,,F
M,HK,HKD,E,0,6,A, Exchange rates against USD Hong Kong SAR - Hong Kong dollar - Monthly - End of period,2020-09,7.750427,A,,F
M,HK,HKD,E,0,6,A, Exchange rates against USD Hong Kong SAR - Hong Kong dollar - Monthly - End of period,2020-10,7.753975,A,,F
M,HK,HKD,E,0,6,A, Exchange rates against USD Hong Kong SAR - Hong Kong dollar - Monthly - End of period,2020-11,7.751419,A,,F
M,HK,HKD,E,0,6,A, Exchange rates against USD Hong Kong SAR - Hong Kong dollar - Monthly - End of period,2020-12,7.753402,A,,F
M,HK,HKD,E,0,6,A, Exchange rates against USD Hong Kong SAR - Hong Kong dollar - Monthly - End of period,2021-01,7.753214,A,,F
M,HK,HKD,E,0,6,A, Exchange rates against USD Hong Kong SAR - Hong Kong dollar - Monthly - End of period,2021-02,7.755961,A,,F
M,HK,HKD,E,0,6,A, Exchange rates against USD Hong Kong SAR - Hong Kong dollar - Monthly - End of period,2021-03,7.774243,A,,F
M,HK,HKD,E,0,6,A, Exchange rates against USD Hong Kong SAR - Hong Kong dollar - Monthly - End of period,2021-04,7.76494,A,,F
M,HK,HKD,E,0,6,A, Exchange rates against USD Hong Kong SAR - Hong Kong dollar - Monthly - End of period,2021-05,7.760839,A,,F
M,HK,HKD,E,0,6,A, Exchange rates against USD Hong Kong SAR - Hong Kong dollar - Monthly - End of period,2021-06,7.766156,A,,F
M,HK,HKD,E,0,6,A, Exchange rates against USD Hong Kong SAR - Hong Kong dollar - Monthly - End of period,2021-07,7.774872,A,,F
M,HK,HKD,E,0,6,A, Exchange rates against USD Hong Kong SAR - Hong Kong dollar - Monthly - End of period,2021-08,7.781477,A,,F
M,HK,HKD,E,0,6,A, Exchange rates against USD Hong Kong SAR - Hong Kong dollar - Monthly - End of period,2021-09,7.788583,A,,F
M,HK,HKD,E,0,6,A, Exchange rates against USD Hong Kong SAR - Hong Kong dollar - Monthly - End of period,2021-10,7.776986,A,,F
M,HK,HKD,E,0,6,A, Exchange rates against USD Hong Kong SAR - Hong Kong dollar - Monthly - End of period,2021-11,7.797325,A,,F
M,HK,HKD,E,0,6,A, Exchange rates against USD Hong Kong SAR - Hong Kong dollar - Monthly - End of period,2021-12,7.799135,A,,F
M,HK,HKD,E,0,6,A, Exchange rates against USD Hong Kong SAR - Hong Kong dollar - Monthly - End of period,2022-01,7.797956,A,,F
M,HK,HKD,E,0,6,A, Exchange rates against USD Hong Kong SAR - Hong Kong dollar - Monthly - End of period,2022-02,7.814448,A,,F
M,HK,HKD,E,0,6,A, Exchange rates against USD Hong Kong SAR - Hong Kong dollar - Monthly - End of period,2022-03,7.829745,A,,F
M,HK,HKD,E,0,6,A, Exchange rates against USD Hong Kong SAR - Hong Kong dollar - Monthly - End of period,2022-04,7.846584,A,,F
M,HK,HKD,E,0,6,A, Exchange rates against USD Hong Kong SAR - Hong Kong dollar - Monthly - End of period,2022-05,7.846822,A,,F
M,HK,HKD,E,0,6,A, Exchange rates against USD Hong Kong SAR - Hong Kong dollar - Monthly - End of period,2022-06,7.845672,A,,F
M,HK,HKD,E,0,6,A, Exchange rates against USD Hong Kong SAR - Hong Kong dollar - Monthly - End of period,2022-07,7.849971,A,,F
M,HK,HKD,E,0,6,A, Exchange rates against USD Hong Kong SAR - Hong Kong dollar - Monthly - End of period,2022-08,7.8488,A,,F
M,HK,HKD,E,0,6,A, Exchange rates against USD Hong Kong SAR - Hong Kong dollar - Monthly - End of period,2022-09,7.849918,A,,F
M,HK,HKD,E,0,6,A, Exchange rates against USD Hong Kong SAR - Hong Kong dollar - Monthly - End of period,2022-10,7.849707,A,,F
M,HK,HKD,E,0,6,A, Exchange rates against USD Hong Kong SAR - Hong Kong dollar - Monthly - End of period,2022-11,7.801079,A,,F
M,HK,HKD,E,0,6,A, Exchange rates against USD Hong Kong SAR - Hong Kong dollar - Monthly - End of period,2022-12,7.797019,A,,F
M,HK,HKD,E,0,6,A, Exchange rates against USD Hong Kong SAR - Hong Kong dollar - Monthly - End of period,2023-01,7.83698,A,,F
M,HK,HKD,E,0,6,A, Exchange rates against USD Hong Kong SAR - Hong Kong dollar - Monthly - End of period,2023-02,7.849233,A,,F
M,HK,HKD,E,0,6,A, Exchange rates against USD Hong Kong SAR - Hong Kong dollar - Monthly - End of period,2023-03,7.849839,A,,F
M,HK,HKD,E,0,6,A, Exchange rates against USD Hong Kong SAR - Hong Kong dollar - Monthly - End of period,2023-04,7.849832,A,,F
M,HK,HKD,E,0,6,A, Exchange rates against USD Hong Kong SAR - Hong Kong dollar - Monthly - End of period,2023-05,7.834503,A,,F
M,HK,HKD,E,0,6,A, Exchange rates against USD Hong Kong SAR - Hong Kong dollar - Monthly - End of period,2023-06,7.837015,A,,F
M,HK,HKD,E,0,6,A, Exchange rates against USD Hong Kong SAR - Hong Kong dollar - Monthly - End of period,2023-07,7.798784,A,,F
M,HK,HKD,E,0,6,A, Exchange rates against USD Hong Kong SAR - Hong Kong dollar - Monthly - End of period,2023-08,7.84413,A,,F
M,HK,HKD,E,0,6,A, Exchange rates against USD Hong Kong SAR - Hong Kong dollar - Monthly - End of period,2023-09,7.830753,A,,F
M,HK,HKD,E,0,6,A, Exchange rates against USD Hong Kong SAR - Hong Kong dollar - Monthly - End of period,2023-10,7.823618,A,,F
M,HK,HKD,E,0,6,A, Exchange rates against USD Hong Kong SAR - Hong Kong dollar - Monthly - End of period,2023-11,7.811179,A,,F
M,HK,HKD,E,0,6,A, Exchange rates against USD Hong Kong SAR - Hong Kong dollar - Monthly - End of period,2023-12,7.811222,A,,F
M,HK,HKD,E,0,6,A, Exchange rates against USD Hong Kong SAR - Hong Kong dollar - Monthly - End of period,2024-01,7.818954,A,,F
M,HK,HKD,E,0,6,A, Exchange rates against USD Hong Kong SAR - Hong Kong dollar - Monthly - End of period,2024-02,7.826991,A,,F
M,HK,HKD,E,0,6,A, Exchange rates against USD Hong Kong SAR - Hong Kong dollar - Monthly - End of period,2024-03,7.824808,A,,F
M,HK,HKD,E,0,6,A, Exchange rates against USD Hong Kong SAR - Hong Kong dollar - Monthly - End of period,2024-04,7.820209,A,,F
M,HK,HKD,E,0,6,A, Exchange rates against USD Hong Kong SAR - Hong Kong dollar - Monthly - End of period,2024-05,7.817729,A,,F
M,HK,HKD,E,0,6,A, Exchange rates against USD Hong Kong SAR - Hong Kong dollar - Monthly - End of period,2024-06,7.808874,A,,F
M,HK,HKD,E,0,6,A, Exchange rates against USD Hong Kong SAR - Hong Kong dollar - Monthly - End of period,2024-07,7.812061,A,,F
M,HK,HKD,E,0,6,A, Exchange rates against USD Hong Kong SAR - Hong Kong dollar - Monthly - End of period,2024-08,7.797871,A,,F
M,HK,HKD,E,0,6,A, Exchange rates against USD Hong Kong SAR - Hong Kong dollar - Monthly - End of period,2024-09,7.764648,A,,F
M,HK,HKD,E,0,6,A, Exchange rates against USD Hong Kong SAR - Hong Kong dollar - Monthly - End of period,2024-10,7.774122,A,,F
M,HK,HKD,E,0,6,A, Exchange rates against USD Hong Kong SAR - Hong Kong dollar - Monthly - End of period,2024-11,7.783658,A,,F
M,HK,HKD,E,0,6,A, Exchange rates against USD Hong Kong SAR - Hong Kong dollar - Monthly - End of period,2024-12,7.766484,A,,F
M,HK,HKD,E,0,6,A, Exchange rates against USD Hong Kong SAR - Hong Kong dollar - Monthly - End of period,2025-01,7.792745,A,,F
M,HK,HKD,E,0,6,A, Exchange rates against USD Hong Kong SAR - Hong Kong dollar - Monthly - End of period,2025-02,7.778311,A,,F
M,HK,HKD,E,0,6,A, Exchange rates against USD Hong Kong SAR - Hong Kong dollar - Monthly - End of period,2025-03,7.779011,A,,F
M,HK,HKD,E,0,6,A, Exchange rates against USD Hong Kong SAR - Hong Kong dollar - Monthly - End of period,2025-04,7.756441,A,,F
M,HK,HKD,E,0,6,A, Exchange rates against USD Hong Kong SAR - Hong Kong dollar - Monthly - End of period,2025-05,7.842491,A,,F
M,HK,HKD,E,0,6,A, Exchange rates against USD Hong Kong SAR - Hong Kong dollar - Monthly - End of period,2025-06,7.849915,A,,F
M,HK,HKD,E,0,6,A, Exchange rates against USD Hong Kong SAR - Hong Kong dollar - Monthly - End of period,2025-07,7.849991,A,,F
M,HK,HKD,E,0,6,A, Exchange rates against USD Hong Kong SAR - Hong Kong dollar - Monthly - End of period,2025-08,7.795248,A,,F
M,HK,HKD,E,0,6,A, Exchange rates against USD Hong Kong SAR - Hong Kong dollar - Monthly - End of period,2025-09,7.781194,A,,F
M,HK,HKD,E,0,6,A, Exchange rates against USD Hong Kong SAR - Hong Kong dollar - Monthly - End of period,2025-10,7.771075,A,,F
M,HK,HKD,E,0,6,A, Exchange rates against USD Hong Kong SAR - Hong Kong dollar - Monthly - End of period,2025-11,7.783158,A,,F
M,HK,HKD,E,0,6,A, Exchange rates against USD Hong Kong SAR - Hong Kong dollar - Monthly - End of period,2025-12,7.78417,A,,F
M,HK,HKD,E,0,6,A, Exchange rates against USD Hong Kong SAR - Hong Kong dollar - Monthly - End of period,2026-01,7.808289,A,,F
M,HK,HKD,E,0,6,A, Exchange rates against USD Hong Kong SAR - Hong Kong dollar - Monthly - End of period,2026-02,7.823719,A,,F
M,HK,HKD,E,0,6,A, Exchange rates against USD Hong Kong SAR - Hong Kong dollar - Monthly - End of period,2026-03,7.839276,A,,F
M,HK,HKD,E,0,6,A, Exchange rates against USD Hong Kong SAR - Hong Kong dollar - Monthly - End of period,2026-04,7.83302,A,,F
M,HK,HKD,E,0,6,A, Exchange rates against USD Hong Kong SAR - Hong Kong dollar - Monthly - End of period,2026-05,7.835623,A,,F
M,HK,HKD,E,0,6,A, Exchange rates against USD Hong Kong SAR - Hong Kong dollar - Monthly - End of period,2026-06,7.841847,A,,F
M,HK,HKD,E,0,6,A, Exchange rates against USD Hong Kong SAR - Hong Kong dollar - Monthly - End of period,2026-07,7.843187,A,,F
M,HK,HKD,E,0,6,A, Exchange rates against USD Hong Kong SAR - Hong Kong dollar - Monthly - End of period,2026-08,7.837875,A,,F
M,ID,IDR,E,0,6,A, Exchange rates against USD Indonesia - Rupiah - Monthly - End of period,1967-01,137,A,,F
M,ID,IDR,E,0,6,A, Exchange rates against USD Indonesia - Rupiah - Monthly - End of period,1967-02,137,A,,F
M,ID,IDR,E,0,6,A, Exchange rates against USD Indonesia - Rupiah - Monthly - End of period,1967-03,137,A,,F
M,ID,IDR,E,0,6,A, Exchange rates against USD Indonesia - Rupiah - Monthly - End of period,1967-04,137,A,,F
M,ID,IDR,E,0,6,A, Exchange rates against USD Indonesia - Rupiah - Monthly - End of period,1967-05,137,A,,F
M,ID,IDR,E,0,6,A, Exchange rates against USD Indonesia - Rupiah - Monthly - End of period,1967-06,137,A,,F
M,ID,IDR,E,0,6,A, Exchange rates against USD Indonesia - Rupiah - Monthly - End of period,1967-07,137,A,,F
M,ID,IDR,E,0,6,A, Exchange rates against USD Indonesia - Rupiah - Monthly - End of period,1967-08,144,A,,F
M,ID,IDR,E,0,6,A, Exchange rates against USD Indonesia - Rupiah - Monthly - End of period,1967-09,148,A,,F
M,ID,IDR,E,0,6,A, Exchange rates against USD Indonesia - Rupiah - Monthly - End of period,1967-10,152,A,,F
M,ID,IDR,E,0,6,A, Exchange rates against USD Indonesia - Rupiah - Monthly - End of period,1967-11,206,A,,F
M,ID,IDR,E,0,6,A, Exchange rates against USD Indonesia - Rupiah - Monthly - End of period,1967-12,235,A,,F
M,ID,IDR,E,0,6,A, Exchange rates against USD Indonesia - Rupiah - Monthly - End of period,1968-01,266,A,,F
M,ID,IDR,E,0,6,A, Exchange rates against USD Indonesia - Rupiah - Monthly - End of period,1968-02,266,A,,F
M,ID,IDR,E,0,6,A, Exchange rates against USD Indonesia - Rupiah - Monthly - End of period,1968-03,266,A,,F
M,ID,IDR,E,0,6,A, Exchange rates against USD Indonesia - Rupiah - Monthly - End of period,1968-04,286,A,,F
M,ID,IDR,E,0,6,A, Exchange rates against USD Indonesia - Rupiah - Monthly - End of period,1968-05,300,A,,F
M,ID,IDR,E,0,6,A, Exchange rates against USD Indonesia - Rupiah - Monthly - End of period,1968-06,302,A,,F
M,ID,IDR,E,0,6,A, Exchange rates against USD Indonesia - Rupiah - Monthly - End of period,1968-07,306,A,,F
M,ID,IDR,E,0,6,A, Exchange rates against USD Indonesia - Rupiah - Monthly - End of period,1968-08,310,A,,F
M,ID,IDR,E,0,6,A, Exchange rates against USD Indonesia - Rupiah - Monthly - End of period,1968-09,321,A,,F
M,ID,IDR,E,0,6,A, Exchange rates against USD Indonesia - Rupiah - Monthly - End of period,1968-10,326,A,,F
M,ID,IDR,E,0,6,A, Exchange rates against USD Indonesia - Rupiah - Monthly - End of period,1968-11,326,A,,F
M,ID,IDR,E,0,6,A, Exchange rates against USD Indonesia - Rupiah - Monthly - End of period,1968-12,326,A,,F
M,ID,IDR,E,0,6,A, Exchange rates against USD Indonesia - Rupiah - Monthly - End of period,1969-01,326,A,,F
M,ID,IDR,E,0,6,A, Exchange rates against USD Indonesia - Rupiah - Monthly - End of period,1969-02,326,A,,F
M,ID,IDR,E,0,6,A, Exchange rates against USD Indonesia - Rupiah - Monthly - End of period,1969-03,326,A,,F
M,ID,IDR,E,0,6,A, Exchange rates against USD Indonesia - Rupiah - Monthly - End of period,1969-04,326,A,,F
M,ID,IDR,E,0,6,A, Exchange rates against USD Indonesia - Rupiah - Monthly - End of period,1969-05,326,A,,F
M,ID,IDR,E,0,6,A, Exchange rates against USD Indonesia - Rupiah - Monthly - End of period,1969-06,326,A,,F
M,ID,IDR,E,0,6,A, Exchange rates against USD Indonesia - Rupiah - Monthly - End of period,1969-07,326,A,,F
M,ID,IDR,E,0,6,A, Exchange rates against USD Indonesia - Rupiah - Monthly - End of period,1969-08,326,A,,F
M,ID,IDR,E,0,6,A, Exchange rates against USD Indonesia - Rupiah - Monthly - End of period,1969-09,326,A,,F
M,ID,IDR,E,0,6,A, Exchange rates against USD Indonesia - Rupiah - Monthly - End of period,1969-10,326,A,,F
M,ID,IDR,E,0,6,A, Exchange rates against USD Indonesia - Rupiah - Monthly - End of period,1969-11,326,A,,F
M,ID,IDR,E,0,6,A, Exchange rates against USD Indonesia - Rupiah - Monthly - End of period,1969-12,326,A,,F
M,ID,IDR,E,0,6,A, Exchange rates against USD Indonesia - Rupiah - Monthly - End of period,1970-01,326,A,,F
M,ID,IDR,E,0,6,A, Exchange rates against USD Indonesia - Rupiah - Monthly - End of period,1970-02,326,A,,F
M,ID,IDR,E,0,6,A, Exchange rates against USD Indonesia - Rupiah - Monthly - End of period,1970-03,326,A,,F
M,ID,IDR,E,0,6,A, Exchange rates against USD Indonesia - Rupiah - Monthly - End of period,1970-04,378,A,,F
M,ID,IDR,E,0,6,A, Exchange rates against USD Indonesia - Rupiah - Monthly - End of period,1970-05,378,A,,F
M,ID,IDR,E,0,6,A, Exchange rates against USD Indonesia - Rupiah - Monthly - End of period,1970-06,378,A,,F
M,ID,IDR,E,0,6,A, Exchange rates against USD Indonesia - Rupiah - Monthly - End of period,1970-07,378,A,,F
M,ID,IDR,E,0,6,A, Exchange rates against USD Indonesia - Rupiah - Monthly - End of period,1970-08,378,A,,F
M,ID,IDR,E,0,6,A, Exchange rates against USD Indonesia - Rupiah - Monthly - End of period,1970-09,378,A,,F
M,ID,IDR,E,0,6,A, Exchange rates against USD Indonesia - Rupiah - Monthly - End of period,1970-10,378,A,,F
M,ID,IDR,E,0,6,A, Exchange rates against USD Indonesia - Rupiah - Monthly - End of period,1970-11,378,A,,F
M,ID,IDR,E,0,6,A, Exchange rates against USD Indonesia - Rupiah - Monthly - End of period,1970-12,378,A,,F
M,ID,IDR,E,0,6,A, Exchange rates against USD Indonesia - Rupiah - Monthly - End of period,1971-01,378,A,,F
M,ID,IDR,E,0,6,A, Exchange rates against USD Indonesia - Rupiah - Monthly - End of period,1971-02,378,A,,F
M,ID,IDR,E,0,6,A, Exchange rates against USD Indonesia - Rupiah - Monthly - End of period,1971-03,378,A,,F
M,ID,IDR,E,0,6,A, Exchange rates against USD Indonesia - Rupiah - Monthly - End of period,1971-04,378,A,,F
M,ID,IDR,E,0,6,A, Exchange rates against USD Indonesia - Rupiah - Monthly - End of period,1971-05,378,A,,F
M,ID,IDR,E,0,6,A, Exchange rates against USD Indonesia - Rupiah - Monthly - End of period,1971-06,378,A,,F
M,ID,IDR,E,0,6,A, Exchange rates against USD Indonesia - Rupiah - Monthly - End of period,1971-07,378,A,,F
M,ID,IDR,E,0,6,A, Exchange rates against USD Indonesia - Rupiah - Monthly - End of period,1971-08,415,A,,F
M,ID,IDR,E,0,6,A, Exchange rates against USD Indonesia - Rupiah - Monthly - End of period,1971-09,415,A,,F
M,ID,IDR,E,0,6,A, Exchange rates against USD Indonesia - Rupiah - Monthly - End of period,1971-10,415,A,,F
M,ID,IDR,E,0,6,A, Exchange rates against USD Indonesia - Rupiah - Monthly - End of period,1971-11,415,A,,F
M,ID,IDR,E,0,6,A, Exchange rates against USD Indonesia - Rupiah - Monthly - End of period,1971-12,415,A,,F
M,ID,IDR,E,0,6,A, Exchange rates against USD Indonesia - Rupiah - Monthly - End of period,1972-01,415,A,,F
M,ID,IDR,E,0,6,A, Exchange rates against USD Indonesia - Rupiah - Monthly - End of period,1972-02,415,A,,F
M,ID,IDR,E,0,6,A, Exchange rates against USD Indonesia - Rupiah - Monthly - End of period,1972-03,415,A,,F
M,ID,IDR,E,0,6,A, Exchange rates against USD Indonesia - Rupiah - Monthly - End of period,1972-04,415,A,,F
M,ID,IDR,E,0,6,A, Exchange rates against USD Indonesia - Rupiah - Monthly - End of period,1972-05,415,A,,F
M,ID,IDR,E,0,6,A, Exchange rates against USD Indonesia - Rupiah - Monthly - End of period,1972-06,415,A,,F
M,ID,IDR,E,0,6,A, Exchange rates against USD Indonesia - Rupiah - Monthly - End of period,1972-07,415,A,,F
M,ID,IDR,E,0,6,A, Exchange rates against USD Indonesia - Rupiah - Monthly - End of period,1972-08,415,A,,F
M,ID,IDR,E,0,6,A, Exchange rates against USD Indonesia - Rupiah - Monthly - End of period,1972-09,415,A,,F
M,ID,IDR,E,0,6,A, Exchange rates against USD Indonesia - Rupiah - Monthly - End of period,1972-10,415,A,,F
M,ID,IDR,E,0,6,A, Exchange rates against USD Indonesia - Rupiah - Monthly - End of period,1972-11,415,A,,F
M,ID,IDR,E,0,6,A, Exchange rates against USD Indonesia - Rupiah - Monthly - End of period,1972-12,415,A,,F
M,ID,IDR,E,0,6,A, Exchange rates against USD Indonesia - Rupiah - Monthly - End of period,1973-01,415,A,,F
M,ID,IDR,E,0,6,A, Exchange rates against USD Indonesia - Rupiah - Monthly - End of period,1973-02,415,A,,F
M,ID,IDR,E,0,6,A, Exchange rates against USD Indonesia - Rupiah - Monthly - End of period,1973-03,415,A,,F
M,ID,IDR,E,0,6,A, Exchange rates against USD Indonesia - Rupiah - Monthly - End of period,1973-04,415,A,,F
M,ID,IDR,E,0,6,A, Exchange rates against USD Indonesia - Rupiah - Monthly - End of period,1973-05,415,A,,F
M,ID,IDR,E,0,6,A, Exchange rates against USD Indonesia - Rupiah - Monthly - End of period,1973-06,415,A,,F
M,ID,IDR,E,0,6,A, Exchange rates against USD Indonesia - Rupiah - Monthly - End of period,1973-07,415,A,,F
M,ID,IDR,E,0,6,A, Exchange rates against USD Indonesia - Rupiah - Monthly - End of period,1973-08,415,A,,F
M,ID,IDR,E,0,6,A, Exchange rates against USD Indonesia - Rupiah - Monthly - End of period,1973-09,415,A,,F
M,ID,IDR,E,0,6,A, Exchange rates against USD Indonesia - Rupiah - Monthly - End of period,1973-10,415,A,,F
M,ID,IDR,E,0,6,A, Exchange rates against USD Indonesia - Rupiah - Monthly - End of period,1973-11,415,A,,F
M,ID,IDR,E,0,6,A, Exchange rates against USD Indonesia - Rupiah - Monthly - End of period,1973-12,415,A,,F
M,ID,IDR,E,0,6,A, Exchange rates against USD Indonesia - Rupiah - Monthly - End of period,1974-01,415,A,,F
M,ID,IDR,E,0,6,A, Exchange rates against USD Indonesia - Rupiah - Monthly - End of period,1974-02,415,A,,F
M,ID,IDR,E,0,6,A, Exchange rates against USD Indonesia - Rupiah - Monthly - End of period,1974-03,415,A,,F
M,ID,IDR,E,0,6,A, Exchange rates against USD Indonesia - Rupiah - Monthly - End of period,1974-04,415,A,,F
M,ID,IDR,E,0,6,A, Exchange rates against USD Indonesia - Rupiah - Monthly - End of period,1974-05,415,A,,F
M,ID,IDR,E,0,6,A, Exchange rates against USD Indonesia - Rupiah - Monthly - End of period,1974-06,415,A,,F
M,ID,IDR,E,0,6,A, Exchange rates against USD Indonesia - Rupiah - Monthly - End of period,1974-07,415,A,,F
M,ID,IDR,E,0,6,A, Exchange rates against USD Indonesia - Rupiah - Monthly - End of period,1974-08,415,A,,F
M,ID,IDR,E,0,6,A, Exchange rates against USD Indonesia - Rupiah - Monthly - End of period,1974-09,415,A,,F
M,ID,IDR,E,0,6,A, Exchange rates against USD Indonesia - Rupiah - Monthly - End of period,1974-10,415,A,,F
M,ID,IDR,E,0,6,A, Exchange rates against USD Indonesia - Rupiah - Monthly - End of period,1974-11,415,A,,F
M,ID,IDR,E,0,6,A, Exchange rates against USD Indonesia - Rupiah - Monthly - End of period,1974-12,415,A,,F
M,ID,IDR,E,0,6,A, Exchange rates against USD Indonesia - Rupiah - Monthly - End of period,1975-01,415,A,,F
M,ID,IDR,E,0,6,A, Exchange rates against USD Indonesia - Rupiah - Monthly - End of period,1975-02,415,A,,F
M,ID,IDR,E,0,6,A, Exchange rates against USD Indonesia - Rupiah - Monthly - End of period,1975-03,415,A,,F
M,ID,IDR,E,0,6,A, Exchange rates against USD Indonesia - Rupiah - Monthly - End of period,1975-04,415,A,,F
M,ID,IDR,E,0,6,A, Exchange rates against USD Indonesia - Rupiah - Monthly - End of period,1975-05,415,A,,F
M,ID,IDR,E,0,6,A, Exchange rates against USD Indonesia - Rupiah - Monthly - End of period,1975-06,415,A,,F
M,ID,IDR,E,0,6,A, Exchange rates against USD Indonesia - Rupiah - Monthly - End of period,1975-07,415,A,,F
M,ID,IDR,E,0,6,A, Exchange rates against USD Indonesia - Rupiah - Monthly - End of period,1975-08,415,A,,F
M,ID,IDR,E,0,6,A, Exchange rates against USD Indonesia - Rupiah - Monthly - End of period,1975-09,415,A,,F
M,ID,IDR,E,0,6,A, Exchange rates against USD Indonesia - Rupiah - Monthly - End of period,1975-10,415,A,,F
M,ID,IDR,E,0,6,A, Exchange rates against USD Indonesia - Rupiah - Monthly - End of period,1975-11,415,A,,F
M,ID,IDR,E,0,6,A, Exchange rates against USD Indonesia - Rupiah - Monthly - End of period,1975-12,415,A,,F
M,ID,IDR,E,0,6,A, Exchange rates against USD Indonesia - Rupiah - Monthly - End of period,1976-01,415,A,,F
M,ID,IDR,E,0,6,A, Exchange rates against USD Indonesia - Rupiah - Monthly - End of period,1976-02,415,A,,F
M,ID,IDR,E,0,6,A, Exchange rates against USD Indonesia - Rupiah - Monthly - End of period,1976-03,415,A,,F
M,ID,IDR,E,0,6,A, Exchange rates against USD Indonesia - Rupiah - Monthly - End of period,1976-04,415,A,,F
M,ID,IDR,E,0,6,A, Exchange rates against USD Indonesia - Rupiah - Monthly - End of period,1976-05,415,A,,F
M,ID,IDR,E,0,6,A, Exchange rates against USD Indonesia - Rupiah - Monthly - End of period,1976-06,415,A,,F
M,ID,IDR,E,0,6,A, Exchange rates against USD Indonesia - Rupiah - Monthly - End of period,1976-07,415,A,,F
M,ID,IDR,E,0,6,A, Exchange rates against USD Indonesia - Rupiah - Monthly - End of period,1976-08,415,A,,F
M,ID,IDR,E,0,6,A, Exchange rates against USD Indonesia - Rupiah - Monthly - End of period,1976-09,415,A,,F
M,ID,IDR,E,0,6,A, Exchange rates against USD Indonesia - Rupiah - Monthly - End of period,1976-10,415,A,,F
M,ID,IDR,E,0,6,A, Exchange rates against USD Indonesia - Rupiah - Monthly - End of period,1976-11,415,A,,F
M,ID,IDR,E,0,6,A, Exchange rates against USD Indonesia - Rupiah - Monthly - End of period,1976-12,415,A,,F
M,ID,IDR,E,0,6,A, Exchange rates against USD Indonesia - Rupiah - Monthly - End of period,1977-01,415,A,,F
M,ID,IDR,E,0,6,A, Exchange rates against USD Indonesia - Rupiah - Monthly - End of period,1977-02,415,A,,F
M,ID,IDR,E,0,6,A, Exchange rates against USD Indonesia - Rupiah - Monthly - End of period,1977-03,415,A,,F
M,ID,IDR,E,0,6,A, Exchange rates against USD Indonesia - Rupiah - Monthly - End of period,1977-04,415,A,,F
M,ID,IDR,E,0,6,A, Exchange rates against USD Indonesia - Rupiah - Monthly - End of period,1977-05,415,A,,F
M,ID,IDR,E,0,6,A, Exchange rates against USD Indonesia - Rupiah - Monthly - End of period,1977-06,415,A,,F
M,ID,IDR,E,0,6,A, Exchange rates against USD Indonesia - Rupiah - Monthly - End of period,1977-07,415,A,,F
M,ID,IDR,E,0,6,A, Exchange rates against USD Indonesia - Rupiah - Monthly - End of period,1977-08,415,A,,F
M,ID,IDR,E,0,6,A, Exchange rates against USD Indonesia - Rupiah - Monthly - End of period,1977-09,415,A,,F
M,ID,IDR,E,0,6,A, Exchange rates against USD Indonesia - Rupiah - Monthly - End of period,1977-10,415,A,,F
M,ID,IDR,E,0,6,A, Exchange rates against USD Indonesia - Rupiah - Monthly - End of period,1977-11,415,A,,F
M,ID,IDR,E,0,6,A, Exchange rates against USD Indonesia - Rupiah - Monthly - End of period,1977-12,415,A,,F
M,ID,IDR,E,0,6,A, Exchange rates against USD Indonesia - Rupiah - Monthly - End of period,1978-01,415,A,,F
M,ID,IDR,E,0,6,A, Exchange rates against USD Indonesia - Rupiah - Monthly - End of period,1978-02,415,A,,F
M,ID,IDR,E,0,6,A, Exchange rates against USD Indonesia - Rupiah - Monthly - End of period,1978-03,415,A,,F
M,ID,IDR,E,0,6,A, Exchange rates against USD Indonesia - Rupiah - Monthly - End of period,1978-04,415,A,,F
M,ID,IDR,E,0,6,A, Exchange rates against USD Indonesia - Rupiah - Monthly - End of period,1978-05,415,A,,F
M,ID,IDR,E,0,6,A, Exchange rates against USD Indonesia - Rupiah - Monthly - End of period,1978-06,415,A,,F
M,ID,IDR,E,0,6,A, Exchange rates against USD Indonesia - Rupiah - Monthly - End of period,1978-07,415,A,,F
M,ID,IDR,E,0,6,A, Exchange rates against USD Indonesia - Rupiah - Monthly - End of period,1978-08,415,A,,F
M,ID,IDR,E,0,6,A, Exchange rates against USD Indonesia - Rupiah - Monthly - End of period,1978-09,415,A,,F
M,ID,IDR,E,0,6,A, Exchange rates against USD Indonesia - Rupiah - Monthly - End of period,1978-10,415,A,,F
M,ID,IDR,E,0,6,A, Exchange rates against USD Indonesia - Rupiah - Monthly - End of period,1978-11,625,A,,F
M,ID,IDR,E,0,6,A, Exchange rates against USD Indonesia - Rupiah - Monthly - End of period,1978-12,625,A,,F
M,ID,IDR,E,0,6,A, Exchange rates against USD Indonesia - Rupiah - Monthly - End of period,1979-01,625,A,,F
M,ID,IDR,E,0,6,A, Exchange rates against USD Indonesia - Rupiah - Monthly - End of period,1979-02,622.25,A,,F
M,ID,IDR,E,0,6,A, Exchange rates against USD Indonesia - Rupiah - Monthly - End of period,1979-03,623.5,A,,F
M,ID,IDR,E,0,6,A, Exchange rates against USD Indonesia - Rupiah - Monthly - End of period,1979-04,625.25,A,,F
M,ID,IDR,E,0,6,A, Exchange rates against USD Indonesia - Rupiah - Monthly - End of period,1979-05,626.25,A,,F
M,ID,IDR,E,0,6,A, Exchange rates against USD Indonesia - Rupiah - Monthly - End of period,1979-06,625.75,A,,F
M,ID,IDR,E,0,6,A, Exchange rates against USD Indonesia - Rupiah - Monthly - End of period,1979-07,625.5,A,,F
M,ID,IDR,E,0,6,A, Exchange rates against USD Indonesia - Rupiah - Monthly - End of period,1979-08,625.75,A,,F
M,ID,IDR,E,0,6,A, Exchange rates against USD Indonesia - Rupiah - Monthly - End of period,1979-09,625.5,A,,F
M,ID,IDR,E,0,6,A, Exchange rates against USD Indonesia - Rupiah - Monthly - End of period,1979-10,627.25,A,,F
M,ID,IDR,E,0,6,A, Exchange rates against USD Indonesia - Rupiah - Monthly - End of period,1979-11,627.25,A,,F
M,ID,IDR,E,0,6,A, Exchange rates against USD Indonesia - Rupiah - Monthly - End of period,1979-12,627,A,,F
M,ID,IDR,E,0,6,A, Exchange rates against USD Indonesia - Rupiah - Monthly - End of period,1980-01,627.25,A,,F
M,ID,IDR,E,0,6,A, Exchange rates against USD Indonesia - Rupiah - Monthly - End of period,1980-02,628.5,A,,F
M,ID,IDR,E,0,6,A, Exchange rates against USD Indonesia - Rupiah - Monthly - End of period,1980-03,629,A,,F
M,ID,IDR,E,0,6,A, Exchange rates against USD Indonesia - Rupiah - Monthly - End of period,1980-04,628.5,A,,F
M,ID,IDR,E,0,6,A, Exchange rates against USD Indonesia - Rupiah - Monthly - End of period,1980-05,626.25,A,,F
M,ID,IDR,E,0,6,A, Exchange rates against USD Indonesia - Rupiah - Monthly - End of period,1980-06,625.25,A,,F
M,ID,IDR,E,0,6,A, Exchange rates against USD Indonesia - Rupiah - Monthly - End of period,1980-07,626.5,A,,F
M,ID,IDR,E,0,6,A, Exchange rates against USD Indonesia - Rupiah - Monthly - End of period,1980-08,625.75,A,,F
M,ID,IDR,E,0,6,A, Exchange rates against USD Indonesia - Rupiah - Monthly - End of period,1980-09,625.75,A,,F
M,ID,IDR,E,0,6,A, Exchange rates against USD Indonesia - Rupiah - Monthly - End of period,1980-10,626.5,A,,F
M,ID,IDR,E,0,6,A, Exchange rates against USD Indonesia - Rupiah - Monthly - End of period,1980-11,627.5,A,,F
M,ID,IDR,E,0,6,A, Exchange rates against USD Indonesia - Rupiah - Monthly - End of period,1980-12,626.75,A,,F
M,ID,IDR,E,0,6,A, Exchange rates against USD Indonesia - Rupiah - Monthly - End of period,1981-01,628.25,A,,F
M,ID,IDR,E,0,6,A, Exchange rates against USD Indonesia - Rupiah - Monthly - End of period,1981-02,628.5,A,,F
M,ID,IDR,E,0,6,A, Exchange rates against USD Indonesia - Rupiah - Monthly - End of period,1981-03,628,A,,F
M,ID,IDR,E,0,6,A, Exchange rates against USD Indonesia - Rupiah - Monthly - End of period,1981-04,629,A,,F
M,ID,IDR,E,0,6,A, Exchange rates against USD Indonesia - Rupiah - Monthly - End of period,1981-05,630,A,,F
M,ID,IDR,E,0,6,A, Exchange rates against USD Indonesia - Rupiah - Monthly - End of period,1981-06,631.25,A,,F
M,ID,IDR,E,0,6,A, Exchange rates against USD Indonesia - Rupiah - Monthly - End of period,1981-07,633.5,A,,F
M,ID,IDR,E,0,6,A, Exchange rates against USD Indonesia - Rupiah - Monthly - End of period,1981-08,633,A,,F
M,ID,IDR,E,0,6,A, Exchange rates against USD Indonesia - Rupiah - Monthly - End of period,1981-09,633.75,A,,F
M,ID,IDR,E,0,6,A, Exchange rates against USD Indonesia - Rupiah - Monthly - End of period,1981-10,634.75,A,,F
M,ID,IDR,E,0,6,A, Exchange rates against USD Indonesia - Rupiah - Monthly - End of period,1981-11,634.5,A,,F
M,ID,IDR,E,0,6,A, Exchange rates against USD Indonesia - Rupiah - Monthly - End of period,1981-12,644,A,,F
M,ID,IDR,E,0,6,A, Exchange rates against USD Indonesia - Rupiah - Monthly - End of period,1982-01,646.75,A,,F
M,ID,IDR,E,0,6,A, Exchange rates against USD Indonesia - Rupiah - Monthly - End of period,1982-02,649.75,A,,F
M,ID,IDR,E,0,6,A, Exchange rates against USD Indonesia - Rupiah - Monthly - End of period,1982-03,651.75,A,,F
M,ID,IDR,E,0,6,A, Exchange rates against USD Indonesia - Rupiah - Monthly - End of period,1982-04,651.75,A,,F
M,ID,IDR,E,0,6,A, Exchange rates against USD Indonesia - Rupiah - Monthly - End of period,1982-05,654,A,,F
M,ID,IDR,E,0,6,A, Exchange rates against USD Indonesia - Rupiah - Monthly - End of period,1982-06,657.25,A,,F
M,ID,IDR,E,0,6,A, Exchange rates against USD Indonesia - Rupiah - Monthly - End of period,1982-07,659.75,A,,F
M,ID,IDR,E,0,6,A, Exchange rates against USD Indonesia - Rupiah - Monthly - End of period,1982-08,665,A,,F
M,ID,IDR,E,0,6,A, Exchange rates against USD Indonesia - Rupiah - Monthly - End of period,1982-09,671.25,A,,F
M,ID,IDR,E,0,6,A, Exchange rates against USD Indonesia - Rupiah - Monthly - End of period,1982-10,681,A,,F
M,ID,IDR,E,0,6,A, Exchange rates against USD Indonesia - Rupiah - Monthly - End of period,1982-11,684,A,,F
M,ID,IDR,E,0,6,A, Exchange rates against USD Indonesia - Rupiah - Monthly - End of period,1982-12,692.5,A,,F
M,ID,IDR,E,0,6,A, Exchange rates against USD Indonesia - Rupiah - Monthly - End of period,1983-01,696.25,A,,F
M,ID,IDR,E,0,6,A, Exchange rates against USD Indonesia - Rupiah - Monthly - End of period,1983-02,700.5,A,,F
M,ID,IDR,E,0,6,A, Exchange rates against USD Indonesia - Rupiah - Monthly - End of period,1983-03,702.5,A,,F
M,ID,IDR,E,0,6,A, Exchange rates against USD Indonesia - Rupiah - Monthly - End of period,1983-04,968,A,,F
M,ID,IDR,E,0,6,A, Exchange rates against USD Indonesia - Rupiah - Monthly - End of period,1983-05,969,A,,F
M,ID,IDR,E,0,6,A, Exchange rates against USD Indonesia - Rupiah - Monthly - End of period,1983-06,974,A,,F
M,ID,IDR,E,0,6,A, Exchange rates against USD Indonesia - Rupiah - Monthly - End of period,1983-07,981,A,,F
M,ID,IDR,E,0,6,A, Exchange rates against USD Indonesia - Rupiah - Monthly - End of period,1983-08,984,A,,F
M,ID,IDR,E,0,6,A, Exchange rates against USD Indonesia - Rupiah - Monthly - End of period,1983-09,982,A,,F
M,ID,IDR,E,0,6,A, Exchange rates against USD Indonesia - Rupiah - Monthly - End of period,1983-10,984,A,,F
M,ID,IDR,E,0,6,A, Exchange rates against USD Indonesia - Rupiah - Monthly - End of period,1983-11,991,A,,F
M,ID,IDR,E,0,6,A, Exchange rates against USD Indonesia - Rupiah - Monthly - End of period,1983-12,994,A,,F
M,ID,IDR,E,0,6,A, Exchange rates against USD Indonesia - Rupiah - Monthly - End of period,1984-01,995,A,,F
M,ID,IDR,E,0,6,A, Exchange rates against USD Indonesia - Rupiah - Monthly - End of period,1984-02,993,A,,F
M,ID,IDR,E,0,6,A, Exchange rates against USD Indonesia - Rupiah - Monthly - End of period,1984-03,1000,A,,F
M,ID,IDR,E,0,6,A, Exchange rates against USD Indonesia - Rupiah - Monthly - End of period,1984-04,1005,A,,F
M,ID,IDR,E,0,6,A, Exchange rates against USD Indonesia - Rupiah - Monthly - End of period,1984-05,1009,A,,F
M,ID,IDR,E,0,6,A, Exchange rates against USD Indonesia - Rupiah - Monthly - End of period,1984-06,1014,A,,F
M,ID,IDR,E,0,6,A, Exchange rates against USD Indonesia - Rupiah - Monthly - End of period,1984-07,1027,A,,F
M,ID,IDR,E,0,6,A, Exchange rates against USD Indonesia - Rupiah - Monthly - End of period,1984-08,1048,A,,F
M,ID,IDR,E,0,6,A, Exchange rates against USD Indonesia - Rupiah - Monthly - End of period,1984-09,1059,A,,F
M,ID,IDR,E,0,6,A, Exchange rates against USD Indonesia - Rupiah - Monthly - End of period,1984-10,1061,A,,F
M,ID,IDR,E,0,6,A, Exchange rates against USD Indonesia - Rupiah - Monthly - End of period,1984-11,1067,A,,F
M,ID,IDR,E,0,6,A, Exchange rates against USD Indonesia - Rupiah - Monthly - End of period,1984-12,1074,A,,F
M,ID,IDR,E,0,6,A, Exchange rates against USD Indonesia - Rupiah - Monthly - End of period,1985-01,1082,A,,F
M,ID,IDR,E,0,6,A, Exchange rates against USD Indonesia - Rupiah - Monthly - End of period,1985-02,1092,A,,F
M,ID,IDR,E,0,6,A, Exchange rates against USD Indonesia - Rupiah - Monthly - End of period,1985-03,1102,A,,F
M,ID,IDR,E,0,6,A, Exchange rates against USD Indonesia - Rupiah - Monthly - End of period,1985-04,1109,A,,F
M,ID,IDR,E,0,6,A, Exchange rates against USD Indonesia - Rupiah - Monthly - End of period,1985-05,1117,A,,F
M,ID,IDR,E,0,6,A, Exchange rates against USD Indonesia - Rupiah - Monthly - End of period,1985-06,1118,A,,F
M,ID,IDR,E,0,6,A, Exchange rates against USD Indonesia - Rupiah - Monthly - End of period,1985-07,1116,A,,F
M,ID,IDR,E,0,6,A, Exchange rates against USD Indonesia - Rupiah - Monthly - End of period,1985-08,1119,A,,F
M,ID,IDR,E,0,6,A, Exchange rates against USD Indonesia - Rupiah - Monthly - End of period,1985-09,1121,A,,F
M,ID,IDR,E,0,6,A, Exchange rates against USD Indonesia - Rupiah - Monthly - End of period,1985-10,1123,A,,F
M,ID,IDR,E,0,6,A, Exchange rates against USD Indonesia - Rupiah - Monthly - End of period,1985-11,1122,A,,F
M,ID,IDR,E,0,6,A, Exchange rates against USD Indonesia - Rupiah - Monthly - End of period,1985-12,1125,A,,F
M,ID,IDR,E,0,6,A, Exchange rates against USD Indonesia - Rupiah - Monthly - End of period,1986-01,1127,A,,F
M,ID,IDR,E,0,6,A, Exchange rates against USD Indonesia - Rupiah - Monthly - End of period,1986-02,1128,A,,F
M,ID,IDR,E,0,6,A, Exchange rates against USD Indonesia - Rupiah - Monthly - End of period,1986-03,1125,A,,F
M,ID,IDR,E,0,6,A, Exchange rates against USD Indonesia - Rupiah - Monthly - End of period,1986-04,1124,A,,F
M,ID,IDR,E,0,6,A, Exchange rates against USD Indonesia - Rupiah - Monthly - End of period,1986-05,1130,A,,F
M,ID,IDR,E,0,6,A, Exchange rates against USD Indonesia - Rupiah - Monthly - End of period,1986-06,1131,A,,F
M,ID,IDR,E,0,6,A, Exchange rates against USD Indonesia - Rupiah - Monthly - End of period,1986-07,1131,A,,F
M,ID,IDR,E,0,6,A, Exchange rates against USD Indonesia - Rupiah - Monthly - End of period,1986-08,1132,A,,F
M,ID,IDR,E,0,6,A, Exchange rates against USD Indonesia - Rupiah - Monthly - End of period,1986-09,1633,A,,F
M,ID,IDR,E,0,6,A, Exchange rates against USD Indonesia - Rupiah - Monthly - End of period,1986-10,1640,A,,F
M,ID,IDR,E,0,6,A, Exchange rates against USD Indonesia - Rupiah - Monthly - End of period,1986-11,1650,A,,F
M,ID,IDR,E,0,6,A, Exchange rates against USD Indonesia - Rupiah - Monthly - End of period,1986-12,1641,A,,F
M,ID,IDR,E,0,6,A, Exchange rates against USD Indonesia - Rupiah - Monthly - End of period,1987-01,1633,A,,F
M,ID,IDR,E,0,6,A, Exchange rates against USD Indonesia - Rupiah - Monthly - End of period,1987-02,1644,A,,F
M,ID,IDR,E,0,6,A, Exchange rates against USD Indonesia - Rupiah - Monthly - End of period,1987-03,1644,A,,F
M,ID,IDR,E,0,6,A, Exchange rates against USD Indonesia - Rupiah - Monthly - End of period,1987-04,1641,A,,F
M,ID,IDR,E,0,6,A, Exchange rates against USD Indonesia - Rupiah - Monthly - End of period,1987-05,1649,A,,F
M,ID,IDR,E,0,6,A, Exchange rates against USD Indonesia - Rupiah - Monthly - End of period,1987-06,1648,A,,F
M,ID,IDR,E,0,6,A, Exchange rates against USD Indonesia - Rupiah - Monthly - End of period,1987-07,1640,A,,F
M,ID,IDR,E,0,6,A, Exchange rates against USD Indonesia - Rupiah - Monthly - End of period,1987-08,1640,A,,F
M,ID,IDR,E,0,6,A, Exchange rates against USD Indonesia - Rupiah - Monthly - End of period,1987-09,1650,A,,F
M,ID,IDR,E,0,6,A, Exchange rates against USD Indonesia - Rupiah - Monthly - End of period,1987-10,1648,A,,F
M,ID,IDR,E,0,6,A, Exchange rates against USD Indonesia - Rupiah - Monthly - End of period,1987-11,1650,A,,F
M,ID,IDR,E,0,6,A, Exchange rates against USD Indonesia - Rupiah - Monthly - End of period,1987-12,1650,A,,F
M,ID,IDR,E,0,6,A, Exchange rates against USD Indonesia - Rupiah - Monthly - End of period,1988-01,1660,A,,F
M,ID,IDR,E,0,6,A, Exchange rates against USD Indonesia - Rupiah - Monthly - End of period,1988-02,1660,A,,F
M,ID,IDR,E,0,6,A, Exchange rates against USD Indonesia - Rupiah - Monthly - End of period,1988-03,1660,A,,F
M,ID,IDR,E,0,6,A, Exchange rates against USD Indonesia - Rupiah - Monthly - End of period,1988-04,1667,A,,F
M,ID,IDR,E,0,6,A, Exchange rates against USD Indonesia - Rupiah - Monthly - End of period,1988-05,1671,A,,F
M,ID,IDR,E,0,6,A, Exchange rates against USD Indonesia - Rupiah - Monthly - End of period,1988-06,1683,A,,F
M,ID,IDR,E,0,6,A, Exchange rates against USD Indonesia - Rupiah - Monthly - End of period,1988-07,1688,A,,F
M,ID,IDR,E,0,6,A, Exchange rates against USD Indonesia - Rupiah - Monthly - End of period,1988-08,1694,A,,F
M,ID,IDR,E,0,6,A, Exchange rates against USD Indonesia - Rupiah - Monthly - End of period,1988-09,1702,A,,F
M,ID,IDR,E,0,6,A, Exchange rates against USD Indonesia - Rupiah - Monthly - End of period,1988-10,1713,A,,F
M,ID,IDR,E,0,6,A, Exchange rates against USD Indonesia - Rupiah - Monthly - End of period,1988-11,1716,A,,F
M,ID,IDR,E,0,6,A, Exchange rates against USD Indonesia - Rupiah - Monthly - End of period,1988-12,1725,A,,F
M,ID,IDR,E,0,6,A, Exchange rates against USD Indonesia - Rupiah - Monthly - End of period,1989-01,1729,A,,F
M,ID,IDR,E,0,6,A, Exchange rates against USD Indonesia - Rupiah - Monthly - End of period,1989-02,1731,A,,F
M,ID,IDR,E,0,6,A, Exchange rates against USD Indonesia - Rupiah - Monthly - End of period,1989-03,1741,A,,F
M,ID,IDR,E,0,6,A, Exchange rates against USD Indonesia - Rupiah - Monthly - End of period,1989-04,1742,A,,F
M,ID,IDR,E,0,6,A, Exchange rates against USD Indonesia - Rupiah - Monthly - End of period,1989-05,1759,A,,F
M,ID,IDR,E,0,6,A, Exchange rates against USD Indonesia - Rupiah - Monthly - End of period,1989-06,1757,A,,F
M,ID,IDR,E,0,6,A, Exchange rates against USD Indonesia - Rupiah - Monthly - End of period,1989-07,1765,A,,F
M,ID,IDR,E,0,6,A, Exchange rates against USD Indonesia - Rupiah - Monthly - End of period,1989-08,1775,A,,F
M,ID,IDR,E,0,6,A, Exchange rates against USD Indonesia - Rupiah - Monthly - End of period,1989-09,1774,A,,F
M,ID,IDR,E,0,6,A, Exchange rates against USD Indonesia - Rupiah - Monthly - End of period,1989-10,1786,A,,F
M,ID,IDR,E,0,6,A, Exchange rates against USD Indonesia - Rupiah - Monthly - End of period,1989-11,1782,A,,F
M,ID,IDR,E,0,6,A, Exchange rates against USD Indonesia - Rupiah - Monthly - End of period,1989-12,1784,A,,F
M,ID,IDR,E,0,6,A, Exchange rates against USD Indonesia - Rupiah - Monthly - End of period,1990-01,1793,A,,F
M,ID,IDR,E,0,6,A, Exchange rates against USD Indonesia - Rupiah - Monthly - End of period,1990-02,1802,A,,F
M,ID,IDR,E,0,6,A, Exchange rates against USD Indonesia - Rupiah - Monthly - End of period,1990-03,1801,A,,F
M,ID,IDR,E,0,6,A, Exchange rates against USD Indonesia - Rupiah - Monthly - End of period,1990-04,1816,A,,F
M,ID,IDR,E,0,6,A, Exchange rates against USD Indonesia - Rupiah - Monthly - End of period,1990-05,1823,A,,F
M,ID,IDR,E,0,6,A, Exchange rates against USD Indonesia - Rupiah - Monthly - End of period,1990-06,1832,A,,F
M,ID,IDR,E,0,6,A, Exchange rates against USD Indonesia - Rupiah - Monthly - End of period,1990-07,1839,A,,F
M,ID,IDR,E,0,6,A, Exchange rates against USD Indonesia - Rupiah - Monthly - End of period,1990-08,1844,A,,F
M,ID,IDR,E,0,6,A, Exchange rates against USD Indonesia - Rupiah - Monthly - End of period,1990-09,1846,A,,F
M,ID,IDR,E,0,6,A, Exchange rates against USD Indonesia - Rupiah - Monthly - End of period,1990-10,1854,A,,F
M,ID,IDR,E,0,6,A, Exchange rates against USD Indonesia - Rupiah - Monthly - End of period,1990-11,1867,A,,F
M,ID,IDR,E,0,6,A, Exchange rates against USD Indonesia - Rupiah - Monthly - End of period,1990-12,1880,A,,F
M,ID,IDR,E,0,6,A, Exchange rates against USD Indonesia - Rupiah - Monthly - End of period,1991-01,1895,A,,F
M,ID,IDR,E,0,6,A, Exchange rates against USD Indonesia - Rupiah - Monthly - End of period,1991-02,1903,A,,F
M,ID,IDR,E,0,6,A, Exchange rates against USD Indonesia - Rupiah - Monthly - End of period,1991-03,1914,A,,F
M,ID,IDR,E,0,6,A, Exchange rates against USD Indonesia - Rupiah - Monthly - End of period,1991-04,1937.5,A,,F
M,ID,IDR,E,0,6,A, Exchange rates against USD Indonesia - Rupiah - Monthly - End of period,1991-05,1942.5,A,,F
M,ID,IDR,E,0,6,A, Exchange rates against USD Indonesia - Rupiah - Monthly - End of period,1991-06,1935,A,,F
M,ID,IDR,E,0,6,A, Exchange rates against USD Indonesia - Rupiah - Monthly - End of period,1991-07,1955,A,,F
M,ID,IDR,E,0,6,A, Exchange rates against USD Indonesia - Rupiah - Monthly - End of period,1991-08,1961,A,,F
M,ID,IDR,E,0,6,A, Exchange rates against USD Indonesia - Rupiah - Monthly - End of period,1991-09,1967,A,,F
M,ID,IDR,E,0,6,A, Exchange rates against USD Indonesia - Rupiah - Monthly - End of period,1991-10,1979,A,,F
M,ID,IDR,E,0,6,A, Exchange rates against USD Indonesia - Rupiah - Monthly - End of period,1991-11,1980,A,,F
M,ID,IDR,E,0,6,A, Exchange rates against USD Indonesia - Rupiah - Monthly - End of period,1991-12,1994.5,A,,F
M,ID,IDR,E,0,6,A, Exchange rates against USD Indonesia - Rupiah - Monthly - End of period,1992-01,2000.5,A,,F
M,ID,IDR,E,0,6,A, Exchange rates against USD Indonesia - Rupiah - Monthly - End of period,1992-02,2010.25,A,,F
M,ID,IDR,E,0,6,A, Exchange rates against USD Indonesia - Rupiah - Monthly - End of period,1992-03,2014,A,,F
M,ID,IDR,E,0,6,A, Exchange rates against USD Indonesia - Rupiah - Monthly - End of period,1992-04,2020.5,A,,F
M,ID,IDR,E,0,6,A, Exchange rates against USD Indonesia - Rupiah - Monthly - End of period,1992-05,2030,A,,F
M,ID,IDR,E,0,6,A, Exchange rates against USD Indonesia - Rupiah - Monthly - End of period,1992-06,2033,A,,F
M,ID,IDR,E,0,6,A, Exchange rates against USD Indonesia - Rupiah - Monthly - End of period,1992-07,2031,A,,F
M,ID,IDR,E,0,6,A, Exchange rates against USD Indonesia - Rupiah - Monthly - End of period,1992-08,2031.5,A,,F
M,ID,IDR,E,0,6,A, Exchange rates against USD Indonesia - Rupiah - Monthly - End of period,1992-09,2038,A,,F
M,ID,IDR,E,0,6,A, Exchange rates against USD Indonesia - Rupiah - Monthly - End of period,1992-10,2045.5,A,,F
M,ID,IDR,E,0,6,A, Exchange rates against USD Indonesia - Rupiah - Monthly - End of period,1992-11,2064,A,,F
M,ID,IDR,E,0,6,A, Exchange rates against USD Indonesia - Rupiah - Monthly - End of period,1992-12,2067.5,A,,F
M,ID,IDR,E,0,6,A, Exchange rates against USD Indonesia - Rupiah - Monthly - End of period,1993-01,2065,A,,F
M,ID,IDR,E,0,6,A, Exchange rates against USD Indonesia - Rupiah - Monthly - End of period,1993-02,2067,A,,F
M,ID,IDR,E,0,6,A, Exchange rates against USD Indonesia - Rupiah - Monthly - End of period,1993-03,2071,A,,F
M,ID,IDR,E,0,6,A, Exchange rates against USD Indonesia - Rupiah - Monthly - End of period,1993-04,2079.5,A,,F
M,ID,IDR,E,0,6,A, Exchange rates against USD Indonesia - Rupiah - Monthly - End of period,1993-05,2081.38,A,,F
M,ID,IDR,E,0,6,A, Exchange rates against USD Indonesia - Rupiah - Monthly - End of period,1993-06,2089,A,,F
M,ID,IDR,E,0,6,A, Exchange rates against USD Indonesia - Rupiah - Monthly - End of period,1993-07,2096,A,,F
M,ID,IDR,E,0,6,A, Exchange rates against USD Indonesia - Rupiah - Monthly - End of period,1993-08,2102,A,,F
M,ID,IDR,E,0,6,A, Exchange rates against USD Indonesia - Rupiah - Monthly - End of period,1993-09,2106.5,A,,F
M,ID,IDR,E,0,6,A, Exchange rates against USD Indonesia - Rupiah - Monthly - End of period,1993-10,2101.55,A,,F
M,ID,IDR,E,0,6,A, Exchange rates against USD Indonesia - Rupiah - Monthly - End of period,1993-11,2103.35,A,,F
M,ID,IDR,E,0,6,A, Exchange rates against USD Indonesia - Rupiah - Monthly - End of period,1993-12,2111.25,A,,F
M,ID,IDR,E,0,6,A, Exchange rates against USD Indonesia - Rupiah - Monthly - End of period,1994-01,2115.25,A,,F
M,ID,IDR,E,0,6,A, Exchange rates against USD Indonesia - Rupiah - Monthly - End of period,1994-02,2145.13,A,,F
M,ID,IDR,E,0,6,A, Exchange rates against USD Indonesia - Rupiah - Monthly - End of period,1994-03,2155,A,,F
M,ID,IDR,E,0,6,A, Exchange rates against USD Indonesia - Rupiah - Monthly - End of period,1994-04,2156.5,A,,F
M,ID,IDR,E,0,6,A, Exchange rates against USD Indonesia - Rupiah - Monthly - End of period,1994-05,2164.25,A,,F
M,ID,IDR,E,0,6,A, Exchange rates against USD Indonesia - Rupiah - Monthly - End of period,1994-06,2169.98,A,,F
M,ID,IDR,E,0,6,A, Exchange rates against USD Indonesia - Rupiah - Monthly - End of period,1994-07,2165.38,A,,F
M,ID,IDR,E,0,6,A, Exchange rates against USD Indonesia - Rupiah - Monthly - End of period,1994-08,2173.75,A,,F
M,ID,IDR,E,0,6,A, Exchange rates against USD Indonesia - Rupiah - Monthly - End of period,1994-09,2176.05,A,,F
M,ID,IDR,E,0,6,A, Exchange rates against USD Indonesia - Rupiah - Monthly - End of period,1994-10,2171.13,A,,F
M,ID,IDR,E,0,6,A, Exchange rates against USD Indonesia - Rupiah - Monthly - End of period,1994-11,2178.55,A,,F
M,ID,IDR,E,0,6,A, Exchange rates against USD Indonesia - Rupiah - Monthly - End of period,1994-12,2198,A,,F
M,ID,IDR,E,0,6,A, Exchange rates against USD Indonesia - Rupiah - Monthly - End of period,1995-01,2217,A,,F
M,ID,IDR,E,0,6,A, Exchange rates against USD Indonesia - Rupiah - Monthly - End of period,1995-02,2216.75,A,,F
M,ID,IDR,E,0,6,A, Exchange rates against USD Indonesia - Rupiah - Monthly - End of period,1995-03,2238,A,,F
M,ID,IDR,E,0,6,A, Exchange rates against USD Indonesia - Rupiah - Monthly - End of period,1995-04,2233,A,,F
M,ID,IDR,E,0,6,A, Exchange rates against USD Indonesia - Rupiah - Monthly - End of period,1995-05,2226.5,A,,F
M,ID,IDR,E,0,6,A, Exchange rates against USD Indonesia - Rupiah - Monthly - End of period,1995-06,2227,A,,F
M,ID,IDR,E,0,6,A, Exchange rates against USD Indonesia - Rupiah - Monthly - End of period,1995-07,2234,A,,F
M,ID,IDR,E,0,6,A, Exchange rates against USD Indonesia - Rupiah - Monthly - End of period,1995-08,2266.5,A,,F
M,ID,IDR,E,0,6,A, Exchange rates against USD Indonesia - Rupiah - Monthly - End of period,1995-09,2266,A,,F
M,ID,IDR,E,0,6,A, Exchange rates against USD Indonesia - Rupiah - Monthly - End of period,1995-10,2271,A,,F
M,ID,IDR,E,0,6,A, Exchange rates against USD Indonesia - Rupiah - Monthly - End of period,1995-11,2283.5,A,,F
M,ID,IDR,E,0,6,A, Exchange rates against USD Indonesia - Rupiah - Monthly - End of period,1995-12,2286.5,A,,F
M,ID,IDR,E,0,6,A, Exchange rates against USD Indonesia - Rupiah - Monthly - End of period,1996-01,2291.5,A,,F
M,ID,IDR,E,0,6,A, Exchange rates against USD Indonesia - Rupiah - Monthly - End of period,1996-02,2316.5,A,,F
M,ID,IDR,E,0,6,A, Exchange rates against USD Indonesia - Rupiah - Monthly - End of period,1996-03,2337.5,A,,F
M,ID,IDR,E,0,6,A, Exchange rates against USD Indonesia - Rupiah - Monthly - End of period,1996-04,2329.5,A,,F
M,ID,IDR,E,0,6,A, Exchange rates against USD Indonesia - Rupiah - Monthly - End of period,1996-05,2332.5,A,,F
M,ID,IDR,E,0,6,A, Exchange rates against USD Indonesia - Rupiah - Monthly - End of period,1996-06,2327.5,A,,F
M,ID,IDR,E,0,6,A, Exchange rates against USD Indonesia - Rupiah - Monthly - End of period,1996-07,2351.5,A,,F
M,ID,IDR,E,0,6,A, Exchange rates against USD Indonesia - Rupiah - Monthly - End of period,1996-08,2342,A,,F
M,ID,IDR,E,0,6,A, Exchange rates against USD Indonesia - Rupiah - Monthly - End of period,1996-09,2321.5,A,,F
M,ID,IDR,E,0,6,A, Exchange rates against USD Indonesia - Rupiah - Monthly - End of period,1996-10,2329.32,A,,F
M,ID,IDR,E,0,6,A, Exchange rates against USD Indonesia - Rupiah - Monthly - End of period,1996-11,2345,A,,F
M,ID,IDR,E,0,6,A, Exchange rates against USD Indonesia - Rupiah - Monthly - End of period,1996-12,2362.5,A,,F
M,ID,IDR,E,0,6,A, Exchange rates against USD Indonesia - Rupiah - Monthly - End of period,1997-01,2376.5,A,,F
M,ID,IDR,E,0,6,A, Exchange rates against USD Indonesia - Rupiah - Monthly - End of period,1997-02,2406,A,,F
M,ID,IDR,E,0,6,A, Exchange rates against USD Indonesia - Rupiah - Monthly - End of period,1997-03,2418,A,,F
M,ID,IDR,E,0,6,A, Exchange rates against USD Indonesia - Rupiah - Monthly - End of period,1997-04,2433,A,,F
M,ID,IDR,E,0,6,A, Exchange rates against USD Indonesia - Rupiah - Monthly - End of period,1997-05,2440,A,,F
M,ID,IDR,E,0,6,A, Exchange rates against USD Indonesia - Rupiah - Monthly - End of period,1997-06,2450,A,,F
M,ID,IDR,E,0,6,A, Exchange rates against USD Indonesia - Rupiah - Monthly - End of period,1997-07,2599,A,,F
M,ID,IDR,E,0,6,A, Exchange rates against USD Indonesia - Rupiah - Monthly - End of period,1997-08,3035,A,,F
M,ID,IDR,E,0,6,A, Exchange rates against USD Indonesia - Rupiah - Monthly - End of period,1997-09,3275,A,,F
M,ID,IDR,E,0,6,A, Exchange rates against USD Indonesia - Rupiah - Monthly - End of period,1997-10,3670,A,,F
M,ID,IDR,E,0,6,A, Exchange rates against USD Indonesia - Rupiah - Monthly - End of period,1997-11,3648,A,,F
M,ID,IDR,E,0,6,A, Exchange rates against USD Indonesia - Rupiah - Monthly - End of period,1997-12,4650,A,,F
M,ID,IDR,E,0,6,A, Exchange rates against USD Indonesia - Rupiah - Monthly - End of period,1998-01,10375,A,,F
M,ID,IDR,E,0,6,A, Exchange rates against USD Indonesia - Rupiah - Monthly - End of period,1998-02,8750,A,,F
M,ID,IDR,E,0,6,A, Exchange rates against USD Indonesia - Rupiah - Monthly - End of period,1998-03,8325,A,,F
M,ID,IDR,E,0,6,A, Exchange rates against USD Indonesia - Rupiah - Monthly - End of period,1998-04,7970,A,,F
M,ID,IDR,E,0,6,A, Exchange rates against USD Indonesia - Rupiah - Monthly - End of period,1998-05,10525,A,,F
M,ID,IDR,E,0,6,A, Exchange rates against USD Indonesia - Rupiah - Monthly - End of period,1998-06,14900,A,,F
M,ID,IDR,E,0,6,A, Exchange rates against USD Indonesia - Rupiah - Monthly - End of period,1998-07,13000,A,,F
M,ID,IDR,E,0,6,A, Exchange rates against USD Indonesia - Rupiah - Monthly - End of period,1998-08,11075,A,,F
M,ID,IDR,E,0,6,A, Exchange rates against USD Indonesia - Rupiah - Monthly - End of period,1998-09,10700,A,,F
M,ID,IDR,E,0,6,A, Exchange rates against USD Indonesia - Rupiah - Monthly - End of period,1998-10,7550,A,,F
M,ID,IDR,E,0,6,A, Exchange rates against USD Indonesia - Rupiah - Monthly - End of period,1998-11,7300,A,,F
M,ID,IDR,E,0,6,A, Exchange rates against USD Indonesia - Rupiah - Monthly - End of period,1998-12,8025,A,,F
M,ID,IDR,E,0,6,A, Exchange rates against USD Indonesia - Rupiah - Monthly - End of period,1999-01,8923.049895,A,,F
M,ID,IDR,E,0,6,A, Exchange rates against USD Indonesia - Rupiah - Monthly - End of period,1999-02,8828.217462,A,,F
M,ID,IDR,E,0,6,A, Exchange rates against USD Indonesia - Rupiah - Monthly - End of period,1999-03,8698.799106,A,,F
M,ID,IDR,E,0,6,A, Exchange rates against USD Indonesia - Rupiah - Monthly - End of period,1999-04,8226.903841,A,,F
M,ID,IDR,E,0,6,A, Exchange rates against USD Indonesia - Rupiah - Monthly - End of period,1999-05,8099.254017,A,,F
M,ID,IDR,E,0,6,A, Exchange rates against USD Indonesia - Rupiah - Monthly - End of period,1999-06,6665.007746,A,,F
M,ID,IDR,E,0,6,A, Exchange rates against USD Indonesia - Rupiah - Monthly - End of period,1999-07,6835.964092,A,,F
M,ID,IDR,E,0,6,A, Exchange rates against USD Indonesia - Rupiah - Monthly - End of period,1999-08,7705.73158,A,,F
M,ID,IDR,E,0,6,A, Exchange rates against USD Indonesia - Rupiah - Monthly - End of period,1999-09,8400.403188,A,,F
M,ID,IDR,E,0,6,A, Exchange rates against USD Indonesia - Rupiah - Monthly - End of period,1999-10,6908.313403,A,,F
M,ID,IDR,E,0,6,A, Exchange rates against USD Indonesia - Rupiah - Monthly - End of period,1999-11,7330.088145,A,,F
M,ID,IDR,E,0,6,A, Exchange rates against USD Indonesia - Rupiah - Monthly - End of period,1999-12,7020.475811,A,,F
M,ID,IDR,E,0,6,A, Exchange rates against USD Indonesia - Rupiah - Monthly - End of period,2000-01,7426.524359,A,,F
M,ID,IDR,E,0,6,A, Exchange rates against USD Indonesia - Rupiah - Monthly - End of period,2000-02,7413.85629,A,,F
M,ID,IDR,E,0,6,A, Exchange rates against USD Indonesia - Rupiah - Monthly - End of period,2000-03,7602.219198,A,,F
M,ID,IDR,E,0,6,A, Exchange rates against USD Indonesia - Rupiah - Monthly - End of period,2000-04,7924.964227,A,,F
M,ID,IDR,E,0,6,A, Exchange rates against USD Indonesia - Rupiah - Monthly - End of period,2000-05,8636.181877,A,,F
M,ID,IDR,E,0,6,A, Exchange rates against USD Indonesia - Rupiah - Monthly - End of period,2000-06,8748.137296,A,,F
M,ID,IDR,E,0,6,A, Exchange rates against USD Indonesia - Rupiah - Monthly - End of period,2000-07,8897.024776,A,,F
M,ID,IDR,E,0,6,A, Exchange rates against USD Indonesia - Rupiah - Monthly - End of period,2000-08,8282.438805,A,,F
M,ID,IDR,E,0,6,A, Exchange rates against USD Indonesia - Rupiah - Monthly - End of period,2000-09,8769.994295,A,,F
M,ID,IDR,E,0,6,A, Exchange rates against USD Indonesia - Rupiah - Monthly - End of period,2000-10,9405.536414,A,,F
M,ID,IDR,E,0,6,A, Exchange rates against USD Indonesia - Rupiah - Monthly - End of period,2000-11,9519.081069,A,,F
M,ID,IDR,E,0,6,A, Exchange rates against USD Indonesia - Rupiah - Monthly - End of period,2000-12,9755.776464,A,,F
M,ID,IDR,E,0,6,A, Exchange rates against USD Indonesia - Rupiah - Monthly - End of period,2001-01,9456.031422,A,,F
M,ID,IDR,E,0,6,A, Exchange rates against USD Indonesia - Rupiah - Monthly - End of period,2001-02,9827.660035,A,,F
M,ID,IDR,E,0,6,A, Exchange rates against USD Indonesia - Rupiah - Monthly - End of period,2001-03,10403.351449,A,,F
M,ID,IDR,E,0,6,A, Exchange rates against USD Indonesia - Rupiah - Monthly - End of period,2001-04,11601.994142,A,,F
M,ID,IDR,E,0,6,A, Exchange rates against USD Indonesia - Rupiah - Monthly - End of period,2001-05,11125.67217,A,,F
M,ID,IDR,E,0,6,A, Exchange rates against USD Indonesia - Rupiah - Monthly - End of period,2001-06,11390.67217,A,,F
M,ID,IDR,E,0,6,A, Exchange rates against USD Indonesia - Rupiah - Monthly - End of period,2001-07,9497.304397,A,,F
M,ID,IDR,E,0,6,A, Exchange rates against USD Indonesia - Rupiah - Monthly - End of period,2001-08,8859.598166,A,,F
M,ID,IDR,E,0,6,A, Exchange rates against USD Indonesia - Rupiah - Monthly - End of period,2001-09,9719.351659,A,,F
M,ID,IDR,E,0,6,A, Exchange rates against USD Indonesia - Rupiah - Monthly - End of period,2001-10,10472.119,A,,F
M,ID,IDR,E,0,6,A, Exchange rates against USD Indonesia - Rupiah - Monthly - End of period,2001-11,10467.947853,A,,F
M,ID,IDR,E,0,6,A, Exchange rates against USD Indonesia - Rupiah - Monthly - End of period,2001-12,10470.248497,A,,F
M,ID,IDR,E,0,6,A, Exchange rates against USD Indonesia - Rupiah - Monthly - End of period,2002-01,10316.197754,A,,F
M,ID,IDR,E,0,6,A, Exchange rates against USD Indonesia - Rupiah - Monthly - End of period,2002-02,10149.416252,A,,F
M,ID,IDR,E,0,6,A, Exchange rates against USD Indonesia - Rupiah - Monthly - End of period,2002-03,9823.876662,A,,F
M,ID,IDR,E,0,6,A, Exchange rates against USD Indonesia - Rupiah - Monthly - End of period,2002-04,9331.560835,A,,F
M,ID,IDR,E,0,6,A, Exchange rates against USD Indonesia - Rupiah - Monthly - End of period,2002-05,8691.946309,A,,F
M,ID,IDR,E,0,6,A, Exchange rates against USD Indonesia - Rupiah - Monthly - End of period,2002-06,8713.874687,A,,F
M,ID,IDR,E,0,6,A, Exchange rates against USD Indonesia - Rupiah - Monthly - End of period,2002-07,9064.039661,A,,F
M,ID,IDR,E,0,6,A, Exchange rates against USD Indonesia - Rupiah - Monthly - End of period,2002-08,8854.551002,A,,F
M,ID,IDR,E,0,6,A, Exchange rates against USD Indonesia - Rupiah - Monthly - End of period,2002-09,8994.462475,A,,F
M,ID,IDR,E,0,6,A, Exchange rates against USD Indonesia - Rupiah - Monthly - End of period,2002-10,9230.474453,A,,F
M,ID,IDR,E,0,6,A, Exchange rates against USD Indonesia - Rupiah - Monthly - End of period,2002-11,8977.959101,A,,F
M,ID,IDR,E,0,6,A, Exchange rates against USD Indonesia - Rupiah - Monthly - End of period,2002-12,8951.28254,A,,F
M,ID,IDR,E,0,6,A, Exchange rates against USD Indonesia - Rupiah - Monthly - End of period,2003-01,8872.466716,A,,F
M,ID,IDR,E,0,6,A, Exchange rates against USD Indonesia - Rupiah - Monthly - End of period,2003-02,8884.733816,A,,F
M,ID,IDR,E,0,6,A, Exchange rates against USD Indonesia - Rupiah - Monthly - End of period,2003-03,8901.505278,A,,F
M,ID,IDR,E,0,6,A, Exchange rates against USD Indonesia - Rupiah - Monthly - End of period,2003-04,8672.338514,A,,F
M,ID,IDR,E,0,6,A, Exchange rates against USD Indonesia - Rupiah - Monthly - End of period,2003-05,8314.574522,A,,F
M,ID,IDR,E,0,6,A, Exchange rates against USD Indonesia - Rupiah - Monthly - End of period,2003-06,8271.453575,A,,F
M,ID,IDR,E,0,6,A, Exchange rates against USD Indonesia - Rupiah - Monthly - End of period,2003-07,8510.381693,A,,F
M,ID,IDR,E,0,6,A, Exchange rates against USD Indonesia - Rupiah - Monthly - End of period,2003-08,8488.112016,A,,F
M,ID,IDR,E,0,6,A, Exchange rates against USD Indonesia - Rupiah - Monthly - End of period,2003-09,8397.167868,A,,F
M,ID,IDR,E,0,6,A, Exchange rates against USD Indonesia - Rupiah - Monthly - End of period,2003-10,8498.330752,A,,F
M,ID,IDR,E,0,6,A, Exchange rates against USD Indonesia - Rupiah - Monthly - End of period,2003-11,8506.069702,A,,F
M,ID,IDR,E,0,6,A, Exchange rates against USD Indonesia - Rupiah - Monthly - End of period,2003-12,8426.840855,A,,F
M,ID,IDR,E,0,6,A, Exchange rates against USD Indonesia - Rupiah - Monthly - End of period,2004-01,8457.816537,A,,F
M,ID,IDR,E,0,6,A, Exchange rates against USD Indonesia - Rupiah - Monthly - End of period,2004-02,8451.940731,A,,F
M,ID,IDR,E,0,6,A, Exchange rates against USD Indonesia - Rupiah - Monthly - End of period,2004-03,8565.248691,A,,F
M,ID,IDR,E,0,6,A, Exchange rates against USD Indonesia - Rupiah - Monthly - End of period,2004-04,8785.8793,A,,F
M,ID,IDR,E,0,6,A, Exchange rates against USD Indonesia - Rupiah - Monthly - End of period,2004-05,9272.446303,A,,F
M,ID,IDR,E,0,6,A, Exchange rates against USD Indonesia - Rupiah - Monthly - End of period,2004-06,9400.386672,A,,F
M,ID,IDR,E,0,6,A, Exchange rates against USD Indonesia - Rupiah - Monthly - End of period,2004-07,9129.6204,A,,F
M,ID,IDR,E,0,6,A, Exchange rates against USD Indonesia - Rupiah - Monthly - End of period,2004-08,9375.006193,A,,F
M,ID,IDR,E,0,6,A, Exchange rates against USD Indonesia - Rupiah - Monthly - End of period,2004-09,9160.367475,A,,F
M,ID,IDR,E,0,6,A, Exchange rates against USD Indonesia - Rupiah - Monthly - End of period,2004-10,9095.006673,A,,F
M,ID,IDR,E,0,6,A, Exchange rates against USD Indonesia - Rupiah - Monthly - End of period,2004-11,9025.874389,A,,F
M,ID,IDR,E,0,6,A, Exchange rates against USD Indonesia - Rupiah - Monthly - End of period,2004-12,9290.000734,A,,F
M,ID,IDR,E,0,6,A, Exchange rates against USD Indonesia - Rupiah - Monthly - End of period,2005-01,9169.666283,A,,F
M,ID,IDR,E,0,6,A, Exchange rates against USD Indonesia - Rupiah - Monthly - End of period,2005-02,9256.800181,A,,F
M,ID,IDR,E,0,6,A, Exchange rates against USD Indonesia - Rupiah - Monthly - End of period,2005-03,9468.443382,A,,F
M,ID,IDR,E,0,6,A, Exchange rates against USD Indonesia - Rupiah - Monthly - End of period,2005-04,9559.998456,A,,F
M,ID,IDR,E,0,6,A, Exchange rates against USD Indonesia - Rupiah - Monthly - End of period,2005-05,9507.501419,A,,F
M,ID,IDR,E,0,6,A, Exchange rates against USD Indonesia - Rupiah - Monthly - End of period,2005-06,9762.504135,A,,F
M,ID,IDR,E,0,6,A, Exchange rates against USD Indonesia - Rupiah - Monthly - End of period,2005-07,9805.002894,A,,F
M,ID,IDR,E,0,6,A, Exchange rates against USD Indonesia - Rupiah - Monthly - End of period,2005-08,10294.99918,A,,F
M,ID,IDR,E,0,6,A, Exchange rates against USD Indonesia - Rupiah - Monthly - End of period,2005-09,10290.001661,A,,F
M,ID,IDR,E,0,6,A, Exchange rates against USD Indonesia - Rupiah - Monthly - End of period,2005-10,10114.996257,A,,F
M,ID,IDR,E,0,6,A, Exchange rates against USD Indonesia - Rupiah - Monthly - End of period,2005-11,10034.998725,A,,F
M,ID,IDR,E,0,6,A, Exchange rates against USD Indonesia - Rupiah - Monthly - End of period,2005-12,9829.999152,A,,F
M,ID,IDR,E,0,6,A, Exchange rates against USD Indonesia - Rupiah - Monthly - End of period,2006-01,9373.997359,A,,F
M,ID,IDR,E,0,6,A, Exchange rates against USD Indonesia - Rupiah - Monthly - End of period,2006-02,9182.501053,A,,F
M,ID,IDR,E,0,6,A, Exchange rates against USD Indonesia - Rupiah - Monthly - End of period,2006-03,9065.003305,A,,F
M,ID,IDR,E,0,6,A, Exchange rates against USD Indonesia - Rupiah - Monthly - End of period,2006-04,8807.00327,A,,F
M,ID,IDR,E,0,6,A, Exchange rates against USD Indonesia - Rupiah - Monthly - End of period,2006-05,9254.996892,A,,F
M,ID,IDR,E,0,6,A, Exchange rates against USD Indonesia - Rupiah - Monthly - End of period,2006-06,9262.998505,A,,F
M,ID,IDR,E,0,6,A, Exchange rates against USD Indonesia - Rupiah - Monthly - End of period,2006-07,9095.002741,A,,F
M,ID,IDR,E,0,6,A, Exchange rates against USD Indonesia - Rupiah - Monthly - End of period,2006-08,9096.996343,A,,F
M,ID,IDR,E,0,6,A, Exchange rates against USD Indonesia - Rupiah - Monthly - End of period,2006-09,9225,A,,F
M,ID,IDR,E,0,6,A, Exchange rates against USD Indonesia - Rupiah - Monthly - End of period,2006-10,9112.5,A,,F
M,ID,IDR,E,0,6,A, Exchange rates against USD Indonesia - Rupiah - Monthly - End of period,2006-11,9165,A,,F
M,ID,IDR,E,0,6,A, Exchange rates against USD Indonesia - Rupiah - Monthly - End of period,2006-12,8993.50038,A,,F
M,ID,IDR,E,0,6,A, Exchange rates against USD Indonesia - Rupiah - Monthly - End of period,2007-01,9100,A,,F
M,ID,IDR,E,0,6,A, Exchange rates against USD Indonesia - Rupiah - Monthly - End of period,2007-02,9131.49648,A,,F
M,ID,IDR,E,0,6,A, Exchange rates against USD Indonesia - Rupiah - Monthly - End of period,2007-03,9125.003754,A,,F
M,ID,IDR,E,0,6,A, Exchange rates against USD Indonesia - Rupiah - Monthly - End of period,2007-04,9082.998897,A,,F
M,ID,IDR,E,0,6,A, Exchange rates against USD Indonesia - Rupiah - Monthly - End of period,2007-05,8830.000743,A,,F
M,ID,IDR,E,0,6,A, Exchange rates against USD Indonesia - Rupiah - Monthly - End of period,2007-06,9035.001851,A,,F
M,ID,IDR,E,0,6,A, Exchange rates against USD Indonesia - Rupiah - Monthly - End of period,2007-07,9225.001824,A,,F
M,ID,IDR,E,0,6,A, Exchange rates against USD Indonesia - Rupiah - Monthly - End of period,2007-08,9390.003648,A,,F
M,ID,IDR,E,0,6,A, Exchange rates against USD Indonesia - Rupiah - Monthly - End of period,2007-09,9145.003174,A,,F
M,ID,IDR,E,0,6,A, Exchange rates against USD Indonesia - Rupiah - Monthly - End of period,2007-10,9097.002838,A,,F
M,ID,IDR,E,0,6,A, Exchange rates against USD Indonesia - Rupiah - Monthly - End of period,2007-11,9370.002032,A,,F
M,ID,IDR,E,0,6,A, Exchange rates against USD Indonesia - Rupiah - Monthly - End of period,2007-12,9392.500509,A,,F
M,ID,IDR,E,0,6,A, Exchange rates against USD Indonesia - Rupiah - Monthly - End of period,2008-01,9246.503026,A,,F
M,ID,IDR,E,0,6,A, Exchange rates against USD Indonesia - Rupiah - Monthly - End of period,2008-02,9098.701127,A,,F
M,ID,IDR,E,0,6,A, Exchange rates against USD Indonesia - Rupiah - Monthly - End of period,2008-03,9215.001265,A,,F
M,ID,IDR,E,0,6,A, Exchange rates against USD Indonesia - Rupiah - Monthly - End of period,2008-04,9222.001287,A,,F
M,ID,IDR,E,0,6,A, Exchange rates against USD Indonesia - Rupiah - Monthly - End of period,2008-05,9314.99871,A,,F
M,ID,IDR,E,0,6,A, Exchange rates against USD Indonesia - Rupiah - Monthly - End of period,2008-06,9229.998731,A,,F
M,ID,IDR,E,0,6,A, Exchange rates against USD Indonesia - Rupiah - Monthly - End of period,2008-07,9094.997117,A,,F
M,ID,IDR,E,0,6,A, Exchange rates against USD Indonesia - Rupiah - Monthly - End of period,2008-08,9150.003393,A,,F
M,ID,IDR,E,0,6,A, Exchange rates against USD Indonesia - Rupiah - Monthly - End of period,2008-09,9430.000699,A,,F
M,ID,IDR,E,0,6,A, Exchange rates against USD Indonesia - Rupiah - Monthly - End of period,2008-10,10900,A,,F
M,ID,IDR,E,0,6,A, Exchange rates against USD Indonesia - Rupiah - Monthly - End of period,2008-11,12250.003929,A,,F
M,ID,IDR,E,0,6,A, Exchange rates against USD Indonesia - Rupiah - Monthly - End of period,2008-12,10950.003593,A,,F
M,ID,IDR,E,0,6,A, Exchange rates against USD Indonesia - Rupiah - Monthly - End of period,2009-01,11400,A,,F
M,ID,IDR,E,0,6,A, Exchange rates against USD Indonesia - Rupiah - Monthly - End of period,2009-02,11979.998418,A,,F
M,ID,IDR,E,0,6,A, Exchange rates against USD Indonesia - Rupiah - Monthly - End of period,2009-03,11700,A,,F
M,ID,IDR,E,0,6,A, Exchange rates against USD Indonesia - Rupiah - Monthly - End of period,2009-04,10600,A,,F
M,ID,IDR,E,0,6,A, Exchange rates against USD Indonesia - Rupiah - Monthly - End of period,2009-05,10312.994751,A,,F
M,ID,IDR,E,0,6,A, Exchange rates against USD Indonesia - Rupiah - Monthly - End of period,2009-06,10207.7119,A,,F
M,ID,IDR,E,0,6,A, Exchange rates against USD Indonesia - Rupiah - Monthly - End of period,2009-07,9950.749752,A,,F
M,ID,IDR,E,0,6,A, Exchange rates against USD Indonesia - Rupiah - Monthly - End of period,2009-08,10082.784473,A,,F
M,ID,IDR,E,0,6,A, Exchange rates against USD Indonesia - Rupiah - Monthly - End of period,2009-09,9649.682442,A,,F
M,ID,IDR,E,0,6,A, Exchange rates against USD Indonesia - Rupiah - Monthly - End of period,2009-10,9581.581081,A,,F
M,ID,IDR,E,0,6,A, Exchange rates against USD Indonesia - Rupiah - Monthly - End of period,2009-11,9467.24356,A,,F
M,ID,IDR,E,0,6,A, Exchange rates against USD Indonesia - Rupiah - Monthly - End of period,2009-12,9458.649174,A,,F
M,ID,IDR,E,0,6,A, Exchange rates against USD Indonesia - Rupiah - Monthly - End of period,2010-01,9359.322641,A,,F
M,ID,IDR,E,0,6,A, Exchange rates against USD Indonesia - Rupiah - Monthly - End of period,2010-02,9323.537214,A,,F
M,ID,IDR,E,0,6,A, Exchange rates against USD Indonesia - Rupiah - Monthly - End of period,2010-03,9071.340604,A,,F
M,ID,IDR,E,0,6,A, Exchange rates against USD Indonesia - Rupiah - Monthly - End of period,2010-04,9009.793466,A,,F
M,ID,IDR,E,0,6,A, Exchange rates against USD Indonesia - Rupiah - Monthly - End of period,2010-05,9162.379134,A,,F
M,ID,IDR,E,0,6,A, Exchange rates against USD Indonesia - Rupiah - Monthly - End of period,2010-06,9063.523755,A,,F
M,ID,IDR,E,0,6,A, Exchange rates against USD Indonesia - Rupiah - Monthly - End of period,2010-07,8940.044519,A,,F
M,ID,IDR,E,0,6,A, Exchange rates against USD Indonesia - Rupiah - Monthly - End of period,2010-08,9047.176656,A,,F
M,ID,IDR,E,0,6,A, Exchange rates against USD Indonesia - Rupiah - Monthly - End of period,2010-09,8919.57796,A,,F
M,ID,IDR,E,0,6,A, Exchange rates against USD Indonesia - Rupiah - Monthly - End of period,2010-10,8936.919968,A,,F
M,ID,IDR,E,0,6,A, Exchange rates against USD Indonesia - Rupiah - Monthly - End of period,2010-11,9051.461763,A,,F
M,ID,IDR,E,0,6,A, Exchange rates against USD Indonesia - Rupiah - Monthly - End of period,2010-12,8982.29307,A,,F
M,ID,IDR,E,0,6,A, Exchange rates against USD Indonesia - Rupiah - Monthly - End of period,2011-01,9057.391177,A,,F
M,ID,IDR,E,0,6,A, Exchange rates against USD Indonesia - Rupiah - Monthly - End of period,2011-02,8816.322105,A,,F
M,ID,IDR,E,0,6,A, Exchange rates against USD Indonesia - Rupiah - Monthly - End of period,2011-03,8704.68783,A,,F
M,ID,IDR,E,0,6,A, Exchange rates against USD Indonesia - Rupiah - Monthly - End of period,2011-04,8565.444145,A,,F
M,ID,IDR,E,0,6,A, Exchange rates against USD Indonesia - Rupiah - Monthly - End of period,2011-05,8542.912756,A,,F
M,ID,IDR,E,0,6,A, Exchange rates against USD Indonesia - Rupiah - Monthly - End of period,2011-06,8577.741645,A,,F
M,ID,IDR,E,0,6,A, Exchange rates against USD Indonesia - Rupiah - Monthly - End of period,2011-07,8505.322581,A,,F
M,ID,IDR,E,0,6,A, Exchange rates against USD Indonesia - Rupiah - Monthly - End of period,2011-08,8529.847751,A,,F
M,ID,IDR,E,0,6,A, Exchange rates against USD Indonesia - Rupiah - Monthly - End of period,2011-09,9074.998149,A,,F
M,ID,IDR,E,0,6,A, Exchange rates against USD Indonesia - Rupiah - Monthly - End of period,2011-10,8854.5961,A,,F
M,ID,IDR,E,0,6,A, Exchange rates against USD Indonesia - Rupiah - Monthly - End of period,2011-11,9111.022507,A,,F
M,ID,IDR,E,0,6,A, Exchange rates against USD Indonesia - Rupiah - Monthly - End of period,2011-12,9066.751681,A,,F
M,ID,IDR,E,0,6,A, Exchange rates against USD Indonesia - Rupiah - Monthly - End of period,2012-01,8982.665452,A,,F
M,ID,IDR,E,0,6,A, Exchange rates against USD Indonesia - Rupiah - Monthly - End of period,2012-02,9044.498996,A,,F
M,ID,IDR,E,0,6,A, Exchange rates against USD Indonesia - Rupiah - Monthly - End of period,2012-03,9168.343816,A,,F
M,ID,IDR,E,0,6,A, Exchange rates against USD Indonesia - Rupiah - Monthly - End of period,2012-04,9186.574845,A,,F
M,ID,IDR,E,0,6,A, Exchange rates against USD Indonesia - Rupiah - Monthly - End of period,2012-05,9526.80803,A,,F
M,ID,IDR,E,0,6,A, Exchange rates against USD Indonesia - Rupiah - Monthly - End of period,2012-06,9434.876886,A,,F
M,ID,IDR,E,0,6,A, Exchange rates against USD Indonesia - Rupiah - Monthly - End of period,2012-07,9448.54282,A,,F
M,ID,IDR,E,0,6,A, Exchange rates against USD Indonesia - Rupiah - Monthly - End of period,2012-08,9549.195147,A,,F
M,ID,IDR,E,0,6,A, Exchange rates against USD Indonesia - Rupiah - Monthly - End of period,2012-09,9575.297757,A,,F
M,ID,IDR,E,0,6,A, Exchange rates against USD Indonesia - Rupiah - Monthly - End of period,2012-10,9606.372662,A,,F
M,ID,IDR,E,0,6,A, Exchange rates against USD Indonesia - Rupiah - Monthly - End of period,2012-11,9603.33436,A,,F
M,ID,IDR,E,0,6,A, Exchange rates against USD Indonesia - Rupiah - Monthly - End of period,2012-12,9636.175534,A,,F
M,ID,IDR,E,0,6,A, Exchange rates against USD Indonesia - Rupiah - Monthly - End of period,2013-01,9698.361624,A,,F
M,ID,IDR,E,0,6,A, Exchange rates against USD Indonesia - Rupiah - Monthly - End of period,2013-02,9674.857186,A,,F
M,ID,IDR,E,0,6,A, Exchange rates against USD Indonesia - Rupiah - Monthly - End of period,2013-03,9721.171417,A,,F
M,ID,IDR,E,0,6,A, Exchange rates against USD Indonesia - Rupiah - Monthly - End of period,2013-04,9719.476744,A,,F
M,ID,IDR,E,0,6,A, Exchange rates against USD Indonesia - Rupiah - Monthly - End of period,2013-05,9797.378133,A,,F
M,ID,IDR,E,0,6,A, Exchange rates against USD Indonesia - Rupiah - Monthly - End of period,2013-06,9923.860856,A,,F
M,ID,IDR,E,0,6,A, Exchange rates against USD Indonesia - Rupiah - Monthly - End of period,2013-07,10261.06968,A,,F
M,ID,IDR,E,0,6,A, Exchange rates against USD Indonesia - Rupiah - Monthly - End of period,2013-08,11272.021156,A,,F
M,ID,IDR,E,0,6,A, Exchange rates against USD Indonesia - Rupiah - Monthly - End of period,2013-09,11421.895594,A,,F
M,ID,IDR,E,0,6,A, Exchange rates against USD Indonesia - Rupiah - Monthly - End of period,2013-10,11271.417052,A,,F
M,ID,IDR,E,0,6,A, Exchange rates against USD Indonesia - Rupiah - Monthly - End of period,2013-11,11740.908089,A,,F
M,ID,IDR,E,0,6,A, Exchange rates against USD Indonesia - Rupiah - Monthly - End of period,2013-12,12156.319339,A,,F
M,ID,IDR,E,0,6,A, Exchange rates against USD Indonesia - Rupiah - Monthly - End of period,2014-01,12181.547795,A,,F
M,ID,IDR,E,0,6,A, Exchange rates against USD Indonesia - Rupiah - Monthly - End of period,2014-02,11611.416781,A,,F
M,ID,IDR,E,0,6,A, Exchange rates against USD Indonesia - Rupiah - Monthly - End of period,2014-03,11360.001451,A,,F
M,ID,IDR,E,0,6,A, Exchange rates against USD Indonesia - Rupiah - Monthly - End of period,2014-04,11560.33935,A,,F
M,ID,IDR,E,0,6,A, Exchange rates against USD Indonesia - Rupiah - Monthly - End of period,2014-05,11705.15176,A,,F
M,ID,IDR,E,0,6,A, Exchange rates against USD Indonesia - Rupiah - Monthly - End of period,2014-06,11896.434324,A,,F
M,ID,IDR,E,0,6,A, Exchange rates against USD Indonesia - Rupiah - Monthly - End of period,2014-07,11578.279393,A,,F
M,ID,IDR,E,0,6,A, Exchange rates against USD Indonesia - Rupiah - Monthly - End of period,2014-08,11705.800728,A,,F
M,ID,IDR,E,0,6,A, Exchange rates against USD Indonesia - Rupiah - Monthly - End of period,2014-09,12212.485099,A,,F
M,ID,IDR,E,0,6,A, Exchange rates against USD Indonesia - Rupiah - Monthly - End of period,2014-10,12112.488023,A,,F
M,ID,IDR,E,0,6,A, Exchange rates against USD Indonesia - Rupiah - Monthly - End of period,2014-11,12244.436434,A,,F
M,ID,IDR,E,0,6,A, Exchange rates against USD Indonesia - Rupiah - Monthly - End of period,2014-12,12417.510913,A,,F
M,ID,IDR,E,0,6,A, Exchange rates against USD Indonesia - Rupiah - Monthly - End of period,2015-01,12686.510394,A,,F
M,ID,IDR,E,0,6,A, Exchange rates against USD Indonesia - Rupiah - Monthly - End of period,2015-02,12950.142349,A,,F
M,ID,IDR,E,0,6,A, Exchange rates against USD Indonesia - Rupiah - Monthly - End of period,2015-03,13062.347802,A,,F
M,ID,IDR,E,0,6,A, Exchange rates against USD Indonesia - Rupiah - Monthly - End of period,2015-04,12971.654035,A,,F
M,ID,IDR,E,0,6,A, Exchange rates against USD Indonesia - Rupiah - Monthly - End of period,2015-05,13229.024613,A,,F
M,ID,IDR,E,0,6,A, Exchange rates against USD Indonesia - Rupiah - Monthly - End of period,2015-06,13350.996514,A,,F
M,ID,IDR,E,0,6,A, Exchange rates against USD Indonesia - Rupiah - Monthly - End of period,2015-07,13555.475517,A,,F
M,ID,IDR,E,0,6,A, Exchange rates against USD Indonesia - Rupiah - Monthly - End of period,2015-08,14060.891663,A,,F
M,ID,IDR,E,0,6,A, Exchange rates against USD Indonesia - Rupiah - Monthly - End of period,2015-09,14592.350263,A,,F
M,ID,IDR,E,0,6,A, Exchange rates against USD Indonesia - Rupiah - Monthly - End of period,2015-10,13679.459018,A,,F
M,ID,IDR,E,0,6,A, Exchange rates against USD Indonesia - Rupiah - Monthly - End of period,2015-11,13843.869931,A,,F
M,ID,IDR,E,0,6,A, Exchange rates against USD Indonesia - Rupiah - Monthly - End of period,2015-12,13814.63213,A,,F
M,ID,IDR,E,0,6,A, Exchange rates against USD Indonesia - Rupiah - Monthly - End of period,2016-01,13706.630037,A,,F
M,ID,IDR,E,0,6,A, Exchange rates against USD Indonesia - Rupiah - Monthly - End of period,2016-02,13371.996694,A,,F
M,ID,IDR,E,0,6,A, Exchange rates against USD Indonesia - Rupiah - Monthly - End of period,2016-03,13197.048748,A,,F
M,ID,IDR,E,0,6,A, Exchange rates against USD Indonesia - Rupiah - Monthly - End of period,2016-04,13185.003946,A,,F
M,ID,IDR,E,0,6,A, Exchange rates against USD Indonesia - Rupiah - Monthly - End of period,2016-05,13609.835037,A,,F
M,ID,IDR,E,0,6,A, Exchange rates against USD Indonesia - Rupiah - Monthly - End of period,2016-06,13152.314898,A,,F
M,ID,IDR,E,0,6,A, Exchange rates against USD Indonesia - Rupiah - Monthly - End of period,2016-07,13101.502745,A,,F
M,ID,IDR,E,0,6,A, Exchange rates against USD Indonesia - Rupiah - Monthly - End of period,2016-08,13283.003953,A,,F
M,ID,IDR,E,0,6,A, Exchange rates against USD Indonesia - Rupiah - Monthly - End of period,2016-09,13050.999014,A,,F
M,ID,IDR,E,0,6,A, Exchange rates against USD Indonesia - Rupiah - Monthly - End of period,2016-10,13040.215604,A,,F
M,ID,IDR,E,0,6,A, Exchange rates against USD Indonesia - Rupiah - Monthly - End of period,2016-11,13552.496474,A,,F
M,ID,IDR,E,0,6,A, Exchange rates against USD Indonesia - Rupiah - Monthly - End of period,2016-12,13446.001328,A,,F
M,ID,IDR,E,0,6,A, Exchange rates against USD Indonesia - Rupiah - Monthly - End of period,2017-01,13355.239424,A,,F
M,ID,IDR,E,0,6,A, Exchange rates against USD Indonesia - Rupiah - Monthly - End of period,2017-02,13336.000755,A,,F
M,ID,IDR,E,0,6,A, Exchange rates against USD Indonesia - Rupiah - Monthly - End of period,2017-03,13317.687775,A,,F
M,ID,IDR,E,0,6,A, Exchange rates against USD Indonesia - Rupiah - Monthly - End of period,2017-04,13329.002745,A,,F
M,ID,IDR,E,0,6,A, Exchange rates against USD Indonesia - Rupiah - Monthly - End of period,2017-05,13308.002852,A,,F
M,ID,IDR,E,0,6,A, Exchange rates against USD Indonesia - Rupiah - Monthly - End of period,2017-06,13327.497371,A,,F
M,ID,IDR,E,0,6,A, Exchange rates against USD Indonesia - Rupiah - Monthly - End of period,2017-07,13323.995907,A,,F
M,ID,IDR,E,0,6,A, Exchange rates against USD Indonesia - Rupiah - Monthly - End of period,2017-08,13346.384778,A,,F
M,ID,IDR,E,0,6,A, Exchange rates against USD Indonesia - Rupiah - Monthly - End of period,2017-09,13457.995934,A,,F
M,ID,IDR,E,0,6,A, Exchange rates against USD Indonesia - Rupiah - Monthly - End of period,2017-10,13565.002578,A,,F
M,ID,IDR,E,0,6,A, Exchange rates against USD Indonesia - Rupiah - Monthly - End of period,2017-11,13532.998565,A,,F
M,ID,IDR,E,0,6,A, Exchange rates against USD Indonesia - Rupiah - Monthly - End of period,2017-12,13540.498624,A,,F
M,ID,IDR,E,0,6,A, Exchange rates against USD Indonesia - Rupiah - Monthly - End of period,2018-01,13375.997431,A,,F
M,ID,IDR,E,0,6,A, Exchange rates against USD Indonesia - Rupiah - Monthly - End of period,2018-02,13749.001146,A,,F
M,ID,IDR,E,0,6,A, Exchange rates against USD Indonesia - Rupiah - Monthly - End of period,2018-03,13743.998052,A,,F
M,ID,IDR,E,0,6,A, Exchange rates against USD Indonesia - Rupiah - Monthly - End of period,2018-04,13905.248779,A,,F
M,ID,IDR,E,0,6,A, Exchange rates against USD Indonesia - Rupiah - Monthly - End of period,2018-05,13907.000598,A,,F
M,ID,IDR,E,0,6,A, Exchange rates against USD Indonesia - Rupiah - Monthly - End of period,2018-06,14285.503517,A,,F
M,ID,IDR,E,0,6,A, Exchange rates against USD Indonesia - Rupiah - Monthly - End of period,2018-07,14419.998296,A,,F
M,ID,IDR,E,0,6,A, Exchange rates against USD Indonesia - Rupiah - Monthly - End of period,2018-08,14788.430178,A,,F
M,ID,IDR,E,0,6,A, Exchange rates against USD Indonesia - Rupiah - Monthly - End of period,2018-09,14901.50311,A,,F
M,ID,IDR,E,0,6,A, Exchange rates against USD Indonesia - Rupiah - Monthly - End of period,2018-10,15202.500442,A,,F
M,ID,IDR,E,0,6,A, Exchange rates against USD Indonesia - Rupiah - Monthly - End of period,2018-11,14302.50022,A,,F
M,ID,IDR,E,0,6,A, Exchange rates against USD Indonesia - Rupiah - Monthly - End of period,2018-12,14410.480349,A,,F
M,ID,IDR,E,0,6,A, Exchange rates against USD Indonesia - Rupiah - Monthly - End of period,2019-01,13910.497911,A,,F
M,ID,IDR,E,0,6,A, Exchange rates against USD Indonesia - Rupiah - Monthly - End of period,2019-02,14076.497898,A,,F
M,ID,IDR,E,0,6,A, Exchange rates against USD Indonesia - Rupiah - Monthly - End of period,2019-03,14240,A,,F
M,ID,IDR,E,0,6,A, Exchange rates against USD Indonesia - Rupiah - Monthly - End of period,2019-04,14221.501159,A,,F
M,ID,IDR,E,0,6,A, Exchange rates against USD Indonesia - Rupiah - Monthly - End of period,2019-05,14332.499327,A,,F
M,ID,IDR,E,0,6,A, Exchange rates against USD Indonesia - Rupiah - Monthly - End of period,2019-06,14132.996485,A,,F
M,ID,IDR,E,0,6,A, Exchange rates against USD Indonesia - Rupiah - Monthly - End of period,2019-07,14025.020178,A,,F
M,ID,IDR,E,0,6,A, Exchange rates against USD Indonesia - Rupiah - Monthly - End of period,2019-08,14185.003625,A,,F
M,ID,IDR,E,0,6,A, Exchange rates against USD Indonesia - Rupiah - Monthly - End of period,2019-09,14195.004133,A,,F
M,ID,IDR,E,0,6,A, Exchange rates against USD Indonesia - Rupiah - Monthly - End of period,2019-10,14077.012731,A,,F
M,ID,IDR,E,0,6,A, Exchange rates against USD Indonesia - Rupiah - Monthly - End of period,2019-11,14104.999089,A,,F
M,ID,IDR,E,0,6,A, Exchange rates against USD Indonesia - Rupiah - Monthly - End of period,2019-12,13882.499555,A,,F
M,ID,IDR,E,0,6,A, Exchange rates against USD Indonesia - Rupiah - Monthly - End of period,2020-01,13655.003619,A,,F
M,ID,IDR,E,0,6,A, Exchange rates against USD Indonesia - Rupiah - Monthly - End of period,2020-02,14347.499317,A,,F
M,ID,IDR,E,0,6,A, Exchange rates against USD Indonesia - Rupiah - Monthly - End of period,2020-03,16310.003651,A,,F
M,ID,IDR,E,0,6,A, Exchange rates against USD Indonesia - Rupiah - Monthly - End of period,2020-04,14875,A,,F
M,ID,IDR,E,0,6,A, Exchange rates against USD Indonesia - Rupiah - Monthly - End of period,2020-05,14610.003592,A,,F
M,ID,IDR,E,0,6,A, Exchange rates against USD Indonesia - Rupiah - Monthly - End of period,2020-06,14452.946955,A,,F
M,ID,IDR,E,0,6,A, Exchange rates against USD Indonesia - Rupiah - Monthly - End of period,2020-07,14655.638082,A,,F
M,ID,IDR,E,0,6,A, Exchange rates against USD Indonesia - Rupiah - Monthly - End of period,2020-08,14576.549414,A,,F
M,ID,IDR,E,0,6,A, Exchange rates against USD Indonesia - Rupiah - Monthly - End of period,2020-09,14945.199863,A,,F
M,ID,IDR,E,0,6,A, Exchange rates against USD Indonesia - Rupiah - Monthly - End of period,2020-10,14625.004274,A,,F
M,ID,IDR,E,0,6,A, Exchange rates against USD Indonesia - Rupiah - Monthly - End of period,2020-11,14162.30384,A,,F
M,ID,IDR,E,0,6,A, Exchange rates against USD Indonesia - Rupiah - Monthly - End of period,2020-12,14050.004075,A,,F
M,ID,IDR,E,0,6,A, Exchange rates against USD Indonesia - Rupiah - Monthly - End of period,2021-01,14003.09822,A,,F
M,ID,IDR,E,0,6,A, Exchange rates against USD Indonesia - Rupiah - Monthly - End of period,2021-02,14316.896296,A,,F
M,ID,IDR,E,0,6,A, Exchange rates against USD Indonesia - Rupiah - Monthly - End of period,2021-03,14524.997868,A,,F
M,ID,IDR,E,0,6,A, Exchange rates against USD Indonesia - Rupiah - Monthly - End of period,2021-04,14421.652044,A,,F
M,ID,IDR,E,0,6,A, Exchange rates against USD Indonesia - Rupiah - Monthly - End of period,2021-05,14263.552168,A,,F
M,ID,IDR,E,0,6,A, Exchange rates against USD Indonesia - Rupiah - Monthly - End of period,2021-06,14540.811175,A,,F
M,ID,IDR,E,0,6,A, Exchange rates against USD Indonesia - Rupiah - Monthly - End of period,2021-07,14451.65251,A,,F
M,ID,IDR,E,0,6,A, Exchange rates against USD Indonesia - Rupiah - Monthly - End of period,2021-08,14263.723171,A,,F
M,ID,IDR,E,0,6,A, Exchange rates against USD Indonesia - Rupiah - Monthly - End of period,2021-09,14312.142672,A,,F
M,ID,IDR,E,0,6,A, Exchange rates against USD Indonesia - Rupiah - Monthly - End of period,2021-10,14217.501073,A,,F
M,ID,IDR,E,0,6,A, Exchange rates against USD Indonesia - Rupiah - Monthly - End of period,2021-11,14325.046203,A,,F
M,ID,IDR,E,0,6,A, Exchange rates against USD Indonesia - Rupiah - Monthly - End of period,2021-12,14215.451174,A,,F
M,ID,IDR,E,0,6,A, Exchange rates against USD Indonesia - Rupiah - Monthly - End of period,2022-01,14375.008964,A,,F
M,ID,IDR,E,0,6,A, Exchange rates against USD Indonesia - Rupiah - Monthly - End of period,2022-02,14376.926511,A,,F
M,ID,IDR,E,0,6,A, Exchange rates against USD Indonesia - Rupiah - Monthly - End of period,2022-03,14365.372489,A,,F
M,ID,IDR,E,0,6,A, Exchange rates against USD Indonesia - Rupiah - Monthly - End of period,2022-04,14517.571157,A,,F
M,ID,IDR,E,0,6,A, Exchange rates against USD Indonesia - Rupiah - Monthly - End of period,2022-05,14543.21852,A,,F
M,ID,IDR,E,0,6,A, Exchange rates against USD Indonesia - Rupiah - Monthly - End of period,2022-06,14972.561856,A,,F
M,ID,IDR,E,0,6,A, Exchange rates against USD Indonesia - Rupiah - Monthly - End of period,2022-07,14861.306138,A,,F
M,ID,IDR,E,0,6,A, Exchange rates against USD Indonesia - Rupiah - Monthly - End of period,2022-08,14849.93,A,,F
M,ID,IDR,E,0,6,A, Exchange rates against USD Indonesia - Rupiah - Monthly - End of period,2022-09,15247.496922,A,,F
M,ID,IDR,E,0,6,A, Exchange rates against USD Indonesia - Rupiah - Monthly - End of period,2022-10,15623.915675,A,,F
M,ID,IDR,E,0,6,A, Exchange rates against USD Indonesia - Rupiah - Monthly - End of period,2022-11,15682.160756,A,,F
M,ID,IDR,E,0,6,A, Exchange rates against USD Indonesia - Rupiah - Monthly - End of period,2022-12,15488.299269,A,,F
M,ID,IDR,E,0,6,A, Exchange rates against USD Indonesia - Rupiah - Monthly - End of period,2023-01,15030.527093,A,,F
M,ID,IDR,E,0,6,A, Exchange rates against USD Indonesia - Rupiah - Monthly - End of period,2023-02,15249.477352,A,,F
M,ID,IDR,E,0,6,A, Exchange rates against USD Indonesia - Rupiah - Monthly - End of period,2023-03,14988.68046,A,,F
M,ID,IDR,E,0,6,A, Exchange rates against USD Indonesia - Rupiah - Monthly - End of period,2023-04,14672.525271,A,,F
M,ID,IDR,E,0,6,A, Exchange rates against USD Indonesia - Rupiah - Monthly - End of period,2023-05,15005.513433,A,,F
M,ID,IDR,E,0,6,A, Exchange rates against USD Indonesia - Rupiah - Monthly - End of period,2023-06,15078.722621,A,,F
M,ID,IDR,E,0,6,A, Exchange rates against USD Indonesia - Rupiah - Monthly - End of period,2023-07,15079.969155,A,,F
M,ID,IDR,E,0,6,A, Exchange rates against USD Indonesia - Rupiah - Monthly - End of period,2023-08,15229.996319,A,,F
M,ID,IDR,E,0,6,A, Exchange rates against USD Indonesia - Rupiah - Monthly - End of period,2023-09,15464.999056,A,,F
M,ID,IDR,E,0,6,A, Exchange rates against USD Indonesia - Rupiah - Monthly - End of period,2023-10,15884.998587,A,,F
M,ID,IDR,E,0,6,A, Exchange rates against USD Indonesia - Rupiah - Monthly - End of period,2023-11,15534.845851,A,,F
M,ID,IDR,E,0,6,A, Exchange rates against USD Indonesia - Rupiah - Monthly - End of period,2023-12,15456.751131,A,,F
M,ID,IDR,E,0,6,A, Exchange rates against USD Indonesia - Rupiah - Monthly - End of period,2024-01,15757.395958,A,,F
M,ID,IDR,E,0,6,A, Exchange rates against USD Indonesia - Rupiah - Monthly - End of period,2024-02,15738.204323,A,,F
M,ID,IDR,E,0,6,A, Exchange rates against USD Indonesia - Rupiah - Monthly - End of period,2024-03,15870.752012,A,,F
M,ID,IDR,E,0,6,A, Exchange rates against USD Indonesia - Rupiah - Monthly - End of period,2024-04,16255.000933,A,,F
M,ID,IDR,E,0,6,A, Exchange rates against USD Indonesia - Rupiah - Monthly - End of period,2024-05,16256.653151,A,,F
M,ID,IDR,E,0,6,A, Exchange rates against USD Indonesia - Rupiah - Monthly - End of period,2024-06,16335.55348,A,,F
M,ID,IDR,E,0,6,A, Exchange rates against USD Indonesia - Rupiah - Monthly - End of period,2024-07,16285.953085,A,,F
M,ID,IDR,E,0,6,A, Exchange rates against USD Indonesia - Rupiah - Monthly - End of period,2024-08,15495.652566,A,,F
M,ID,IDR,E,0,6,A, Exchange rates against USD Indonesia - Rupiah - Monthly - End of period,2024-09,15162.450875,A,,F
M,ID,IDR,E,0,6,A, Exchange rates against USD Indonesia - Rupiah - Monthly - End of period,2024-10,15719.399008,A,,F
M,ID,IDR,E,0,6,A, Exchange rates against USD Indonesia - Rupiah - Monthly - End of period,2024-11,15862.346147,A,,F
M,ID,IDR,E,0,6,A, Exchange rates against USD Indonesia - Rupiah - Monthly - End of period,2024-12,16191.048224,A,,F
M,ID,IDR,E,0,6,A, Exchange rates against USD Indonesia - Rupiah - Monthly - End of period,2025-01,16300.596555,A,,F
M,ID,IDR,E,0,6,A, Exchange rates against USD Indonesia - Rupiah - Monthly - End of period,2025-02,16548.045337,A,,F
M,ID,IDR,E,0,6,A, Exchange rates against USD Indonesia - Rupiah - Monthly - End of period,2025-03,16637.050393,A,,F
M,ID,IDR,E,0,6,A, Exchange rates against USD Indonesia - Rupiah - Monthly - End of period,2025-04,16620.047481,A,,F
M,ID,IDR,E,0,6,A, Exchange rates against USD Indonesia - Rupiah - Monthly - End of period,2025-05,16332.948232,A,,F
M,ID,IDR,E,0,6,A, Exchange rates against USD Indonesia - Rupiah - Monthly - End of period,2025-06,16229.547782,A,,F
M,ID,IDR,E,0,6,A, Exchange rates against USD Indonesia - Rupiah - Monthly - End of period,2025-07,16497.352787,A,,F
M,ID,IDR,E,0,6,A, Exchange rates against USD Indonesia - Rupiah - Monthly - End of period,2025-08,16475.699091,A,,F
M,ID,IDR,E,0,6,A, Exchange rates against USD Indonesia - Rupiah - Monthly - End of period,2025-09,16675.700537,A,,F
M,ID,IDR,E,0,6,A, Exchange rates against USD Indonesia - Rupiah - Monthly - End of period,2025-10,16661.90064,A,,F
M,ID,IDR,E,0,6,A, Exchange rates against USD Indonesia - Rupiah - Monthly - End of period,2025-11,16660.098565,A,,F
M,ID,IDR,E,0,6,A, Exchange rates against USD Indonesia - Rupiah - Monthly - End of period,2025-12,16715.6,A,,F
M,ID,IDR,E,0,6,A, Exchange rates against USD Indonesia - Rupiah - Monthly - End of period,2026-01,16788.321168,A,,F
M,ID,IDR,E,0,6,A, Exchange rates against USD Indonesia - Rupiah - Monthly - End of period,2026-02,16801.101228,A,,F
M,ID,IDR,E,0,6,A, Exchange rates against USD Indonesia - Rupiah - Monthly - End of period,2026-03,16964.898243,A,,F
M,ID,IDR,E,0,6,A, Exchange rates against USD Indonesia - Rupiah - Monthly - End of period,2026-04,17345.701589,A,,F
M,ID,IDR,E,0,6,A, Exchange rates against USD Indonesia - Rupiah - Monthly - End of period,2026-05,17816.248712,A,,F
M,ID,IDR,E,0,6,A, Exchange rates against USD Indonesia - Rupiah - Monthly - End of period,2026-06,17903.20344,A,,F
M,ID,IDR,E,0,6,A, Exchange rates against USD Indonesia - Rupiah - Monthly - End of period,2026-07,18052.398781,A,,F
M,ID,IDR,E,0,6,A, Exchange rates against USD Indonesia - Rupiah - Monthly - End of period,2026-08,17710.003449,A,,F
M,TH,THB,E,0,6,A, Exchange rates against USD Thailand - Baht - Monthly - End of period,1957-01,20.66,A,,F
M,TH,THB,E,0,6,A, Exchange rates against USD Thailand - Baht - Monthly - End of period,1957-02,20.67,A,,F
M,TH,THB,E,0,6,A, Exchange rates against USD Thailand - Baht - Monthly - End of period,1957-03,20.75,A,,F
M,TH,THB,E,0,6,A, Exchange rates against USD Thailand - Baht - Monthly - End of period,1957-04,20.8,A,,F
M,TH,THB,E,0,6,A, Exchange rates against USD Thailand - Baht - Monthly - End of period,1957-05,20.79,A,,F
M,TH,THB,E,0,6,A, Exchange rates against USD Thailand - Baht - Monthly - End of period,1957-06,20.77,A,,F
M,TH,THB,E,0,6,A, Exchange rates against USD Thailand - Baht - Monthly - End of period,1957-07,20.8,A,,F
M,TH,THB,E,0,6,A, Exchange rates against USD Thailand - Baht - Monthly - End of period,1957-08,20.72,A,,F
M,TH,THB,E,0,6,A, Exchange rates against USD Thailand - Baht - Monthly - End of period,1957-09,20.78,A,,F
M,TH,THB,E,0,6,A, Exchange rates against USD Thailand - Baht - Monthly - End of period,1957-10,20.82,A,,F
M,TH,THB,E,0,6,A, Exchange rates against USD Thailand - Baht - Monthly - End of period,1957-11,20.9,A,,F
M,TH,THB,E,0,6,A, Exchange rates against USD Thailand - Baht - Monthly - End of period,1957-12,20.9,A,,F
M,TH,THB,E,0,6,A, Exchange rates against USD Thailand - Baht - Monthly - End of period,1958-01,20.83,A,,F
M,TH,THB,E,0,6,A, Exchange rates against USD Thailand - Baht - Monthly - End of period,1958-02,20.83,A,,F
M,TH,THB,E,0,6,A, Exchange rates against USD Thailand - Baht - Monthly - End of period,1958-03,20.83,A,,F
M,TH,THB,E,0,6,A, Exchange rates against USD Thailand - Baht - Monthly - End of period,1958-04,21,A,,F
M,TH,THB,E,0,6,A, Exchange rates against USD Thailand - Baht - Monthly - End of period,1958-05,20.98,A,,F
M,TH,THB,E,0,6,A, Exchange rates against USD Thailand - Baht - Monthly - End of period,1958-06,20.93,A,,F
M,TH,THB,E,0,6,A, Exchange rates against USD Thailand - Baht - Monthly - End of period,1958-07,21,A,,F
M,TH,THB,E,0,6,A, Exchange rates against USD Thailand - Baht - Monthly - End of period,1958-08,21.04,A,,F
M,TH,THB,E,0,6,A, Exchange rates against USD Thailand - Baht - Monthly - End of period,1958-09,21.1,A,,F
M,TH,THB,E,0,6,A, Exchange rates against USD Thailand - Baht - Monthly - End of period,1958-10,21.1,A,,F
M,TH,THB,E,0,6,A, Exchange rates against USD Thailand - Baht - Monthly - End of period,1958-11,21.1,A,,F
M,TH,THB,E,0,6,A, Exchange rates against USD Thailand - Baht - Monthly - End of period,1958-12,21.1,A,,F
M,TH,THB,E,0,6,A, Exchange rates against USD Thailand - Baht - Monthly - End of period,1959-01,21.1,A,,F
M,TH,THB,E,0,6,A, Exchange rates against USD Thailand - Baht - Monthly - End of period,1959-02,21.16,A,,F
M,TH,THB,E,0,6,A, Exchange rates against USD Thailand - Baht - Monthly - End of period,1959-03,21.19,A,,F
M,TH,THB,E,0,6,A, Exchange rates against USD Thailand - Baht - Monthly - End of period,1959-04,21.2,A,,F
M,TH,THB,E,0,6,A, Exchange rates against USD Thailand - Baht - Monthly - End of period,1959-05,21.16,A,,F
M,TH,THB,E,0,6,A, Exchange rates against USD Thailand - Baht - Monthly - End of period,1959-06,21.17,A,,F
M,TH,THB,E,0,6,A, Exchange rates against USD Thailand - Baht - Monthly - End of period,1959-07,21.19,A,,F
M,TH,THB,E,0,6,A, Exchange rates against USD Thailand - Baht - Monthly - End of period,1959-08,21.19,A,,F
M,TH,THB,E,0,6,A, Exchange rates against USD Thailand - Baht - Monthly - End of period,1959-09,21.19,A,,F
M,TH,THB,E,0,6,A, Exchange rates against USD Thailand - Baht - Monthly - End of period,1959-10,21.19,A,,F
M,TH,THB,E,0,6,A, Exchange rates against USD Thailand - Baht - Monthly - End of period,1959-11,21.19,A,,F
M,TH,THB,E,0,6,A, Exchange rates against USD Thailand - Baht - Monthly - End of period,1959-12,21.19,A,,F
M,TH,THB,E,0,6,A, Exchange rates against USD Thailand - Baht - Monthly - End of period,1960-01,21.19,A,,F
M,TH,THB,E,0,6,A, Exchange rates against USD Thailand - Baht - Monthly - End of period,1960-02,21.19,A,,F
M,TH,THB,E,0,6,A, Exchange rates against USD Thailand - Baht - Monthly - End of period,1960-03,21.19,A,,F
M,TH,THB,E,0,6,A, Exchange rates against USD Thailand - Baht - Monthly - End of period,1960-04,21.19,A,,F
M,TH,THB,E,0,6,A, Exchange rates against USD Thailand - Baht - Monthly - End of period,1960-05,21.19,A,,F
M,TH,THB,E,0,6,A, Exchange rates against USD Thailand - Baht - Monthly - End of period,1960-06,21.19,A,,F
M,TH,THB,E,0,6,A, Exchange rates against USD Thailand - Baht - Monthly - End of period,1960-07,21.19,A,,F
M,TH,THB,E,0,6,A, Exchange rates against USD Thailand - Baht - Monthly - End of period,1960-08,21.19,A,,F
M,TH,THB,E,0,6,A, Exchange rates against USD Thailand - Baht - Monthly - End of period,1960-09,21.19,A,,F
M,TH,THB,E,0,6,A, Exchange rates against USD Thailand - Baht - Monthly - End of period,1960-10,21.14,A,,F
M,TH,THB,E,0,6,A, Exchange rates against USD Thailand - Baht - Monthly - End of period,1960-11,21.14,A,,F
M,TH,THB,E,0,6,A, Exchange rates against USD Thailand - Baht - Monthly - End of period,1960-12,21.14,A,,F
M,TH,THB,E,0,6,A, Exchange rates against USD Thailand - Baht - Monthly - End of period,1961-01,21.09,A,,F
M,TH,THB,E,0,6,A, Exchange rates against USD Thailand - Baht - Monthly - End of period,1961-02,21.09,A,,F
M,TH,THB,E,0,6,A, Exchange rates against USD Thailand - Baht - Monthly - End of period,1961-03,21.09,A,,F
M,TH,THB,E,0,6,A, Exchange rates against USD Thailand - Baht - Monthly - End of period,1961-04,21.09,A,,F
M,TH,THB,E,0,6,A, Exchange rates against USD Thailand - Baht - Monthly - End of period,1961-05,21.04,A,,F
M,TH,THB,E,0,6,A, Exchange rates against USD Thailand - Baht - Monthly - End of period,1961-06,21.04,A,,F
M,TH,THB,E,0,6,A, Exchange rates against USD Thailand - Baht - Monthly - End of period,1961-07,21.04,A,,F
M,TH,THB,E,0,6,A, Exchange rates against USD Thailand - Baht - Monthly - End of period,1961-08,21.04,A,,F
M,TH,THB,E,0,6,A, Exchange rates against USD Thailand - Baht - Monthly - End of period,1961-09,21.04,A,,F
M,TH,THB,E,0,6,A, Exchange rates against USD Thailand - Baht - Monthly - End of period,1961-10,21.04,A,,F
M,TH,THB,E,0,6,A, Exchange rates against USD Thailand - Baht - Monthly - End of period,1961-11,21.03,A,,F
M,TH,THB,E,0,6,A, Exchange rates against USD Thailand - Baht - Monthly - End of period,1961-12,20.99,A,,F
M,TH,THB,E,0,6,A, Exchange rates against USD Thailand - Baht - Monthly - End of period,1962-01,20.99,A,,F
M,TH,THB,E,0,6,A, Exchange rates against USD Thailand - Baht - Monthly - End of period,1962-02,20.94,A,,F
M,TH,THB,E,0,6,A, Exchange rates against USD Thailand - Baht - Monthly - End of period,1962-03,20.94,A,,F
M,TH,THB,E,0,6,A, Exchange rates against USD Thailand - Baht - Monthly - End of period,1962-04,20.84,A,,F
M,TH,THB,E,0,6,A, Exchange rates against USD Thailand - Baht - Monthly - End of period,1962-05,20.84,A,,F
M,TH,THB,E,0,6,A, Exchange rates against USD Thailand - Baht - Monthly - End of period,1962-06,20.84,A,,F
M,TH,THB,E,0,6,A, Exchange rates against USD Thailand - Baht - Monthly - End of period,1962-07,20.84,A,,F
M,TH,THB,E,0,6,A, Exchange rates against USD Thailand - Baht - Monthly - End of period,1962-08,20.84,A,,F
M,TH,THB,E,0,6,A, Exchange rates against USD Thailand - Baht - Monthly - End of period,1962-09,20.84,A,,F
M,TH,THB,E,0,6,A, Exchange rates against USD Thailand - Baht - Monthly - End of period,1962-10,20.84,A,,F
M,TH,THB,E,0,6,A, Exchange rates against USD Thailand - Baht - Monthly - End of period,1962-11,20.84,A,,F
M,TH,THB,E,0,6,A, Exchange rates against USD Thailand - Baht - Monthly - End of period,1962-12,20.84,A,,F
M,TH,THB,E,0,6,A, Exchange rates against USD Thailand - Baht - Monthly - End of period,1963-01,20.84,A,,F
M,TH,THB,E,0,6,A, Exchange rates against USD Thailand - Baht - Monthly - End of period,1963-02,20.84,A,,F
M,TH,THB,E,0,6,A, Exchange rates against USD Thailand - Baht - Monthly - End of period,1963-03,20.84,A,,F
M,TH,THB,E,0,6,A, Exchange rates against USD Thailand - Baht - Monthly - End of period,1963-04,20.84,A,,F
M,TH,THB,E,0,6,A, Exchange rates against USD Thailand - Baht - Monthly - End of period,1963-05,20.84,A,,F
M,TH,THB,E,0,6,A, Exchange rates against USD Thailand - Baht - Monthly - End of period,1963-06,20.84,A,,F
M,TH,THB,E,0,6,A, Exchange rates against USD Thailand - Baht - Monthly - End of period,1963-07,20.84,A,,F
M,TH,THB,E,0,6,A, Exchange rates against USD Thailand - Baht - Monthly - End of period,1963-08,20.84,A,,F
M,TH,THB,E,0,6,A, Exchange rates against USD Thailand - Baht - Monthly - End of period,1963-09,20.84,A,,F
M,TH,THB,E,0,6,A, Exchange rates against USD Thailand - Baht - Monthly - End of period,1963-10,20.84,A,,F
M,TH,THB,E,0,6,A, Exchange rates against USD Thailand - Baht - Monthly - End of period,1963-11,20.84,A,,F
M,TH,THB,E,0,6,A, Exchange rates against USD Thailand - Baht - Monthly - End of period,1963-12,20.84,A,,F
M,TH,THB,E,0,6,A, Exchange rates against USD Thailand - Baht - Monthly - End of period,1964-01,20.84,A,,F
M,TH,THB,E,0,6,A, Exchange rates against USD Thailand - Baht - Monthly - End of period,1964-02,20.84,A,,F
M,TH,THB,E,0,6,A, Exchange rates against USD Thailand - Baht - Monthly - End of period,1964-03,20.84,A,,F
M,TH,THB,E,0,6,A, Exchange rates against USD Thailand - Baht - Monthly - End of period,1964-04,20.84,A,,F
M,TH,THB,E,0,6,A, Exchange rates against USD Thailand - Baht - Monthly - End of period,1964-05,20.84,A,,F
M,TH,THB,E,0,6,A, Exchange rates against USD Thailand - Baht - Monthly - End of period,1964-06,20.84,A,,F
M,TH,THB,E,0,6,A, Exchange rates against USD Thailand - Baht - Monthly - End of period,1964-07,20.83,A,,F
M,TH,THB,E,0,6,A, Exchange rates against USD Thailand - Baht - Monthly - End of period,1964-08,20.83,A,,F
M,TH,THB,E,0,6,A, Exchange rates against USD Thailand - Baht - Monthly - End of period,1964-09,20.83,A,,F
M,TH,THB,E,0,6,A, Exchange rates against USD Thailand - Baht - Monthly - End of period,1964-10,20.83,A,,F
M,TH,THB,E,0,6,A, Exchange rates against USD Thailand - Baht - Monthly - End of period,1964-11,20.83,A,,F
M,TH,THB,E,0,6,A, Exchange rates against USD Thailand - Baht - Monthly - End of period,1964-12,20.83,A,,F
M,TH,THB,E,0,6,A, Exchange rates against USD Thailand - Baht - Monthly - End of period,1965-01,20.83,A,,F
M,TH,THB,E,0,6,A, Exchange rates against USD Thailand - Baht - Monthly - End of period,1965-02,20.83,A,,F
M,TH,THB,E,0,6,A, Exchange rates against USD Thailand - Baht - Monthly - End of period,1965-03,20.83,A,,F
M,TH,THB,E,0,6,A, Exchange rates against USD Thailand - Baht - Monthly - End of period,1965-04,20.83,A,,F
M,TH,THB,E,0,6,A, Exchange rates against USD Thailand - Baht - Monthly - End of period,1965-05,20.83,A,,F
M,TH,THB,E,0,6,A, Exchange rates against USD Thailand - Baht - Monthly - End of period,1965-06,20.83,A,,F
M,TH,THB,E,0,6,A, Exchange rates against USD Thailand - Baht - Monthly - End of period,1965-07,20.83,A,,F
M,TH,THB,E,0,6,A, Exchange rates against USD Thailand - Baht - Monthly - End of period,1965-08,20.83,A,,F
M,TH,THB,E,0,6,A, Exchange rates against USD Thailand - Baht - Monthly - End of period,1965-09,20.83,A,,F
M,TH,THB,E,0,6,A, Exchange rates against USD Thailand - Baht - Monthly - End of period,1965-10,20.83,A,,F
M,TH,THB,E,0,6,A, Exchange rates against USD Thailand - Baht - Monthly - End of period,1965-11,20.83,A,,F
M,TH,THB,E,0,6,A, Exchange rates against USD Thailand - Baht - Monthly - End of period,1965-12,20.83,A,,F
M,TH,THB,E,0,6,A, Exchange rates against USD Thailand - Baht - Monthly - End of period,1966-01,20.83,A,,F
M,TH,THB,E,0,6,A, Exchange rates against USD Thailand - Baht - Monthly - End of period,1966-02,20.83,A,,F
M,TH,THB,E,0,6,A, Exchange rates against USD Thailand - Baht - Monthly - End of period,1966-03,20.83,A,,F
M,TH,THB,E,0,6,A, Exchange rates against USD Thailand - Baht - Monthly - End of period,1966-04,20.83,A,,F
M,TH,THB,E,0,6,A, Exchange rates against USD Thailand - Baht - Monthly - End of period,1966-05,20.83,A,,F
M,TH,THB,E,0,6,A, Exchange rates against USD Thailand - Baht - Monthly - End of period,1966-06,20.81,A,,F
M,TH,THB,E,0,6,A, Exchange rates against USD Thailand - Baht - Monthly - End of period,1966-07,20.81,A,,F
M,TH,THB,E,0,6,A, Exchange rates against USD Thailand - Baht - Monthly - End of period,1966-08,20.78,A,,F
M,TH,THB,E,0,6,A, Exchange rates against USD Thailand - Baht - Monthly - End of period,1966-09,20.75,A,,F
M,TH,THB,E,0,6,A, Exchange rates against USD Thailand - Baht - Monthly - End of period,1966-10,20.75,A,,F
M,TH,THB,E,0,6,A, Exchange rates against USD Thailand - Baht - Monthly - End of period,1966-11,20.75,A,,F
M,TH,THB,E,0,6,A, Exchange rates against USD Thailand - Baht - Monthly - End of period,1966-12,20.75,A,,F
M,TH,THB,E,0,6,A, Exchange rates against USD Thailand - Baht - Monthly - End of period,1967-01,20.75,A,,F
M,TH,THB,E,0,6,A, Exchange rates against USD Thailand - Baht - Monthly - End of period,1967-02,20.75,A,,F
M,TH,THB,E,0,6,A, Exchange rates against USD Thailand - Baht - Monthly - End of period,1967-03,20.75,A,,F
M,TH,THB,E,0,6,A, Exchange rates against USD Thailand - Baht - Monthly - End of period,1967-04,20.75,A,,F
M,TH,THB,E,0,6,A, Exchange rates against USD Thailand - Baht - Monthly - End of period,1967-05,20.75,A,,F
M,TH,THB,E,0,6,A, Exchange rates against USD Thailand - Baht - Monthly - End of period,1967-06,20.75,A,,F
M,TH,THB,E,0,6,A, Exchange rates against USD Thailand - Baht - Monthly - End of period,1967-07,20.75,A,,F
M,TH,THB,E,0,6,A, Exchange rates against USD Thailand - Baht - Monthly - End of period,1967-08,20.75,A,,F
M,TH,THB,E,0,6,A, Exchange rates against USD Thailand - Baht - Monthly - End of period,1967-09,20.75,A,,F
M,TH,THB,E,0,6,A, Exchange rates against USD Thailand - Baht - Monthly - End of period,1967-10,20.75,A,,F
M,TH,THB,E,0,6,A, Exchange rates against USD Thailand - Baht - Monthly - End of period,1967-11,20.75,A,,F
M,TH,THB,E,0,6,A, Exchange rates against USD Thailand - Baht - Monthly - End of period,1967-12,20.8,A,,F
M,TH,THB,E,0,6,A, Exchange rates against USD Thailand - Baht - Monthly - End of period,1968-01,20.8,A,,F
M,TH,THB,E,0,6,A, Exchange rates against USD Thailand - Baht - Monthly - End of period,1968-02,20.8,A,,F
M,TH,THB,E,0,6,A, Exchange rates against USD Thailand - Baht - Monthly - End of period,1968-03,20.8,A,,F
M,TH,THB,E,0,6,A, Exchange rates against USD Thailand - Baht - Monthly - End of period,1968-04,20.8,A,,F
M,TH,THB,E,0,6,A, Exchange rates against USD Thailand - Baht - Monthly - End of period,1968-05,20.8,A,,F
M,TH,THB,E,0,6,A, Exchange rates against USD Thailand - Baht - Monthly - End of period,1968-06,20.8,A,,F
M,TH,THB,E,0,6,A, Exchange rates against USD Thailand - Baht - Monthly - End of period,1968-07,20.85,A,,F
M,TH,THB,E,0,6,A, Exchange rates against USD Thailand - Baht - Monthly - End of period,1968-08,20.85,A,,F
M,TH,THB,E,0,6,A, Exchange rates against USD Thailand - Baht - Monthly - End of period,1968-09,20.85,A,,F
M,TH,THB,E,0,6,A, Exchange rates against USD Thailand - Baht - Monthly - End of period,1968-10,20.85,A,,F
M,TH,THB,E,0,6,A, Exchange rates against USD Thailand - Baht - Monthly - End of period,1968-11,20.85,A,,F
M,TH,THB,E,0,6,A, Exchange rates against USD Thailand - Baht - Monthly - End of period,1968-12,20.85,A,,F
M,TH,THB,E,0,6,A, Exchange rates against USD Thailand - Baht - Monthly - End of period,1969-01,20.85,A,,F
M,TH,THB,E,0,6,A, Exchange rates against USD Thailand - Baht - Monthly - End of period,1969-02,20.85,A,,F
M,TH,THB,E,0,6,A, Exchange rates against USD Thailand - Baht - Monthly - End of period,1969-03,20.85,A,,F
M,TH,THB,E,0,6,A, Exchange rates against USD Thailand - Baht - Monthly - End of period,1969-04,20.85,A,,F
M,TH,THB,E,0,6,A, Exchange rates against USD Thailand - Baht - Monthly - End of period,1969-05,20.9,A,,F
M,TH,THB,E,0,6,A, Exchange rates against USD Thailand - Baht - Monthly - End of period,1969-06,20.9275,A,,F
M,TH,THB,E,0,6,A, Exchange rates against USD Thailand - Baht - Monthly - End of period,1969-07,20.9275,A,,F
M,TH,THB,E,0,6,A, Exchange rates against USD Thailand - Baht - Monthly - End of period,1969-08,20.9275,A,,F
M,TH,THB,E,0,6,A, Exchange rates against USD Thailand - Baht - Monthly - End of period,1969-09,20.9275,A,,F
M,TH,THB,E,0,6,A, Exchange rates against USD Thailand - Baht - Monthly - End of period,1969-10,20.9275,A,,F
M,TH,THB,E,0,6,A, Exchange rates against USD Thailand - Baht - Monthly - End of period,1969-11,20.9275,A,,F
M,TH,THB,E,0,6,A, Exchange rates against USD Thailand - Baht - Monthly - End of period,1969-12,20.9275,A,,F
M,TH,THB,E,0,6,A, Exchange rates against USD Thailand - Baht - Monthly - End of period,1970-01,20.9275,A,,F
M,TH,THB,E,0,6,A, Exchange rates against USD Thailand - Baht - Monthly - End of period,1970-02,20.9275,A,,F
M,TH,THB,E,0,6,A, Exchange rates against USD Thailand - Baht - Monthly - End of period,1970-03,20.9275,A,,F
M,TH,THB,E,0,6,A, Exchange rates against USD Thailand - Baht - Monthly - End of period,1970-04,20.9275,A,,F
M,TH,THB,E,0,6,A, Exchange rates against USD Thailand - Baht - Monthly - End of period,1970-05,20.9275,A,,F
M,TH,THB,E,0,6,A, Exchange rates against USD Thailand - Baht - Monthly - End of period,1970-06,20.9275,A,,F
M,TH,THB,E,0,6,A, Exchange rates against USD Thailand - Baht - Monthly - End of period,1970-07,20.9275,A,,F
M,TH,THB,E,0,6,A, Exchange rates against USD Thailand - Baht - Monthly - End of period,1970-08,20.9275,A,,F
M,TH,THB,E,0,6,A, Exchange rates against USD Thailand - Baht - Monthly - End of period,1970-09,20.9275,A,,F
M,TH,THB,E,0,6,A, Exchange rates against USD Thailand - Baht - Monthly - End of period,1970-10,20.9275,A,,F
M,TH,THB,E,0,6,A, Exchange rates against USD Thailand - Baht - Monthly - End of period,1970-11,20.9275,A,,F
M,TH,THB,E,0,6,A, Exchange rates against USD Thailand - Baht - Monthly - End of period,1970-12,20.9275,A,,F
M,TH,THB,E,0,6,A, Exchange rates against USD Thailand - Baht - Monthly - End of period,1971-01,20.9275,A,,F
M,TH,THB,E,0,6,A, Exchange rates against USD Thailand - Baht - Monthly - End of period,1971-02,20.9275,A,,F
M,TH,THB,E,0,6,A, Exchange rates against USD Thailand - Baht - Monthly - End of period,1971-03,20.9275,A,,F
M,TH,THB,E,0,6,A, Exchange rates against USD Thailand - Baht - Monthly - End of period,1971-04,20.9275,A,,F
M,TH,THB,E,0,6,A, Exchange rates against USD Thailand - Baht - Monthly - End of period,1971-05,20.9275,A,,F
M,TH,THB,E,0,6,A, Exchange rates against USD Thailand - Baht - Monthly - End of period,1971-06,20.9275,A,,F
M,TH,THB,E,0,6,A, Exchange rates against USD Thailand - Baht - Monthly - End of period,1971-07,20.9275,A,,F
M,TH,THB,E,0,6,A, Exchange rates against USD Thailand - Baht - Monthly - End of period,1971-08,20.9275,A,,F
M,TH,THB,E,0,6,A, Exchange rates against USD Thailand - Baht - Monthly - End of period,1971-09,20.9275,A,,F
M,TH,THB,E,0,6,A, Exchange rates against USD Thailand - Baht - Monthly - End of period,1971-10,20.9275,A,,F
M,TH,THB,E,0,6,A, Exchange rates against USD Thailand - Baht - Monthly - End of period,1971-11,20.9275,A,,F
M,TH,THB,E,0,6,A, Exchange rates against USD Thailand - Baht - Monthly - End of period,1971-12,20.9275,A,,F
M,TH,THB,E,0,6,A, Exchange rates against USD Thailand - Baht - Monthly - End of period,1972-01,20.9275,A,,F
M,TH,THB,E,0,6,A, Exchange rates against USD Thailand - Baht - Monthly - End of period,1972-02,20.9275,A,,F
M,TH,THB,E,0,6,A, Exchange rates against USD Thailand - Baht - Monthly - End of period,1972-03,20.9275,A,,F
M,TH,THB,E,0,6,A, Exchange rates against USD Thailand - Baht - Monthly - End of period,1972-04,20.9275,A,,F
M,TH,THB,E,0,6,A, Exchange rates against USD Thailand - Baht - Monthly - End of period,1972-05,20.9275,A,,F
M,TH,THB,E,0,6,A, Exchange rates against USD Thailand - Baht - Monthly - End of period,1972-06,20.9275,A,,F
M,TH,THB,E,0,6,A, Exchange rates against USD Thailand - Baht - Monthly - End of period,1972-07,20.9275,A,,F
M,TH,THB,E,0,6,A, Exchange rates against USD Thailand - Baht - Monthly - End of period,1972-08,20.9275,A,,F
M,TH,THB,E,0,6,A, Exchange rates against USD Thailand - Baht - Monthly - End of period,1972-09,20.9275,A,,F
M,TH,THB,E,0,6,A, Exchange rates against USD Thailand - Baht - Monthly - End of period,1972-10,20.9275,A,,F
M,TH,THB,E,0,6,A, Exchange rates against USD Thailand - Baht - Monthly - End of period,1972-11,20.9275,A,,F
M,TH,THB,E,0,6,A, Exchange rates against USD Thailand - Baht - Monthly - End of period,1972-12,20.9275,A,,F
M,TH,THB,E,0,6,A, Exchange rates against USD Thailand - Baht - Monthly - End of period,1973-01,20.9275,A,,F
M,TH,THB,E,0,6,A, Exchange rates against USD Thailand - Baht - Monthly - End of period,1973-02,20.9275,A,,F
M,TH,THB,E,0,6,A, Exchange rates against USD Thailand - Baht - Monthly - End of period,1973-03,20.9275,A,,F
M,TH,THB,E,0,6,A, Exchange rates against USD Thailand - Baht - Monthly - End of period,1973-04,20.9275,A,,F
M,TH,THB,E,0,6,A, Exchange rates against USD Thailand - Baht - Monthly - End of period,1973-05,20.9275,A,,F
M,TH,THB,E,0,6,A, Exchange rates against USD Thailand - Baht - Monthly - End of period,1973-06,20.9275,A,,F
M,TH,THB,E,0,6,A, Exchange rates against USD Thailand - Baht - Monthly - End of period,1973-07,20.375,A,,F
M,TH,THB,E,0,6,A, Exchange rates against USD Thailand - Baht - Monthly - End of period,1973-08,20.375,A,,F
M,TH,THB,E,0,6,A, Exchange rates against USD Thailand - Baht - Monthly - End of period,1973-09,20.375,A,,F
M,TH,THB,E,0,6,A, Exchange rates against USD Thailand - Baht - Monthly - End of period,1973-10,20.375,A,,F
M,TH,THB,E,0,6,A, Exchange rates against USD Thailand - Baht - Monthly - End of period,1973-11,20.375,A,,F
M,TH,THB,E,0,6,A, Exchange rates against USD Thailand - Baht - Monthly - End of period,1973-12,20.375,A,,F
M,TH,THB,E,0,6,A, Exchange rates against USD Thailand - Baht - Monthly - End of period,1974-01,20.375,A,,F
M,TH,THB,E,0,6,A, Exchange rates against USD Thailand - Baht - Monthly - End of period,1974-02,20.375,A,,F
M,TH,THB,E,0,6,A, Exchange rates against USD Thailand - Baht - Monthly - End of period,1974-03,20.375,A,,F
M,TH,THB,E,0,6,A, Exchange rates against USD Thailand - Baht - Monthly - End of period,1974-04,20.375,A,,F
M,TH,THB,E,0,6,A, Exchange rates against USD Thailand - Baht - Monthly - End of period,1974-05,20.375,A,,F
M,TH,THB,E,0,6,A, Exchange rates against USD Thailand - Baht - Monthly - End of period,1974-06,20.375,A,,F
M,TH,THB,E,0,6,A, Exchange rates against USD Thailand - Baht - Monthly - End of period,1974-07,20.375,A,,F
M,TH,THB,E,0,6,A, Exchange rates against USD Thailand - Baht - Monthly - End of period,1974-08,20.375,A,,F
M,TH,THB,E,0,6,A, Exchange rates against USD Thailand - Baht - Monthly - End of period,1974-09,20.375,A,,F
M,TH,THB,E,0,6,A, Exchange rates against USD Thailand - Baht - Monthly - End of period,1974-10,20.375,A,,F
M,TH,THB,E,0,6,A, Exchange rates against USD Thailand - Baht - Monthly - End of period,1974-11,20.375,A,,F
M,TH,THB,E,0,6,A, Exchange rates against USD Thailand - Baht - Monthly - End of period,1974-12,20.375,A,,F
M,TH,THB,E,0,6,A, Exchange rates against USD Thailand - Baht - Monthly - End of period,1975-01,20.375,A,,F
M,TH,THB,E,0,6,A, Exchange rates against USD Thailand - Baht - Monthly - End of period,1975-02,20.375,A,,F
M,TH,THB,E,0,6,A, Exchange rates against USD Thailand - Baht - Monthly - End of period,1975-03,20.375,A,,F
M,TH,THB,E,0,6,A, Exchange rates against USD Thailand - Baht - Monthly - End of period,1975-04,20.375,A,,F
M,TH,THB,E,0,6,A, Exchange rates against USD Thailand - Baht - Monthly - End of period,1975-05,20.375,A,,F
M,TH,THB,E,0,6,A, Exchange rates against USD Thailand - Baht - Monthly - End of period,1975-06,20.375,A,,F
M,TH,THB,E,0,6,A, Exchange rates against USD Thailand - Baht - Monthly - End of period,1975-07,20.375,A,,F
M,TH,THB,E,0,6,A, Exchange rates against USD Thailand - Baht - Monthly - End of period,1975-08,20.375,A,,F
M,TH,THB,E,0,6,A, Exchange rates against USD Thailand - Baht - Monthly - End of period,1975-09,20.375,A,,F
M,TH,THB,E,0,6,A, Exchange rates against USD Thailand - Baht - Monthly - End of period,1975-10,20.375,A,,F
M,TH,THB,E,0,6,A, Exchange rates against USD Thailand - Baht - Monthly - End of period,1975-11,20.4,A,,F
M,TH,THB,E,0,6,A, Exchange rates against USD Thailand - Baht - Monthly - End of period,1975-12,20.4,A,,F
M,TH,THB,E,0,6,A, Exchange rates against USD Thailand - Baht - Monthly - End of period,1976-01,20.4,A,,F
M,TH,THB,E,0,6,A, Exchange rates against USD Thailand - Baht - Monthly - End of period,1976-02,20.4,A,,F
M,TH,THB,E,0,6,A, Exchange rates against USD Thailand - Baht - Monthly - End of period,1976-03,20.4,A,,F
M,TH,THB,E,0,6,A, Exchange rates against USD Thailand - Baht - Monthly - End of period,1976-04,20.4,A,,F
M,TH,THB,E,0,6,A, Exchange rates against USD Thailand - Baht - Monthly - End of period,1976-05,20.4,A,,F
M,TH,THB,E,0,6,A, Exchange rates against USD Thailand - Baht - Monthly - End of period,1976-06,20.4,A,,F
M,TH,THB,E,0,6,A, Exchange rates against USD Thailand - Baht - Monthly - End of period,1976-07,20.4,A,,F
M,TH,THB,E,0,6,A, Exchange rates against USD Thailand - Baht - Monthly - End of period,1976-08,20.4,A,,F
M,TH,THB,E,0,6,A, Exchange rates against USD Thailand - Baht - Monthly - End of period,1976-09,20.4,A,,F
M,TH,THB,E,0,6,A, Exchange rates against USD Thailand - Baht - Monthly - End of period,1976-10,20.4,A,,F
M,TH,THB,E,0,6,A, Exchange rates against USD Thailand - Baht - Monthly - End of period,1976-11,20.4,A,,F
M,TH,THB,E,0,6,A, Exchange rates against USD Thailand - Baht - Monthly - End of period,1976-12,20.4,A,,F
M,TH,THB,E,0,6,A, Exchange rates against USD Thailand - Baht - Monthly - End of period,1977-01,20.4,A,,F
M,TH,THB,E,0,6,A, Exchange rates against USD Thailand - Baht - Monthly - End of period,1977-02,20.4,A,,F
M,TH,THB,E,0,6,A, Exchange rates against USD Thailand - Baht - Monthly - End of period,1977-03,20.4,A,,F
M,TH,THB,E,0,6,A, Exchange rates against USD Thailand - Baht - Monthly - End of period,1977-04,20.4,A,,F
M,TH,THB,E,0,6,A, Exchange rates against USD Thailand - Baht - Monthly - End of period,1977-05,20.4,A,,F
M,TH,THB,E,0,6,A, Exchange rates against USD Thailand - Baht - Monthly - End of period,1977-06,20.4,A,,F
M,TH,THB,E,0,6,A, Exchange rates against USD Thailand - Baht - Monthly - End of period,1977-07,20.4,A,,F
M,TH,THB,E,0,6,A, Exchange rates against USD Thailand - Baht - Monthly - End of period,1977-08,20.4,A,,F
M,TH,THB,E,0,6,A, Exchange rates against USD Thailand - Baht - Monthly - End of period,1977-09,20.4,A,,F
M,TH,THB,E,0,6,A, Exchange rates against USD Thailand - Baht - Monthly - End of period,1977-10,20.4,A,,F
M,TH,THB,E,0,6,A, Exchange rates against USD Thailand - Baht - Monthly - End of period,1977-11,20.4,A,,F
M,TH,THB,E,0,6,A, Exchange rates against USD Thailand - Baht - Monthly - End of period,1977-12,20.4,A,,F
M,TH,THB,E,0,6,A, Exchange rates against USD Thailand - Baht - Monthly - End of period,1978-01,20.4,A,,F
M,TH,THB,E,0,6,A, Exchange rates against USD Thailand - Baht - Monthly - End of period,1978-02,20.4,A,,F
M,TH,THB,E,0,6,A, Exchange rates against USD Thailand - Baht - Monthly - End of period,1978-03,20.4,A,,F
M,TH,THB,E,0,6,A, Exchange rates against USD Thailand - Baht - Monthly - End of period,1978-04,20.4,A,,F
M,TH,THB,E,0,6,A, Exchange rates against USD Thailand - Baht - Monthly - End of period,1978-05,20.4,A,,F
M,TH,THB,E,0,6,A, Exchange rates against USD Thailand - Baht - Monthly - End of period,1978-06,20.4,A,,F
M,TH,THB,E,0,6,A, Exchange rates against USD Thailand - Baht - Monthly - End of period,1978-07,20.4,A,,F
M,TH,THB,E,0,6,A, Exchange rates against USD Thailand - Baht - Monthly - End of period,1978-08,20.2,A,,F
M,TH,THB,E,0,6,A, Exchange rates against USD Thailand - Baht - Monthly - End of period,1978-09,20.2,A,,F
M,TH,THB,E,0,6,A, Exchange rates against USD Thailand - Baht - Monthly - End of period,1978-10,20.2,A,,F
M,TH,THB,E,0,6,A, Exchange rates against USD Thailand - Baht - Monthly - End of period,1978-11,20.35,A,,F
M,TH,THB,E,0,6,A, Exchange rates against USD Thailand - Baht - Monthly - End of period,1978-12,20.39,A,,F
M,TH,THB,E,0,6,A, Exchange rates against USD Thailand - Baht - Monthly - End of period,1979-01,20.38,A,,F
M,TH,THB,E,0,6,A, Exchange rates against USD Thailand - Baht - Monthly - End of period,1979-02,20.4225,A,,F
M,TH,THB,E,0,6,A, Exchange rates against USD Thailand - Baht - Monthly - End of period,1979-03,20.425,A,,F
M,TH,THB,E,0,6,A, Exchange rates against USD Thailand - Baht - Monthly - End of period,1979-04,20.425,A,,F
M,TH,THB,E,0,6,A, Exchange rates against USD Thailand - Baht - Monthly - End of period,1979-05,20.425,A,,F
M,TH,THB,E,0,6,A, Exchange rates against USD Thailand - Baht - Monthly - End of period,1979-06,20.425,A,,F
M,TH,THB,E,0,6,A, Exchange rates against USD Thailand - Baht - Monthly - End of period,1979-07,20.425,A,,F
M,TH,THB,E,0,6,A, Exchange rates against USD Thailand - Baht - Monthly - End of period,1979-08,20.4225,A,,F
M,TH,THB,E,0,6,A, Exchange rates against USD Thailand - Baht - Monthly - End of period,1979-09,20.4,A,,F
M,TH,THB,E,0,6,A, Exchange rates against USD Thailand - Baht - Monthly - End of period,1979-10,20.425,A,,F
M,TH,THB,E,0,6,A, Exchange rates against USD Thailand - Baht - Monthly - End of period,1979-11,20.42,A,,F
M,TH,THB,E,0,6,A, Exchange rates against USD Thailand - Baht - Monthly - End of period,1979-12,20.425,A,,F
M,TH,THB,E,0,6,A, Exchange rates against USD Thailand - Baht - Monthly - End of period,1980-01,20.425,A,,F
M,TH,THB,E,0,6,A, Exchange rates against USD Thailand - Baht - Monthly - End of period,1980-02,20.425,A,,F
M,TH,THB,E,0,6,A, Exchange rates against USD Thailand - Baht - Monthly - End of period,1980-03,20.425,A,,F
M,TH,THB,E,0,6,A, Exchange rates against USD Thailand - Baht - Monthly - End of period,1980-04,20.425,A,,F
M,TH,THB,E,0,6,A, Exchange rates against USD Thailand - Baht - Monthly - End of period,1980-05,20.405,A,,F
M,TH,THB,E,0,6,A, Exchange rates against USD Thailand - Baht - Monthly - End of period,1980-06,20.405,A,,F
M,TH,THB,E,0,6,A, Exchange rates against USD Thailand - Baht - Monthly - End of period,1980-07,20.45,A,,F
M,TH,THB,E,0,6,A, Exchange rates against USD Thailand - Baht - Monthly - End of period,1980-08,20.5,A,,F
M,TH,THB,E,0,6,A, Exchange rates against USD Thailand - Baht - Monthly - End of period,1980-09,20.4875,A,,F
M,TH,THB,E,0,6,A, Exchange rates against USD Thailand - Baht - Monthly - End of period,1980-10,20.565,A,,F
M,TH,THB,E,0,6,A, Exchange rates against USD Thailand - Baht - Monthly - End of period,1980-11,20.595,A,,F
M,TH,THB,E,0,6,A, Exchange rates against USD Thailand - Baht - Monthly - End of period,1980-12,20.63,A,,F
M,TH,THB,E,0,6,A, Exchange rates against USD Thailand - Baht - Monthly - End of period,1981-01,20.6611,A,,F
M,TH,THB,E,0,6,A, Exchange rates against USD Thailand - Baht - Monthly - End of period,1981-02,20.6185,A,,F
M,TH,THB,E,0,6,A, Exchange rates against USD Thailand - Baht - Monthly - End of period,1981-03,20.65,A,,F
M,TH,THB,E,0,6,A, Exchange rates against USD Thailand - Baht - Monthly - End of period,1981-04,20.75,A,,F
M,TH,THB,E,0,6,A, Exchange rates against USD Thailand - Baht - Monthly - End of period,1981-05,21,A,,F
M,TH,THB,E,0,6,A, Exchange rates against USD Thailand - Baht - Monthly - End of period,1981-06,20.9,A,,F
M,TH,THB,E,0,6,A, Exchange rates against USD Thailand - Baht - Monthly - End of period,1981-07,23.05,A,,F
M,TH,THB,E,0,6,A, Exchange rates against USD Thailand - Baht - Monthly - End of period,1981-08,23.05,A,,F
M,TH,THB,E,0,6,A, Exchange rates against USD Thailand - Baht - Monthly - End of period,1981-09,23.05,A,,F
M,TH,THB,E,0,6,A, Exchange rates against USD Thailand - Baht - Monthly - End of period,1981-10,23.05,A,,F
M,TH,THB,E,0,6,A, Exchange rates against USD Thailand - Baht - Monthly - End of period,1981-11,23.05,A,,F
M,TH,THB,E,0,6,A, Exchange rates against USD Thailand - Baht - Monthly - End of period,1981-12,23.05,A,,F
M,TH,THB,E,0,6,A, Exchange rates against USD Thailand - Baht - Monthly - End of period,1982-01,23.05,A,,F
M,TH,THB,E,0,6,A, Exchange rates against USD Thailand - Baht - Monthly - End of period,1982-02,23.05,A,,F
M,TH,THB,E,0,6,A, Exchange rates against USD Thailand - Baht - Monthly - End of period,1982-03,23.05,A,,F
M,TH,THB,E,0,6,A, Exchange rates against USD Thailand - Baht - Monthly - End of period,1982-04,23,A,,F
M,TH,THB,E,0,6,A, Exchange rates against USD Thailand - Baht - Monthly - End of period,1982-05,23,A,,F
M,TH,THB,E,0,6,A, Exchange rates against USD Thailand - Baht - Monthly - End of period,1982-06,23,A,,F
M,TH,THB,E,0,6,A, Exchange rates against USD Thailand - Baht - Monthly - End of period,1982-07,23,A,,F
M,TH,THB,E,0,6,A, Exchange rates against USD Thailand - Baht - Monthly - End of period,1982-08,23,A,,F
M,TH,THB,E,0,6,A, Exchange rates against USD Thailand - Baht - Monthly - End of period,1982-09,23,A,,F
M,TH,THB,E,0,6,A, Exchange rates against USD Thailand - Baht - Monthly - End of period,1982-10,23,A,,F
M,TH,THB,E,0,6,A, Exchange rates against USD Thailand - Baht - Monthly - End of period,1982-11,23,A,,F
M,TH,THB,E,0,6,A, Exchange rates against USD Thailand - Baht - Monthly - End of period,1982-12,23,A,,F
M,TH,THB,E,0,6,A, Exchange rates against USD Thailand - Baht - Monthly - End of period,1983-01,23,A,,F
M,TH,THB,E,0,6,A, Exchange rates against USD Thailand - Baht - Monthly - End of period,1983-02,23,A,,F
M,TH,THB,E,0,6,A, Exchange rates against USD Thailand - Baht - Monthly - End of period,1983-03,22.99,A,,F
M,TH,THB,E,0,6,A, Exchange rates against USD Thailand - Baht - Monthly - End of period,1983-04,22.99,A,,F
M,TH,THB,E,0,6,A, Exchange rates against USD Thailand - Baht - Monthly - End of period,1983-05,22.99,A,,F
M,TH,THB,E,0,6,A, Exchange rates against USD Thailand - Baht - Monthly - End of period,1983-06,22.99,A,,F
M,TH,THB,E,0,6,A, Exchange rates against USD Thailand - Baht - Monthly - End of period,1983-07,22.99,A,,F
M,TH,THB,E,0,6,A, Exchange rates against USD Thailand - Baht - Monthly - End of period,1983-08,22.99,A,,F
M,TH,THB,E,0,6,A, Exchange rates against USD Thailand - Baht - Monthly - End of period,1983-09,22.99,A,,F
M,TH,THB,E,0,6,A, Exchange rates against USD Thailand - Baht - Monthly - End of period,1983-10,22.99,A,,F
M,TH,THB,E,0,6,A, Exchange rates against USD Thailand - Baht - Monthly - End of period,1983-11,22.99,A,,F
M,TH,THB,E,0,6,A, Exchange rates against USD Thailand - Baht - Monthly - End of period,1983-12,23.04,A,,F
M,TH,THB,E,0,6,A, Exchange rates against USD Thailand - Baht - Monthly - End of period,1984-01,23,A,,F
M,TH,THB,E,0,6,A, Exchange rates against USD Thailand - Baht - Monthly - End of period,1984-02,23,A,,F
M,TH,THB,E,0,6,A, Exchange rates against USD Thailand - Baht - Monthly - End of period,1984-03,23.01,A,,F
M,TH,THB,E,0,6,A, Exchange rates against USD Thailand - Baht - Monthly - End of period,1984-04,23.01,A,,F
M,TH,THB,E,0,6,A, Exchange rates against USD Thailand - Baht - Monthly - End of period,1984-05,23.01,A,,F
M,TH,THB,E,0,6,A, Exchange rates against USD Thailand - Baht - Monthly - End of period,1984-06,23,A,,F
M,TH,THB,E,0,6,A, Exchange rates against USD Thailand - Baht - Monthly - End of period,1984-07,23.02,A,,F
M,TH,THB,E,0,6,A, Exchange rates against USD Thailand - Baht - Monthly - End of period,1984-08,23.02,A,,F
M,TH,THB,E,0,6,A, Exchange rates against USD Thailand - Baht - Monthly - End of period,1984-09,23,A,,F
M,TH,THB,E,0,6,A, Exchange rates against USD Thailand - Baht - Monthly - End of period,1984-10,23.02,A,,F
M,TH,THB,E,0,6,A, Exchange rates against USD Thailand - Baht - Monthly - End of period,1984-11,27.05,A,,F
M,TH,THB,E,0,6,A, Exchange rates against USD Thailand - Baht - Monthly - End of period,1984-12,27.15,A,,F
M,TH,THB,E,0,6,A, Exchange rates against USD Thailand - Baht - Monthly - End of period,1985-01,27.4,A,,F
M,TH,THB,E,0,6,A, Exchange rates against USD Thailand - Baht - Monthly - End of period,1985-02,28.1,A,,F
M,TH,THB,E,0,6,A, Exchange rates against USD Thailand - Baht - Monthly - End of period,1985-03,27.57,A,,F
M,TH,THB,E,0,6,A, Exchange rates against USD Thailand - Baht - Monthly - End of period,1985-04,27.54,A,,F
M,TH,THB,E,0,6,A, Exchange rates against USD Thailand - Baht - Monthly - End of period,1985-05,27.55,A,,F
M,TH,THB,E,0,6,A, Exchange rates against USD Thailand - Baht - Monthly - End of period,1985-06,27.45,A,,F
M,TH,THB,E,0,6,A, Exchange rates against USD Thailand - Baht - Monthly - End of period,1985-07,26.79,A,,F
M,TH,THB,E,0,6,A, Exchange rates against USD Thailand - Baht - Monthly - End of period,1985-08,26.88,A,,F
M,TH,THB,E,0,6,A, Exchange rates against USD Thailand - Baht - Monthly - End of period,1985-09,26.35,A,,F
M,TH,THB,E,0,6,A, Exchange rates against USD Thailand - Baht - Monthly - End of period,1985-10,26.56,A,,F
M,TH,THB,E,0,6,A, Exchange rates against USD Thailand - Baht - Monthly - End of period,1985-11,26.17,A,,F
M,TH,THB,E,0,6,A, Exchange rates against USD Thailand - Baht - Monthly - End of period,1985-12,26.7,A,,F
M,TH,THB,E,0,6,A, Exchange rates against USD Thailand - Baht - Monthly - End of period,1986-01,26.57,A,,F
M,TH,THB,E,0,6,A, Exchange rates against USD Thailand - Baht - Monthly - End of period,1986-02,26.37,A,,F
M,TH,THB,E,0,6,A, Exchange rates against USD Thailand - Baht - Monthly - End of period,1986-03,26.49,A,,F
M,TH,THB,E,0,6,A, Exchange rates against USD Thailand - Baht - Monthly - End of period,1986-04,26.3,A,,F
M,TH,THB,E,0,6,A, Exchange rates against USD Thailand - Baht - Monthly - End of period,1986-05,26.48,A,,F
M,TH,THB,E,0,6,A, Exchange rates against USD Thailand - Baht - Monthly - End of period,1986-06,26.32,A,,F
M,TH,THB,E,0,6,A, Exchange rates against USD Thailand - Baht - Monthly - End of period,1986-07,26.13,A,,F
M,TH,THB,E,0,6,A, Exchange rates against USD Thailand - Baht - Monthly - End of period,1986-08,26.16,A,,F
M,TH,THB,E,0,6,A, Exchange rates against USD Thailand - Baht - Monthly - End of period,1986-09,26.08,A,,F
M,TH,THB,E,0,6,A, Exchange rates against USD Thailand - Baht - Monthly - End of period,1986-10,26.26,A,,F
M,TH,THB,E,0,6,A, Exchange rates against USD Thailand - Baht - Monthly - End of period,1986-11,26.25,A,,F
M,TH,THB,E,0,6,A, Exchange rates against USD Thailand - Baht - Monthly - End of period,1986-12,26.27,A,,F
M,TH,THB,E,0,6,A, Exchange rates against USD Thailand - Baht - Monthly - End of period,1987-01,25.86,A,,F
M,TH,THB,E,0,6,A, Exchange rates against USD Thailand - Baht - Monthly - End of period,1987-02,25.93,A,,F
M,TH,THB,E,0,6,A, Exchange rates against USD Thailand - Baht - Monthly - End of period,1987-03,25.74,A,,F
M,TH,THB,E,0,6,A, Exchange rates against USD Thailand - Baht - Monthly - End of period,1987-04,25.59,A,,F
M,TH,THB,E,0,6,A, Exchange rates against USD Thailand - Baht - Monthly - End of period,1987-05,25.75,A,,F
M,TH,THB,E,0,6,A, Exchange rates against USD Thailand - Baht - Monthly - End of period,1987-06,25.86,A,,F
M,TH,THB,E,0,6,A, Exchange rates against USD Thailand - Baht - Monthly - End of period,1987-07,25.98,A,,F
M,TH,THB,E,0,6,A, Exchange rates against USD Thailand - Baht - Monthly - End of period,1987-08,25.74,A,,F
M,TH,THB,E,0,6,A, Exchange rates against USD Thailand - Baht - Monthly - End of period,1987-09,25.85,A,,F
M,TH,THB,E,0,6,A, Exchange rates against USD Thailand - Baht - Monthly - End of period,1987-10,25.61,A,,F
M,TH,THB,E,0,6,A, Exchange rates against USD Thailand - Baht - Monthly - End of period,1987-11,25.37,A,,F
M,TH,THB,E,0,6,A, Exchange rates against USD Thailand - Baht - Monthly - End of period,1987-12,25.09,A,,F
M,TH,THB,E,0,6,A, Exchange rates against USD Thailand - Baht - Monthly - End of period,1988-01,25.25,A,,F
M,TH,THB,E,0,6,A, Exchange rates against USD Thailand - Baht - Monthly - End of period,1988-02,25.32,A,,F
M,TH,THB,E,0,6,A, Exchange rates against USD Thailand - Baht - Monthly - End of period,1988-03,25.16,A,,F
M,TH,THB,E,0,6,A, Exchange rates against USD Thailand - Baht - Monthly - End of period,1988-04,25.15,A,,F
M,TH,THB,E,0,6,A, Exchange rates against USD Thailand - Baht - Monthly - End of period,1988-05,25.21,A,,F
M,TH,THB,E,0,6,A, Exchange rates against USD Thailand - Baht - Monthly - End of period,1988-06,25.49,A,,F
M,TH,THB,E,0,6,A, Exchange rates against USD Thailand - Baht - Monthly - End of period,1988-07,25.49,A,,F
M,TH,THB,E,0,6,A, Exchange rates against USD Thailand - Baht - Monthly - End of period,1988-08,25.57,A,,F
M,TH,THB,E,0,6,A, Exchange rates against USD Thailand - Baht - Monthly - End of period,1988-09,25.57,A,,F
M,TH,THB,E,0,6,A, Exchange rates against USD Thailand - Baht - Monthly - End of period,1988-10,25.26,A,,F
M,TH,THB,E,0,6,A, Exchange rates against USD Thailand - Baht - Monthly - End of period,1988-11,25.08,A,,F
M,TH,THB,E,0,6,A, Exchange rates against USD Thailand - Baht - Monthly - End of period,1988-12,25.2,A,,F
M,TH,THB,E,0,6,A, Exchange rates against USD Thailand - Baht - Monthly - End of period,1989-01,25.41,A,,F
M,TH,THB,E,0,6,A, Exchange rates against USD Thailand - Baht - Monthly - End of period,1989-02,25.38,A,,F
M,TH,THB,E,0,6,A, Exchange rates against USD Thailand - Baht - Monthly - End of period,1989-03,25.5,A,,F
M,TH,THB,E,0,6,A, Exchange rates against USD Thailand - Baht - Monthly - End of period,1989-04,25.53,A,,F
M,TH,THB,E,0,6,A, Exchange rates against USD Thailand - Baht - Monthly - End of period,1989-05,25.92,A,,F
M,TH,THB,E,0,6,A, Exchange rates against USD Thailand - Baht - Monthly - End of period,1989-06,25.96,A,,F
M,TH,THB,E,0,6,A, Exchange rates against USD Thailand - Baht - Monthly - End of period,1989-07,25.76,A,,F
M,TH,THB,E,0,6,A, Exchange rates against USD Thailand - Baht - Monthly - End of period,1989-08,25.99,A,,F
M,TH,THB,E,0,6,A, Exchange rates against USD Thailand - Baht - Monthly - End of period,1989-09,25.81,A,,F
M,TH,THB,E,0,6,A, Exchange rates against USD Thailand - Baht - Monthly - End of period,1989-10,25.86,A,,F
M,TH,THB,E,0,6,A, Exchange rates against USD Thailand - Baht - Monthly - End of period,1989-11,25.82,A,,F
M,TH,THB,E,0,6,A, Exchange rates against USD Thailand - Baht - Monthly - End of period,1989-12,25.71,A,,F
M,TH,THB,E,0,6,A, Exchange rates against USD Thailand - Baht - Monthly - End of period,1990-01,25.73,A,,F
M,TH,THB,E,0,6,A, Exchange rates against USD Thailand - Baht - Monthly - End of period,1990-02,25.82,A,,F
M,TH,THB,E,0,6,A, Exchange rates against USD Thailand - Baht - Monthly - End of period,1990-03,26,A,,F
M,TH,THB,E,0,6,A, Exchange rates against USD Thailand - Baht - Monthly - End of period,1990-04,26,A,,F
M,TH,THB,E,0,6,A, Exchange rates against USD Thailand - Baht - Monthly - End of period,1990-05,25.86,A,,F
M,TH,THB,E,0,6,A, Exchange rates against USD Thailand - Baht - Monthly - End of period,1990-06,25.81,A,,F
M,TH,THB,E,0,6,A, Exchange rates against USD Thailand - Baht - Monthly - End of period,1990-07,25.64,A,,F
M,TH,THB,E,0,6,A, Exchange rates against USD Thailand - Baht - Monthly - End of period,1990-08,25.49,A,,F
M,TH,THB,E,0,6,A, Exchange rates against USD Thailand - Baht - Monthly - End of period,1990-09,25.36,A,,F
M,TH,THB,E,0,6,A, Exchange rates against USD Thailand - Baht - Monthly - End of period,1990-10,25.09,A,,F
M,TH,THB,E,0,6,A, Exchange rates against USD Thailand - Baht - Monthly - End of period,1990-11,25.2,A,,F
M,TH,THB,E,0,6,A, Exchange rates against USD Thailand - Baht - Monthly - End of period,1990-12,25.31,A,,F
M,TH,THB,E,0,6,A, Exchange rates against USD Thailand - Baht - Monthly - End of period,1991-01,25.18,A,,F
M,TH,THB,E,0,6,A, Exchange rates against USD Thailand - Baht - Monthly - End of period,1991-02,25.23,A,,F
M,TH,THB,E,0,6,A, Exchange rates against USD Thailand - Baht - Monthly - End of period,1991-03,25.63,A,,F
M,TH,THB,E,0,6,A, Exchange rates against USD Thailand - Baht - Monthly - End of period,1991-04,25.67,A,,F
M,TH,THB,E,0,6,A, Exchange rates against USD Thailand - Baht - Monthly - End of period,1991-05,25.64,A,,F
M,TH,THB,E,0,6,A, Exchange rates against USD Thailand - Baht - Monthly - End of period,1991-06,25.73,A,,F
M,TH,THB,E,0,6,A, Exchange rates against USD Thailand - Baht - Monthly - End of period,1991-07,25.74,A,,F
M,TH,THB,E,0,6,A, Exchange rates against USD Thailand - Baht - Monthly - End of period,1991-08,25.74,A,,F
M,TH,THB,E,0,6,A, Exchange rates against USD Thailand - Baht - Monthly - End of period,1991-09,25.56,A,,F
M,TH,THB,E,0,6,A, Exchange rates against USD Thailand - Baht - Monthly - End of period,1991-10,25.59,A,,F
M,TH,THB,E,0,6,A, Exchange rates against USD Thailand - Baht - Monthly - End of period,1991-11,25.5,A,,F
M,TH,THB,E,0,6,A, Exchange rates against USD Thailand - Baht - Monthly - End of period,1991-12,25.4,A,,F
M,TH,THB,E,0,6,A, Exchange rates against USD Thailand - Baht - Monthly - End of period,1992-01,25.4,A,,F
M,TH,THB,E,0,6,A, Exchange rates against USD Thailand - Baht - Monthly - End of period,1992-02,25.53,A,,F
M,TH,THB,E,0,6,A, Exchange rates against USD Thailand - Baht - Monthly - End of period,1992-03,25.62,A,,F
M,TH,THB,E,0,6,A, Exchange rates against USD Thailand - Baht - Monthly - End of period,1992-04,25.64,A,,F
M,TH,THB,E,0,6,A, Exchange rates against USD Thailand - Baht - Monthly - End of period,1992-05,25.49,A,,F
M,TH,THB,E,0,6,A, Exchange rates against USD Thailand - Baht - Monthly - End of period,1992-06,25.3,A,,F
M,TH,THB,E,0,6,A, Exchange rates against USD Thailand - Baht - Monthly - End of period,1992-07,25.34,A,,F
M,TH,THB,E,0,6,A, Exchange rates against USD Thailand - Baht - Monthly - End of period,1992-08,25.15,A,,F
M,TH,THB,E,0,6,A, Exchange rates against USD Thailand - Baht - Monthly - End of period,1992-09,25.13,A,,F
M,TH,THB,E,0,6,A, Exchange rates against USD Thailand - Baht - Monthly - End of period,1992-10,25.39,A,,F
M,TH,THB,E,0,6,A, Exchange rates against USD Thailand - Baht - Monthly - End of period,1992-11,25.52,A,,F
M,TH,THB,E,0,6,A, Exchange rates against USD Thailand - Baht - Monthly - End of period,1992-12,25.53,A,,F
M,TH,THB,E,0,6,A, Exchange rates against USD Thailand - Baht - Monthly - End of period,1993-01,25.49,A,,F
M,TH,THB,E,0,6,A, Exchange rates against USD Thailand - Baht - Monthly - End of period,1993-02,25.445,A,,F
M,TH,THB,E,0,6,A, Exchange rates against USD Thailand - Baht - Monthly - End of period,1993-03,25.38,A,,F
M,TH,THB,E,0,6,A, Exchange rates against USD Thailand - Baht - Monthly - End of period,1993-04,25.23,A,,F
M,TH,THB,E,0,6,A, Exchange rates against USD Thailand - Baht - Monthly - End of period,1993-05,25.11,A,,F
M,TH,THB,E,0,6,A, Exchange rates against USD Thailand - Baht - Monthly - End of period,1993-06,25.28,A,,F
M,TH,THB,E,0,6,A, Exchange rates against USD Thailand - Baht - Monthly - End of period,1993-07,25.31,A,,F
M,TH,THB,E,0,6,A, Exchange rates against USD Thailand - Baht - Monthly - End of period,1993-08,25.17,A,,F
M,TH,THB,E,0,6,A, Exchange rates against USD Thailand - Baht - Monthly - End of period,1993-09,25.22,A,,F
M,TH,THB,E,0,6,A, Exchange rates against USD Thailand - Baht - Monthly - End of period,1993-10,25.34,A,,F
M,TH,THB,E,0,6,A, Exchange rates against USD Thailand - Baht - Monthly - End of period,1993-11,25.445,A,,F
M,TH,THB,E,0,6,A, Exchange rates against USD Thailand - Baht - Monthly - End of period,1993-12,25.58,A,,F
M,TH,THB,E,0,6,A, Exchange rates against USD Thailand - Baht - Monthly - End of period,1994-01,25.45,A,,F
M,TH,THB,E,0,6,A, Exchange rates against USD Thailand - Baht - Monthly - End of period,1994-02,25.31,A,,F
M,TH,THB,E,0,6,A, Exchange rates against USD Thailand - Baht - Monthly - End of period,1994-03,25.25,A,,F
M,TH,THB,E,0,6,A, Exchange rates against USD Thailand - Baht - Monthly - End of period,1994-04,25.24,A,,F
M,TH,THB,E,0,6,A, Exchange rates against USD Thailand - Baht - Monthly - End of period,1994-05,25.21,A,,F
M,TH,THB,E,0,6,A, Exchange rates against USD Thailand - Baht - Monthly - End of period,1994-06,25.04,A,,F
M,TH,THB,E,0,6,A, Exchange rates against USD Thailand - Baht - Monthly - End of period,1994-07,25.01,A,,F
M,TH,THB,E,0,6,A, Exchange rates against USD Thailand - Baht - Monthly - End of period,1994-08,25.04,A,,F
M,TH,THB,E,0,6,A, Exchange rates against USD Thailand - Baht - Monthly - End of period,1994-09,24.99,A,,F
M,TH,THB,E,0,6,A, Exchange rates against USD Thailand - Baht - Monthly - End of period,1994-10,24.91,A,,F
M,TH,THB,E,0,6,A, Exchange rates against USD Thailand - Baht - Monthly - End of period,1994-11,25.0475,A,,F
M,TH,THB,E,0,6,A, Exchange rates against USD Thailand - Baht - Monthly - End of period,1994-12,25.105,A,,F
M,TH,THB,E,0,6,A, Exchange rates against USD Thailand - Baht - Monthly - End of period,1995-01,25.1,A,,F
M,TH,THB,E,0,6,A, Exchange rates against USD Thailand - Baht - Monthly - End of period,1995-02,24.95,A,,F
M,TH,THB,E,0,6,A, Exchange rates against USD Thailand - Baht - Monthly - End of period,1995-03,24.65,A,,F
M,TH,THB,E,0,6,A, Exchange rates against USD Thailand - Baht - Monthly - End of period,1995-04,24.6,A,,F
M,TH,THB,E,0,6,A, Exchange rates against USD Thailand - Baht - Monthly - End of period,1995-05,24.7,A,,F
M,TH,THB,E,0,6,A, Exchange rates against USD Thailand - Baht - Monthly - End of period,1995-06,24.69,A,,F
M,TH,THB,E,0,6,A, Exchange rates against USD Thailand - Baht - Monthly - End of period,1995-07,24.77,A,,F
M,TH,THB,E,0,6,A, Exchange rates against USD Thailand - Baht - Monthly - End of period,1995-08,25.06,A,,F
M,TH,THB,E,0,6,A, Exchange rates against USD Thailand - Baht - Monthly - End of period,1995-09,25.1,A,,F
M,TH,THB,E,0,6,A, Exchange rates against USD Thailand - Baht - Monthly - End of period,1995-10,25.17,A,,F
M,TH,THB,E,0,6,A, Exchange rates against USD Thailand - Baht - Monthly - End of period,1995-11,25.17,A,,F
M,TH,THB,E,0,6,A, Exchange rates against USD Thailand - Baht - Monthly - End of period,1995-12,25.2,A,,F
M,TH,THB,E,0,6,A, Exchange rates against USD Thailand - Baht - Monthly - End of period,1996-01,25.34,A,,F
M,TH,THB,E,0,6,A, Exchange rates against USD Thailand - Baht - Monthly - End of period,1996-02,25.22,A,,F
M,TH,THB,E,0,6,A, Exchange rates against USD Thailand - Baht - Monthly - End of period,1996-03,25.26,A,,F
M,TH,THB,E,0,6,A, Exchange rates against USD Thailand - Baht - Monthly - End of period,1996-04,25.26,A,,F
M,TH,THB,E,0,6,A, Exchange rates against USD Thailand - Baht - Monthly - End of period,1996-05,25.32,A,,F
M,TH,THB,E,0,6,A, Exchange rates against USD Thailand - Baht - Monthly - End of period,1996-06,25.4,A,,F
M,TH,THB,E,0,6,A, Exchange rates against USD Thailand - Baht - Monthly - End of period,1996-07,25.25,A,,F
M,TH,THB,E,0,6,A, Exchange rates against USD Thailand - Baht - Monthly - End of period,1996-08,25.32,A,,F
M,TH,THB,E,0,6,A, Exchange rates against USD Thailand - Baht - Monthly - End of period,1996-09,25.42,A,,F
M,TH,THB,E,0,6,A, Exchange rates against USD Thailand - Baht - Monthly - End of period,1996-10,25.51,A,,F
M,TH,THB,E,0,6,A, Exchange rates against USD Thailand - Baht - Monthly - End of period,1996-11,25.54,A,,F
M,TH,THB,E,0,6,A, Exchange rates against USD Thailand - Baht - Monthly - End of period,1996-12,25.65,A,,F
M,TH,THB,E,0,6,A, Exchange rates against USD Thailand - Baht - Monthly - End of period,1997-01,25.91,A,,F
M,TH,THB,E,0,6,A, Exchange rates against USD Thailand - Baht - Monthly - End of period,1997-02,25.9,A,,F
M,TH,THB,E,0,6,A, Exchange rates against USD Thailand - Baht - Monthly - End of period,1997-03,25.97,A,,F
M,TH,THB,E,0,6,A, Exchange rates against USD Thailand - Baht - Monthly - End of period,1997-04,26.13,A,,F
M,TH,THB,E,0,6,A, Exchange rates against USD Thailand - Baht - Monthly - End of period,1997-05,24.75,A,,F
M,TH,THB,E,0,6,A, Exchange rates against USD Thailand - Baht - Monthly - End of period,1997-06,25.15,A,,F
M,TH,THB,E,0,6,A, Exchange rates against USD Thailand - Baht - Monthly - End of period,1997-07,32.3,A,,F
M,TH,THB,E,0,6,A, Exchange rates against USD Thailand - Baht - Monthly - End of period,1997-08,34.5,A,,F
M,TH,THB,E,0,6,A, Exchange rates against USD Thailand - Baht - Monthly - End of period,1997-09,35.85,A,,F
M,TH,THB,E,0,6,A, Exchange rates against USD Thailand - Baht - Monthly - End of period,1997-10,40.5,A,,F
M,TH,THB,E,0,6,A, Exchange rates against USD Thailand - Baht - Monthly - End of period,1997-11,41,A,,F
M,TH,THB,E,0,6,A, Exchange rates against USD Thailand - Baht - Monthly - End of period,1997-12,46.8,A,,F
M,TH,THB,E,0,6,A, Exchange rates against USD Thailand - Baht - Monthly - End of period,1998-01,53.1,A,,F
M,TH,THB,E,0,6,A, Exchange rates against USD Thailand - Baht - Monthly - End of period,1998-02,43.15,A,,F
M,TH,THB,E,0,6,A, Exchange rates against USD Thailand - Baht - Monthly - End of period,1998-03,39.6,A,,F
M,TH,THB,E,0,6,A, Exchange rates against USD Thailand - Baht - Monthly - End of period,1998-04,38.7,A,,F
M,TH,THB,E,0,6,A, Exchange rates against USD Thailand - Baht - Monthly - End of period,1998-05,40.44,A,,F
M,TH,THB,E,0,6,A, Exchange rates against USD Thailand - Baht - Monthly - End of period,1998-06,42.15,A,,F
M,TH,THB,E,0,6,A, Exchange rates against USD Thailand - Baht - Monthly - End of period,1998-07,40.95,A,,F
M,TH,THB,E,0,6,A, Exchange rates against USD Thailand - Baht - Monthly - End of period,1998-08,42,A,,F
M,TH,THB,E,0,6,A, Exchange rates against USD Thailand - Baht - Monthly - End of period,1998-09,39.63,A,,F
M,TH,THB,E,0,6,A, Exchange rates against USD Thailand - Baht - Monthly - End of period,1998-10,36.8,A,,F
M,TH,THB,E,0,6,A, Exchange rates against USD Thailand - Baht - Monthly - End of period,1998-11,36.15,A,,F
M,TH,THB,E,0,6,A, Exchange rates against USD Thailand - Baht - Monthly - End of period,1998-12,36.5,A,,F
M,TH,THB,E,0,6,A, Exchange rates against USD Thailand - Baht - Monthly - End of period,1999-01,36.921908,A,,F
M,TH,THB,E,0,6,A, Exchange rates against USD Thailand - Baht - Monthly - End of period,1999-02,37.328553,A,,F
M,TH,THB,E,0,6,A, Exchange rates against USD Thailand - Baht - Monthly - End of period,1999-03,37.594768,A,,F
M,TH,THB,E,0,6,A, Exchange rates against USD Thailand - Baht - Monthly - End of period,1999-04,37.185996,A,,F
M,TH,THB,E,0,6,A, Exchange rates against USD Thailand - Baht - Monthly - End of period,1999-05,37.081484,A,,F
M,TH,THB,E,0,6,A, Exchange rates against USD Thailand - Baht - Monthly - End of period,1999-06,36.855054,A,,F
M,TH,THB,E,0,6,A, Exchange rates against USD Thailand - Baht - Monthly - End of period,1999-07,37.250327,A,,F
M,TH,THB,E,0,6,A, Exchange rates against USD Thailand - Baht - Monthly - End of period,1999-08,38.338693,A,,F
M,TH,THB,E,0,6,A, Exchange rates against USD Thailand - Baht - Monthly - End of period,1999-09,41.08692,A,,F
M,TH,THB,E,0,6,A, Exchange rates against USD Thailand - Baht - Monthly - End of period,1999-10,38.70353,A,,F
M,TH,THB,E,0,6,A, Exchange rates against USD Thailand - Baht - Monthly - End of period,1999-11,39.00208,A,,F
M,TH,THB,E,0,6,A, Exchange rates against USD Thailand - Baht - Monthly - End of period,1999-12,37.425841,A,,F
M,TH,THB,E,0,6,A, Exchange rates against USD Thailand - Baht - Monthly - End of period,2000-01,37.492697,A,,F
M,TH,THB,E,0,6,A, Exchange rates against USD Thailand - Baht - Monthly - End of period,2000-02,38.119106,A,,F
M,TH,THB,E,0,6,A, Exchange rates against USD Thailand - Baht - Monthly - End of period,2000-03,37.841202,A,,F
M,TH,THB,E,0,6,A, Exchange rates against USD Thailand - Baht - Monthly - End of period,2000-04,38.026857,A,,F
M,TH,THB,E,0,6,A, Exchange rates against USD Thailand - Baht - Monthly - End of period,2000-05,39.13501,A,,F
M,TH,THB,E,0,6,A, Exchange rates against USD Thailand - Baht - Monthly - End of period,2000-06,39.184282,A,,F
M,TH,THB,E,0,6,A, Exchange rates against USD Thailand - Baht - Monthly - End of period,2000-07,41.380937,A,,F
M,TH,THB,E,0,6,A, Exchange rates against USD Thailand - Baht - Monthly - End of period,2000-08,40.861779,A,,F
M,TH,THB,E,0,6,A, Exchange rates against USD Thailand - Baht - Monthly - End of period,2000-09,42.12105,A,,F
M,TH,THB,E,0,6,A, Exchange rates against USD Thailand - Baht - Monthly - End of period,2000-10,43.95414,A,,F
M,TH,THB,E,0,6,A, Exchange rates against USD Thailand - Baht - Monthly - End of period,2000-11,43.711884,A,,F
M,TH,THB,E,0,6,A, Exchange rates against USD Thailand - Baht - Monthly - End of period,2000-12,43.300591,A,,F
M,TH,THB,E,0,6,A, Exchange rates against USD Thailand - Baht - Monthly - End of period,2001-01,42.499623,A,,F
M,TH,THB,E,0,6,A, Exchange rates against USD Thailand - Baht - Monthly - End of period,2001-02,43.1117,A,,F
M,TH,THB,E,0,6,A, Exchange rates against USD Thailand - Baht - Monthly - End of period,2001-03,44.913949,A,,F
M,TH,THB,E,0,6,A, Exchange rates against USD Thailand - Baht - Monthly - End of period,2001-04,45.632717,A,,F
M,TH,THB,E,0,6,A, Exchange rates against USD Thailand - Baht - Monthly - End of period,2001-05,45.382665,A,,F
M,TH,THB,E,0,6,A, Exchange rates against USD Thailand - Baht - Monthly - End of period,2001-06,45.272759,A,,F
M,TH,THB,E,0,6,A, Exchange rates against USD Thailand - Baht - Monthly - End of period,2001-07,45.721987,A,,F
M,TH,THB,E,0,6,A, Exchange rates against USD Thailand - Baht - Monthly - End of period,2001-08,44.060603,A,,F
M,TH,THB,E,0,6,A, Exchange rates against USD Thailand - Baht - Monthly - End of period,2001-09,44.495784,A,,F
M,TH,THB,E,0,6,A, Exchange rates against USD Thailand - Baht - Monthly - End of period,2001-10,44.697744,A,,F
M,TH,THB,E,0,6,A, Exchange rates against USD Thailand - Baht - Monthly - End of period,2001-11,43.91234,A,,F
M,TH,THB,E,0,6,A, Exchange rates against USD Thailand - Baht - Monthly - End of period,2001-12,44.189947,A,,F
M,TH,THB,E,0,6,A, Exchange rates against USD Thailand - Baht - Monthly - End of period,2002-01,44.030103,A,,F
M,TH,THB,E,0,6,A, Exchange rates against USD Thailand - Baht - Monthly - End of period,2002-02,43.737487,A,,F
M,TH,THB,E,0,6,A, Exchange rates against USD Thailand - Baht - Monthly - End of period,2002-03,43.450023,A,,F
M,TH,THB,E,0,6,A, Exchange rates against USD Thailand - Baht - Monthly - End of period,2002-04,43.237234,A,,F
M,TH,THB,E,0,6,A, Exchange rates against USD Thailand - Baht - Monthly - End of period,2002-05,42.322893,A,,F
M,TH,THB,E,0,6,A, Exchange rates against USD Thailand - Baht - Monthly - End of period,2002-06,41.524211,A,,F
M,TH,THB,E,0,6,A, Exchange rates against USD Thailand - Baht - Monthly - End of period,2002-07,42.022897,A,,F
M,TH,THB,E,0,6,A, Exchange rates against USD Thailand - Baht - Monthly - End of period,2002-08,42.175023,A,,F
M,TH,THB,E,0,6,A, Exchange rates against USD Thailand - Baht - Monthly - End of period,2002-09,43.292292,A,,F
M,TH,THB,E,0,6,A, Exchange rates against USD Thailand - Baht - Monthly - End of period,2002-10,43.307178,A,,F
M,TH,THB,E,0,6,A, Exchange rates against USD Thailand - Baht - Monthly - End of period,2002-11,43.49723,A,,F
M,TH,THB,E,0,6,A, Exchange rates against USD Thailand - Baht - Monthly - End of period,2002-12,43.136169,A,,F
M,TH,THB,E,0,6,A, Exchange rates against USD Thailand - Baht - Monthly - End of period,2003-01,42.741864,A,,F
M,TH,THB,E,0,6,A, Exchange rates against USD Thailand - Baht - Monthly - End of period,2003-02,42.775923,A,,F
M,TH,THB,E,0,6,A, Exchange rates against USD Thailand - Baht - Monthly - End of period,2003-03,42.900046,A,,F
M,TH,THB,E,0,6,A, Exchange rates against USD Thailand - Baht - Monthly - End of period,2003-04,42.84925,A,,F
M,TH,THB,E,0,6,A, Exchange rates against USD Thailand - Baht - Monthly - End of period,2003-05,41.692945,A,,F
M,TH,THB,E,0,6,A, Exchange rates against USD Thailand - Baht - Monthly - End of period,2003-06,42.047432,A,,F
M,TH,THB,E,0,6,A, Exchange rates against USD Thailand - Baht - Monthly - End of period,2003-07,41.941863,A,,F
M,TH,THB,E,0,6,A, Exchange rates against USD Thailand - Baht - Monthly - End of period,2003-08,41.125103,A,,F
M,TH,THB,E,0,6,A, Exchange rates against USD Thailand - Baht - Monthly - End of period,2003-09,39.96035,A,,F
M,TH,THB,E,0,6,A, Exchange rates against USD Thailand - Baht - Monthly - End of period,2003-10,39.903631,A,,F
M,TH,THB,E,0,6,A, Exchange rates against USD Thailand - Baht - Monthly - End of period,2003-11,39.930048,A,,F
M,TH,THB,E,0,6,A, Exchange rates against USD Thailand - Baht - Monthly - End of period,2003-12,39.620428,A,,F
M,TH,THB,E,0,6,A, Exchange rates against USD Thailand - Baht - Monthly - End of period,2004-01,39.246851,A,,F
M,TH,THB,E,0,6,A, Exchange rates against USD Thailand - Baht - Monthly - End of period,2004-02,39.29578,A,,F
M,TH,THB,E,0,6,A, Exchange rates against USD Thailand - Baht - Monthly - End of period,2004-03,39.27806,A,,F
M,TH,THB,E,0,6,A, Exchange rates against USD Thailand - Baht - Monthly - End of period,2004-04,39.987696,A,,F
M,TH,THB,E,0,6,A, Exchange rates against USD Thailand - Baht - Monthly - End of period,2004-05,40.571651,A,,F
M,TH,THB,E,0,6,A, Exchange rates against USD Thailand - Baht - Monthly - End of period,2004-06,40.916742,A,,F
M,TH,THB,E,0,6,A, Exchange rates against USD Thailand - Baht - Monthly - End of period,2004-07,41.348285,A,,F
M,TH,THB,E,0,6,A, Exchange rates against USD Thailand - Baht - Monthly - End of period,2004-08,41.65007,A,,F
M,TH,THB,E,0,6,A, Exchange rates against USD Thailand - Baht - Monthly - End of period,2004-09,41.431703,A,,F
M,TH,THB,E,0,6,A, Exchange rates against USD Thailand - Baht - Monthly - End of period,2004-10,41.050012,A,,F
M,TH,THB,E,0,6,A, Exchange rates against USD Thailand - Baht - Monthly - End of period,2004-11,39.490786,A,,F
M,TH,THB,E,0,6,A, Exchange rates against USD Thailand - Baht - Monthly - End of period,2004-12,38.941341,A,,F
M,TH,THB,E,0,6,A, Exchange rates against USD Thailand - Baht - Monthly - End of period,2005-01,38.563099,A,,F
M,TH,THB,E,0,6,A, Exchange rates against USD Thailand - Baht - Monthly - End of period,2005-02,38.286943,A,,F
M,TH,THB,E,0,6,A, Exchange rates against USD Thailand - Baht - Monthly - End of period,2005-03,39.069732,A,,F
M,TH,THB,E,0,6,A, Exchange rates against USD Thailand - Baht - Monthly - End of period,2005-04,39.445859,A,,F
M,TH,THB,E,0,6,A, Exchange rates against USD Thailand - Baht - Monthly - End of period,2005-05,40.595248,A,,F
M,TH,THB,E,0,6,A, Exchange rates against USD Thailand - Baht - Monthly - End of period,2005-06,41.298379,A,,F
M,TH,THB,E,0,6,A, Exchange rates against USD Thailand - Baht - Monthly - End of period,2005-07,41.664599,A,,F
M,TH,THB,E,0,6,A, Exchange rates against USD Thailand - Baht - Monthly - End of period,2005-08,41.351861,A,,F
M,TH,THB,E,0,6,A, Exchange rates against USD Thailand - Baht - Monthly - End of period,2005-09,41.056303,A,,F
M,TH,THB,E,0,6,A, Exchange rates against USD Thailand - Baht - Monthly - End of period,2005-10,40.786825,A,,F
M,TH,THB,E,0,6,A, Exchange rates against USD Thailand - Baht - Monthly - End of period,2005-11,41.228652,A,,F
M,TH,THB,E,0,6,A, Exchange rates against USD Thailand - Baht - Monthly - End of period,2005-12,41.058744,A,,F
M,TH,THB,E,0,6,A, Exchange rates against USD Thailand - Baht - Monthly - End of period,2006-01,39.008912,A,,F
M,TH,THB,E,0,6,A, Exchange rates against USD Thailand - Baht - Monthly - End of period,2006-02,39.179789,A,,F
M,TH,THB,E,0,6,A, Exchange rates against USD Thailand - Baht - Monthly - End of period,2006-03,38.836748,A,,F
M,TH,THB,E,0,6,A, Exchange rates against USD Thailand - Baht - Monthly - End of period,2006-04,37.524926,A,,F
M,TH,THB,E,0,6,A, Exchange rates against USD Thailand - Baht - Monthly - End of period,2006-05,38.118589,A,,F
M,TH,THB,E,0,6,A, Exchange rates against USD Thailand - Baht - Monthly - End of period,2006-06,38.20892,A,,F
M,TH,THB,E,0,6,A, Exchange rates against USD Thailand - Baht - Monthly - End of period,2006-07,37.843659,A,,F
M,TH,THB,E,0,6,A, Exchange rates against USD Thailand - Baht - Monthly - End of period,2006-08,37.538713,A,,F
M,TH,THB,E,0,6,A, Exchange rates against USD Thailand - Baht - Monthly - End of period,2006-09,37.576619,A,,F
M,TH,THB,E,0,6,A, Exchange rates against USD Thailand - Baht - Monthly - End of period,2006-10,36.735192,A,,F
M,TH,THB,E,0,6,A, Exchange rates against USD Thailand - Baht - Monthly - End of period,2006-11,35.908333,A,,F
M,TH,THB,E,0,6,A, Exchange rates against USD Thailand - Baht - Monthly - End of period,2006-12,35.512528,A,,F
M,TH,THB,E,0,6,A, Exchange rates against USD Thailand - Baht - Monthly - End of period,2007-01,34.549946,A,,F
M,TH,THB,E,0,6,A, Exchange rates against USD Thailand - Baht - Monthly - End of period,2007-02,33.986829,A,,F
M,TH,THB,E,0,6,A, Exchange rates against USD Thailand - Baht - Monthly - End of period,2007-03,32.329929,A,,F
M,TH,THB,E,0,6,A, Exchange rates against USD Thailand - Baht - Monthly - End of period,2007-04,32.815141,A,,F
M,TH,THB,E,0,6,A, Exchange rates against USD Thailand - Baht - Monthly - End of period,2007-05,32.956961,A,,F
M,TH,THB,E,0,6,A, Exchange rates against USD Thailand - Baht - Monthly - End of period,2007-06,31.55498,A,,F
M,TH,THB,E,0,6,A, Exchange rates against USD Thailand - Baht - Monthly - End of period,2007-07,30,A,,F
M,TH,THB,E,0,6,A, Exchange rates against USD Thailand - Baht - Monthly - End of period,2007-08,32.490332,A,,F
M,TH,THB,E,0,6,A, Exchange rates against USD Thailand - Baht - Monthly - End of period,2007-09,31.781508,A,,F
M,TH,THB,E,0,6,A, Exchange rates against USD Thailand - Baht - Monthly - End of period,2007-10,31.693085,A,,F
M,TH,THB,E,0,6,A, Exchange rates against USD Thailand - Baht - Monthly - End of period,2007-11,30.733013,A,,F
M,TH,THB,E,0,6,A, Exchange rates against USD Thailand - Baht - Monthly - End of period,2007-12,29.753413,A,,F
M,TH,THB,E,0,6,A, Exchange rates against USD Thailand - Baht - Monthly - End of period,2008-01,31.237391,A,,F
M,TH,THB,E,0,6,A, Exchange rates against USD Thailand - Baht - Monthly - End of period,2008-02,30.849871,A,,F
M,TH,THB,E,0,6,A, Exchange rates against USD Thailand - Baht - Monthly - End of period,2008-03,31.484948,A,,F
M,TH,THB,E,0,6,A, Exchange rates against USD Thailand - Baht - Monthly - End of period,2008-04,31.669884,A,,F
M,TH,THB,E,0,6,A, Exchange rates against USD Thailand - Baht - Monthly - End of period,2008-05,32.502579,A,,F
M,TH,THB,E,0,6,A, Exchange rates against USD Thailand - Baht - Monthly - End of period,2008-06,33.454707,A,,F
M,TH,THB,E,0,6,A, Exchange rates against USD Thailand - Baht - Monthly - End of period,2008-07,33.519954,A,,F
M,TH,THB,E,0,6,A, Exchange rates against USD Thailand - Baht - Monthly - End of period,2008-08,34.240244,A,,F
M,TH,THB,E,0,6,A, Exchange rates against USD Thailand - Baht - Monthly - End of period,2008-09,33.890093,A,,F
M,TH,THB,E,0,6,A, Exchange rates against USD Thailand - Baht - Monthly - End of period,2008-10,35.059967,A,,F
M,TH,THB,E,0,6,A, Exchange rates against USD Thailand - Baht - Monthly - End of period,2008-11,35.515047,A,,F
M,TH,THB,E,0,6,A, Exchange rates against USD Thailand - Baht - Monthly - End of period,2008-12,34.694977,A,,F
M,TH,THB,E,0,6,A, Exchange rates against USD Thailand - Baht - Monthly - End of period,2009-01,34.964888,A,,F
M,TH,THB,E,0,6,A, Exchange rates against USD Thailand - Baht - Monthly - End of period,2009-02,36.154698,A,,F
M,TH,THB,E,0,6,A, Exchange rates against USD Thailand - Baht - Monthly - End of period,2009-03,35.484671,A,,F
M,TH,THB,E,0,6,A, Exchange rates against USD Thailand - Baht - Monthly - End of period,2009-04,35.260264,A,,F
M,TH,THB,E,0,6,A, Exchange rates against USD Thailand - Baht - Monthly - End of period,2009-05,34.314796,A,,F
M,TH,THB,E,0,6,A, Exchange rates against USD Thailand - Baht - Monthly - End of period,2009-06,34.059714,A,,F
M,TH,THB,E,0,6,A, Exchange rates against USD Thailand - Baht - Monthly - End of period,2009-07,34.030273,A,,F
M,TH,THB,E,0,6,A, Exchange rates against USD Thailand - Baht - Monthly - End of period,2009-08,34.005045,A,,F
M,TH,THB,E,0,6,A, Exchange rates against USD Thailand - Baht - Monthly - End of period,2009-09,33.454893,A,,F
M,TH,THB,E,0,6,A, Exchange rates against USD Thailand - Baht - Monthly - End of period,2009-10,33.435135,A,,F
M,TH,THB,E,0,6,A, Exchange rates against USD Thailand - Baht - Monthly - End of period,2009-11,33.249684,A,,F
M,TH,THB,E,0,6,A, Exchange rates against USD Thailand - Baht - Monthly - End of period,2009-12,33.309732,A,,F
M,TH,THB,E,0,6,A, Exchange rates against USD Thailand - Baht - Monthly - End of period,2010-01,33.174853,A,,F
M,TH,THB,E,0,6,A, Exchange rates against USD Thailand - Baht - Monthly - End of period,2010-02,33.064849,A,,F
M,TH,THB,E,0,6,A, Exchange rates against USD Thailand - Baht - Monthly - End of period,2010-03,32.345129,A,,F
M,TH,THB,E,0,6,A, Exchange rates against USD Thailand - Baht - Monthly - End of period,2010-04,32.355238,A,,F
M,TH,THB,E,0,6,A, Exchange rates against USD Thailand - Baht - Monthly - End of period,2010-05,32.558706,A,,F
M,TH,THB,E,0,6,A, Exchange rates against USD Thailand - Baht - Monthly - End of period,2010-06,32.407302,A,,F
M,TH,THB,E,0,6,A, Exchange rates against USD Thailand - Baht - Monthly - End of period,2010-07,32.2751,A,,F
M,TH,THB,E,0,6,A, Exchange rates against USD Thailand - Baht - Monthly - End of period,2010-08,31.285489,A,,F
M,TH,THB,E,0,6,A, Exchange rates against USD Thailand - Baht - Monthly - End of period,2010-09,30.364889,A,,F
M,TH,THB,E,0,6,A, Exchange rates against USD Thailand - Baht - Monthly - End of period,2010-10,29.955257,A,,F
M,TH,THB,E,0,6,A, Exchange rates against USD Thailand - Baht - Monthly - End of period,2010-11,30.200031,A,,F
M,TH,THB,E,0,6,A, Exchange rates against USD Thailand - Baht - Monthly - End of period,2010-12,30.062865,A,,F
M,TH,THB,E,0,6,A, Exchange rates against USD Thailand - Baht - Monthly - End of period,2011-01,30.890301,A,,F
M,TH,THB,E,0,6,A, Exchange rates against USD Thailand - Baht - Monthly - End of period,2011-02,30.579731,A,,F
M,TH,THB,E,0,6,A, Exchange rates against USD Thailand - Baht - Monthly - End of period,2011-03,30.249877,A,,F
M,TH,THB,E,0,6,A, Exchange rates against USD Thailand - Baht - Monthly - End of period,2011-04,29.870121,A,,F
M,TH,THB,E,0,6,A, Exchange rates against USD Thailand - Baht - Monthly - End of period,2011-05,30.310045,A,,F
M,TH,THB,E,0,6,A, Exchange rates against USD Thailand - Baht - Monthly - End of period,2011-06,30.706428,A,,F
M,TH,THB,E,0,6,A, Exchange rates against USD Thailand - Baht - Monthly - End of period,2011-07,29.819776,A,,F
M,TH,THB,E,0,6,A, Exchange rates against USD Thailand - Baht - Monthly - End of period,2011-08,29.939792,A,,F
M,TH,THB,E,0,6,A, Exchange rates against USD Thailand - Baht - Monthly - End of period,2011-09,31.139747,A,,F
M,TH,THB,E,0,6,A, Exchange rates against USD Thailand - Baht - Monthly - End of period,2011-10,30.639954,A,,F
M,TH,THB,E,0,6,A, Exchange rates against USD Thailand - Baht - Monthly - End of period,2011-11,31.000149,A,,F
M,TH,THB,E,0,6,A, Exchange rates against USD Thailand - Baht - Monthly - End of period,2011-12,31.680192,A,,F
M,TH,THB,E,0,6,A, Exchange rates against USD Thailand - Baht - Monthly - End of period,2012-01,30.929721,A,,F
M,TH,THB,E,0,6,A, Exchange rates against USD Thailand - Baht - Monthly - End of period,2012-02,30.249944,A,,F
M,TH,THB,E,0,6,A, Exchange rates against USD Thailand - Baht - Monthly - End of period,2012-03,30.830338,A,,F
M,TH,THB,E,0,6,A, Exchange rates against USD Thailand - Baht - Monthly - End of period,2012-04,30.740124,A,,F
M,TH,THB,E,0,6,A, Exchange rates against USD Thailand - Baht - Monthly - End of period,2012-05,31.860034,A,,F
M,TH,THB,E,0,6,A, Exchange rates against USD Thailand - Baht - Monthly - End of period,2012-06,31.670373,A,,F
M,TH,THB,E,0,6,A, Exchange rates against USD Thailand - Baht - Monthly - End of period,2012-07,31.479974,A,,F
M,TH,THB,E,0,6,A, Exchange rates against USD Thailand - Baht - Monthly - End of period,2012-08,31.329791,A,,F
M,TH,THB,E,0,6,A, Exchange rates against USD Thailand - Baht - Monthly - End of period,2012-09,30.789637,A,,F
M,TH,THB,E,0,6,A, Exchange rates against USD Thailand - Baht - Monthly - End of period,2012-10,30.690372,A,,F
M,TH,THB,E,0,6,A, Exchange rates against USD Thailand - Baht - Monthly - End of period,2012-11,30.699985,A,,F
M,TH,THB,E,0,6,A, Exchange rates against USD Thailand - Baht - Monthly - End of period,2012-12,30.579809,A,,F
M,TH,THB,E,0,6,A, Exchange rates against USD Thailand - Baht - Monthly - End of period,2013-01,29.830258,A,,F
M,TH,THB,E,0,6,A, Exchange rates against USD Thailand - Baht - Monthly - End of period,2013-02,29.769975,A,,F
M,TH,THB,E,0,6,A, Exchange rates against USD Thailand - Baht - Monthly - End of period,2013-03,29.225303,A,,F
M,TH,THB,E,0,6,A, Exchange rates against USD Thailand - Baht - Monthly - End of period,2013-04,29.300031,A,,F
M,TH,THB,E,0,6,A, Exchange rates against USD Thailand - Baht - Monthly - End of period,2013-05,30.355221,A,,F
M,TH,THB,E,0,6,A, Exchange rates against USD Thailand - Baht - Monthly - End of period,2013-06,31.049694,A,,F
M,TH,THB,E,0,6,A, Exchange rates against USD Thailand - Baht - Monthly - End of period,2013-07,31.289642,A,,F
M,TH,THB,E,0,6,A, Exchange rates against USD Thailand - Baht - Monthly - End of period,2013-08,32.154892,A,,F
M,TH,THB,E,0,6,A, Exchange rates against USD Thailand - Baht - Monthly - End of period,2013-09,31.295076,A,,F
M,TH,THB,E,0,6,A, Exchange rates against USD Thailand - Baht - Monthly - End of period,2013-10,31.128216,A,,F
M,TH,THB,E,0,6,A, Exchange rates against USD Thailand - Baht - Monthly - End of period,2013-11,32.065241,A,,F
M,TH,THB,E,0,6,A, Exchange rates against USD Thailand - Baht - Monthly - End of period,2013-12,32.759046,A,,F
M,TH,THB,E,0,6,A, Exchange rates against USD Thailand - Baht - Monthly - End of period,2014-01,32.997189,A,,F
M,TH,THB,E,0,6,A, Exchange rates against USD Thailand - Baht - Monthly - End of period,2014-02,32.627235,A,,F
M,TH,THB,E,0,6,A, Exchange rates against USD Thailand - Baht - Monthly - End of period,2014-03,32.426023,A,,F
M,TH,THB,E,0,6,A, Exchange rates against USD Thailand - Baht - Monthly - End of period,2014-04,32.365343,A,,F
M,TH,THB,E,0,6,A, Exchange rates against USD Thailand - Baht - Monthly - End of period,2014-05,32.847064,A,,F
M,TH,THB,E,0,6,A, Exchange rates against USD Thailand - Baht - Monthly - End of period,2014-06,32.452043,A,,F
M,TH,THB,E,0,6,A, Exchange rates against USD Thailand - Baht - Monthly - End of period,2014-07,32.109276,A,,F
M,TH,THB,E,0,6,A, Exchange rates against USD Thailand - Baht - Monthly - End of period,2014-08,31.954049,A,,F
M,TH,THB,E,0,6,A, Exchange rates against USD Thailand - Baht - Monthly - End of period,2014-09,32.4247,A,,F
M,TH,THB,E,0,6,A, Exchange rates against USD Thailand - Baht - Monthly - End of period,2014-10,32.603002,A,,F
M,TH,THB,E,0,6,A, Exchange rates against USD Thailand - Baht - Monthly - End of period,2014-11,32.83826,A,,F
M,TH,THB,E,0,6,A, Exchange rates against USD Thailand - Baht - Monthly - End of period,2014-12,32.872086,A,,F
M,TH,THB,E,0,6,A, Exchange rates against USD Thailand - Baht - Monthly - End of period,2015-01,32.777532,A,,F
M,TH,THB,E,0,6,A, Exchange rates against USD Thailand - Baht - Monthly - End of period,2015-02,32.327402,A,,F
M,TH,THB,E,0,6,A, Exchange rates against USD Thailand - Baht - Monthly - End of period,2015-03,32.547635,A,,F
M,TH,THB,E,0,6,A, Exchange rates against USD Thailand - Baht - Monthly - End of period,2015-04,32.970129,A,,F
M,TH,THB,E,0,6,A, Exchange rates against USD Thailand - Baht - Monthly - End of period,2015-05,33.734731,A,,F
M,TH,THB,E,0,6,A, Exchange rates against USD Thailand - Baht - Monthly - End of period,2015-06,33.779605,A,,F
M,TH,THB,E,0,6,A, Exchange rates against USD Thailand - Baht - Monthly - End of period,2015-07,35.170056,A,,F
M,TH,THB,E,0,6,A, Exchange rates against USD Thailand - Baht - Monthly - End of period,2015-08,35.844851,A,,F
M,TH,THB,E,0,6,A, Exchange rates against USD Thailand - Baht - Monthly - End of period,2015-09,36.340266,A,,F
M,TH,THB,E,0,6,A, Exchange rates against USD Thailand - Baht - Monthly - End of period,2015-10,35.575928,A,,F
M,TH,THB,E,0,6,A, Exchange rates against USD Thailand - Baht - Monthly - End of period,2015-11,35.850269,A,,F
M,TH,THB,E,0,6,A, Exchange rates against USD Thailand - Baht - Monthly - End of period,2015-12,36.050335,A,,F
M,TH,THB,E,0,6,A, Exchange rates against USD Thailand - Baht - Monthly - End of period,2016-01,35.68956,A,,F
M,TH,THB,E,0,6,A, Exchange rates against USD Thailand - Baht - Monthly - End of period,2016-02,35.66036,A,,F
M,TH,THB,E,0,6,A, Exchange rates against USD Thailand - Baht - Monthly - End of period,2016-03,35.149758,A,,F
M,TH,THB,E,0,6,A, Exchange rates against USD Thailand - Baht - Monthly - End of period,2016-04,34.919758,A,,F
M,TH,THB,E,0,6,A, Exchange rates against USD Thailand - Baht - Monthly - End of period,2016-05,35.659853,A,,F
M,TH,THB,E,0,6,A, Exchange rates against USD Thailand - Baht - Monthly - End of period,2016-06,35.135111,A,,F
M,TH,THB,E,0,6,A, Exchange rates against USD Thailand - Baht - Monthly - End of period,2016-07,34.834878,A,,F
M,TH,THB,E,0,6,A, Exchange rates against USD Thailand - Baht - Monthly - End of period,2016-08,34.628997,A,,F
M,TH,THB,E,0,6,A, Exchange rates against USD Thailand - Baht - Monthly - End of period,2016-09,34.669832,A,,F
M,TH,THB,E,0,6,A, Exchange rates against USD Thailand - Baht - Monthly - End of period,2016-10,35.014617,A,,F
M,TH,THB,E,0,6,A, Exchange rates against USD Thailand - Baht - Monthly - End of period,2016-11,35.654913,A,,F
M,TH,THB,E,0,6,A, Exchange rates against USD Thailand - Baht - Monthly - End of period,2016-12,35.789773,A,,F
M,TH,THB,E,0,6,A, Exchange rates against USD Thailand - Baht - Monthly - End of period,2017-01,35.139935,A,,F
M,TH,THB,E,0,6,A, Exchange rates against USD Thailand - Baht - Monthly - End of period,2017-02,34.870246,A,,F
M,TH,THB,E,0,6,A, Exchange rates against USD Thailand - Baht - Monthly - End of period,2017-03,34.350388,A,,F
M,TH,THB,E,0,6,A, Exchange rates against USD Thailand - Baht - Monthly - End of period,2017-04,34.569991,A,,F
M,TH,THB,E,0,6,A, Exchange rates against USD Thailand - Baht - Monthly - End of period,2017-05,34.070047,A,,F
M,TH,THB,E,0,6,A, Exchange rates against USD Thailand - Baht - Monthly - End of period,2017-06,33.950228,A,,F
M,TH,THB,E,0,6,A, Exchange rates against USD Thailand - Baht - Monthly - End of period,2017-07,33.300077,A,,F
M,TH,THB,E,0,6,A, Exchange rates against USD Thailand - Baht - Monthly - End of period,2017-08,33.189852,A,,F
M,TH,THB,E,0,6,A, Exchange rates against USD Thailand - Baht - Monthly - End of period,2017-09,33.320346,A,,F
M,TH,THB,E,0,6,A, Exchange rates against USD Thailand - Baht - Monthly - End of period,2017-10,33.210174,A,,F
M,TH,THB,E,0,6,A, Exchange rates against USD Thailand - Baht - Monthly - End of period,2017-11,32.612879,A,,F
M,TH,THB,E,0,6,A, Exchange rates against USD Thailand - Baht - Monthly - End of period,2017-12,32.619862,A,,F
M,TH,THB,E,0,6,A, Exchange rates against USD Thailand - Baht - Monthly - End of period,2018-01,31.310107,A,,F
M,TH,THB,E,0,6,A, Exchange rates against USD Thailand - Baht - Monthly - End of period,2018-02,31.430326,A,,F
M,TH,THB,E,0,6,A, Exchange rates against USD Thailand - Baht - Monthly - End of period,2018-03,31.229608,A,,F
M,TH,THB,E,0,6,A, Exchange rates against USD Thailand - Baht - Monthly - End of period,2018-04,31.579601,A,,F
M,TH,THB,E,0,6,A, Exchange rates against USD Thailand - Baht - Monthly - End of period,2018-05,32.030088,A,,F
M,TH,THB,E,0,6,A, Exchange rates against USD Thailand - Baht - Monthly - End of period,2018-06,33.080288,A,,F
M,TH,THB,E,0,6,A, Exchange rates against USD Thailand - Baht - Monthly - End of period,2018-07,33.239605,A,,F
M,TH,THB,E,0,6,A, Exchange rates against USD Thailand - Baht - Monthly - End of period,2018-08,32.765428,A,,F
M,TH,THB,E,0,6,A, Exchange rates against USD Thailand - Baht - Monthly - End of period,2018-09,32.349689,A,,F
M,TH,THB,E,0,6,A, Exchange rates against USD Thailand - Baht - Monthly - End of period,2018-10,33.163987,A,,F
M,TH,THB,E,0,6,A, Exchange rates against USD Thailand - Baht - Monthly - End of period,2018-11,32.879655,A,,F
M,TH,THB,E,0,6,A, Exchange rates against USD Thailand - Baht - Monthly - End of period,2018-12,32.359825,A,,F
M,TH,THB,E,0,6,A, Exchange rates against USD Thailand - Baht - Monthly - End of period,2019-01,31.235202,A,,F
M,TH,THB,E,0,6,A, Exchange rates against USD Thailand - Baht - Monthly - End of period,2019-02,31.519797,A,,F
M,TH,THB,E,0,6,A, Exchange rates against USD Thailand - Baht - Monthly - End of period,2019-03,31.715176,A,,F
M,TH,THB,E,0,6,A, Exchange rates against USD Thailand - Baht - Monthly - End of period,2019-04,31.91478,A,,F
M,TH,THB,E,0,6,A, Exchange rates against USD Thailand - Baht - Monthly - End of period,2019-05,31.640212,A,,F
M,TH,THB,E,0,6,A, Exchange rates against USD Thailand - Baht - Monthly - End of period,2019-06,30.665202,A,,F
M,TH,THB,E,0,6,A, Exchange rates against USD Thailand - Baht - Monthly - End of period,2019-07,30.73536,A,,F
M,TH,THB,E,0,6,A, Exchange rates against USD Thailand - Baht - Monthly - End of period,2019-08,30.585357,A,,F
M,TH,THB,E,0,6,A, Exchange rates against USD Thailand - Baht - Monthly - End of period,2019-09,30.595096,A,,F
M,TH,THB,E,0,6,A, Exchange rates against USD Thailand - Baht - Monthly - End of period,2019-10,30.184687,A,,F
M,TH,THB,E,0,6,A, Exchange rates against USD Thailand - Baht - Monthly - End of period,2019-11,30.23493,A,,F
M,TH,THB,E,0,6,A, Exchange rates against USD Thailand - Baht - Monthly - End of period,2019-12,29.744526,A,,F
M,TH,THB,E,0,6,A, Exchange rates against USD Thailand - Baht - Monthly - End of period,2020-01,31.179877,A,,F
M,TH,THB,E,0,6,A, Exchange rates against USD Thailand - Baht - Monthly - End of period,2020-02,31.549604,A,,F
M,TH,THB,E,0,6,A, Exchange rates against USD Thailand - Baht - Monthly - End of period,2020-03,32.790252,A,,F
M,TH,THB,E,0,6,A, Exchange rates against USD Thailand - Baht - Monthly - End of period,2020-04,32.379551,A,,F
M,TH,THB,E,0,6,A, Exchange rates against USD Thailand - Baht - Monthly - End of period,2020-05,31.810345,A,,F
M,TH,THB,E,0,6,A, Exchange rates against USD Thailand - Baht - Monthly - End of period,2020-06,30.919807,A,,F
M,TH,THB,E,0,6,A, Exchange rates against USD Thailand - Baht - Monthly - End of period,2020-07,31.18501,A,,F
M,TH,THB,E,0,6,A, Exchange rates against USD Thailand - Baht - Monthly - End of period,2020-08,31.070352,A,,F
M,TH,THB,E,0,6,A, Exchange rates against USD Thailand - Baht - Monthly - End of period,2020-09,31.669798,A,,F
M,TH,THB,E,0,6,A, Exchange rates against USD Thailand - Baht - Monthly - End of period,2020-10,31.149769,A,,F
M,TH,THB,E,0,6,A, Exchange rates against USD Thailand - Baht - Monthly - End of period,2020-11,30.264608,A,,F
M,TH,THB,E,0,6,A, Exchange rates against USD Thailand - Baht - Monthly - End of period,2020-12,29.929916,A,,F
M,TH,THB,E,0,6,A, Exchange rates against USD Thailand - Baht - Monthly - End of period,2021-01,29.900297,A,,F
M,TH,THB,E,0,6,A, Exchange rates against USD Thailand - Baht - Monthly - End of period,2021-02,30.359706,A,,F
M,TH,THB,E,0,6,A, Exchange rates against USD Thailand - Baht - Monthly - End of period,2021-03,31.264819,A,,F
M,TH,THB,E,0,6,A, Exchange rates against USD Thailand - Baht - Monthly - End of period,2021-04,31.160404,A,,F
M,TH,THB,E,0,6,A, Exchange rates against USD Thailand - Baht - Monthly - End of period,2021-05,31.199902,A,,F
M,TH,THB,E,0,6,A, Exchange rates against USD Thailand - Baht - Monthly - End of period,2021-06,32.075059,A,,F
M,TH,THB,E,0,6,A, Exchange rates against USD Thailand - Baht - Monthly - End of period,2021-07,32.88033,A,,F
M,TH,THB,E,0,6,A, Exchange rates against USD Thailand - Baht - Monthly - End of period,2021-08,32.219875,A,,F
M,TH,THB,E,0,6,A, Exchange rates against USD Thailand - Baht - Monthly - End of period,2021-09,33.884619,A,,F
M,TH,THB,E,0,6,A, Exchange rates against USD Thailand - Baht - Monthly - End of period,2021-10,33.250322,A,,F
M,TH,THB,E,0,6,A, Exchange rates against USD Thailand - Baht - Monthly - End of period,2021-11,33.690047,A,,F
M,TH,THB,E,0,6,A, Exchange rates against USD Thailand - Baht - Monthly - End of period,2021-12,33.244747,A,,F
M,TH,THB,E,0,6,A, Exchange rates against USD Thailand - Baht - Monthly - End of period,2022-01,33.295088,A,,F
M,TH,THB,E,0,6,A, Exchange rates against USD Thailand - Baht - Monthly - End of period,2022-02,32.675239,A,,F
M,TH,THB,E,0,6,A, Exchange rates against USD Thailand - Baht - Monthly - End of period,2022-03,33.250158,A,,F
M,TH,THB,E,0,6,A, Exchange rates against USD Thailand - Baht - Monthly - End of period,2022-04,34.180266,A,,F
M,TH,THB,E,0,6,A, Exchange rates against USD Thailand - Baht - Monthly - End of period,2022-05,34.30505,A,,F
M,TH,THB,E,0,6,A, Exchange rates against USD Thailand - Baht - Monthly - End of period,2022-06,35.384615,A,,F
M,TH,THB,E,0,6,A, Exchange rates against USD Thailand - Baht - Monthly - End of period,2022-07,36.260051,A,,F
M,TH,THB,E,0,6,A, Exchange rates against USD Thailand - Baht - Monthly - End of period,2022-08,36.45,A,,F
M,TH,THB,E,0,6,A, Exchange rates against USD Thailand - Baht - Monthly - End of period,2022-09,37.774928,A,,F
M,TH,THB,E,0,6,A, Exchange rates against USD Thailand - Baht - Monthly - End of period,2022-10,38.075449,A,,F
M,TH,THB,E,0,6,A, Exchange rates against USD Thailand - Baht - Monthly - End of period,2022-11,35.262143,A,,F
M,TH,THB,E,0,6,A, Exchange rates against USD Thailand - Baht - Monthly - End of period,2022-12,34.534971,A,,F
M,TH,THB,E,0,6,A, Exchange rates against USD Thailand - Baht - Monthly - End of period,2023-01,33.03517,A,,F
M,TH,THB,E,0,6,A, Exchange rates against USD Thailand - Baht - Monthly - End of period,2023-02,35.299934,A,,F
M,TH,THB,E,0,6,A, Exchange rates against USD Thailand - Baht - Monthly - End of period,2023-03,34.125057,A,,F
M,TH,THB,E,0,6,A, Exchange rates against USD Thailand - Baht - Monthly - End of period,2023-04,34.119843,A,,F
M,TH,THB,E,0,6,A, Exchange rates against USD Thailand - Baht - Monthly - End of period,2023-05,34.759899,A,,F
M,TH,THB,E,0,6,A, Exchange rates against USD Thailand - Baht - Monthly - End of period,2023-06,35.415056,A,,F
M,TH,THB,E,0,6,A, Exchange rates against USD Thailand - Baht - Monthly - End of period,2023-07,34.230246,A,,F
M,TH,THB,E,0,6,A, Exchange rates against USD Thailand - Baht - Monthly - End of period,2023-08,34.969636,A,,F
M,TH,THB,E,0,6,A, Exchange rates against USD Thailand - Baht - Monthly - End of period,2023-09,36.510289,A,,F
M,TH,THB,E,0,6,A, Exchange rates against USD Thailand - Baht - Monthly - End of period,2023-10,36.035408,A,,F
M,TH,THB,E,0,6,A, Exchange rates against USD Thailand - Baht - Monthly - End of period,2023-11,35.215442,A,,F
M,TH,THB,E,0,6,A, Exchange rates against USD Thailand - Baht - Monthly - End of period,2023-12,34.364706,A,,F
M,TH,THB,E,0,6,A, Exchange rates against USD Thailand - Baht - Monthly - End of period,2024-01,35.490449,A,,F
M,TH,THB,E,0,6,A, Exchange rates against USD Thailand - Baht - Monthly - End of period,2024-02,35.940329,A,,F
M,TH,THB,E,0,6,A, Exchange rates against USD Thailand - Baht - Monthly - End of period,2024-03,36.455462,A,,F
M,TH,THB,E,0,6,A, Exchange rates against USD Thailand - Baht - Monthly - End of period,2024-04,37.070349,A,,F
M,TH,THB,E,0,6,A, Exchange rates against USD Thailand - Baht - Monthly - End of period,2024-05,36.790453,A,,F
M,TH,THB,E,0,6,A, Exchange rates against USD Thailand - Baht - Monthly - End of period,2024-06,36.729566,A,,F
M,TH,THB,E,0,6,A, Exchange rates against USD Thailand - Baht - Monthly - End of period,2024-07,35.675102,A,,F
M,TH,THB,E,0,6,A, Exchange rates against USD Thailand - Baht - Monthly - End of period,2024-08,33.860377,A,,F
M,TH,THB,E,0,6,A, Exchange rates against USD Thailand - Baht - Monthly - End of period,2024-09,32.249911,A,,F
M,TH,THB,E,0,6,A, Exchange rates against USD Thailand - Baht - Monthly - End of period,2024-10,33.775041,A,,F
M,TH,THB,E,0,6,A, Exchange rates against USD Thailand - Baht - Monthly - End of period,2024-11,34.289907,A,,F
M,TH,THB,E,0,6,A, Exchange rates against USD Thailand - Baht - Monthly - End of period,2024-12,34.340167,A,,F
M,TH,THB,E,0,6,A, Exchange rates against USD Thailand - Baht - Monthly - End of period,2025-01,33.594727,A,,F
M,TH,THB,E,0,6,A, Exchange rates against USD Thailand - Baht - Monthly - End of period,2025-02,34.162905,A,,F
M,TH,THB,E,0,6,A, Exchange rates against USD Thailand - Baht - Monthly - End of period,2025-03,33.939898,A,,F
M,TH,THB,E,0,6,A, Exchange rates against USD Thailand - Baht - Monthly - End of period,2025-04,33.420382,A,,F
M,TH,THB,E,0,6,A, Exchange rates against USD Thailand - Baht - Monthly - End of period,2025-05,32.845048,A,,F
M,TH,THB,E,0,6,A, Exchange rates against USD Thailand - Baht - Monthly - End of period,2025-06,32.529863,A,,F
M,TH,THB,E,0,6,A, Exchange rates against USD Thailand - Baht - Monthly - End of period,2025-07,32.67517,A,,F
M,TH,THB,E,0,6,A, Exchange rates against USD Thailand - Baht - Monthly - End of period,2025-08,32.389775,A,,F
M,TH,THB,E,0,6,A, Exchange rates against USD Thailand - Baht - Monthly - End of period,2025-09,32.440167,A,,F
M,TH,THB,E,0,6,A, Exchange rates against USD Thailand - Baht - Monthly - End of period,2025-10,32.324736,A,,F
M,TH,THB,E,0,6,A, Exchange rates against USD Thailand - Baht - Monthly - End of period,2025-11,32.195227,A,,F
M,TH,THB,E,0,6,A, Exchange rates against USD Thailand - Baht - Monthly - End of period,2025-12,31.674894,A,,F
M,TH,THB,E,0,6,A, Exchange rates against USD Thailand - Baht - Monthly - End of period,2026-01,31.424616,A,,F
M,TH,THB,E,0,6,A, Exchange rates against USD Thailand - Baht - Monthly - End of period,2026-02,31.085133,A,,F
M,TH,THB,E,0,6,A, Exchange rates against USD Thailand - Baht - Monthly - End of period,2026-03,32.75961,A,,F
M,TH,THB,E,0,6,A, Exchange rates against USD Thailand - Baht - Monthly - End of period,2026-04,32.544864,A,,F
M,TH,THB,E,0,6,A, Exchange rates against USD Thailand - Baht - Monthly - End of period,2026-05,32.519753,A,,F
M,TH,THB,E,0,6,A, Exchange rates against USD Thailand - Baht - Monthly - End of period,2026-06,33.22977,A,,F
M,TH,THB,E,0,6,A, Exchange rates against USD Thailand - Baht - Monthly - End of period,2026-07,33.46539,A,,F
M,TH,THB,E,0,6,A, Exchange rates against USD Thailand - Baht - Monthly - End of period,2026-08,33.164884,A,,F
M,MY,MYR,E,0,6,A, Exchange rates against USD Malaysia - Malaysian ringgit - Monthly - End of period,1957-01,3.06122,A,,F
M,MY,MYR,E,0,6,A, Exchange rates against USD Malaysia - Malaysian ringgit - Monthly - End of period,1957-02,3.06122,A,,F
M,MY,MYR,E,0,6,A, Exchange rates against USD Malaysia - Malaysian ringgit - Monthly - End of period,1957-03,3.06122,A,,F
M,MY,MYR,E,0,6,A, Exchange rates against USD Malaysia - Malaysian ringgit - Monthly - End of period,1957-04,3.06122,A,,F
M,MY,MYR,E,0,6,A, Exchange rates against USD Malaysia - Malaysian ringgit - Monthly - End of period,1957-05,3.06122,A,,F
M,MY,MYR,E,0,6,A, Exchange rates against USD Malaysia - Malaysian ringgit - Monthly - End of period,1957-06,3.06122,A,,F
M,MY,MYR,E,0,6,A, Exchange rates against USD Malaysia - Malaysian ringgit - Monthly - End of period,1957-07,3.06122,A,,F
M,MY,MYR,E,0,6,A, Exchange rates against USD Malaysia - Malaysian ringgit - Monthly - End of period,1957-08,3.06122,A,,F
M,MY,MYR,E,0,6,A, Exchange rates against USD Malaysia - Malaysian ringgit - Monthly - End of period,1957-09,3.06122,A,,F
M,MY,MYR,E,0,6,A, Exchange rates against USD Malaysia - Malaysian ringgit - Monthly - End of period,1957-10,3.06122,A,,F
M,MY,MYR,E,0,6,A, Exchange rates against USD Malaysia - Malaysian ringgit - Monthly - End of period,1957-11,3.06122,A,,F
M,MY,MYR,E,0,6,A, Exchange rates against USD Malaysia - Malaysian ringgit - Monthly - End of period,1957-12,3.06122,A,,F
M,MY,MYR,E,0,6,A, Exchange rates against USD Malaysia - Malaysian ringgit - Monthly - End of period,1958-01,3.06122,A,,F
M,MY,MYR,E,0,6,A, Exchange rates against USD Malaysia - Malaysian ringgit - Monthly - End of period,1958-02,3.06122,A,,F
M,MY,MYR,E,0,6,A, Exchange rates against USD Malaysia - Malaysian ringgit - Monthly - End of period,1958-03,3.06122,A,,F
M,MY,MYR,E,0,6,A, Exchange rates against USD Malaysia - Malaysian ringgit - Monthly - End of period,1958-04,3.06122,A,,F
M,MY,MYR,E,0,6,A, Exchange rates against USD Malaysia - Malaysian ringgit - Monthly - End of period,1958-05,3.06122,A,,F
M,MY,MYR,E,0,6,A, Exchange rates against USD Malaysia - Malaysian ringgit - Monthly - End of period,1958-06,3.06122,A,,F
M,MY,MYR,E,0,6,A, Exchange rates against USD Malaysia - Malaysian ringgit - Monthly - End of period,1958-07,3.06122,A,,F
M,MY,MYR,E,0,6,A, Exchange rates against USD Malaysia - Malaysian ringgit - Monthly - End of period,1958-08,3.06122,A,,F
M,MY,MYR,E,0,6,A, Exchange rates against USD Malaysia - Malaysian ringgit - Monthly - End of period,1958-09,3.06122,A,,F
M,MY,MYR,E,0,6,A, Exchange rates against USD Malaysia - Malaysian ringgit - Monthly - End of period,1958-10,3.06122,A,,F
M,MY,MYR,E,0,6,A, Exchange rates against USD Malaysia - Malaysian ringgit - Monthly - End of period,1958-11,3.06122,A,,F
M,MY,MYR,E,0,6,A, Exchange rates against USD Malaysia - Malaysian ringgit - Monthly - End of period,1958-12,3.06122,A,,F
M,MY,MYR,E,0,6,A, Exchange rates against USD Malaysia - Malaysian ringgit - Monthly - End of period,1959-01,3.06122,A,,F
M,MY,MYR,E,0,6,A, Exchange rates against USD Malaysia - Malaysian ringgit - Monthly - End of period,1959-02,3.06122,A,,F
M,MY,MYR,E,0,6,A, Exchange rates against USD Malaysia - Malaysian ringgit - Monthly - End of period,1959-03,3.06122,A,,F
M,MY,MYR,E,0,6,A, Exchange rates against USD Malaysia - Malaysian ringgit - Monthly - End of period,1959-04,3.06122,A,,F
M,MY,MYR,E,0,6,A, Exchange rates against USD Malaysia - Malaysian ringgit - Monthly - End of period,1959-05,3.06122,A,,F
M,MY,MYR,E,0,6,A, Exchange rates against USD Malaysia - Malaysian ringgit - Monthly - End of period,1959-06,3.06122,A,,F
M,MY,MYR,E,0,6,A, Exchange rates against USD Malaysia - Malaysian ringgit - Monthly - End of period,1959-07,3.06122,A,,F
M,MY,MYR,E,0,6,A, Exchange rates against USD Malaysia - Malaysian ringgit - Monthly - End of period,1959-08,3.06122,A,,F
M,MY,MYR,E,0,6,A, Exchange rates against USD Malaysia - Malaysian ringgit - Monthly - End of period,1959-09,3.06122,A,,F
M,MY,MYR,E,0,6,A, Exchange rates against USD Malaysia - Malaysian ringgit - Monthly - End of period,1959-10,3.06122,A,,F
M,MY,MYR,E,0,6,A, Exchange rates against USD Malaysia - Malaysian ringgit - Monthly - End of period,1959-11,3.06122,A,,F
M,MY,MYR,E,0,6,A, Exchange rates against USD Malaysia - Malaysian ringgit - Monthly - End of period,1959-12,3.06122,A,,F
M,MY,MYR,E,0,6,A, Exchange rates against USD Malaysia - Malaysian ringgit - Monthly - End of period,1960-01,3.06122,A,,F
M,MY,MYR,E,0,6,A, Exchange rates against USD Malaysia - Malaysian ringgit - Monthly - End of period,1960-02,3.06122,A,,F
M,MY,MYR,E,0,6,A, Exchange rates against USD Malaysia - Malaysian ringgit - Monthly - End of period,1960-03,3.06122,A,,F
M,MY,MYR,E,0,6,A, Exchange rates against USD Malaysia - Malaysian ringgit - Monthly - End of period,1960-04,3.06122,A,,F
M,MY,MYR,E,0,6,A, Exchange rates against USD Malaysia - Malaysian ringgit - Monthly - End of period,1960-05,3.06122,A,,F
M,MY,MYR,E,0,6,A, Exchange rates against USD Malaysia - Malaysian ringgit - Monthly - End of period,1960-06,3.06122,A,,F
M,MY,MYR,E,0,6,A, Exchange rates against USD Malaysia - Malaysian ringgit - Monthly - End of period,1960-07,3.06122,A,,F
M,MY,MYR,E,0,6,A, Exchange rates against USD Malaysia - Malaysian ringgit - Monthly - End of period,1960-08,3.06122,A,,F
M,MY,MYR,E,0,6,A, Exchange rates against USD Malaysia - Malaysian ringgit - Monthly - End of period,1960-09,3.06122,A,,F
M,MY,MYR,E,0,6,A, Exchange rates against USD Malaysia - Malaysian ringgit - Monthly - End of period,1960-10,3.06122,A,,F
M,MY,MYR,E,0,6,A, Exchange rates against USD Malaysia - Malaysian ringgit - Monthly - End of period,1960-11,3.06122,A,,F
M,MY,MYR,E,0,6,A, Exchange rates against USD Malaysia - Malaysian ringgit - Monthly - End of period,1960-12,3.06122,A,,F
M,MY,MYR,E,0,6,A, Exchange rates against USD Malaysia - Malaysian ringgit - Monthly - End of period,1961-01,3.06122,A,,F
M,MY,MYR,E,0,6,A, Exchange rates against USD Malaysia - Malaysian ringgit - Monthly - End of period,1961-02,3.06122,A,,F
M,MY,MYR,E,0,6,A, Exchange rates against USD Malaysia - Malaysian ringgit - Monthly - End of period,1961-03,3.06122,A,,F
M,MY,MYR,E,0,6,A, Exchange rates against USD Malaysia - Malaysian ringgit - Monthly - End of period,1961-04,3.06122,A,,F
M,MY,MYR,E,0,6,A, Exchange rates against USD Malaysia - Malaysian ringgit - Monthly - End of period,1961-05,3.06122,A,,F
M,MY,MYR,E,0,6,A, Exchange rates against USD Malaysia - Malaysian ringgit - Monthly - End of period,1961-06,3.06122,A,,F
M,MY,MYR,E,0,6,A, Exchange rates against USD Malaysia - Malaysian ringgit - Monthly - End of period,1961-07,3.06122,A,,F
M,MY,MYR,E,0,6,A, Exchange rates against USD Malaysia - Malaysian ringgit - Monthly - End of period,1961-08,3.06122,A,,F
M,MY,MYR,E,0,6,A, Exchange rates against USD Malaysia - Malaysian ringgit - Monthly - End of period,1961-09,3.06122,A,,F
M,MY,MYR,E,0,6,A, Exchange rates against USD Malaysia - Malaysian ringgit - Monthly - End of period,1961-10,3.06122,A,,F
M,MY,MYR,E,0,6,A, Exchange rates against USD Malaysia - Malaysian ringgit - Monthly - End of period,1961-11,3.06122,A,,F
M,MY,MYR,E,0,6,A, Exchange rates against USD Malaysia - Malaysian ringgit - Monthly - End of period,1961-12,3.06122,A,,F
M,MY,MYR,E,0,6,A, Exchange rates against USD Malaysia - Malaysian ringgit - Monthly - End of period,1962-01,3.06122,A,,F
M,MY,MYR,E,0,6,A, Exchange rates against USD Malaysia - Malaysian ringgit - Monthly - End of period,1962-02,3.06122,A,,F
M,MY,MYR,E,0,6,A, Exchange rates against USD Malaysia - Malaysian ringgit - Monthly - End of period,1962-03,3.06122,A,,F
M,MY,MYR,E,0,6,A, Exchange rates against USD Malaysia - Malaysian ringgit - Monthly - End of period,1962-04,3.06122,A,,F
M,MY,MYR,E,0,6,A, Exchange rates against USD Malaysia - Malaysian ringgit - Monthly - End of period,1962-05,3.06122,A,,F
M,MY,MYR,E,0,6,A, Exchange rates against USD Malaysia - Malaysian ringgit - Monthly - End of period,1962-06,3.06122,A,,F
M,MY,MYR,E,0,6,A, Exchange rates against USD Malaysia - Malaysian ringgit - Monthly - End of period,1962-07,3.06122,A,,F
M,MY,MYR,E,0,6,A, Exchange rates against USD Malaysia - Malaysian ringgit - Monthly - End of period,1962-08,3.06122,A,,F
M,MY,MYR,E,0,6,A, Exchange rates against USD Malaysia - Malaysian ringgit - Monthly - End of period,1962-09,3.06122,A,,F
M,MY,MYR,E,0,6,A, Exchange rates against USD Malaysia - Malaysian ringgit - Monthly - End of period,1962-10,3.06122,A,,F
M,MY,MYR,E,0,6,A, Exchange rates against USD Malaysia - Malaysian ringgit - Monthly - End of period,1962-11,3.06122,A,,F
M,MY,MYR,E,0,6,A, Exchange rates against USD Malaysia - Malaysian ringgit - Monthly - End of period,1962-12,3.06122,A,,F
M,MY,MYR,E,0,6,A, Exchange rates against USD Malaysia - Malaysian ringgit - Monthly - End of period,1963-01,3.0534,A,,F
M,MY,MYR,E,0,6,A, Exchange rates against USD Malaysia - Malaysian ringgit - Monthly - End of period,1963-02,3.0592,A,,F
M,MY,MYR,E,0,6,A, Exchange rates against USD Malaysia - Malaysian ringgit - Monthly - End of period,1963-03,3.0681,A,,F
M,MY,MYR,E,0,6,A, Exchange rates against USD Malaysia - Malaysian ringgit - Monthly - End of period,1963-04,3.0681,A,,F
M,MY,MYR,E,0,6,A, Exchange rates against USD Malaysia - Malaysian ringgit - Monthly - End of period,1963-05,3.0681,A,,F
M,MY,MYR,E,0,6,A, Exchange rates against USD Malaysia - Malaysian ringgit - Monthly - End of period,1963-06,3.0592,A,,F
M,MY,MYR,E,0,6,A, Exchange rates against USD Malaysia - Malaysian ringgit - Monthly - End of period,1963-07,3.0592,A,,F
M,MY,MYR,E,0,6,A, Exchange rates against USD Malaysia - Malaysian ringgit - Monthly - End of period,1963-08,3.0622,A,,F
M,MY,MYR,E,0,6,A, Exchange rates against USD Malaysia - Malaysian ringgit - Monthly - End of period,1963-09,3.0592,A,,F
M,MY,MYR,E,0,6,A, Exchange rates against USD Malaysia - Malaysian ringgit - Monthly - End of period,1963-10,3.0563,A,,F
M,MY,MYR,E,0,6,A, Exchange rates against USD Malaysia - Malaysian ringgit - Monthly - End of period,1963-11,3.0592,A,,F
M,MY,MYR,E,0,6,A, Exchange rates against USD Malaysia - Malaysian ringgit - Monthly - End of period,1963-12,3.0592,A,,F
M,MY,MYR,E,0,6,A, Exchange rates against USD Malaysia - Malaysian ringgit - Monthly - End of period,1964-01,3.0563,A,,F
M,MY,MYR,E,0,6,A, Exchange rates against USD Malaysia - Malaysian ringgit - Monthly - End of period,1964-02,3.0592,A,,F
M,MY,MYR,E,0,6,A, Exchange rates against USD Malaysia - Malaysian ringgit - Monthly - End of period,1964-03,3.071,A,,F
M,MY,MYR,E,0,6,A, Exchange rates against USD Malaysia - Malaysian ringgit - Monthly - End of period,1964-04,3.0681,A,,F
M,MY,MYR,E,0,6,A, Exchange rates against USD Malaysia - Malaysian ringgit - Monthly - End of period,1964-05,3.071,A,,F
M,MY,MYR,E,0,6,A, Exchange rates against USD Malaysia - Malaysian ringgit - Monthly - End of period,1964-06,3.0769,A,,F
M,MY,MYR,E,0,6,A, Exchange rates against USD Malaysia - Malaysian ringgit - Monthly - End of period,1964-07,3.0799,A,,F
M,MY,MYR,E,0,6,A, Exchange rates against USD Malaysia - Malaysian ringgit - Monthly - End of period,1964-08,3.0858,A,,F
M,MY,MYR,E,0,6,A, Exchange rates against USD Malaysia - Malaysian ringgit - Monthly - End of period,1964-09,3.0828,A,,F
M,MY,MYR,E,0,6,A, Exchange rates against USD Malaysia - Malaysian ringgit - Monthly - End of period,1964-10,3.0828,A,,F
M,MY,MYR,E,0,6,A, Exchange rates against USD Malaysia - Malaysian ringgit - Monthly - End of period,1964-11,3.0712,A,,F
M,MY,MYR,E,0,6,A, Exchange rates against USD Malaysia - Malaysian ringgit - Monthly - End of period,1964-12,3.071,A,,F
M,MY,MYR,E,0,6,A, Exchange rates against USD Malaysia - Malaysian ringgit - Monthly - End of period,1965-01,3.071,A,,F
M,MY,MYR,E,0,6,A, Exchange rates against USD Malaysia - Malaysian ringgit - Monthly - End of period,1965-02,3.0681,A,,F
M,MY,MYR,E,0,6,A, Exchange rates against USD Malaysia - Malaysian ringgit - Monthly - End of period,1965-03,3.071,A,,F
M,MY,MYR,E,0,6,A, Exchange rates against USD Malaysia - Malaysian ringgit - Monthly - End of period,1965-04,3.0622,A,,F
M,MY,MYR,E,0,6,A, Exchange rates against USD Malaysia - Malaysian ringgit - Monthly - End of period,1965-05,3.0681,A,,F
M,MY,MYR,E,0,6,A, Exchange rates against USD Malaysia - Malaysian ringgit - Monthly - End of period,1965-06,3.071,A,,F
M,MY,MYR,E,0,6,A, Exchange rates against USD Malaysia - Malaysian ringgit - Monthly - End of period,1965-07,3.071,A,,F
M,MY,MYR,E,0,6,A, Exchange rates against USD Malaysia - Malaysian ringgit - Monthly - End of period,1965-08,3.071,A,,F
M,MY,MYR,E,0,6,A, Exchange rates against USD Malaysia - Malaysian ringgit - Monthly - End of period,1965-09,3.0592,A,,F
M,MY,MYR,E,0,6,A, Exchange rates against USD Malaysia - Malaysian ringgit - Monthly - End of period,1965-10,3.0563,A,,F
M,MY,MYR,E,0,6,A, Exchange rates against USD Malaysia - Malaysian ringgit - Monthly - End of period,1965-11,3.0592,A,,F
M,MY,MYR,E,0,6,A, Exchange rates against USD Malaysia - Malaysian ringgit - Monthly - End of period,1965-12,3.0592,A,,F
M,MY,MYR,E,0,6,A, Exchange rates against USD Malaysia - Malaysian ringgit - Monthly - End of period,1966-01,3.0563,A,,F
M,MY,MYR,E,0,6,A, Exchange rates against USD Malaysia - Malaysian ringgit - Monthly - End of period,1966-02,3.0592,A,,F
M,MY,MYR,E,0,6,A, Exchange rates against USD Malaysia - Malaysian ringgit - Monthly - End of period,1966-03,3.068,A,,F
M,MY,MYR,E,0,6,A, Exchange rates against USD Malaysia - Malaysian ringgit - Monthly - End of period,1966-04,3.068,A,,F
M,MY,MYR,E,0,6,A, Exchange rates against USD Malaysia - Malaysian ringgit - Monthly - End of period,1966-05,3.071,A,,F
M,MY,MYR,E,0,6,A, Exchange rates against USD Malaysia - Malaysian ringgit - Monthly - End of period,1966-06,3.071,A,,F
M,MY,MYR,E,0,6,A, Exchange rates against USD Malaysia - Malaysian ringgit - Monthly - End of period,1966-07,3.071,A,,F
M,MY,MYR,E,0,6,A, Exchange rates against USD Malaysia - Malaysian ringgit - Monthly - End of period,1966-08,3.0739,A,,F
M,MY,MYR,E,0,6,A, Exchange rates against USD Malaysia - Malaysian ringgit - Monthly - End of period,1966-09,3.071,A,,F
M,MY,MYR,E,0,6,A, Exchange rates against USD Malaysia - Malaysian ringgit - Monthly - End of period,1966-10,3.071,A,,F
M,MY,MYR,E,0,6,A, Exchange rates against USD Malaysia - Malaysian ringgit - Monthly - End of period,1966-11,3.071,A,,F
M,MY,MYR,E,0,6,A, Exchange rates against USD Malaysia - Malaysian ringgit - Monthly - End of period,1966-12,3.071,A,,F
M,MY,MYR,E,0,6,A, Exchange rates against USD Malaysia - Malaysian ringgit - Monthly - End of period,1967-01,3.068,A,,F
M,MY,MYR,E,0,6,A, Exchange rates against USD Malaysia - Malaysian ringgit - Monthly - End of period,1967-02,3.071,A,,F
M,MY,MYR,E,0,6,A, Exchange rates against USD Malaysia - Malaysian ringgit - Monthly - End of period,1967-03,3.068,A,,F
M,MY,MYR,E,0,6,A, Exchange rates against USD Malaysia - Malaysian ringgit - Monthly - End of period,1967-04,3.0651,A,,F
M,MY,MYR,E,0,6,A, Exchange rates against USD Malaysia - Malaysian ringgit - Monthly - End of period,1967-05,3.071,A,,F
M,MY,MYR,E,0,6,A, Exchange rates against USD Malaysia - Malaysian ringgit - Monthly - End of period,1967-06,3.0769,A,,F
M,MY,MYR,E,0,6,A, Exchange rates against USD Malaysia - Malaysian ringgit - Monthly - End of period,1967-07,3.0799,A,,F
M,MY,MYR,E,0,6,A, Exchange rates against USD Malaysia - Malaysian ringgit - Monthly - End of period,1967-08,3.0769,A,,F
M,MY,MYR,E,0,6,A, Exchange rates against USD Malaysia - Malaysian ringgit - Monthly - End of period,1967-09,3.0828,A,,F
M,MY,MYR,E,0,6,A, Exchange rates against USD Malaysia - Malaysian ringgit - Monthly - End of period,1967-10,3.0828,A,,F
M,MY,MYR,E,0,6,A, Exchange rates against USD Malaysia - Malaysian ringgit - Monthly - End of period,1967-11,3.0389,A,,F
M,MY,MYR,E,0,6,A, Exchange rates against USD Malaysia - Malaysian ringgit - Monthly - End of period,1967-12,3.0563,A,,F
M,MY,MYR,E,0,6,A, Exchange rates against USD Malaysia - Malaysian ringgit - Monthly - End of period,1968-01,3.0505,A,,F
M,MY,MYR,E,0,6,A, Exchange rates against USD Malaysia - Malaysian ringgit - Monthly - End of period,1968-02,3.0563,A,,F
M,MY,MYR,E,0,6,A, Exchange rates against USD Malaysia - Malaysian ringgit - Monthly - End of period,1968-03,3.0563,A,,F
M,MY,MYR,E,0,6,A, Exchange rates against USD Malaysia - Malaysian ringgit - Monthly - End of period,1968-04,3.0622,A,,F
M,MY,MYR,E,0,6,A, Exchange rates against USD Malaysia - Malaysian ringgit - Monthly - End of period,1968-05,3.0769,A,,F
M,MY,MYR,E,0,6,A, Exchange rates against USD Malaysia - Malaysian ringgit - Monthly - End of period,1968-06,3.0769,A,,F
M,MY,MYR,E,0,6,A, Exchange rates against USD Malaysia - Malaysian ringgit - Monthly - End of period,1968-07,3.0622,A,,F
M,MY,MYR,E,0,6,A, Exchange rates against USD Malaysia - Malaysian ringgit - Monthly - End of period,1968-08,3.0769,A,,F
M,MY,MYR,E,0,6,A, Exchange rates against USD Malaysia - Malaysian ringgit - Monthly - End of period,1968-09,3.071,A,,F
M,MY,MYR,E,0,6,A, Exchange rates against USD Malaysia - Malaysian ringgit - Monthly - End of period,1968-10,3.0675,A,,F
M,MY,MYR,E,0,6,A, Exchange rates against USD Malaysia - Malaysian ringgit - Monthly - End of period,1968-11,3.0638,A,,F
M,MY,MYR,E,0,6,A, Exchange rates against USD Malaysia - Malaysian ringgit - Monthly - End of period,1968-12,3.065,A,,F
M,MY,MYR,E,0,6,A, Exchange rates against USD Malaysia - Malaysian ringgit - Monthly - End of period,1969-01,3.0588,A,,F
M,MY,MYR,E,0,6,A, Exchange rates against USD Malaysia - Malaysian ringgit - Monthly - End of period,1969-02,3.075,A,,F
M,MY,MYR,E,0,6,A, Exchange rates against USD Malaysia - Malaysian ringgit - Monthly - End of period,1969-03,3.0575,A,,F
M,MY,MYR,E,0,6,A, Exchange rates against USD Malaysia - Malaysian ringgit - Monthly - End of period,1969-04,3.06,A,,F
M,MY,MYR,E,0,6,A, Exchange rates against USD Malaysia - Malaysian ringgit - Monthly - End of period,1969-05,3.0563,A,,F
M,MY,MYR,E,0,6,A, Exchange rates against USD Malaysia - Malaysian ringgit - Monthly - End of period,1969-06,3.0563,A,,F
M,MY,MYR,E,0,6,A, Exchange rates against USD Malaysia - Malaysian ringgit - Monthly - End of period,1969-07,3.0638,A,,F
M,MY,MYR,E,0,6,A, Exchange rates against USD Malaysia - Malaysian ringgit - Monthly - End of period,1969-08,3.0663,A,,F
M,MY,MYR,E,0,6,A, Exchange rates against USD Malaysia - Malaysian ringgit - Monthly - End of period,1969-09,3.085,A,,F
M,MY,MYR,E,0,6,A, Exchange rates against USD Malaysia - Malaysian ringgit - Monthly - End of period,1969-10,3.0675,A,,F
M,MY,MYR,E,0,6,A, Exchange rates against USD Malaysia - Malaysian ringgit - Monthly - End of period,1969-11,3.06,A,,F
M,MY,MYR,E,0,6,A, Exchange rates against USD Malaysia - Malaysian ringgit - Monthly - End of period,1969-12,3.075,A,,F
M,MY,MYR,E,0,6,A, Exchange rates against USD Malaysia - Malaysian ringgit - Monthly - End of period,1970-01,3.075,A,,F
M,MY,MYR,E,0,6,A, Exchange rates against USD Malaysia - Malaysian ringgit - Monthly - End of period,1970-02,3.07,A,,F
M,MY,MYR,E,0,6,A, Exchange rates against USD Malaysia - Malaysian ringgit - Monthly - End of period,1970-03,3.07,A,,F
M,MY,MYR,E,0,6,A, Exchange rates against USD Malaysia - Malaysian ringgit - Monthly - End of period,1970-04,3.07,A,,F
M,MY,MYR,E,0,6,A, Exchange rates against USD Malaysia - Malaysian ringgit - Monthly - End of period,1970-05,3.0925,A,,F
M,MY,MYR,E,0,6,A, Exchange rates against USD Malaysia - Malaysian ringgit - Monthly - End of period,1970-06,3.0825,A,,F
M,MY,MYR,E,0,6,A, Exchange rates against USD Malaysia - Malaysian ringgit - Monthly - End of period,1970-07,3.09,A,,F
M,MY,MYR,E,0,6,A, Exchange rates against USD Malaysia - Malaysian ringgit - Monthly - End of period,1970-08,3.095,A,,F
M,MY,MYR,E,0,6,A, Exchange rates against USD Malaysia - Malaysian ringgit - Monthly - End of period,1970-09,3.0825,A,,F
M,MY,MYR,E,0,6,A, Exchange rates against USD Malaysia - Malaysian ringgit - Monthly - End of period,1970-10,3.0775,A,,F
M,MY,MYR,E,0,6,A, Exchange rates against USD Malaysia - Malaysian ringgit - Monthly - End of period,1970-11,3.0825,A,,F
M,MY,MYR,E,0,6,A, Exchange rates against USD Malaysia - Malaysian ringgit - Monthly - End of period,1970-12,3.0775,A,,F
M,MY,MYR,E,0,6,A, Exchange rates against USD Malaysia - Malaysian ringgit - Monthly - End of period,1971-01,3.0647,A,,F
M,MY,MYR,E,0,6,A, Exchange rates against USD Malaysia - Malaysian ringgit - Monthly - End of period,1971-02,3.0662,A,,F
M,MY,MYR,E,0,6,A, Exchange rates against USD Malaysia - Malaysian ringgit - Monthly - End of period,1971-03,3.0678,A,,F
M,MY,MYR,E,0,6,A, Exchange rates against USD Malaysia - Malaysian ringgit - Monthly - End of period,1971-04,3.0653,A,,F
M,MY,MYR,E,0,6,A, Exchange rates against USD Malaysia - Malaysian ringgit - Monthly - End of period,1971-05,3.06,A,,F
M,MY,MYR,E,0,6,A, Exchange rates against USD Malaysia - Malaysian ringgit - Monthly - End of period,1971-06,3.0548,A,,F
M,MY,MYR,E,0,6,A, Exchange rates against USD Malaysia - Malaysian ringgit - Monthly - End of period,1971-07,3.0553,A,,F
M,MY,MYR,E,0,6,A, Exchange rates against USD Malaysia - Malaysian ringgit - Monthly - End of period,1971-08,3.0531,A,,F
M,MY,MYR,E,0,6,A, Exchange rates against USD Malaysia - Malaysian ringgit - Monthly - End of period,1971-09,2.9766,A,,F
M,MY,MYR,E,0,6,A, Exchange rates against USD Malaysia - Malaysian ringgit - Monthly - End of period,1971-10,2.9753,A,,F
M,MY,MYR,E,0,6,A, Exchange rates against USD Malaysia - Malaysian ringgit - Monthly - End of period,1971-11,2.9637,A,,F
M,MY,MYR,E,0,6,A, Exchange rates against USD Malaysia - Malaysian ringgit - Monthly - End of period,1971-12,2.8998,A,,F
M,MY,MYR,E,0,6,A, Exchange rates against USD Malaysia - Malaysian ringgit - Monthly - End of period,1972-01,2.8506,A,,F
M,MY,MYR,E,0,6,A, Exchange rates against USD Malaysia - Malaysian ringgit - Monthly - End of period,1972-02,2.8409,A,,F
M,MY,MYR,E,0,6,A, Exchange rates against USD Malaysia - Malaysian ringgit - Monthly - End of period,1972-03,2.8249,A,,F
M,MY,MYR,E,0,6,A, Exchange rates against USD Malaysia - Malaysian ringgit - Monthly - End of period,1972-04,2.8217,A,,F
M,MY,MYR,E,0,6,A, Exchange rates against USD Malaysia - Malaysian ringgit - Monthly - End of period,1972-05,2.8129,A,,F
M,MY,MYR,E,0,6,A, Exchange rates against USD Malaysia - Malaysian ringgit - Monthly - End of period,1972-06,2.8369,A,,F
M,MY,MYR,E,0,6,A, Exchange rates against USD Malaysia - Malaysian ringgit - Monthly - End of period,1972-07,2.7816,A,,F
M,MY,MYR,E,0,6,A, Exchange rates against USD Malaysia - Malaysian ringgit - Monthly - End of period,1972-08,2.7701,A,,F
M,MY,MYR,E,0,6,A, Exchange rates against USD Malaysia - Malaysian ringgit - Monthly - End of period,1972-09,2.7701,A,,F
M,MY,MYR,E,0,6,A, Exchange rates against USD Malaysia - Malaysian ringgit - Monthly - End of period,1972-10,2.7701,A,,F
M,MY,MYR,E,0,6,A, Exchange rates against USD Malaysia - Malaysian ringgit - Monthly - End of period,1972-11,2.7701,A,,F
M,MY,MYR,E,0,6,A, Exchange rates against USD Malaysia - Malaysian ringgit - Monthly - End of period,1972-12,2.8249,A,,F
M,MY,MYR,E,0,6,A, Exchange rates against USD Malaysia - Malaysian ringgit - Monthly - End of period,1973-01,2.809,A,,F
M,MY,MYR,E,0,6,A, Exchange rates against USD Malaysia - Malaysian ringgit - Monthly - End of period,1973-02,2.5253,A,,F
M,MY,MYR,E,0,6,A, Exchange rates against USD Malaysia - Malaysian ringgit - Monthly - End of period,1973-03,2.4845,A,,F
M,MY,MYR,E,0,6,A, Exchange rates against USD Malaysia - Malaysian ringgit - Monthly - End of period,1973-04,2.4783,A,,F
M,MY,MYR,E,0,6,A, Exchange rates against USD Malaysia - Malaysian ringgit - Monthly - End of period,1973-05,2.4826,A,,F
M,MY,MYR,E,0,6,A, Exchange rates against USD Malaysia - Malaysian ringgit - Monthly - End of period,1973-06,2.3809,A,,F
M,MY,MYR,E,0,6,A, Exchange rates against USD Malaysia - Malaysian ringgit - Monthly - End of period,1973-07,2.2523,A,,F
M,MY,MYR,E,0,6,A, Exchange rates against USD Malaysia - Malaysian ringgit - Monthly - End of period,1973-08,2.3041,A,,F
M,MY,MYR,E,0,6,A, Exchange rates against USD Malaysia - Malaysian ringgit - Monthly - End of period,1973-09,2.3065,A,,F
M,MY,MYR,E,0,6,A, Exchange rates against USD Malaysia - Malaysian ringgit - Monthly - End of period,1973-10,2.2727,A,,F
M,MY,MYR,E,0,6,A, Exchange rates against USD Malaysia - Malaysian ringgit - Monthly - End of period,1973-11,2.4213,A,,F
M,MY,MYR,E,0,6,A, Exchange rates against USD Malaysia - Malaysian ringgit - Monthly - End of period,1973-12,2.454,A,,F
M,MY,MYR,E,0,6,A, Exchange rates against USD Malaysia - Malaysian ringgit - Monthly - End of period,1974-01,2.4752,A,,F
M,MY,MYR,E,0,6,A, Exchange rates against USD Malaysia - Malaysian ringgit - Monthly - End of period,1974-02,2.4691,A,,F
M,MY,MYR,E,0,6,A, Exchange rates against USD Malaysia - Malaysian ringgit - Monthly - End of period,1974-03,2.3809,A,,F
M,MY,MYR,E,0,6,A, Exchange rates against USD Malaysia - Malaysian ringgit - Monthly - End of period,1974-04,2.3585,A,,F
M,MY,MYR,E,0,6,A, Exchange rates against USD Malaysia - Malaysian ringgit - Monthly - End of period,1974-05,2.3923,A,,F
M,MY,MYR,E,0,6,A, Exchange rates against USD Malaysia - Malaysian ringgit - Monthly - End of period,1974-06,2.4125,A,,F
M,MY,MYR,E,0,6,A, Exchange rates against USD Malaysia - Malaysian ringgit - Monthly - End of period,1974-07,2.4184,A,,F
M,MY,MYR,E,0,6,A, Exchange rates against USD Malaysia - Malaysian ringgit - Monthly - End of period,1974-08,2.4125,A,,F
M,MY,MYR,E,0,6,A, Exchange rates against USD Malaysia - Malaysian ringgit - Monthly - End of period,1974-09,2.4225,A,,F
M,MY,MYR,E,0,6,A, Exchange rates against USD Malaysia - Malaysian ringgit - Monthly - End of period,1974-10,2.401,A,,F
M,MY,MYR,E,0,6,A, Exchange rates against USD Malaysia - Malaysian ringgit - Monthly - End of period,1974-11,2.3474,A,,F
M,MY,MYR,E,0,6,A, Exchange rates against USD Malaysia - Malaysian ringgit - Monthly - End of period,1974-12,2.3121,A,,F
M,MY,MYR,E,0,6,A, Exchange rates against USD Malaysia - Malaysian ringgit - Monthly - End of period,1975-01,2.2988,A,,F
M,MY,MYR,E,0,6,A, Exchange rates against USD Malaysia - Malaysian ringgit - Monthly - End of period,1975-02,2.2297,A,,F
M,MY,MYR,E,0,6,A, Exchange rates against USD Malaysia - Malaysian ringgit - Monthly - End of period,1975-03,2.2619,A,,F
M,MY,MYR,E,0,6,A, Exchange rates against USD Malaysia - Malaysian ringgit - Monthly - End of period,1975-04,2.2763,A,,F
M,MY,MYR,E,0,6,A, Exchange rates against USD Malaysia - Malaysian ringgit - Monthly - End of period,1975-05,2.263,A,,F
M,MY,MYR,E,0,6,A, Exchange rates against USD Malaysia - Malaysian ringgit - Monthly - End of period,1975-06,2.3105,A,,F
M,MY,MYR,E,0,6,A, Exchange rates against USD Malaysia - Malaysian ringgit - Monthly - End of period,1975-07,2.5019,A,,F
M,MY,MYR,E,0,6,A, Exchange rates against USD Malaysia - Malaysian ringgit - Monthly - End of period,1975-08,2.5151,A,,F
M,MY,MYR,E,0,6,A, Exchange rates against USD Malaysia - Malaysian ringgit - Monthly - End of period,1975-09,2.594,A,,F
M,MY,MYR,E,0,6,A, Exchange rates against USD Malaysia - Malaysian ringgit - Monthly - End of period,1975-10,2.551,A,,F
M,MY,MYR,E,0,6,A, Exchange rates against USD Malaysia - Malaysian ringgit - Monthly - End of period,1975-11,2.586,A,,F
M,MY,MYR,E,0,6,A, Exchange rates against USD Malaysia - Malaysian ringgit - Monthly - End of period,1975-12,2.5907,A,,F
M,MY,MYR,E,0,6,A, Exchange rates against USD Malaysia - Malaysian ringgit - Monthly - End of period,1976-01,2.5727,A,,F
M,MY,MYR,E,0,6,A, Exchange rates against USD Malaysia - Malaysian ringgit - Monthly - End of period,1976-02,2.5589,A,,F
M,MY,MYR,E,0,6,A, Exchange rates against USD Malaysia - Malaysian ringgit - Monthly - End of period,1976-03,2.5543,A,,F
M,MY,MYR,E,0,6,A, Exchange rates against USD Malaysia - Malaysian ringgit - Monthly - End of period,1976-04,2.5543,A,,F
M,MY,MYR,E,0,6,A, Exchange rates against USD Malaysia - Malaysian ringgit - Monthly - End of period,1976-05,2.5641,A,,F
M,MY,MYR,E,0,6,A, Exchange rates against USD Malaysia - Malaysian ringgit - Monthly - End of period,1976-06,2.5439,A,,F
M,MY,MYR,E,0,6,A, Exchange rates against USD Malaysia - Malaysian ringgit - Monthly - End of period,1976-07,2.4863,A,,F
M,MY,MYR,E,0,6,A, Exchange rates against USD Malaysia - Malaysian ringgit - Monthly - End of period,1976-08,2.5138,A,,F
M,MY,MYR,E,0,6,A, Exchange rates against USD Malaysia - Malaysian ringgit - Monthly - End of period,1976-09,2.5208,A,,F
M,MY,MYR,E,0,6,A, Exchange rates against USD Malaysia - Malaysian ringgit - Monthly - End of period,1976-10,2.5336,A,,F
M,MY,MYR,E,0,6,A, Exchange rates against USD Malaysia - Malaysian ringgit - Monthly - End of period,1976-11,2.5323,A,,F
M,MY,MYR,E,0,6,A, Exchange rates against USD Malaysia - Malaysian ringgit - Monthly - End of period,1976-12,2.5368,A,,F
M,MY,MYR,E,0,6,A, Exchange rates against USD Malaysia - Malaysian ringgit - Monthly - End of period,1977-01,2.5056,A,,F
M,MY,MYR,E,0,6,A, Exchange rates against USD Malaysia - Malaysian ringgit - Monthly - End of period,1977-02,2.495,A,,F
M,MY,MYR,E,0,6,A, Exchange rates against USD Malaysia - Malaysian ringgit - Monthly - End of period,1977-03,2.4845,A,,F
M,MY,MYR,E,0,6,A, Exchange rates against USD Malaysia - Malaysian ringgit - Monthly - End of period,1977-04,2.4839,A,,F
M,MY,MYR,E,0,6,A, Exchange rates against USD Malaysia - Malaysian ringgit - Monthly - End of period,1977-05,2.4832,A,,F
M,MY,MYR,E,0,6,A, Exchange rates against USD Malaysia - Malaysian ringgit - Monthly - End of period,1977-06,2.4876,A,,F
M,MY,MYR,E,0,6,A, Exchange rates against USD Malaysia - Malaysian ringgit - Monthly - End of period,1977-07,2.457,A,,F
M,MY,MYR,E,0,6,A, Exchange rates against USD Malaysia - Malaysian ringgit - Monthly - End of period,1977-08,2.4691,A,,F
M,MY,MYR,E,0,6,A, Exchange rates against USD Malaysia - Malaysian ringgit - Monthly - End of period,1977-09,2.4637,A,,F
M,MY,MYR,E,0,6,A, Exchange rates against USD Malaysia - Malaysian ringgit - Monthly - End of period,1977-10,2.401,A,,F
M,MY,MYR,E,0,6,A, Exchange rates against USD Malaysia - Malaysian ringgit - Monthly - End of period,1977-11,2.3861,A,,F
M,MY,MYR,E,0,6,A, Exchange rates against USD Malaysia - Malaysian ringgit - Monthly - End of period,1977-12,2.3685,A,,F
M,MY,MYR,E,0,6,A, Exchange rates against USD Malaysia - Malaysian ringgit - Monthly - End of period,1978-01,2.3641,A,,F
M,MY,MYR,E,0,6,A, Exchange rates against USD Malaysia - Malaysian ringgit - Monthly - End of period,1978-02,2.3579,A,,F
M,MY,MYR,E,0,6,A, Exchange rates against USD Malaysia - Malaysian ringgit - Monthly - End of period,1978-03,2.3618,A,,F
M,MY,MYR,E,0,6,A, Exchange rates against USD Malaysia - Malaysian ringgit - Monthly - End of period,1978-04,2.3906,A,,F
M,MY,MYR,E,0,6,A, Exchange rates against USD Malaysia - Malaysian ringgit - Monthly - End of period,1978-05,2.3912,A,,F
M,MY,MYR,E,0,6,A, Exchange rates against USD Malaysia - Malaysian ringgit - Monthly - End of period,1978-06,2.3663,A,,F
M,MY,MYR,E,0,6,A, Exchange rates against USD Malaysia - Malaysian ringgit - Monthly - End of period,1978-07,2.325,A,,F
M,MY,MYR,E,0,6,A, Exchange rates against USD Malaysia - Malaysian ringgit - Monthly - End of period,1978-08,2.2999,A,,F
M,MY,MYR,E,0,6,A, Exchange rates against USD Malaysia - Malaysian ringgit - Monthly - End of period,1978-09,2.2815,A,,F
M,MY,MYR,E,0,6,A, Exchange rates against USD Malaysia - Malaysian ringgit - Monthly - End of period,1978-10,2.1249,A,,F
M,MY,MYR,E,0,6,A, Exchange rates against USD Malaysia - Malaysian ringgit - Monthly - End of period,1978-11,2.208,A,,F
M,MY,MYR,E,0,6,A, Exchange rates against USD Malaysia - Malaysian ringgit - Monthly - End of period,1978-12,2.2017,A,,F
M,MY,MYR,E,0,6,A, Exchange rates against USD Malaysia - Malaysian ringgit - Monthly - End of period,1979-01,2.2125,A,,F
M,MY,MYR,E,0,6,A, Exchange rates against USD Malaysia - Malaysian ringgit - Monthly - End of period,1979-02,2.191,A,,F
M,MY,MYR,E,0,6,A, Exchange rates against USD Malaysia - Malaysian ringgit - Monthly - End of period,1979-03,2.205,A,,F
M,MY,MYR,E,0,6,A, Exchange rates against USD Malaysia - Malaysian ringgit - Monthly - End of period,1979-04,2.23,A,,F
M,MY,MYR,E,0,6,A, Exchange rates against USD Malaysia - Malaysian ringgit - Monthly - End of period,1979-05,2.2215,A,,F
M,MY,MYR,E,0,6,A, Exchange rates against USD Malaysia - Malaysian ringgit - Monthly - End of period,1979-06,2.174,A,,F
M,MY,MYR,E,0,6,A, Exchange rates against USD Malaysia - Malaysian ringgit - Monthly - End of period,1979-07,2.1625,A,,F
M,MY,MYR,E,0,6,A, Exchange rates against USD Malaysia - Malaysian ringgit - Monthly - End of period,1979-08,2.158,A,,F
M,MY,MYR,E,0,6,A, Exchange rates against USD Malaysia - Malaysian ringgit - Monthly - End of period,1979-09,2.1495,A,,F
M,MY,MYR,E,0,6,A, Exchange rates against USD Malaysia - Malaysian ringgit - Monthly - End of period,1979-10,2.19,A,,F
M,MY,MYR,E,0,6,A, Exchange rates against USD Malaysia - Malaysian ringgit - Monthly - End of period,1979-11,2.192,A,,F
M,MY,MYR,E,0,6,A, Exchange rates against USD Malaysia - Malaysian ringgit - Monthly - End of period,1979-12,2.188,A,,F
M,MY,MYR,E,0,6,A, Exchange rates against USD Malaysia - Malaysian ringgit - Monthly - End of period,1980-01,2.184,A,,F
M,MY,MYR,E,0,6,A, Exchange rates against USD Malaysia - Malaysian ringgit - Monthly - End of period,1980-02,2.1855,A,,F
M,MY,MYR,E,0,6,A, Exchange rates against USD Malaysia - Malaysian ringgit - Monthly - End of period,1980-03,2.2835,A,,F
M,MY,MYR,E,0,6,A, Exchange rates against USD Malaysia - Malaysian ringgit - Monthly - End of period,1980-04,2.231,A,,F
M,MY,MYR,E,0,6,A, Exchange rates against USD Malaysia - Malaysian ringgit - Monthly - End of period,1980-05,2.165,A,,F
M,MY,MYR,E,0,6,A, Exchange rates against USD Malaysia - Malaysian ringgit - Monthly - End of period,1980-06,2.142,A,,F
M,MY,MYR,E,0,6,A, Exchange rates against USD Malaysia - Malaysian ringgit - Monthly - End of period,1980-07,2.16,A,,F
M,MY,MYR,E,0,6,A, Exchange rates against USD Malaysia - Malaysian ringgit - Monthly - End of period,1980-08,2.143,A,,F
M,MY,MYR,E,0,6,A, Exchange rates against USD Malaysia - Malaysian ringgit - Monthly - End of period,1980-09,2.131,A,,F
M,MY,MYR,E,0,6,A, Exchange rates against USD Malaysia - Malaysian ringgit - Monthly - End of period,1980-10,2.147,A,,F
M,MY,MYR,E,0,6,A, Exchange rates against USD Malaysia - Malaysian ringgit - Monthly - End of period,1980-11,2.1905,A,,F
M,MY,MYR,E,0,6,A, Exchange rates against USD Malaysia - Malaysian ringgit - Monthly - End of period,1980-12,2.22,A,,F
M,MY,MYR,E,0,6,A, Exchange rates against USD Malaysia - Malaysian ringgit - Monthly - End of period,1981-01,2.239,A,,F
M,MY,MYR,E,0,6,A, Exchange rates against USD Malaysia - Malaysian ringgit - Monthly - End of period,1981-02,2.303,A,,F
M,MY,MYR,E,0,6,A, Exchange rates against USD Malaysia - Malaysian ringgit - Monthly - End of period,1981-03,2.282,A,,F
M,MY,MYR,E,0,6,A, Exchange rates against USD Malaysia - Malaysian ringgit - Monthly - End of period,1981-04,2.319,A,,F
M,MY,MYR,E,0,6,A, Exchange rates against USD Malaysia - Malaysian ringgit - Monthly - End of period,1981-05,2.3495,A,,F
M,MY,MYR,E,0,6,A, Exchange rates against USD Malaysia - Malaysian ringgit - Monthly - End of period,1981-06,2.3182,A,,F
M,MY,MYR,E,0,6,A, Exchange rates against USD Malaysia - Malaysian ringgit - Monthly - End of period,1981-07,2.36,A,,F
M,MY,MYR,E,0,6,A, Exchange rates against USD Malaysia - Malaysian ringgit - Monthly - End of period,1981-08,2.3625,A,,F
M,MY,MYR,E,0,6,A, Exchange rates against USD Malaysia - Malaysian ringgit - Monthly - End of period,1981-09,2.321,A,,F
M,MY,MYR,E,0,6,A, Exchange rates against USD Malaysia - Malaysian ringgit - Monthly - End of period,1981-10,2.282,A,,F
M,MY,MYR,E,0,6,A, Exchange rates against USD Malaysia - Malaysian ringgit - Monthly - End of period,1981-11,2.2445,A,,F
M,MY,MYR,E,0,6,A, Exchange rates against USD Malaysia - Malaysian ringgit - Monthly - End of period,1981-12,2.242,A,,F
M,MY,MYR,E,0,6,A, Exchange rates against USD Malaysia - Malaysian ringgit - Monthly - End of period,1982-01,2.276,A,,F
M,MY,MYR,E,0,6,A, Exchange rates against USD Malaysia - Malaysian ringgit - Monthly - End of period,1982-02,2.312,A,,F
M,MY,MYR,E,0,6,A, Exchange rates against USD Malaysia - Malaysian ringgit - Monthly - End of period,1982-03,2.339,A,,F
M,MY,MYR,E,0,6,A, Exchange rates against USD Malaysia - Malaysian ringgit - Monthly - End of period,1982-04,2.302,A,,F
M,MY,MYR,E,0,6,A, Exchange rates against USD Malaysia - Malaysian ringgit - Monthly - End of period,1982-05,2.29,A,,F
M,MY,MYR,E,0,6,A, Exchange rates against USD Malaysia - Malaysian ringgit - Monthly - End of period,1982-06,2.362,A,,F
M,MY,MYR,E,0,6,A, Exchange rates against USD Malaysia - Malaysian ringgit - Monthly - End of period,1982-07,2.353,A,,F
M,MY,MYR,E,0,6,A, Exchange rates against USD Malaysia - Malaysian ringgit - Monthly - End of period,1982-08,2.346,A,,F
M,MY,MYR,E,0,6,A, Exchange rates against USD Malaysia - Malaysian ringgit - Monthly - End of period,1982-09,2.3815,A,,F
M,MY,MYR,E,0,6,A, Exchange rates against USD Malaysia - Malaysian ringgit - Monthly - End of period,1982-10,2.359,A,,F
M,MY,MYR,E,0,6,A, Exchange rates against USD Malaysia - Malaysian ringgit - Monthly - End of period,1982-11,2.364,A,,F
M,MY,MYR,E,0,6,A, Exchange rates against USD Malaysia - Malaysian ringgit - Monthly - End of period,1982-12,2.3225,A,,F
M,MY,MYR,E,0,6,A, Exchange rates against USD Malaysia - Malaysian ringgit - Monthly - End of period,1983-01,2.277,A,,F
M,MY,MYR,E,0,6,A, Exchange rates against USD Malaysia - Malaysian ringgit - Monthly - End of period,1983-02,2.275,A,,F
M,MY,MYR,E,0,6,A, Exchange rates against USD Malaysia - Malaysian ringgit - Monthly - End of period,1983-03,2.293,A,,F
M,MY,MYR,E,0,6,A, Exchange rates against USD Malaysia - Malaysian ringgit - Monthly - End of period,1983-04,2.311,A,,F
M,MY,MYR,E,0,6,A, Exchange rates against USD Malaysia - Malaysian ringgit - Monthly - End of period,1983-05,2.304,A,,F
M,MY,MYR,E,0,6,A, Exchange rates against USD Malaysia - Malaysian ringgit - Monthly - End of period,1983-06,2.331,A,,F
M,MY,MYR,E,0,6,A, Exchange rates against USD Malaysia - Malaysian ringgit - Monthly - End of period,1983-07,2.347,A,,F
M,MY,MYR,E,0,6,A, Exchange rates against USD Malaysia - Malaysian ringgit - Monthly - End of period,1983-08,2.3585,A,,F
M,MY,MYR,E,0,6,A, Exchange rates against USD Malaysia - Malaysian ringgit - Monthly - End of period,1983-09,2.347,A,,F
M,MY,MYR,E,0,6,A, Exchange rates against USD Malaysia - Malaysian ringgit - Monthly - End of period,1983-10,2.347,A,,F
M,MY,MYR,E,0,6,A, Exchange rates against USD Malaysia - Malaysian ringgit - Monthly - End of period,1983-11,2.344,A,,F
M,MY,MYR,E,0,6,A, Exchange rates against USD Malaysia - Malaysian ringgit - Monthly - End of period,1983-12,2.335,A,,F
M,MY,MYR,E,0,6,A, Exchange rates against USD Malaysia - Malaysian ringgit - Monthly - End of period,1984-01,2.3405,A,,F
M,MY,MYR,E,0,6,A, Exchange rates against USD Malaysia - Malaysian ringgit - Monthly - End of period,1984-02,2.3315,A,,F
M,MY,MYR,E,0,6,A, Exchange rates against USD Malaysia - Malaysian ringgit - Monthly - End of period,1984-03,2.2915,A,,F
M,MY,MYR,E,0,6,A, Exchange rates against USD Malaysia - Malaysian ringgit - Monthly - End of period,1984-04,2.291,A,,F
M,MY,MYR,E,0,6,A, Exchange rates against USD Malaysia - Malaysian ringgit - Monthly - End of period,1984-05,2.313,A,,F
M,MY,MYR,E,0,6,A, Exchange rates against USD Malaysia - Malaysian ringgit - Monthly - End of period,1984-06,2.319,A,,F
M,MY,MYR,E,0,6,A, Exchange rates against USD Malaysia - Malaysian ringgit - Monthly - End of period,1984-07,2.345,A,,F
M,MY,MYR,E,0,6,A, Exchange rates against USD Malaysia - Malaysian ringgit - Monthly - End of period,1984-08,2.3335,A,,F
M,MY,MYR,E,0,6,A, Exchange rates against USD Malaysia - Malaysian ringgit - Monthly - End of period,1984-09,2.372,A,,F
M,MY,MYR,E,0,6,A, Exchange rates against USD Malaysia - Malaysian ringgit - Monthly - End of period,1984-10,2.405,A,,F
M,MY,MYR,E,0,6,A, Exchange rates against USD Malaysia - Malaysian ringgit - Monthly - End of period,1984-11,2.4125,A,,F
M,MY,MYR,E,0,6,A, Exchange rates against USD Malaysia - Malaysian ringgit - Monthly - End of period,1984-12,2.429,A,,F
M,MY,MYR,E,0,6,A, Exchange rates against USD Malaysia - Malaysian ringgit - Monthly - End of period,1985-01,2.4925,A,,F
M,MY,MYR,E,0,6,A, Exchange rates against USD Malaysia - Malaysian ringgit - Monthly - End of period,1985-02,2.583,A,,F
M,MY,MYR,E,0,6,A, Exchange rates against USD Malaysia - Malaysian ringgit - Monthly - End of period,1985-03,2.51,A,,F
M,MY,MYR,E,0,6,A, Exchange rates against USD Malaysia - Malaysian ringgit - Monthly - End of period,1985-04,2.475,A,,F
M,MY,MYR,E,0,6,A, Exchange rates against USD Malaysia - Malaysian ringgit - Monthly - End of period,1985-05,2.465,A,,F
M,MY,MYR,E,0,6,A, Exchange rates against USD Malaysia - Malaysian ringgit - Monthly - End of period,1985-06,2.4835,A,,F
M,MY,MYR,E,0,6,A, Exchange rates against USD Malaysia - Malaysian ringgit - Monthly - End of period,1985-07,2.465,A,,F
M,MY,MYR,E,0,6,A, Exchange rates against USD Malaysia - Malaysian ringgit - Monthly - End of period,1985-08,2.476,A,,F
M,MY,MYR,E,0,6,A, Exchange rates against USD Malaysia - Malaysian ringgit - Monthly - End of period,1985-09,2.452,A,,F
M,MY,MYR,E,0,6,A, Exchange rates against USD Malaysia - Malaysian ringgit - Monthly - End of period,1985-10,2.444,A,,F
M,MY,MYR,E,0,6,A, Exchange rates against USD Malaysia - Malaysian ringgit - Monthly - End of period,1985-11,2.419,A,,F
M,MY,MYR,E,0,6,A, Exchange rates against USD Malaysia - Malaysian ringgit - Monthly - End of period,1985-12,2.42,A,,F
M,MY,MYR,E,0,6,A, Exchange rates against USD Malaysia - Malaysian ringgit - Monthly - End of period,1986-01,2.4665,A,,F
M,MY,MYR,E,0,6,A, Exchange rates against USD Malaysia - Malaysian ringgit - Monthly - End of period,1986-02,2.493,A,,F
M,MY,MYR,E,0,6,A, Exchange rates against USD Malaysia - Malaysian ringgit - Monthly - End of period,1986-03,2.597,A,,F
M,MY,MYR,E,0,6,A, Exchange rates against USD Malaysia - Malaysian ringgit - Monthly - End of period,1986-04,2.575,A,,F
M,MY,MYR,E,0,6,A, Exchange rates against USD Malaysia - Malaysian ringgit - Monthly - End of period,1986-05,2.64,A,,F
M,MY,MYR,E,0,6,A, Exchange rates against USD Malaysia - Malaysian ringgit - Monthly - End of period,1986-06,2.626,A,,F
M,MY,MYR,E,0,6,A, Exchange rates against USD Malaysia - Malaysian ringgit - Monthly - End of period,1986-07,2.623,A,,F
M,MY,MYR,E,0,6,A, Exchange rates against USD Malaysia - Malaysian ringgit - Monthly - End of period,1986-08,2.605,A,,F
M,MY,MYR,E,0,6,A, Exchange rates against USD Malaysia - Malaysian ringgit - Monthly - End of period,1986-09,2.6255,A,,F
M,MY,MYR,E,0,6,A, Exchange rates against USD Malaysia - Malaysian ringgit - Monthly - End of period,1986-10,2.625,A,,F
M,MY,MYR,E,0,6,A, Exchange rates against USD Malaysia - Malaysian ringgit - Monthly - End of period,1986-11,2.602,A,,F
M,MY,MYR,E,0,6,A, Exchange rates against USD Malaysia - Malaysian ringgit - Monthly - End of period,1986-12,2.599,A,,F
M,MY,MYR,E,0,6,A, Exchange rates against USD Malaysia - Malaysian ringgit - Monthly - End of period,1987-01,2.5425,A,,F
M,MY,MYR,E,0,6,A, Exchange rates against USD Malaysia - Malaysian ringgit - Monthly - End of period,1987-02,2.5165,A,,F
M,MY,MYR,E,0,6,A, Exchange rates against USD Malaysia - Malaysian ringgit - Monthly - End of period,1987-03,2.506,A,,F
M,MY,MYR,E,0,6,A, Exchange rates against USD Malaysia - Malaysian ringgit - Monthly - End of period,1987-04,2.4765,A,,F
M,MY,MYR,E,0,6,A, Exchange rates against USD Malaysia - Malaysian ringgit - Monthly - End of period,1987-05,2.499,A,,F
M,MY,MYR,E,0,6,A, Exchange rates against USD Malaysia - Malaysian ringgit - Monthly - End of period,1987-06,2.5285,A,,F
M,MY,MYR,E,0,6,A, Exchange rates against USD Malaysia - Malaysian ringgit - Monthly - End of period,1987-07,2.5405,A,,F
M,MY,MYR,E,0,6,A, Exchange rates against USD Malaysia - Malaysian ringgit - Monthly - End of period,1987-08,2.516,A,,F
M,MY,MYR,E,0,6,A, Exchange rates against USD Malaysia - Malaysian ringgit - Monthly - End of period,1987-09,2.5355,A,,F
M,MY,MYR,E,0,6,A, Exchange rates against USD Malaysia - Malaysian ringgit - Monthly - End of period,1987-10,2.5155,A,,F
M,MY,MYR,E,0,6,A, Exchange rates against USD Malaysia - Malaysian ringgit - Monthly - End of period,1987-11,2.487,A,,F
M,MY,MYR,E,0,6,A, Exchange rates against USD Malaysia - Malaysian ringgit - Monthly - End of period,1987-12,2.489,A,,F
M,MY,MYR,E,0,6,A, Exchange rates against USD Malaysia - Malaysian ringgit - Monthly - End of period,1988-01,2.55,A,,F
M,MY,MYR,E,0,6,A, Exchange rates against USD Malaysia - Malaysian ringgit - Monthly - End of period,1988-02,2.584,A,,F
M,MY,MYR,E,0,6,A, Exchange rates against USD Malaysia - Malaysian ringgit - Monthly - End of period,1988-03,2.5655,A,,F
M,MY,MYR,E,0,6,A, Exchange rates against USD Malaysia - Malaysian ringgit - Monthly - End of period,1988-04,2.575,A,,F
M,MY,MYR,E,0,6,A, Exchange rates against USD Malaysia - Malaysian ringgit - Monthly - End of period,1988-05,2.589,A,,F
M,MY,MYR,E,0,6,A, Exchange rates against USD Malaysia - Malaysian ringgit - Monthly - End of period,1988-06,2.61,A,,F
M,MY,MYR,E,0,6,A, Exchange rates against USD Malaysia - Malaysian ringgit - Monthly - End of period,1988-07,2.637,A,,F
M,MY,MYR,E,0,6,A, Exchange rates against USD Malaysia - Malaysian ringgit - Monthly - End of period,1988-08,2.678,A,,F
M,MY,MYR,E,0,6,A, Exchange rates against USD Malaysia - Malaysian ringgit - Monthly - End of period,1988-09,2.687,A,,F
M,MY,MYR,E,0,6,A, Exchange rates against USD Malaysia - Malaysian ringgit - Monthly - End of period,1988-10,2.671,A,,F
M,MY,MYR,E,0,6,A, Exchange rates against USD Malaysia - Malaysian ringgit - Monthly - End of period,1988-11,2.677,A,,F
M,MY,MYR,E,0,6,A, Exchange rates against USD Malaysia - Malaysian ringgit - Monthly - End of period,1988-12,2.71,A,,F
M,MY,MYR,E,0,6,A, Exchange rates against USD Malaysia - Malaysian ringgit - Monthly - End of period,1989-01,2.73,A,,F
M,MY,MYR,E,0,6,A, Exchange rates against USD Malaysia - Malaysian ringgit - Monthly - End of period,1989-02,2.735,A,,F
M,MY,MYR,E,0,6,A, Exchange rates against USD Malaysia - Malaysian ringgit - Monthly - End of period,1989-03,2.754,A,,F
M,MY,MYR,E,0,6,A, Exchange rates against USD Malaysia - Malaysian ringgit - Monthly - End of period,1989-04,2.6955,A,,F
M,MY,MYR,E,0,6,A, Exchange rates against USD Malaysia - Malaysian ringgit - Monthly - End of period,1989-05,2.724,A,,F
M,MY,MYR,E,0,6,A, Exchange rates against USD Malaysia - Malaysian ringgit - Monthly - End of period,1989-06,2.702,A,,F
M,MY,MYR,E,0,6,A, Exchange rates against USD Malaysia - Malaysian ringgit - Monthly - End of period,1989-07,2.661,A,,F
M,MY,MYR,E,0,6,A, Exchange rates against USD Malaysia - Malaysian ringgit - Monthly - End of period,1989-08,2.695,A,,F
M,MY,MYR,E,0,6,A, Exchange rates against USD Malaysia - Malaysian ringgit - Monthly - End of period,1989-09,2.6895,A,,F
M,MY,MYR,E,0,6,A, Exchange rates against USD Malaysia - Malaysian ringgit - Monthly - End of period,1989-10,2.697,A,,F
M,MY,MYR,E,0,6,A, Exchange rates against USD Malaysia - Malaysian ringgit - Monthly - End of period,1989-11,2.703,A,,F
M,MY,MYR,E,0,6,A, Exchange rates against USD Malaysia - Malaysian ringgit - Monthly - End of period,1989-12,2.701,A,,F
M,MY,MYR,E,0,6,A, Exchange rates against USD Malaysia - Malaysian ringgit - Monthly - End of period,1990-01,2.699,A,,F
M,MY,MYR,E,0,6,A, Exchange rates against USD Malaysia - Malaysian ringgit - Monthly - End of period,1990-02,2.704,A,,F
M,MY,MYR,E,0,6,A, Exchange rates against USD Malaysia - Malaysian ringgit - Monthly - End of period,1990-03,2.728,A,,F
M,MY,MYR,E,0,6,A, Exchange rates against USD Malaysia - Malaysian ringgit - Monthly - End of period,1990-04,2.716,A,,F
M,MY,MYR,E,0,6,A, Exchange rates against USD Malaysia - Malaysian ringgit - Monthly - End of period,1990-05,2.7035,A,,F
M,MY,MYR,E,0,6,A, Exchange rates against USD Malaysia - Malaysian ringgit - Monthly - End of period,1990-06,2.711,A,,F
M,MY,MYR,E,0,6,A, Exchange rates against USD Malaysia - Malaysian ringgit - Monthly - End of period,1990-07,2.697,A,,F
M,MY,MYR,E,0,6,A, Exchange rates against USD Malaysia - Malaysian ringgit - Monthly - End of period,1990-08,2.689,A,,F
M,MY,MYR,E,0,6,A, Exchange rates against USD Malaysia - Malaysian ringgit - Monthly - End of period,1990-09,2.7015,A,,F
M,MY,MYR,E,0,6,A, Exchange rates against USD Malaysia - Malaysian ringgit - Monthly - End of period,1990-10,2.701,A,,F
M,MY,MYR,E,0,6,A, Exchange rates against USD Malaysia - Malaysian ringgit - Monthly - End of period,1990-11,2.7045,A,,F
M,MY,MYR,E,0,6,A, Exchange rates against USD Malaysia - Malaysian ringgit - Monthly - End of period,1990-12,2.7025,A,,F
M,MY,MYR,E,0,6,A, Exchange rates against USD Malaysia - Malaysian ringgit - Monthly - End of period,1991-01,2.6995,A,,F
M,MY,MYR,E,0,6,A, Exchange rates against USD Malaysia - Malaysian ringgit - Monthly - End of period,1991-02,2.72,A,,F
M,MY,MYR,E,0,6,A, Exchange rates against USD Malaysia - Malaysian ringgit - Monthly - End of period,1991-03,2.767,A,,F
M,MY,MYR,E,0,6,A, Exchange rates against USD Malaysia - Malaysian ringgit - Monthly - End of period,1991-04,2.76,A,,F
M,MY,MYR,E,0,6,A, Exchange rates against USD Malaysia - Malaysian ringgit - Monthly - End of period,1991-05,2.7595,A,,F
M,MY,MYR,E,0,6,A, Exchange rates against USD Malaysia - Malaysian ringgit - Monthly - End of period,1991-06,2.787,A,,F
M,MY,MYR,E,0,6,A, Exchange rates against USD Malaysia - Malaysian ringgit - Monthly - End of period,1991-07,2.7875,A,,F
M,MY,MYR,E,0,6,A, Exchange rates against USD Malaysia - Malaysian ringgit - Monthly - End of period,1991-08,2.7835,A,,F
M,MY,MYR,E,0,6,A, Exchange rates against USD Malaysia - Malaysian ringgit - Monthly - End of period,1991-09,2.7385,A,,F
M,MY,MYR,E,0,6,A, Exchange rates against USD Malaysia - Malaysian ringgit - Monthly - End of period,1991-10,2.751,A,,F
M,MY,MYR,E,0,6,A, Exchange rates against USD Malaysia - Malaysian ringgit - Monthly - End of period,1991-11,2.7535,A,,F
M,MY,MYR,E,0,6,A, Exchange rates against USD Malaysia - Malaysian ringgit - Monthly - End of period,1991-12,2.722,A,,F
M,MY,MYR,E,0,6,A, Exchange rates against USD Malaysia - Malaysian ringgit - Monthly - End of period,1992-01,2.627,A,,F
M,MY,MYR,E,0,6,A, Exchange rates against USD Malaysia - Malaysian ringgit - Monthly - End of period,1992-02,2.586,A,,F
M,MY,MYR,E,0,6,A, Exchange rates against USD Malaysia - Malaysian ringgit - Monthly - End of period,1992-03,2.5815,A,,F
M,MY,MYR,E,0,6,A, Exchange rates against USD Malaysia - Malaysian ringgit - Monthly - End of period,1992-04,2.527,A,,F
M,MY,MYR,E,0,6,A, Exchange rates against USD Malaysia - Malaysian ringgit - Monthly - End of period,1992-05,2.5105,A,,F
M,MY,MYR,E,0,6,A, Exchange rates against USD Malaysia - Malaysian ringgit - Monthly - End of period,1992-06,2.5047,A,,F
M,MY,MYR,E,0,6,A, Exchange rates against USD Malaysia - Malaysian ringgit - Monthly - End of period,1992-07,2.501,A,,F
M,MY,MYR,E,0,6,A, Exchange rates against USD Malaysia - Malaysian ringgit - Monthly - End of period,1992-08,2.4935,A,,F
M,MY,MYR,E,0,6,A, Exchange rates against USD Malaysia - Malaysian ringgit - Monthly - End of period,1992-09,2.495,A,,F
M,MY,MYR,E,0,6,A, Exchange rates against USD Malaysia - Malaysian ringgit - Monthly - End of period,1992-10,2.511,A,,F
M,MY,MYR,E,0,6,A, Exchange rates against USD Malaysia - Malaysian ringgit - Monthly - End of period,1992-11,2.5355,A,,F
M,MY,MYR,E,0,6,A, Exchange rates against USD Malaysia - Malaysian ringgit - Monthly - End of period,1992-12,2.618,A,,F
M,MY,MYR,E,0,6,A, Exchange rates against USD Malaysia - Malaysian ringgit - Monthly - End of period,1993-01,2.628,A,,F
M,MY,MYR,E,0,6,A, Exchange rates against USD Malaysia - Malaysian ringgit - Monthly - End of period,1993-02,2.632,A,,F
M,MY,MYR,E,0,6,A, Exchange rates against USD Malaysia - Malaysian ringgit - Monthly - End of period,1993-03,2.592,A,,F
M,MY,MYR,E,0,6,A, Exchange rates against USD Malaysia - Malaysian ringgit - Monthly - End of period,1993-04,2.568,A,,F
M,MY,MYR,E,0,6,A, Exchange rates against USD Malaysia - Malaysian ringgit - Monthly - End of period,1993-05,2.557,A,,F
M,MY,MYR,E,0,6,A, Exchange rates against USD Malaysia - Malaysian ringgit - Monthly - End of period,1993-06,2.572,A,,F
M,MY,MYR,E,0,6,A, Exchange rates against USD Malaysia - Malaysian ringgit - Monthly - End of period,1993-07,2.5635,A,,F
M,MY,MYR,E,0,6,A, Exchange rates against USD Malaysia - Malaysian ringgit - Monthly - End of period,1993-08,2.548,A,,F
M,MY,MYR,E,0,6,A, Exchange rates against USD Malaysia - Malaysian ringgit - Monthly - End of period,1993-09,2.545,A,,F
M,MY,MYR,E,0,6,A, Exchange rates against USD Malaysia - Malaysian ringgit - Monthly - End of period,1993-10,2.556,A,,F
M,MY,MYR,E,0,6,A, Exchange rates against USD Malaysia - Malaysian ringgit - Monthly - End of period,1993-11,2.5585,A,,F
M,MY,MYR,E,0,6,A, Exchange rates against USD Malaysia - Malaysian ringgit - Monthly - End of period,1993-12,2.695,A,,F
M,MY,MYR,E,0,6,A, Exchange rates against USD Malaysia - Malaysian ringgit - Monthly - End of period,1994-01,2.771,A,,F
M,MY,MYR,E,0,6,A, Exchange rates against USD Malaysia - Malaysian ringgit - Monthly - End of period,1994-02,2.7265,A,,F
M,MY,MYR,E,0,6,A, Exchange rates against USD Malaysia - Malaysian ringgit - Monthly - End of period,1994-03,2.683,A,,F
M,MY,MYR,E,0,6,A, Exchange rates against USD Malaysia - Malaysian ringgit - Monthly - End of period,1994-04,2.6785,A,,F
M,MY,MYR,E,0,6,A, Exchange rates against USD Malaysia - Malaysian ringgit - Monthly - End of period,1994-05,2.58,A,,F
M,MY,MYR,E,0,6,A, Exchange rates against USD Malaysia - Malaysian ringgit - Monthly - End of period,1994-06,2.6043,A,,F
M,MY,MYR,E,0,6,A, Exchange rates against USD Malaysia - Malaysian ringgit - Monthly - End of period,1994-07,2.5945,A,,F
M,MY,MYR,E,0,6,A, Exchange rates against USD Malaysia - Malaysian ringgit - Monthly - End of period,1994-08,2.56,A,,F
M,MY,MYR,E,0,6,A, Exchange rates against USD Malaysia - Malaysian ringgit - Monthly - End of period,1994-09,2.5635,A,,F
M,MY,MYR,E,0,6,A, Exchange rates against USD Malaysia - Malaysian ringgit - Monthly - End of period,1994-10,2.5555,A,,F
M,MY,MYR,E,0,6,A, Exchange rates against USD Malaysia - Malaysian ringgit - Monthly - End of period,1994-11,2.5563,A,,F
M,MY,MYR,E,0,6,A, Exchange rates against USD Malaysia - Malaysian ringgit - Monthly - End of period,1994-12,2.5545,A,,F
M,MY,MYR,E,0,6,A, Exchange rates against USD Malaysia - Malaysian ringgit - Monthly - End of period,1995-01,2.558,A,,F
M,MY,MYR,E,0,6,A, Exchange rates against USD Malaysia - Malaysian ringgit - Monthly - End of period,1995-02,2.5532,A,,F
M,MY,MYR,E,0,6,A, Exchange rates against USD Malaysia - Malaysian ringgit - Monthly - End of period,1995-03,2.531,A,,F
M,MY,MYR,E,0,6,A, Exchange rates against USD Malaysia - Malaysian ringgit - Monthly - End of period,1995-04,2.472,A,,F
M,MY,MYR,E,0,6,A, Exchange rates against USD Malaysia - Malaysian ringgit - Monthly - End of period,1995-05,2.465,A,,F
M,MY,MYR,E,0,6,A, Exchange rates against USD Malaysia - Malaysian ringgit - Monthly - End of period,1995-06,2.4378,A,,F
M,MY,MYR,E,0,6,A, Exchange rates against USD Malaysia - Malaysian ringgit - Monthly - End of period,1995-07,2.457,A,,F
M,MY,MYR,E,0,6,A, Exchange rates against USD Malaysia - Malaysian ringgit - Monthly - End of period,1995-08,2.495,A,,F
M,MY,MYR,E,0,6,A, Exchange rates against USD Malaysia - Malaysian ringgit - Monthly - End of period,1995-09,2.512,A,,F
M,MY,MYR,E,0,6,A, Exchange rates against USD Malaysia - Malaysian ringgit - Monthly - End of period,1995-10,2.5412,A,,F
M,MY,MYR,E,0,6,A, Exchange rates against USD Malaysia - Malaysian ringgit - Monthly - End of period,1995-11,2.537,A,,F
M,MY,MYR,E,0,6,A, Exchange rates against USD Malaysia - Malaysian ringgit - Monthly - End of period,1995-12,2.54,A,,F
M,MY,MYR,E,0,6,A, Exchange rates against USD Malaysia - Malaysian ringgit - Monthly - End of period,1996-01,2.56,A,,F
M,MY,MYR,E,0,6,A, Exchange rates against USD Malaysia - Malaysian ringgit - Monthly - End of period,1996-02,2.549,A,,F
M,MY,MYR,E,0,6,A, Exchange rates against USD Malaysia - Malaysian ringgit - Monthly - End of period,1996-03,2.5307,A,,F
M,MY,MYR,E,0,6,A, Exchange rates against USD Malaysia - Malaysian ringgit - Monthly - End of period,1996-04,2.4935,A,,F
M,MY,MYR,E,0,6,A, Exchange rates against USD Malaysia - Malaysian ringgit - Monthly - End of period,1996-05,2.498,A,,F
M,MY,MYR,E,0,6,A, Exchange rates against USD Malaysia - Malaysian ringgit - Monthly - End of period,1996-06,2.4945,A,,F
M,MY,MYR,E,0,6,A, Exchange rates against USD Malaysia - Malaysian ringgit - Monthly - End of period,1996-07,2.4962,A,,F
M,MY,MYR,E,0,6,A, Exchange rates against USD Malaysia - Malaysian ringgit - Monthly - End of period,1996-08,2.4935,A,,F
M,MY,MYR,E,0,6,A, Exchange rates against USD Malaysia - Malaysian ringgit - Monthly - End of period,1996-09,2.5065,A,,F
M,MY,MYR,E,0,6,A, Exchange rates against USD Malaysia - Malaysian ringgit - Monthly - End of period,1996-10,2.5268,A,,F
M,MY,MYR,E,0,6,A, Exchange rates against USD Malaysia - Malaysian ringgit - Monthly - End of period,1996-11,2.5275,A,,F
M,MY,MYR,E,0,6,A, Exchange rates against USD Malaysia - Malaysian ringgit - Monthly - End of period,1996-12,2.526,A,,F
M,MY,MYR,E,0,6,A, Exchange rates against USD Malaysia - Malaysian ringgit - Monthly - End of period,1997-01,2.4863,A,,F
M,MY,MYR,E,0,6,A, Exchange rates against USD Malaysia - Malaysian ringgit - Monthly - End of period,1997-02,2.483,A,,F
M,MY,MYR,E,0,6,A, Exchange rates against USD Malaysia - Malaysian ringgit - Monthly - End of period,1997-03,2.476,A,,F
M,MY,MYR,E,0,6,A, Exchange rates against USD Malaysia - Malaysian ringgit - Monthly - End of period,1997-04,2.5107,A,,F
M,MY,MYR,E,0,6,A, Exchange rates against USD Malaysia - Malaysian ringgit - Monthly - End of period,1997-05,2.5132,A,,F
M,MY,MYR,E,0,6,A, Exchange rates against USD Malaysia - Malaysian ringgit - Monthly - End of period,1997-06,2.5245,A,,F
M,MY,MYR,E,0,6,A, Exchange rates against USD Malaysia - Malaysian ringgit - Monthly - End of period,1997-07,2.639,A,,F
M,MY,MYR,E,0,6,A, Exchange rates against USD Malaysia - Malaysian ringgit - Monthly - End of period,1997-08,2.92,A,,F
M,MY,MYR,E,0,6,A, Exchange rates against USD Malaysia - Malaysian ringgit - Monthly - End of period,1997-09,3.2475,A,,F
M,MY,MYR,E,0,6,A, Exchange rates against USD Malaysia - Malaysian ringgit - Monthly - End of period,1997-10,3.325,A,,F
M,MY,MYR,E,0,6,A, Exchange rates against USD Malaysia - Malaysian ringgit - Monthly - End of period,1997-11,3.5125,A,,F
M,MY,MYR,E,0,6,A, Exchange rates against USD Malaysia - Malaysian ringgit - Monthly - End of period,1997-12,3.885,A,,F
M,MY,MYR,E,0,6,A, Exchange rates against USD Malaysia - Malaysian ringgit - Monthly - End of period,1998-01,4.23,A,,F
M,MY,MYR,E,0,6,A, Exchange rates against USD Malaysia - Malaysian ringgit - Monthly - End of period,1998-02,3.705,A,,F
M,MY,MYR,E,0,6,A, Exchange rates against USD Malaysia - Malaysian ringgit - Monthly - End of period,1998-03,3.66,A,,F
M,MY,MYR,E,0,6,A, Exchange rates against USD Malaysia - Malaysian ringgit - Monthly - End of period,1998-04,3.755,A,,F
M,MY,MYR,E,0,6,A, Exchange rates against USD Malaysia - Malaysian ringgit - Monthly - End of period,1998-05,3.8702,A,,F
M,MY,MYR,E,0,6,A, Exchange rates against USD Malaysia - Malaysian ringgit - Monthly - End of period,1998-06,4.13,A,,F
M,MY,MYR,E,0,6,A, Exchange rates against USD Malaysia - Malaysian ringgit - Monthly - End of period,1998-07,4.145,A,,F
M,MY,MYR,E,0,6,A, Exchange rates against USD Malaysia - Malaysian ringgit - Monthly - End of period,1998-08,4.195,A,,F
M,MY,MYR,E,0,6,A, Exchange rates against USD Malaysia - Malaysian ringgit - Monthly - End of period,1998-09,3.8,A,,F
M,MY,MYR,E,0,6,A, Exchange rates against USD Malaysia - Malaysian ringgit - Monthly - End of period,1998-10,3.8,A,,F
M,MY,MYR,E,0,6,A, Exchange rates against USD Malaysia - Malaysian ringgit - Monthly - End of period,1998-11,3.8,A,,F
M,MY,MYR,E,0,6,A, Exchange rates against USD Malaysia - Malaysian ringgit - Monthly - End of period,1998-12,3.8,A,,F
M,MY,MYR,E,0,6,A, Exchange rates against USD Malaysia - Malaysian ringgit - Monthly - End of period,1999-01,3.799104,A,,F
M,MY,MYR,E,0,6,A, Exchange rates against USD Malaysia - Malaysian ringgit - Monthly - End of period,1999-02,3.80069,A,,F
M,MY,MYR,E,0,6,A, Exchange rates against USD Malaysia - Malaysian ringgit - Monthly - End of period,1999-03,3.799479,A,,F
M,MY,MYR,E,0,6,A, Exchange rates against USD Malaysia - Malaysian ringgit - Monthly - End of period,1999-04,3.799377,A,,F
M,MY,MYR,E,0,6,A, Exchange rates against USD Malaysia - Malaysian ringgit - Monthly - End of period,1999-05,3.799637,A,,F
M,MY,MYR,E,0,6,A, Exchange rates against USD Malaysia - Malaysian ringgit - Monthly - End of period,1999-06,3.799284,A,,F
M,MY,MYR,E,0,6,A, Exchange rates against USD Malaysia - Malaysian ringgit - Monthly - End of period,1999-07,3.800729,A,,F
M,MY,MYR,E,0,6,A, Exchange rates against USD Malaysia - Malaysian ringgit - Monthly - End of period,1999-08,3.800624,A,,F
M,MY,MYR,E,0,6,A, Exchange rates against USD Malaysia - Malaysian ringgit - Monthly - End of period,1999-09,3.800188,A,,F
M,MY,MYR,E,0,6,A, Exchange rates against USD Malaysia - Malaysian ringgit - Monthly - End of period,1999-10,3.801875,A,,F
M,MY,MYR,E,0,6,A, Exchange rates against USD Malaysia - Malaysian ringgit - Monthly - End of period,1999-11,3.802714,A,,F
M,MY,MYR,E,0,6,A, Exchange rates against USD Malaysia - Malaysian ringgit - Monthly - End of period,1999-12,3.797332,A,,F
M,MY,MYR,E,0,6,A, Exchange rates against USD Malaysia - Malaysian ringgit - Monthly - End of period,2000-01,3.80145,A,,F
M,MY,MYR,E,0,6,A, Exchange rates against USD Malaysia - Malaysian ringgit - Monthly - End of period,2000-02,3.799465,A,,F
M,MY,MYR,E,0,6,A, Exchange rates against USD Malaysia - Malaysian ringgit - Monthly - End of period,2000-03,3.798597,A,,F
M,MY,MYR,E,0,6,A, Exchange rates against USD Malaysia - Malaysian ringgit - Monthly - End of period,2000-04,3.795267,A,,F
M,MY,MYR,E,0,6,A, Exchange rates against USD Malaysia - Malaysian ringgit - Monthly - End of period,2000-05,3.796302,A,,F
M,MY,MYR,E,0,6,A, Exchange rates against USD Malaysia - Malaysian ringgit - Monthly - End of period,2000-06,3.798137,A,,F
M,MY,MYR,E,0,6,A, Exchange rates against USD Malaysia - Malaysian ringgit - Monthly - End of period,2000-07,3.80515,A,,F
M,MY,MYR,E,0,6,A, Exchange rates against USD Malaysia - Malaysian ringgit - Monthly - End of period,2000-08,3.803503,A,,F
M,MY,MYR,E,0,6,A, Exchange rates against USD Malaysia - Malaysian ringgit - Monthly - End of period,2000-09,3.797832,A,,F
M,MY,MYR,E,0,6,A, Exchange rates against USD Malaysia - Malaysian ringgit - Monthly - End of period,2000-10,3.798265,A,,F
M,MY,MYR,E,0,6,A, Exchange rates against USD Malaysia - Malaysian ringgit - Monthly - End of period,2000-11,3.793643,A,,F
M,MY,MYR,E,0,6,A, Exchange rates against USD Malaysia - Malaysian ringgit - Monthly - End of period,2000-12,3.802257,A,,F
M,MY,MYR,E,0,6,A, Exchange rates against USD Malaysia - Malaysian ringgit - Monthly - End of period,2001-01,3.800387,A,,F
M,MY,MYR,E,0,6,A, Exchange rates against USD Malaysia - Malaysian ringgit - Monthly - End of period,2001-02,3.800606,A,,F
M,MY,MYR,E,0,6,A, Exchange rates against USD Malaysia - Malaysian ringgit - Monthly - End of period,2001-03,3.797894,A,,F
M,MY,MYR,E,0,6,A, Exchange rates against USD Malaysia - Malaysian ringgit - Monthly - End of period,2001-04,3.800699,A,,F
M,MY,MYR,E,0,6,A, Exchange rates against USD Malaysia - Malaysian ringgit - Monthly - End of period,2001-05,3.800472,A,,F
M,MY,MYR,E,0,6,A, Exchange rates against USD Malaysia - Malaysian ringgit - Monthly - End of period,2001-06,3.800236,A,,F
M,MY,MYR,E,0,6,A, Exchange rates against USD Malaysia - Malaysian ringgit - Monthly - End of period,2001-07,3.798972,A,,F
M,MY,MYR,E,0,6,A, Exchange rates against USD Malaysia - Malaysian ringgit - Monthly - End of period,2001-08,3.798755,A,,F
M,MY,MYR,E,0,6,A, Exchange rates against USD Malaysia - Malaysian ringgit - Monthly - End of period,2001-09,3.805607,A,,F
M,MY,MYR,E,0,6,A, Exchange rates against USD Malaysia - Malaysian ringgit - Monthly - End of period,2001-10,3.799049,A,,F
M,MY,MYR,E,0,6,A, Exchange rates against USD Malaysia - Malaysian ringgit - Monthly - End of period,2001-11,3.800292,A,,F
M,MY,MYR,E,0,6,A, Exchange rates against USD Malaysia - Malaysian ringgit - Monthly - End of period,2001-12,3.798366,A,,F
M,MY,MYR,E,0,6,A, Exchange rates against USD Malaysia - Malaysian ringgit - Monthly - End of period,2002-01,3.800509,A,,F
M,MY,MYR,E,0,6,A, Exchange rates against USD Malaysia - Malaysian ringgit - Monthly - End of period,2002-02,3.799792,A,,F
M,MY,MYR,E,0,6,A, Exchange rates against USD Malaysia - Malaysian ringgit - Monthly - End of period,2002-03,3.799633,A,,F
M,MY,MYR,E,0,6,A, Exchange rates against USD Malaysia - Malaysian ringgit - Monthly - End of period,2002-04,3.800511,A,,F
M,MY,MYR,E,0,6,A, Exchange rates against USD Malaysia - Malaysian ringgit - Monthly - End of period,2002-05,3.797699,A,,F
M,MY,MYR,E,0,6,A, Exchange rates against USD Malaysia - Malaysian ringgit - Monthly - End of period,2002-06,3.800401,A,,F
M,MY,MYR,E,0,6,A, Exchange rates against USD Malaysia - Malaysian ringgit - Monthly - End of period,2002-07,3.799857,A,,F
M,MY,MYR,E,0,6,A, Exchange rates against USD Malaysia - Malaysian ringgit - Monthly - End of period,2002-08,3.798739,A,,F
M,MY,MYR,E,0,6,A, Exchange rates against USD Malaysia - Malaysian ringgit - Monthly - End of period,2002-09,3.800203,A,,F
M,MY,MYR,E,0,6,A, Exchange rates against USD Malaysia - Malaysian ringgit - Monthly - End of period,2002-10,3.800182,A,,F
M,MY,MYR,E,0,6,A, Exchange rates against USD Malaysia - Malaysian ringgit - Monthly - End of period,2002-11,3.800242,A,,F
M,MY,MYR,E,0,6,A, Exchange rates against USD Malaysia - Malaysian ringgit - Monthly - End of period,2002-12,3.80061,A,,F
M,MY,MYR,E,0,6,A, Exchange rates against USD Malaysia - Malaysian ringgit - Monthly - End of period,2003-01,3.801036,A,,F
M,MY,MYR,E,0,6,A, Exchange rates against USD Malaysia - Malaysian ringgit - Monthly - End of period,2003-02,3.801614,A,,F
M,MY,MYR,E,0,6,A, Exchange rates against USD Malaysia - Malaysian ringgit - Monthly - End of period,2003-03,3.8,A,,F
M,MY,MYR,E,0,6,A, Exchange rates against USD Malaysia - Malaysian ringgit - Monthly - End of period,2003-04,3.799479,A,,F
M,MY,MYR,E,0,6,A, Exchange rates against USD Malaysia - Malaysian ringgit - Monthly - End of period,2003-05,3.802149,A,,F
M,MY,MYR,E,0,6,A, Exchange rates against USD Malaysia - Malaysian ringgit - Monthly - End of period,2003-06,3.800735,A,,F
M,MY,MYR,E,0,6,A, Exchange rates against USD Malaysia - Malaysian ringgit - Monthly - End of period,2003-07,3.80023,A,,F
M,MY,MYR,E,0,6,A, Exchange rates against USD Malaysia - Malaysian ringgit - Monthly - End of period,2003-08,3.801409,A,,F
M,MY,MYR,E,0,6,A, Exchange rates against USD Malaysia - Malaysian ringgit - Monthly - End of period,2003-09,3.800978,A,,F
M,MY,MYR,E,0,6,A, Exchange rates against USD Malaysia - Malaysian ringgit - Monthly - End of period,2003-10,3.800895,A,,F
M,MY,MYR,E,0,6,A, Exchange rates against USD Malaysia - Malaysian ringgit - Monthly - End of period,2003-11,3.800484,A,,F
M,MY,MYR,E,0,6,A, Exchange rates against USD Malaysia - Malaysian ringgit - Monthly - End of period,2003-12,3.801979,A,,F
M,MY,MYR,E,0,6,A, Exchange rates against USD Malaysia - Malaysian ringgit - Monthly - End of period,2004-01,3.799661,A,,F
M,MY,MYR,E,0,6,A, Exchange rates against USD Malaysia - Malaysian ringgit - Monthly - End of period,2004-02,3.798679,A,,F
M,MY,MYR,E,0,6,A, Exchange rates against USD Malaysia - Malaysian ringgit - Monthly - End of period,2004-03,3.800802,A,,F
M,MY,MYR,E,0,6,A, Exchange rates against USD Malaysia - Malaysian ringgit - Monthly - End of period,2004-04,3.800201,A,,F
M,MY,MYR,E,0,6,A, Exchange rates against USD Malaysia - Malaysian ringgit - Monthly - End of period,2004-05,3.802017,A,,F
M,MY,MYR,E,0,6,A, Exchange rates against USD Malaysia - Malaysian ringgit - Monthly - End of period,2004-06,3.8,A,,F
M,MY,MYR,E,0,6,A, Exchange rates against USD Malaysia - Malaysian ringgit - Monthly - End of period,2004-07,3.7999,A,,F
M,MY,MYR,E,0,6,A, Exchange rates against USD Malaysia - Malaysian ringgit - Monthly - End of period,2004-08,3.800017,A,,F
M,MY,MYR,E,0,6,A, Exchange rates against USD Malaysia - Malaysian ringgit - Monthly - End of period,2004-09,3.80079,A,,F
M,MY,MYR,E,0,6,A, Exchange rates against USD Malaysia - Malaysian ringgit - Monthly - End of period,2004-10,3.800031,A,,F
M,MY,MYR,E,0,6,A, Exchange rates against USD Malaysia - Malaysian ringgit - Monthly - End of period,2004-11,3.801053,A,,F
M,MY,MYR,E,0,6,A, Exchange rates against USD Malaysia - Malaysian ringgit - Monthly - End of period,2004-12,3.803098,A,,F
M,MY,MYR,E,0,6,A, Exchange rates against USD Malaysia - Malaysian ringgit - Monthly - End of period,2005-01,3.801304,A,,F
M,MY,MYR,E,0,6,A, Exchange rates against USD Malaysia - Malaysian ringgit - Monthly - End of period,2005-02,3.799728,A,,F
M,MY,MYR,E,0,6,A, Exchange rates against USD Malaysia - Malaysian ringgit - Monthly - End of period,2005-03,3.798982,A,,F
M,MY,MYR,E,0,6,A, Exchange rates against USD Malaysia - Malaysian ringgit - Monthly - End of period,2005-04,3.799954,A,,F
M,MY,MYR,E,0,6,A, Exchange rates against USD Malaysia - Malaysian ringgit - Monthly - End of period,2005-05,3.800016,A,,F
M,MY,MYR,E,0,6,A, Exchange rates against USD Malaysia - Malaysian ringgit - Monthly - End of period,2005-06,3.80086,A,,F
M,MY,MYR,E,0,6,A, Exchange rates against USD Malaysia - Malaysian ringgit - Monthly - End of period,2005-07,3.750269,A,,F
M,MY,MYR,E,0,6,A, Exchange rates against USD Malaysia - Malaysian ringgit - Monthly - End of period,2005-08,3.77193,A,,F
M,MY,MYR,E,0,6,A, Exchange rates against USD Malaysia - Malaysian ringgit - Monthly - End of period,2005-09,3.769224,A,,F
M,MY,MYR,E,0,6,A, Exchange rates against USD Malaysia - Malaysian ringgit - Monthly - End of period,2005-10,3.774931,A,,F
M,MY,MYR,E,0,6,A, Exchange rates against USD Malaysia - Malaysian ringgit - Monthly - End of period,2005-11,3.777466,A,,F
M,MY,MYR,E,0,6,A, Exchange rates against USD Malaysia - Malaysian ringgit - Monthly - End of period,2005-12,3.779266,A,,F
M,MY,MYR,E,0,6,A, Exchange rates against USD Malaysia - Malaysian ringgit - Monthly - End of period,2006-01,3.750536,A,,F
M,MY,MYR,E,0,6,A, Exchange rates against USD Malaysia - Malaysian ringgit - Monthly - End of period,2006-02,3.715032,A,,F
M,MY,MYR,E,0,6,A, Exchange rates against USD Malaysia - Malaysian ringgit - Monthly - End of period,2006-03,3.68308,A,,F
M,MY,MYR,E,0,6,A, Exchange rates against USD Malaysia - Malaysian ringgit - Monthly - End of period,2006-04,3.624472,A,,F
M,MY,MYR,E,0,6,A, Exchange rates against USD Malaysia - Malaysian ringgit - Monthly - End of period,2006-05,3.631023,A,,F
M,MY,MYR,E,0,6,A, Exchange rates against USD Malaysia - Malaysian ringgit - Monthly - End of period,2006-06,3.674506,A,,F
M,MY,MYR,E,0,6,A, Exchange rates against USD Malaysia - Malaysian ringgit - Monthly - End of period,2006-07,3.657006,A,,F
M,MY,MYR,E,0,6,A, Exchange rates against USD Malaysia - Malaysian ringgit - Monthly - End of period,2006-08,3.681036,A,,F
M,MY,MYR,E,0,6,A, Exchange rates against USD Malaysia - Malaysian ringgit - Monthly - End of period,2006-09,3.68752,A,,F
M,MY,MYR,E,0,6,A, Exchange rates against USD Malaysia - Malaysian ringgit - Monthly - End of period,2006-10,3.652489,A,,F
M,MY,MYR,E,0,6,A, Exchange rates against USD Malaysia - Malaysian ringgit - Monthly - End of period,2006-11,3.61803,A,,F
M,MY,MYR,E,0,6,A, Exchange rates against USD Malaysia - Malaysian ringgit - Monthly - End of period,2006-12,3.529992,A,,F
M,MY,MYR,E,0,6,A, Exchange rates against USD Malaysia - Malaysian ringgit - Monthly - End of period,2007-01,3.500463,A,,F
M,MY,MYR,E,0,6,A, Exchange rates against USD Malaysia - Malaysian ringgit - Monthly - End of period,2007-02,3.50299,A,,F
M,MY,MYR,E,0,6,A, Exchange rates against USD Malaysia - Malaysian ringgit - Monthly - End of period,2007-03,3.457501,A,,F
M,MY,MYR,E,0,6,A, Exchange rates against USD Malaysia - Malaysian ringgit - Monthly - End of period,2007-04,3.421977,A,,F
M,MY,MYR,E,0,6,A, Exchange rates against USD Malaysia - Malaysian ringgit - Monthly - End of period,2007-05,3.398498,A,,F
M,MY,MYR,E,0,6,A, Exchange rates against USD Malaysia - Malaysian ringgit - Monthly - End of period,2007-06,3.452499,A,,F
M,MY,MYR,E,0,6,A, Exchange rates against USD Malaysia - Malaysian ringgit - Monthly - End of period,2007-07,3.454512,A,,F
M,MY,MYR,E,0,6,A, Exchange rates against USD Malaysia - Malaysian ringgit - Monthly - End of period,2007-08,3.501496,A,,F
M,MY,MYR,E,0,6,A, Exchange rates against USD Malaysia - Malaysian ringgit - Monthly - End of period,2007-09,3.407504,A,,F
M,MY,MYR,E,0,6,A, Exchange rates against USD Malaysia - Malaysian ringgit - Monthly - End of period,2007-10,3.335018,A,,F
M,MY,MYR,E,0,6,A, Exchange rates against USD Malaysia - Malaysian ringgit - Monthly - End of period,2007-11,3.364474,A,,F
M,MY,MYR,E,0,6,A, Exchange rates against USD Malaysia - Malaysian ringgit - Monthly - End of period,2007-12,3.306976,A,,F
M,MY,MYR,E,0,6,A, Exchange rates against USD Malaysia - Malaysian ringgit - Monthly - End of period,2008-01,3.235508,A,,F
M,MY,MYR,E,0,6,A, Exchange rates against USD Malaysia - Malaysian ringgit - Monthly - End of period,2008-02,3.194501,A,,F
M,MY,MYR,E,0,6,A, Exchange rates against USD Malaysia - Malaysian ringgit - Monthly - End of period,2008-03,3.19852,A,,F
M,MY,MYR,E,0,6,A, Exchange rates against USD Malaysia - Malaysian ringgit - Monthly - End of period,2008-04,3.159009,A,,F
M,MY,MYR,E,0,6,A, Exchange rates against USD Malaysia - Malaysian ringgit - Monthly - End of period,2008-05,3.240005,A,,F
M,MY,MYR,E,0,6,A, Exchange rates against USD Malaysia - Malaysian ringgit - Monthly - End of period,2008-06,3.267508,A,,F
M,MY,MYR,E,0,6,A, Exchange rates against USD Malaysia - Malaysian ringgit - Monthly - End of period,2008-07,3.255973,A,,F
M,MY,MYR,E,0,6,A, Exchange rates against USD Malaysia - Malaysian ringgit - Monthly - End of period,2008-08,3.393485,A,,F
M,MY,MYR,E,0,6,A, Exchange rates against USD Malaysia - Malaysian ringgit - Monthly - End of period,2008-09,3.442495,A,,F
M,MY,MYR,E,0,6,A, Exchange rates against USD Malaysia - Malaysian ringgit - Monthly - End of period,2008-10,3.550992,A,,F
M,MY,MYR,E,0,6,A, Exchange rates against USD Malaysia - Malaysian ringgit - Monthly - End of period,2008-11,3.623478,A,,F
M,MY,MYR,E,0,6,A, Exchange rates against USD Malaysia - Malaysian ringgit - Monthly - End of period,2008-12,3.452468,A,,F
M,MY,MYR,E,0,6,A, Exchange rates against USD Malaysia - Malaysian ringgit - Monthly - End of period,2009-01,3.607522,A,,F
M,MY,MYR,E,0,6,A, Exchange rates against USD Malaysia - Malaysian ringgit - Monthly - End of period,2009-02,3.705473,A,,F
M,MY,MYR,E,0,6,A, Exchange rates against USD Malaysia - Malaysian ringgit - Monthly - End of period,2009-03,3.645476,A,,F
M,MY,MYR,E,0,6,A, Exchange rates against USD Malaysia - Malaysian ringgit - Monthly - End of period,2009-04,3.56,A,,F
M,MY,MYR,E,0,6,A, Exchange rates against USD Malaysia - Malaysian ringgit - Monthly - End of period,2009-05,3.487516,A,,F
M,MY,MYR,E,0,6,A, Exchange rates against USD Malaysia - Malaysian ringgit - Monthly - End of period,2009-06,3.514999,A,,F
M,MY,MYR,E,0,6,A, Exchange rates against USD Malaysia - Malaysian ringgit - Monthly - End of period,2009-07,3.522493,A,,F
M,MY,MYR,E,0,6,A, Exchange rates against USD Malaysia - Malaysian ringgit - Monthly - End of period,2009-08,3.521511,A,,F
M,MY,MYR,E,0,6,A, Exchange rates against USD Malaysia - Malaysian ringgit - Monthly - End of period,2009-09,3.460971,A,,F
M,MY,MYR,E,0,6,A, Exchange rates against USD Malaysia - Malaysian ringgit - Monthly - End of period,2009-10,3.4125,A,,F
M,MY,MYR,E,0,6,A, Exchange rates against USD Malaysia - Malaysian ringgit - Monthly - End of period,2009-11,3.392531,A,,F
M,MY,MYR,E,0,6,A, Exchange rates against USD Malaysia - Malaysian ringgit - Monthly - End of period,2009-12,3.42399,A,,F
M,MY,MYR,E,0,6,A, Exchange rates against USD Malaysia - Malaysian ringgit - Monthly - End of period,2010-01,3.410998,A,,F
M,MY,MYR,E,0,6,A, Exchange rates against USD Malaysia - Malaysian ringgit - Monthly - End of period,2010-02,3.402727,A,,F
M,MY,MYR,E,0,6,A, Exchange rates against USD Malaysia - Malaysian ringgit - Monthly - End of period,2010-03,3.261963,A,,F
M,MY,MYR,E,0,6,A, Exchange rates against USD Malaysia - Malaysian ringgit - Monthly - End of period,2010-04,3.184529,A,,F
M,MY,MYR,E,0,6,A, Exchange rates against USD Malaysia - Malaysian ringgit - Monthly - End of period,2010-05,3.261477,A,,F
M,MY,MYR,E,0,6,A, Exchange rates against USD Malaysia - Malaysian ringgit - Monthly - End of period,2010-06,3.237715,A,,F
M,MY,MYR,E,0,6,A, Exchange rates against USD Malaysia - Malaysian ringgit - Monthly - End of period,2010-07,3.180995,A,,F
M,MY,MYR,E,0,6,A, Exchange rates against USD Malaysia - Malaysian ringgit - Monthly - End of period,2010-08,3.149527,A,,F
M,MY,MYR,E,0,6,A, Exchange rates against USD Malaysia - Malaysian ringgit - Monthly - End of period,2010-09,3.084774,A,,F
M,MY,MYR,E,0,6,A, Exchange rates against USD Malaysia - Malaysian ringgit - Monthly - End of period,2010-10,3.10962,A,,F
M,MY,MYR,E,0,6,A, Exchange rates against USD Malaysia - Malaysian ringgit - Monthly - End of period,2010-11,3.167487,A,,F
M,MY,MYR,E,0,6,A, Exchange rates against USD Malaysia - Malaysian ringgit - Monthly - End of period,2010-12,3.064661,A,,F
M,MY,MYR,E,0,6,A, Exchange rates against USD Malaysia - Malaysian ringgit - Monthly - End of period,2011-01,3.059524,A,,F
M,MY,MYR,E,0,6,A, Exchange rates against USD Malaysia - Malaysian ringgit - Monthly - End of period,2011-02,3.047998,A,,F
M,MY,MYR,E,0,6,A, Exchange rates against USD Malaysia - Malaysian ringgit - Monthly - End of period,2011-03,3.02548,A,,F
M,MY,MYR,E,0,6,A, Exchange rates against USD Malaysia - Malaysian ringgit - Monthly - End of period,2011-04,2.961978,A,,F
M,MY,MYR,E,0,6,A, Exchange rates against USD Malaysia - Malaysian ringgit - Monthly - End of period,2011-05,3.012513,A,,F
M,MY,MYR,E,0,6,A, Exchange rates against USD Malaysia - Malaysian ringgit - Monthly - End of period,2011-06,3.018474,A,,F
M,MY,MYR,E,0,6,A, Exchange rates against USD Malaysia - Malaysian ringgit - Monthly - End of period,2011-07,2.966971,A,,F
M,MY,MYR,E,0,6,A, Exchange rates against USD Malaysia - Malaysian ringgit - Monthly - End of period,2011-08,2.970311,A,,F
M,MY,MYR,E,0,6,A, Exchange rates against USD Malaysia - Malaysian ringgit - Monthly - End of period,2011-09,3.192772,A,,F
M,MY,MYR,E,0,6,A, Exchange rates against USD Malaysia - Malaysian ringgit - Monthly - End of period,2011-10,3.073495,A,,F
M,MY,MYR,E,0,6,A, Exchange rates against USD Malaysia - Malaysian ringgit - Monthly - End of period,2011-11,3.174989,A,,F
M,MY,MYR,E,0,6,A, Exchange rates against USD Malaysia - Malaysian ringgit - Monthly - End of period,2011-12,3.172965,A,,F
M,MY,MYR,E,0,6,A, Exchange rates against USD Malaysia - Malaysian ringgit - Monthly - End of period,2012-01,3.045537,A,,F
M,MY,MYR,E,0,6,A, Exchange rates against USD Malaysia - Malaysian ringgit - Monthly - End of period,2012-02,2.995983,A,,F
M,MY,MYR,E,0,6,A, Exchange rates against USD Malaysia - Malaysian ringgit - Monthly - End of period,2012-03,3.063492,A,,F
M,MY,MYR,E,0,6,A, Exchange rates against USD Malaysia - Malaysian ringgit - Monthly - End of period,2012-04,3.026033,A,,F
M,MY,MYR,E,0,6,A, Exchange rates against USD Malaysia - Malaysian ringgit - Monthly - End of period,2012-05,3.175038,A,,F
M,MY,MYR,E,0,6,A, Exchange rates against USD Malaysia - Malaysian ringgit - Monthly - End of period,2012-06,3.173948,A,,F
M,MY,MYR,E,0,6,A, Exchange rates against USD Malaysia - Malaysian ringgit - Monthly - End of period,2012-07,3.130495,A,,F
M,MY,MYR,E,0,6,A, Exchange rates against USD Malaysia - Malaysian ringgit - Monthly - End of period,2012-08,3.121085,A,,F
M,MY,MYR,E,0,6,A, Exchange rates against USD Malaysia - Malaysian ringgit - Monthly - End of period,2012-09,3.062336,A,,F
M,MY,MYR,E,0,6,A, Exchange rates against USD Malaysia - Malaysian ringgit - Monthly - End of period,2012-10,3.047564,A,,F
M,MY,MYR,E,0,6,A, Exchange rates against USD Malaysia - Malaysian ringgit - Monthly - End of period,2012-11,3.039812,A,,F
M,MY,MYR,E,0,6,A, Exchange rates against USD Malaysia - Malaysian ringgit - Monthly - End of period,2012-12,3.057981,A,,F
M,MY,MYR,E,0,6,A, Exchange rates against USD Malaysia - Malaysian ringgit - Monthly - End of period,2013-01,3.105978,A,,F
M,MY,MYR,E,0,6,A, Exchange rates against USD Malaysia - Malaysian ringgit - Monthly - End of period,2013-02,3.093686,A,,F
M,MY,MYR,E,0,6,A, Exchange rates against USD Malaysia - Malaysian ringgit - Monthly - End of period,2013-03,3.096447,A,,F
M,MY,MYR,E,0,6,A, Exchange rates against USD Malaysia - Malaysian ringgit - Monthly - End of period,2013-04,3.041922,A,,F
M,MY,MYR,E,0,6,A, Exchange rates against USD Malaysia - Malaysian ringgit - Monthly - End of period,2013-05,3.096033,A,,F
M,MY,MYR,E,0,6,A, Exchange rates against USD Malaysia - Malaysian ringgit - Monthly - End of period,2013-06,3.16055,A,,F
M,MY,MYR,E,0,6,A, Exchange rates against USD Malaysia - Malaysian ringgit - Monthly - End of period,2013-07,3.250697,A,,F
M,MY,MYR,E,0,6,A, Exchange rates against USD Malaysia - Malaysian ringgit - Monthly - End of period,2013-08,3.29082,A,,F
M,MY,MYR,E,0,6,A, Exchange rates against USD Malaysia - Malaysian ringgit - Monthly - End of period,2013-09,3.265679,A,,F
M,MY,MYR,E,0,6,A, Exchange rates against USD Malaysia - Malaysian ringgit - Monthly - End of period,2013-10,3.155414,A,,F
M,MY,MYR,E,0,6,A, Exchange rates against USD Malaysia - Malaysian ringgit - Monthly - End of period,2013-11,3.2257,A,,F
M,MY,MYR,E,0,6,A, Exchange rates against USD Malaysia - Malaysian ringgit - Monthly - End of period,2013-12,3.279023,A,,F
M,MY,MYR,E,0,6,A, Exchange rates against USD Malaysia - Malaysian ringgit - Monthly - End of period,2014-01,3.347514,A,,F
M,MY,MYR,E,0,6,A, Exchange rates against USD Malaysia - Malaysian ringgit - Monthly - End of period,2014-02,3.276985,A,,F
M,MY,MYR,E,0,6,A, Exchange rates against USD Malaysia - Malaysian ringgit - Monthly - End of period,2014-03,3.261967,A,,F
M,MY,MYR,E,0,6,A, Exchange rates against USD Malaysia - Malaysian ringgit - Monthly - End of period,2014-04,3.264404,A,,F
M,MY,MYR,E,0,6,A, Exchange rates against USD Malaysia - Malaysian ringgit - Monthly - End of period,2014-05,3.216359,A,,F
M,MY,MYR,E,0,6,A, Exchange rates against USD Malaysia - Malaysian ringgit - Monthly - End of period,2014-06,3.211012,A,,F
M,MY,MYR,E,0,6,A, Exchange rates against USD Malaysia - Malaysian ringgit - Monthly - End of period,2014-07,3.196726,A,,F
M,MY,MYR,E,0,6,A, Exchange rates against USD Malaysia - Malaysian ringgit - Monthly - End of period,2014-08,3.158022,A,,F
M,MY,MYR,E,0,6,A, Exchange rates against USD Malaysia - Malaysian ringgit - Monthly - End of period,2014-09,3.283319,A,,F
M,MY,MYR,E,0,6,A, Exchange rates against USD Malaysia - Malaysian ringgit - Monthly - End of period,2014-10,3.290482,A,,F
M,MY,MYR,E,0,6,A, Exchange rates against USD Malaysia - Malaysian ringgit - Monthly - End of period,2014-11,3.391813,A,,F
M,MY,MYR,E,0,6,A, Exchange rates against USD Malaysia - Malaysian ringgit - Monthly - End of period,2014-12,3.498312,A,,F
M,MY,MYR,E,0,6,A, Exchange rates against USD Malaysia - Malaysian ringgit - Monthly - End of period,2015-01,3.635559,A,,F
M,MY,MYR,E,0,6,A, Exchange rates against USD Malaysia - Malaysian ringgit - Monthly - End of period,2015-02,3.609964,A,,F
M,MY,MYR,E,0,6,A, Exchange rates against USD Malaysia - Malaysian ringgit - Monthly - End of period,2015-03,3.706014,A,,F
M,MY,MYR,E,0,6,A, Exchange rates against USD Malaysia - Malaysian ringgit - Monthly - End of period,2015-04,3.557289,A,,F
M,MY,MYR,E,0,6,A, Exchange rates against USD Malaysia - Malaysian ringgit - Monthly - End of period,2015-05,3.664084,A,,F
M,MY,MYR,E,0,6,A, Exchange rates against USD Malaysia - Malaysian ringgit - Monthly - End of period,2015-06,3.770221,A,,F
M,MY,MYR,E,0,6,A, Exchange rates against USD Malaysia - Malaysian ringgit - Monthly - End of period,2015-07,3.831039,A,,F
M,MY,MYR,E,0,6,A, Exchange rates against USD Malaysia - Malaysian ringgit - Monthly - End of period,2015-08,4.190638,A,,F
M,MY,MYR,E,0,6,A, Exchange rates against USD Malaysia - Malaysian ringgit - Monthly - End of period,2015-09,4.394983,A,,F
M,MY,MYR,E,0,6,A, Exchange rates against USD Malaysia - Malaysian ringgit - Monthly - End of period,2015-10,4.297903,A,,F
M,MY,MYR,E,0,6,A, Exchange rates against USD Malaysia - Malaysian ringgit - Monthly - End of period,2015-11,4.260043,A,,F
M,MY,MYR,E,0,6,A, Exchange rates against USD Malaysia - Malaysian ringgit - Monthly - End of period,2015-12,4.313309,A,,F
M,MY,MYR,E,0,6,A, Exchange rates against USD Malaysia - Malaysian ringgit - Monthly - End of period,2016-01,4.147985,A,,F
M,MY,MYR,E,0,6,A, Exchange rates against USD Malaysia - Malaysian ringgit - Monthly - End of period,2016-02,4.212895,A,,F
M,MY,MYR,E,0,6,A, Exchange rates against USD Malaysia - Malaysian ringgit - Monthly - End of period,2016-03,3.871585,A,,F
M,MY,MYR,E,0,6,A, Exchange rates against USD Malaysia - Malaysian ringgit - Monthly - End of period,2016-04,3.906516,A,,F
M,MY,MYR,E,0,6,A, Exchange rates against USD Malaysia - Malaysian ringgit - Monthly - End of period,2016-05,4.118702,A,,F
M,MY,MYR,E,0,6,A, Exchange rates against USD Malaysia - Malaysian ringgit - Monthly - End of period,2016-06,3.990362,A,,F
M,MY,MYR,E,0,6,A, Exchange rates against USD Malaysia - Malaysian ringgit - Monthly - End of period,2016-07,4.067309,A,,F
M,MY,MYR,E,0,6,A, Exchange rates against USD Malaysia - Malaysian ringgit - Monthly - End of period,2016-08,4.089023,A,,F
M,MY,MYR,E,0,6,A, Exchange rates against USD Malaysia - Malaysian ringgit - Monthly - End of period,2016-09,4.134755,A,,F
M,MY,MYR,E,0,6,A, Exchange rates against USD Malaysia - Malaysian ringgit - Monthly - End of period,2016-10,4.199708,A,,F
M,MY,MYR,E,0,6,A, Exchange rates against USD Malaysia - Malaysian ringgit - Monthly - End of period,2016-11,4.466008,A,,F
M,MY,MYR,E,0,6,A, Exchange rates against USD Malaysia - Malaysian ringgit - Monthly - End of period,2016-12,4.486007,A,,F
M,MY,MYR,E,0,6,A, Exchange rates against USD Malaysia - Malaysian ringgit - Monthly - End of period,2017-01,4.426592,A,,F
M,MY,MYR,E,0,6,A, Exchange rates against USD Malaysia - Malaysian ringgit - Monthly - End of period,2017-02,4.44003,A,,F
M,MY,MYR,E,0,6,A, Exchange rates against USD Malaysia - Malaysian ringgit - Monthly - End of period,2017-03,4.425498,A,,F
M,MY,MYR,E,0,6,A, Exchange rates against USD Malaysia - Malaysian ringgit - Monthly - End of period,2017-04,4.340988,A,,F
M,MY,MYR,E,0,6,A, Exchange rates against USD Malaysia - Malaysian ringgit - Monthly - End of period,2017-05,4.280991,A,,F
M,MY,MYR,E,0,6,A, Exchange rates against USD Malaysia - Malaysian ringgit - Monthly - End of period,2017-06,4.292499,A,,F
M,MY,MYR,E,0,6,A, Exchange rates against USD Malaysia - Malaysian ringgit - Monthly - End of period,2017-07,4.281487,A,,F
M,MY,MYR,E,0,6,A, Exchange rates against USD Malaysia - Malaysian ringgit - Monthly - End of period,2017-08,4.271121,A,,F
M,MY,MYR,E,0,6,A, Exchange rates against USD Malaysia - Malaysian ringgit - Monthly - End of period,2017-09,4.220481,A,,F
M,MY,MYR,E,0,6,A, Exchange rates against USD Malaysia - Malaysian ringgit - Monthly - End of period,2017-10,4.231999,A,,F
M,MY,MYR,E,0,6,A, Exchange rates against USD Malaysia - Malaysian ringgit - Monthly - End of period,2017-11,4.090303,A,,F
M,MY,MYR,E,0,6,A, Exchange rates against USD Malaysia - Malaysian ringgit - Monthly - End of period,2017-12,4.047027,A,,F
M,MY,MYR,E,0,6,A, Exchange rates against USD Malaysia - Malaysian ringgit - Monthly - End of period,2018-01,3.899655,A,,F
M,MY,MYR,E,0,6,A, Exchange rates against USD Malaysia - Malaysian ringgit - Monthly - End of period,2018-02,3.924185,A,,F
M,MY,MYR,E,0,6,A, Exchange rates against USD Malaysia - Malaysian ringgit - Monthly - End of period,2018-03,3.86803,A,,F
M,MY,MYR,E,0,6,A, Exchange rates against USD Malaysia - Malaysian ringgit - Monthly - End of period,2018-04,3.924911,A,,F
M,MY,MYR,E,0,6,A, Exchange rates against USD Malaysia - Malaysian ringgit - Monthly - End of period,2018-05,3.979998,A,,F
M,MY,MYR,E,0,6,A, Exchange rates against USD Malaysia - Malaysian ringgit - Monthly - End of period,2018-06,4.038429,A,,F
M,MY,MYR,E,0,6,A, Exchange rates against USD Malaysia - Malaysian ringgit - Monthly - End of period,2018-07,4.058538,A,,F
M,MY,MYR,E,0,6,A, Exchange rates against USD Malaysia - Malaysian ringgit - Monthly - End of period,2018-08,4.116986,A,,F
M,MY,MYR,E,0,6,A, Exchange rates against USD Malaysia - Malaysian ringgit - Monthly - End of period,2018-09,4.137008,A,,F
M,MY,MYR,E,0,6,A, Exchange rates against USD Malaysia - Malaysian ringgit - Monthly - End of period,2018-10,4.184485,A,,F
M,MY,MYR,E,0,6,A, Exchange rates against USD Malaysia - Malaysian ringgit - Monthly - End of period,2018-11,4.184523,A,,F
M,MY,MYR,E,0,6,A, Exchange rates against USD Malaysia - Malaysian ringgit - Monthly - End of period,2018-12,4.132489,A,,F
M,MY,MYR,E,0,6,A, Exchange rates against USD Malaysia - Malaysian ringgit - Monthly - End of period,2019-01,4.090181,A,,F
M,MY,MYR,E,0,6,A, Exchange rates against USD Malaysia - Malaysian ringgit - Monthly - End of period,2019-02,4.0685,A,,F
M,MY,MYR,E,0,6,A, Exchange rates against USD Malaysia - Malaysian ringgit - Monthly - End of period,2019-03,4.079929,A,,F
M,MY,MYR,E,0,6,A, Exchange rates against USD Malaysia - Malaysian ringgit - Monthly - End of period,2019-04,4.128543,A,,F
M,MY,MYR,E,0,6,A, Exchange rates against USD Malaysia - Malaysian ringgit - Monthly - End of period,2019-05,4.19218,A,,F
M,MY,MYR,E,0,6,A, Exchange rates against USD Malaysia - Malaysian ringgit - Monthly - End of period,2019-06,4.137258,A,,F
M,MY,MYR,E,0,6,A, Exchange rates against USD Malaysia - Malaysian ringgit - Monthly - End of period,2019-07,4.126536,A,,F
M,MY,MYR,E,0,6,A, Exchange rates against USD Malaysia - Malaysian ringgit - Monthly - End of period,2019-08,4.205509,A,,F
M,MY,MYR,E,0,6,A, Exchange rates against USD Malaysia - Malaysian ringgit - Monthly - End of period,2019-09,4.186978,A,,F
M,MY,MYR,E,0,6,A, Exchange rates against USD Malaysia - Malaysian ringgit - Monthly - End of period,2019-10,4.178501,A,,F
M,MY,MYR,E,0,6,A, Exchange rates against USD Malaysia - Malaysian ringgit - Monthly - End of period,2019-11,4.177928,A,,F
M,MY,MYR,E,0,6,A, Exchange rates against USD Malaysia - Malaysian ringgit - Monthly - End of period,2019-12,4.090529,A,,F
M,MY,MYR,E,0,6,A, Exchange rates against USD Malaysia - Malaysian ringgit - Monthly - End of period,2020-01,4.098534,A,,F
M,MY,MYR,E,0,6,A, Exchange rates against USD Malaysia - Malaysian ringgit - Monthly - End of period,2020-02,4.214539,A,,F
M,MY,MYR,E,0,6,A, Exchange rates against USD Malaysia - Malaysian ringgit - Monthly - End of period,2020-03,4.320007,A,,F
M,MY,MYR,E,0,6,A, Exchange rates against USD Malaysia - Malaysian ringgit - Monthly - End of period,2020-04,4.300018,A,,F
M,MY,MYR,E,0,6,A, Exchange rates against USD Malaysia - Malaysian ringgit - Monthly - End of period,2020-05,4.347522,A,,F
M,MY,MYR,E,0,6,A, Exchange rates against USD Malaysia - Malaysian ringgit - Monthly - End of period,2020-06,4.285497,A,,F
M,MY,MYR,E,0,6,A, Exchange rates against USD Malaysia - Malaysian ringgit - Monthly - End of period,2020-07,4.239534,A,,F
M,MY,MYR,E,0,6,A, Exchange rates against USD Malaysia - Malaysian ringgit - Monthly - End of period,2020-08,4.165494,A,,F
M,MY,MYR,E,0,6,A, Exchange rates against USD Malaysia - Malaysian ringgit - Monthly - End of period,2020-09,4.155535,A,,F
M,MY,MYR,E,0,6,A, Exchange rates against USD Malaysia - Malaysian ringgit - Monthly - End of period,2020-10,4.153531,A,,F
M,MY,MYR,E,0,6,A, Exchange rates against USD Malaysia - Malaysian ringgit - Monthly - End of period,2020-11,4.07404,A,,F
M,MY,MYR,E,0,6,A, Exchange rates against USD Malaysia - Malaysian ringgit - Monthly - End of period,2020-12,4.020862,A,,F
M,MY,MYR,E,0,6,A, Exchange rates against USD Malaysia - Malaysian ringgit - Monthly - End of period,2021-01,4.042518,A,,F
M,MY,MYR,E,0,6,A, Exchange rates against USD Malaysia - Malaysian ringgit - Monthly - End of period,2021-02,4.050491,A,,F
M,MY,MYR,E,0,6,A, Exchange rates against USD Malaysia - Malaysian ringgit - Monthly - End of period,2021-03,4.146525,A,,F
M,MY,MYR,E,0,6,A, Exchange rates against USD Malaysia - Malaysian ringgit - Monthly - End of period,2021-04,4.095514,A,,F
M,MY,MYR,E,0,6,A, Exchange rates against USD Malaysia - Malaysian ringgit - Monthly - End of period,2021-05,4.124498,A,,F
M,MY,MYR,E,0,6,A, Exchange rates against USD Malaysia - Malaysian ringgit - Monthly - End of period,2021-06,4.151464,A,,F
M,MY,MYR,E,0,6,A, Exchange rates against USD Malaysia - Malaysian ringgit - Monthly - End of period,2021-07,4.219998,A,,F
M,MY,MYR,E,0,6,A, Exchange rates against USD Malaysia - Malaysian ringgit - Monthly - End of period,2021-08,4.157005,A,,F
M,MY,MYR,E,0,6,A, Exchange rates against USD Malaysia - Malaysian ringgit - Monthly - End of period,2021-09,4.186458,A,,F
M,MY,MYR,E,0,6,A, Exchange rates against USD Malaysia - Malaysian ringgit - Monthly - End of period,2021-10,4.141005,A,,F
M,MY,MYR,E,0,6,A, Exchange rates against USD Malaysia - Malaysian ringgit - Monthly - End of period,2021-11,4.202499,A,,F
M,MY,MYR,E,0,6,A, Exchange rates against USD Malaysia - Malaysian ringgit - Monthly - End of period,2021-12,4.16599,A,,F
M,MY,MYR,E,0,6,A, Exchange rates against USD Malaysia - Malaysian ringgit - Monthly - End of period,2022-01,4.185461,A,,F
M,MY,MYR,E,0,6,A, Exchange rates against USD Malaysia - Malaysian ringgit - Monthly - End of period,2022-02,4.1985,A,,F
M,MY,MYR,E,0,6,A, Exchange rates against USD Malaysia - Malaysian ringgit - Monthly - End of period,2022-03,4.204756,A,,F
M,MY,MYR,E,0,6,A, Exchange rates against USD Malaysia - Malaysian ringgit - Monthly - End of period,2022-04,4.35351,A,,F
M,MY,MYR,E,0,6,A, Exchange rates against USD Malaysia - Malaysian ringgit - Monthly - End of period,2022-05,4.378512,A,,F
M,MY,MYR,E,0,6,A, Exchange rates against USD Malaysia - Malaysian ringgit - Monthly - End of period,2022-06,4.407529,A,,F
M,MY,MYR,E,0,6,A, Exchange rates against USD Malaysia - Malaysian ringgit - Monthly - End of period,2022-07,4.45048,A,,F
M,MY,MYR,E,0,6,A, Exchange rates against USD Malaysia - Malaysian ringgit - Monthly - End of period,2022-08,4.4755,A,,F
M,MY,MYR,E,0,6,A, Exchange rates against USD Malaysia - Malaysian ringgit - Monthly - End of period,2022-09,4.636951,A,,F
M,MY,MYR,E,0,6,A, Exchange rates against USD Malaysia - Malaysian ringgit - Monthly - End of period,2022-10,4.72796,A,,F
M,MY,MYR,E,0,6,A, Exchange rates against USD Malaysia - Malaysian ringgit - Monthly - End of period,2022-11,4.447475,A,,F
M,MY,MYR,E,0,6,A, Exchange rates against USD Malaysia - Malaysian ringgit - Monthly - End of period,2022-12,4.405025,A,,F
M,MY,MYR,E,0,6,A, Exchange rates against USD Malaysia - Malaysian ringgit - Monthly - End of period,2023-01,4.265762,A,,F
M,MY,MYR,E,0,6,A, Exchange rates against USD Malaysia - Malaysian ringgit - Monthly - End of period,2023-02,4.487522,A,,F
M,MY,MYR,E,0,6,A, Exchange rates against USD Malaysia - Malaysian ringgit - Monthly - End of period,2023-03,4.412506,A,,F
M,MY,MYR,E,0,6,A, Exchange rates against USD Malaysia - Malaysian ringgit - Monthly - End of period,2023-04,4.460523,A,,F
M,MY,MYR,E,0,6,A, Exchange rates against USD Malaysia - Malaysian ringgit - Monthly - End of period,2023-05,4.615464,A,,F
M,MY,MYR,E,0,6,A, Exchange rates against USD Malaysia - Malaysian ringgit - Monthly - End of period,2023-06,4.667495,A,,F
M,MY,MYR,E,0,6,A, Exchange rates against USD Malaysia - Malaysian ringgit - Monthly - End of period,2023-07,4.509027,A,,F
M,MY,MYR,E,0,6,A, Exchange rates against USD Malaysia - Malaysian ringgit - Monthly - End of period,2023-08,4.640044,A,,F
M,MY,MYR,E,0,6,A, Exchange rates against USD Malaysia - Malaysian ringgit - Monthly - End of period,2023-09,4.695205,A,,F
M,MY,MYR,E,0,6,A, Exchange rates against USD Malaysia - Malaysian ringgit - Monthly - End of period,2023-10,4.764479,A,,F
M,MY,MYR,E,0,6,A, Exchange rates against USD Malaysia - Malaysian ringgit - Monthly - End of period,2023-11,4.659501,A,,F
M,MY,MYR,E,0,6,A, Exchange rates against USD Malaysia - Malaysian ringgit - Monthly - End of period,2023-12,4.595023,A,,F
M,MY,MYR,E,0,6,A, Exchange rates against USD Malaysia - Malaysian ringgit - Monthly - End of period,2024-01,4.729999,A,,F
M,MY,MYR,E,0,6,A, Exchange rates against USD Malaysia - Malaysian ringgit - Monthly - End of period,2024-02,4.74552,A,,F
M,MY,MYR,E,0,6,A, Exchange rates against USD Malaysia - Malaysian ringgit - Monthly - End of period,2024-03,4.732957,A,,F
M,MY,MYR,E,0,6,A, Exchange rates against USD Malaysia - Malaysian ringgit - Monthly - End of period,2024-04,4.77048,A,,F
M,MY,MYR,E,0,6,A, Exchange rates against USD Malaysia - Malaysian ringgit - Monthly - End of period,2024-05,4.706966,A,,F
M,MY,MYR,E,0,6,A, Exchange rates against USD Malaysia - Malaysian ringgit - Monthly - End of period,2024-06,4.717515,A,,F
M,MY,MYR,E,0,6,A, Exchange rates against USD Malaysia - Malaysian ringgit - Monthly - End of period,2024-07,4.594477,A,,F
M,MY,MYR,E,0,6,A, Exchange rates against USD Malaysia - Malaysian ringgit - Monthly - End of period,2024-08,4.320465,A,,F
M,MY,MYR,E,0,6,A, Exchange rates against USD Malaysia - Malaysian ringgit - Monthly - End of period,2024-09,4.123526,A,,F
M,MY,MYR,E,0,6,A, Exchange rates against USD Malaysia - Malaysian ringgit - Monthly - End of period,2024-10,4.378974,A,,F
M,MY,MYR,E,0,6,A, Exchange rates against USD Malaysia - Malaysian ringgit - Monthly - End of period,2024-11,4.444991,A,,F
M,MY,MYR,E,0,6,A, Exchange rates against USD Malaysia - Malaysian ringgit - Monthly - End of period,2024-12,4.47146,A,,F
M,MY,MYR,E,0,6,A, Exchange rates against USD Malaysia - Malaysian ringgit - Monthly - End of period,2025-01,4.455018,A,,F
M,MY,MYR,E,0,6,A, Exchange rates against USD Malaysia - Malaysian ringgit - Monthly - End of period,2025-02,4.462492,A,,F
M,MY,MYR,E,0,6,A, Exchange rates against USD Malaysia - Malaysian ringgit - Monthly - End of period,2025-03,4.43754,A,,F
M,MY,MYR,E,0,6,A, Exchange rates against USD Malaysia - Malaysian ringgit - Monthly - End of period,2025-04,4.314956,A,,F
M,MY,MYR,E,0,6,A, Exchange rates against USD Malaysia - Malaysian ringgit - Monthly - End of period,2025-05,4.25646,A,,F
M,MY,MYR,E,0,6,A, Exchange rates against USD Malaysia - Malaysian ringgit - Monthly - End of period,2025-06,4.212031,A,,F
M,MY,MYR,E,0,6,A, Exchange rates against USD Malaysia - Malaysian ringgit - Monthly - End of period,2025-07,4.264983,A,,F
M,MY,MYR,E,0,6,A, Exchange rates against USD Malaysia - Malaysian ringgit - Monthly - End of period,2025-08,4.224996,A,,F
M,MY,MYR,E,0,6,A, Exchange rates against USD Malaysia - Malaysian ringgit - Monthly - End of period,2025-09,4.2085,A,,F
M,MY,MYR,E,0,6,A, Exchange rates against USD Malaysia - Malaysian ringgit - Monthly - End of period,2025-10,4.187987,A,,F
M,MY,MYR,E,0,6,A, Exchange rates against USD Malaysia - Malaysian ringgit - Monthly - End of period,2025-11,4.132457,A,,F
M,MY,MYR,E,0,6,A, Exchange rates against USD Malaysia - Malaysian ringgit - Monthly - End of period,2025-12,4.058043,A,,F
M,MY,MYR,E,0,6,A, Exchange rates against USD Malaysia - Malaysian ringgit - Monthly - End of period,2026-01,3.946975,A,,F
M,MY,MYR,E,0,6,A, Exchange rates against USD Malaysia - Malaysian ringgit - Monthly - End of period,2026-02,3.890978,A,,F
M,MY,MYR,E,0,6,A, Exchange rates against USD Malaysia - Malaysian ringgit - Monthly - End of period,2026-03,4.048965,A,,F
M,MY,MYR,E,0,6,A, Exchange rates against USD Malaysia - Malaysian ringgit - Monthly - End of period,2026-04,3.970005,A,,F
M,MY,MYR,E,0,6,A, Exchange rates against USD Malaysia - Malaysian ringgit - Monthly - End of period,2026-05,3.96496,A,,F
M,MY,MYR,E,0,6,A, Exchange rates against USD Malaysia - Malaysian ringgit - Monthly - End of period,2026-06,4.084957,A,,F
M,MY,MYR,E,0,6,A, Exchange rates against USD Malaysia - Malaysian ringgit - Monthly - End of period,2026-07,4.086461,A,,F
M,MY,MYR,E,0,6,A, Exchange rates against USD Malaysia - Malaysian ringgit - Monthly - End of period,2026-08,4.025957,A,,F
M,JP,JPY,E,0,6,A, Exchange rates against USD Japan - Yen - Monthly - End of period,1957-01,360.8,A,,F
M,JP,JPY,E,0,6,A, Exchange rates against USD Japan - Yen - Monthly - End of period,1957-02,360.8,A,,F
M,JP,JPY,E,0,6,A, Exchange rates against USD Japan - Yen - Monthly - End of period,1957-03,360.8,A,,F
M,JP,JPY,E,0,6,A, Exchange rates against USD Japan - Yen - Monthly - End of period,1957-04,360.8,A,,F
M,JP,JPY,E,0,6,A, Exchange rates against USD Japan - Yen - Monthly - End of period,1957-05,360.8,A,,F
M,JP,JPY,E,0,6,A, Exchange rates against USD Japan - Yen - Monthly - End of period,1957-06,360.8,A,,F
M,JP,JPY,E,0,6,A, Exchange rates against USD Japan - Yen - Monthly - End of period,1957-07,360.8,A,,F
M,JP,JPY,E,0,6,A, Exchange rates against USD Japan - Yen - Monthly - End of period,1957-08,360.8,A,,F
M,JP,JPY,E,0,6,A, Exchange rates against USD Japan - Yen - Monthly - End of period,1957-09,360.8,A,,F
M,JP,JPY,E,0,6,A, Exchange rates against USD Japan - Yen - Monthly - End of period,1957-10,360.8,A,,F
M,JP,JPY,E,0,6,A, Exchange rates against USD Japan - Yen - Monthly - End of period,1957-11,360.8,A,,F
M,JP,JPY,E,0,6,A, Exchange rates against USD Japan - Yen - Monthly - End of period,1957-12,359.66,A,,F
M,JP,JPY,E,0,6,A, Exchange rates against USD Japan - Yen - Monthly - End of period,1958-01,360.8,A,,F
M,JP,JPY,E,0,6,A, Exchange rates against USD Japan - Yen - Monthly - End of period,1958-02,360.8,A,,F
M,JP,JPY,E,0,6,A, Exchange rates against USD Japan - Yen - Monthly - End of period,1958-03,360.8,A,,F
M,JP,JPY,E,0,6,A, Exchange rates against USD Japan - Yen - Monthly - End of period,1958-04,360.8,A,,F
M,JP,JPY,E,0,6,A, Exchange rates against USD Japan - Yen - Monthly - End of period,1958-05,360.8,A,,F
M,JP,JPY,E,0,6,A, Exchange rates against USD Japan - Yen - Monthly - End of period,1958-06,360.8,A,,F
M,JP,JPY,E,0,6,A, Exchange rates against USD Japan - Yen - Monthly - End of period,1958-07,360.8,A,,F
M,JP,JPY,E,0,6,A, Exchange rates against USD Japan - Yen - Monthly - End of period,1958-08,360.8,A,,F
M,JP,JPY,E,0,6,A, Exchange rates against USD Japan - Yen - Monthly - End of period,1958-09,360.8,A,,F
M,JP,JPY,E,0,6,A, Exchange rates against USD Japan - Yen - Monthly - End of period,1958-10,360.8,A,,F
M,JP,JPY,E,0,6,A, Exchange rates against USD Japan - Yen - Monthly - End of period,1958-11,360.8,A,,F
M,JP,JPY,E,0,6,A, Exchange rates against USD Japan - Yen - Monthly - End of period,1958-12,359.7,A,,F
M,JP,JPY,E,0,6,A, Exchange rates against USD Japan - Yen - Monthly - End of period,1959-01,360.8,A,,F
M,JP,JPY,E,0,6,A, Exchange rates against USD Japan - Yen - Monthly - End of period,1959-02,360.8,A,,F
M,JP,JPY,E,0,6,A, Exchange rates against USD Japan - Yen - Monthly - End of period,1959-03,360.8,A,,F
M,JP,JPY,E,0,6,A, Exchange rates against USD Japan - Yen - Monthly - End of period,1959-04,360.8,A,,F
M,JP,JPY,E,0,6,A, Exchange rates against USD Japan - Yen - Monthly - End of period,1959-05,360.8,A,,F
M,JP,JPY,E,0,6,A, Exchange rates against USD Japan - Yen - Monthly - End of period,1959-06,360.8,A,,F
M,JP,JPY,E,0,6,A, Exchange rates against USD Japan - Yen - Monthly - End of period,1959-07,360.8,A,,F
M,JP,JPY,E,0,6,A, Exchange rates against USD Japan - Yen - Monthly - End of period,1959-08,360.8,A,,F
M,JP,JPY,E,0,6,A, Exchange rates against USD Japan - Yen - Monthly - End of period,1959-09,358.65,A,,F
M,JP,JPY,E,0,6,A, Exchange rates against USD Japan - Yen - Monthly - End of period,1959-10,358.2,A,,F
M,JP,JPY,E,0,6,A, Exchange rates against USD Japan - Yen - Monthly - End of period,1959-11,358.2,A,,F
M,JP,JPY,E,0,6,A, Exchange rates against USD Japan - Yen - Monthly - End of period,1959-12,359.2,A,,F
M,JP,JPY,E,0,6,A, Exchange rates against USD Japan - Yen - Monthly - End of period,1960-01,361.77,A,,F
M,JP,JPY,E,0,6,A, Exchange rates against USD Japan - Yen - Monthly - End of period,1960-02,361.77,A,,F
M,JP,JPY,E,0,6,A, Exchange rates against USD Japan - Yen - Monthly - End of period,1960-03,358.22,A,,F
M,JP,JPY,E,0,6,A, Exchange rates against USD Japan - Yen - Monthly - End of period,1960-04,361.77,A,,F
M,JP,JPY,E,0,6,A, Exchange rates against USD Japan - Yen - Monthly - End of period,1960-05,361.25,A,,F
M,JP,JPY,E,0,6,A, Exchange rates against USD Japan - Yen - Monthly - End of period,1960-06,360.5,A,,F
M,JP,JPY,E,0,6,A, Exchange rates against USD Japan - Yen - Monthly - End of period,1960-07,358.21,A,,F
M,JP,JPY,E,0,6,A, Exchange rates against USD Japan - Yen - Monthly - End of period,1960-08,358.2,A,,F
M,JP,JPY,E,0,6,A, Exchange rates against USD Japan - Yen - Monthly - End of period,1960-09,358.2,A,,F
M,JP,JPY,E,0,6,A, Exchange rates against USD Japan - Yen - Monthly - End of period,1960-10,358.23,A,,F
M,JP,JPY,E,0,6,A, Exchange rates against USD Japan - Yen - Monthly - End of period,1960-11,360,A,,F
M,JP,JPY,E,0,6,A, Exchange rates against USD Japan - Yen - Monthly - End of period,1960-12,358.22,A,,F
M,JP,JPY,E,0,6,A, Exchange rates against USD Japan - Yen - Monthly - End of period,1961-01,358.25,A,,F
M,JP,JPY,E,0,6,A, Exchange rates against USD Japan - Yen - Monthly - End of period,1961-02,358.2,A,,F
M,JP,JPY,E,0,6,A, Exchange rates against USD Japan - Yen - Monthly - End of period,1961-03,358.2,A,,F
M,JP,JPY,E,0,6,A, Exchange rates against USD Japan - Yen - Monthly - End of period,1961-04,361.75,A,,F
M,JP,JPY,E,0,6,A, Exchange rates against USD Japan - Yen - Monthly - End of period,1961-05,361.77,A,,F
M,JP,JPY,E,0,6,A, Exchange rates against USD Japan - Yen - Monthly - End of period,1961-06,361.73,A,,F
M,JP,JPY,E,0,6,A, Exchange rates against USD Japan - Yen - Monthly - End of period,1961-07,361.77,A,,F
M,JP,JPY,E,0,6,A, Exchange rates against USD Japan - Yen - Monthly - End of period,1961-08,361.77,A,,F
M,JP,JPY,E,0,6,A, Exchange rates against USD Japan - Yen - Monthly - End of period,1961-09,361.77,A,,F
M,JP,JPY,E,0,6,A, Exchange rates against USD Japan - Yen - Monthly - End of period,1961-10,361.77,A,,F
M,JP,JPY,E,0,6,A, Exchange rates against USD Japan - Yen - Monthly - End of period,1961-11,361.76,A,,F
M,JP,JPY,E,0,6,A, Exchange rates against USD Japan - Yen - Monthly - End of period,1961-12,361.77,A,,F
M,JP,JPY,E,0,6,A, Exchange rates against USD Japan - Yen - Monthly - End of period,1962-01,361.77,A,,F
M,JP,JPY,E,0,6,A, Exchange rates against USD Japan - Yen - Monthly - End of period,1962-02,361.77,A,,F
M,JP,JPY,E,0,6,A, Exchange rates against USD Japan - Yen - Monthly - End of period,1962-03,361,A,,F
M,JP,JPY,E,0,6,A, Exchange rates against USD Japan - Yen - Monthly - End of period,1962-04,361.77,A,,F
M,JP,JPY,E,0,6,A, Exchange rates against USD Japan - Yen - Monthly - End of period,1962-05,361.65,A,,F
M,JP,JPY,E,0,6,A, Exchange rates against USD Japan - Yen - Monthly - End of period,1962-06,361.75,A,,F
M,JP,JPY,E,0,6,A, Exchange rates against USD Japan - Yen - Monthly - End of period,1962-07,361.77,A,,F
M,JP,JPY,E,0,6,A, Exchange rates against USD Japan - Yen - Monthly - End of period,1962-08,361.1,A,,F
M,JP,JPY,E,0,6,A, Exchange rates against USD Japan - Yen - Monthly - End of period,1962-09,358.35,A,,F
M,JP,JPY,E,0,6,A, Exchange rates against USD Japan - Yen - Monthly - End of period,1962-10,358.4,A,,F
M,JP,JPY,E,0,6,A, Exchange rates against USD Japan - Yen - Monthly - End of period,1962-11,358.4,A,,F
M,JP,JPY,E,0,6,A, Exchange rates against USD Japan - Yen - Monthly - End of period,1962-12,358.2,A,,F
M,JP,JPY,E,0,6,A, Exchange rates against USD Japan - Yen - Monthly - End of period,1963-01,358.6,A,,F
M,JP,JPY,E,0,6,A, Exchange rates against USD Japan - Yen - Monthly - End of period,1963-02,358.4,A,,F
M,JP,JPY,E,0,6,A, Exchange rates against USD Japan - Yen - Monthly - End of period,1963-03,358.85,A,,F
M,JP,JPY,E,0,6,A, Exchange rates against USD Japan - Yen - Monthly - End of period,1963-04,361.6,A,,F
M,JP,JPY,E,0,6,A, Exchange rates against USD Japan - Yen - Monthly - End of period,1963-05,362.35,A,,F
M,JP,JPY,E,0,6,A, Exchange rates against USD Japan - Yen - Monthly - End of period,1963-06,362.4,A,,F
M,JP,JPY,E,0,6,A, Exchange rates against USD Japan - Yen - Monthly - End of period,1963-07,362.53,A,,F
M,JP,JPY,E,0,6,A, Exchange rates against USD Japan - Yen - Monthly - End of period,1963-08,362.16,A,,F
M,JP,JPY,E,0,6,A, Exchange rates against USD Japan - Yen - Monthly - End of period,1963-09,362.02,A,,F
M,JP,JPY,E,0,6,A, Exchange rates against USD Japan - Yen - Monthly - End of period,1963-10,362.25,A,,F
M,JP,JPY,E,0,6,A, Exchange rates against USD Japan - Yen - Monthly - End of period,1963-11,362.5,A,,F
M,JP,JPY,E,0,6,A, Exchange rates against USD Japan - Yen - Monthly - End of period,1963-12,361.95,A,,F
M,JP,JPY,E,0,6,A, Exchange rates against USD Japan - Yen - Monthly - End of period,1964-01,362.44,A,,F
M,JP,JPY,E,0,6,A, Exchange rates against USD Japan - Yen - Monthly - End of period,1964-02,362.54,A,,F
M,JP,JPY,E,0,6,A, Exchange rates against USD Japan - Yen - Monthly - End of period,1964-03,361.9,A,,F
M,JP,JPY,E,0,6,A, Exchange rates against USD Japan - Yen - Monthly - End of period,1964-04,362.52,A,,F
M,JP,JPY,E,0,6,A, Exchange rates against USD Japan - Yen - Monthly - End of period,1964-05,362.52,A,,F
M,JP,JPY,E,0,6,A, Exchange rates against USD Japan - Yen - Monthly - End of period,1964-06,362.56,A,,F
M,JP,JPY,E,0,6,A, Exchange rates against USD Japan - Yen - Monthly - End of period,1964-07,362.54,A,,F
M,JP,JPY,E,0,6,A, Exchange rates against USD Japan - Yen - Monthly - End of period,1964-08,362.47,A,,F
M,JP,JPY,E,0,6,A, Exchange rates against USD Japan - Yen - Monthly - End of period,1964-09,360.7,A,,F
M,JP,JPY,E,0,6,A, Exchange rates against USD Japan - Yen - Monthly - End of period,1964-10,362.19,A,,F
M,JP,JPY,E,0,6,A, Exchange rates against USD Japan - Yen - Monthly - End of period,1964-11,360.71,A,,F
M,JP,JPY,E,0,6,A, Exchange rates against USD Japan - Yen - Monthly - End of period,1964-12,358.3,A,,F
M,JP,JPY,E,0,6,A, Exchange rates against USD Japan - Yen - Monthly - End of period,1965-01,358.93,A,,F
M,JP,JPY,E,0,6,A, Exchange rates against USD Japan - Yen - Monthly - End of period,1965-02,360.2,A,,F
M,JP,JPY,E,0,6,A, Exchange rates against USD Japan - Yen - Monthly - End of period,1965-03,360.95,A,,F
M,JP,JPY,E,0,6,A, Exchange rates against USD Japan - Yen - Monthly - End of period,1965-04,362.55,A,,F
M,JP,JPY,E,0,6,A, Exchange rates against USD Japan - Yen - Monthly - End of period,1965-05,362.06,A,,F
M,JP,JPY,E,0,6,A, Exchange rates against USD Japan - Yen - Monthly - End of period,1965-06,362.05,A,,F
M,JP,JPY,E,0,6,A, Exchange rates against USD Japan - Yen - Monthly - End of period,1965-07,362.2,A,,F
M,JP,JPY,E,0,6,A, Exchange rates against USD Japan - Yen - Monthly - End of period,1965-08,362.33,A,,F
M,JP,JPY,E,0,6,A, Exchange rates against USD Japan - Yen - Monthly - End of period,1965-09,362.29,A,,F
M,JP,JPY,E,0,6,A, Exchange rates against USD Japan - Yen - Monthly - End of period,1965-10,362.1,A,,F
M,JP,JPY,E,0,6,A, Exchange rates against USD Japan - Yen - Monthly - End of period,1965-11,361.19,A,,F
M,JP,JPY,E,0,6,A, Exchange rates against USD Japan - Yen - Monthly - End of period,1965-12,360.9,A,,F
M,JP,JPY,E,0,6,A, Exchange rates against USD Japan - Yen - Monthly - End of period,1966-01,361.25,A,,F
M,JP,JPY,E,0,6,A, Exchange rates against USD Japan - Yen - Monthly - End of period,1966-02,361.72,A,,F
M,JP,JPY,E,0,6,A, Exchange rates against USD Japan - Yen - Monthly - End of period,1966-03,362.07,A,,F
M,JP,JPY,E,0,6,A, Exchange rates against USD Japan - Yen - Monthly - End of period,1966-04,362.5,A,,F
M,JP,JPY,E,0,6,A, Exchange rates against USD Japan - Yen - Monthly - End of period,1966-05,362.35,A,,F
M,JP,JPY,E,0,6,A, Exchange rates against USD Japan - Yen - Monthly - End of period,1966-06,362.5,A,,F
M,JP,JPY,E,0,6,A, Exchange rates against USD Japan - Yen - Monthly - End of period,1966-07,362.52,A,,F
M,JP,JPY,E,0,6,A, Exchange rates against USD Japan - Yen - Monthly - End of period,1966-08,362.57,A,,F
M,JP,JPY,E,0,6,A, Exchange rates against USD Japan - Yen - Monthly - End of period,1966-09,362.45,A,,F
M,JP,JPY,E,0,6,A, Exchange rates against USD Japan - Yen - Monthly - End of period,1966-10,362.53,A,,F
M,JP,JPY,E,0,6,A, Exchange rates against USD Japan - Yen - Monthly - End of period,1966-11,362.57,A,,F
M,JP,JPY,E,0,6,A, Exchange rates against USD Japan - Yen - Monthly - End of period,1966-12,362.47,A,,F
M,JP,JPY,E,0,6,A, Exchange rates against USD Japan - Yen - Monthly - End of period,1967-01,362.62,A,,F
M,JP,JPY,E,0,6,A, Exchange rates against USD Japan - Yen - Monthly - End of period,1967-02,362.37,A,,F
M,JP,JPY,E,0,6,A, Exchange rates against USD Japan - Yen - Monthly - End of period,1967-03,361.84,A,,F
M,JP,JPY,E,0,6,A, Exchange rates against USD Japan - Yen - Monthly - End of period,1967-04,361.87,A,,F
M,JP,JPY,E,0,6,A, Exchange rates against USD Japan - Yen - Monthly - End of period,1967-05,361.96,A,,F
M,JP,JPY,E,0,6,A, Exchange rates against USD Japan - Yen - Monthly - End of period,1967-06,361.935,A,,F
M,JP,JPY,E,0,6,A, Exchange rates against USD Japan - Yen - Monthly - End of period,1967-07,362.14,A,,F
M,JP,JPY,E,0,6,A, Exchange rates against USD Japan - Yen - Monthly - End of period,1967-08,362.21,A,,F
M,JP,JPY,E,0,6,A, Exchange rates against USD Japan - Yen - Monthly - End of period,1967-09,361.7,A,,F
M,JP,JPY,E,0,6,A, Exchange rates against USD Japan - Yen - Monthly - End of period,1967-10,361.96,A,,F
M,JP,JPY,E,0,6,A, Exchange rates against USD Japan - Yen - Monthly - End of period,1967-11,362.1,A,,F
M,JP,JPY,E,0,6,A, Exchange rates against USD Japan - Yen - Monthly - End of period,1967-12,361.91,A,,F
M,JP,JPY,E,0,6,A, Exchange rates against USD Japan - Yen - Monthly - End of period,1968-01,362.06,A,,F
M,JP,JPY,E,0,6,A, Exchange rates against USD Japan - Yen - Monthly - End of period,1968-02,361.88,A,,F
M,JP,JPY,E,0,6,A, Exchange rates against USD Japan - Yen - Monthly - End of period,1968-03,362,A,,F
M,JP,JPY,E,0,6,A, Exchange rates against USD Japan - Yen - Monthly - End of period,1968-04,362.32,A,,F
M,JP,JPY,E,0,6,A, Exchange rates against USD Japan - Yen - Monthly - End of period,1968-05,362,A,,F
M,JP,JPY,E,0,6,A, Exchange rates against USD Japan - Yen - Monthly - End of period,1968-06,361.5,A,,F
M,JP,JPY,E,0,6,A, Exchange rates against USD Japan - Yen - Monthly - End of period,1968-07,359.95,A,,F
M,JP,JPY,E,0,6,A, Exchange rates against USD Japan - Yen - Monthly - End of period,1968-08,359.39,A,,F
M,JP,JPY,E,0,6,A, Exchange rates against USD Japan - Yen - Monthly - End of period,1968-09,358.85,A,,F
M,JP,JPY,E,0,6,A, Exchange rates against USD Japan - Yen - Monthly - End of period,1968-10,358.1,A,,F
M,JP,JPY,E,0,6,A, Exchange rates against USD Japan - Yen - Monthly - End of period,1968-11,357.8,A,,F
M,JP,JPY,E,0,6,A, Exchange rates against USD Japan - Yen - Monthly - End of period,1968-12,357.7,A,,F
M,JP,JPY,E,0,6,A, Exchange rates against USD Japan - Yen - Monthly - End of period,1969-01,357.86,A,,F
M,JP,JPY,E,0,6,A, Exchange rates against USD Japan - Yen - Monthly - End of period,1969-02,357.77,A,,F
M,JP,JPY,E,0,6,A, Exchange rates against USD Japan - Yen - Monthly - End of period,1969-03,357.9,A,,F
M,JP,JPY,E,0,6,A, Exchange rates against USD Japan - Yen - Monthly - End of period,1969-04,358.2,A,,F
M,JP,JPY,E,0,6,A, Exchange rates against USD Japan - Yen - Monthly - End of period,1969-05,358.55,A,,F
M,JP,JPY,E,0,6,A, Exchange rates against USD Japan - Yen - Monthly - End of period,1969-06,358.97,A,,F
M,JP,JPY,E,0,6,A, Exchange rates against USD Japan - Yen - Monthly - End of period,1969-07,359.75,A,,F
M,JP,JPY,E,0,6,A, Exchange rates against USD Japan - Yen - Monthly - End of period,1969-08,359.2,A,,F
M,JP,JPY,E,0,6,A, Exchange rates against USD Japan - Yen - Monthly - End of period,1969-09,357.65,A,,F
M,JP,JPY,E,0,6,A, Exchange rates against USD Japan - Yen - Monthly - End of period,1969-10,357.72,A,,F
M,JP,JPY,E,0,6,A, Exchange rates against USD Japan - Yen - Monthly - End of period,1969-11,357.75,A,,F
M,JP,JPY,E,0,6,A, Exchange rates against USD Japan - Yen - Monthly - End of period,1969-12,357.721764,A,,F
M,JP,JPY,E,0,6,A, Exchange rates against USD Japan - Yen - Monthly - End of period,1970-01,357.58604,A,,F
M,JP,JPY,E,0,6,A, Exchange rates against USD Japan - Yen - Monthly - End of period,1970-02,357.682986,A,,F
M,JP,JPY,E,0,6,A, Exchange rates against USD Japan - Yen - Monthly - End of period,1970-03,357.724609,A,,F
M,JP,JPY,E,0,6,A, Exchange rates against USD Japan - Yen - Monthly - End of period,1970-04,358.510848,A,,F
M,JP,JPY,E,0,6,A, Exchange rates against USD Japan - Yen - Monthly - End of period,1970-05,359.16955,A,,F
M,JP,JPY,E,0,6,A, Exchange rates against USD Japan - Yen - Monthly - End of period,1970-06,358.952051,A,,F
M,JP,JPY,E,0,6,A, Exchange rates against USD Japan - Yen - Monthly - End of period,1970-07,358.784585,A,,F
M,JP,JPY,E,0,6,A, Exchange rates against USD Japan - Yen - Monthly - End of period,1970-08,358.086785,A,,F
M,JP,JPY,E,0,6,A, Exchange rates against USD Japan - Yen - Monthly - End of period,1970-09,357.832512,A,,F
M,JP,JPY,E,0,6,A, Exchange rates against USD Japan - Yen - Monthly - End of period,1970-10,357.587395,A,,F
M,JP,JPY,E,0,6,A, Exchange rates against USD Japan - Yen - Monthly - End of period,1970-11,357.450787,A,,F
M,JP,JPY,E,0,6,A, Exchange rates against USD Japan - Yen - Monthly - End of period,1970-12,357.822462,A,,F
M,JP,JPY,E,0,6,A, Exchange rates against USD Japan - Yen - Monthly - End of period,1971-01,357.72,A,,F
M,JP,JPY,E,0,6,A, Exchange rates against USD Japan - Yen - Monthly - End of period,1971-02,357.56,A,,F
M,JP,JPY,E,0,6,A, Exchange rates against USD Japan - Yen - Monthly - End of period,1971-03,357.42,A,,F
M,JP,JPY,E,0,6,A, Exchange rates against USD Japan - Yen - Monthly - End of period,1971-04,357.4,A,,F
M,JP,JPY,E,0,6,A, Exchange rates against USD Japan - Yen - Monthly - End of period,1971-05,357.4,A,,F
M,JP,JPY,E,0,6,A, Exchange rates against USD Japan - Yen - Monthly - End of period,1971-06,357.4,A,,F
M,JP,JPY,E,0,6,A, Exchange rates against USD Japan - Yen - Monthly - End of period,1971-07,357.39,A,,F
M,JP,JPY,E,0,6,A, Exchange rates against USD Japan - Yen - Monthly - End of period,1971-08,339.85,A,,F
M,JP,JPY,E,0,6,A, Exchange rates against USD Japan - Yen - Monthly - End of period,1971-09,335.35,A,,F
M,JP,JPY,E,0,6,A, Exchange rates against USD Japan - Yen - Monthly - End of period,1971-10,329.5,A,,F
M,JP,JPY,E,0,6,A, Exchange rates against USD Japan - Yen - Monthly - End of period,1971-11,327.44,A,,F
M,JP,JPY,E,0,6,A, Exchange rates against USD Japan - Yen - Monthly - End of period,1971-12,315.01,A,,F
M,JP,JPY,E,0,6,A, Exchange rates against USD Japan - Yen - Monthly - End of period,1972-01,310.56,A,,F
M,JP,JPY,E,0,6,A, Exchange rates against USD Japan - Yen - Monthly - End of period,1972-02,303.4,A,,F
M,JP,JPY,E,0,6,A, Exchange rates against USD Japan - Yen - Monthly - End of period,1972-03,304.32,A,,F
M,JP,JPY,E,0,6,A, Exchange rates against USD Japan - Yen - Monthly - End of period,1972-04,304.88,A,,F
M,JP,JPY,E,0,6,A, Exchange rates against USD Japan - Yen - Monthly - End of period,1972-05,304.69,A,,F
M,JP,JPY,E,0,6,A, Exchange rates against USD Japan - Yen - Monthly - End of period,1972-06,300.93,A,,F
M,JP,JPY,E,0,6,A, Exchange rates against USD Japan - Yen - Monthly - End of period,1972-07,301.39,A,,F
M,JP,JPY,E,0,6,A, Exchange rates against USD Japan - Yen - Monthly - End of period,1972-08,301.11,A,,F
M,JP,JPY,E,0,6,A, Exchange rates against USD Japan - Yen - Monthly - End of period,1972-09,301.11,A,,F
M,JP,JPY,E,0,6,A, Exchange rates against USD Japan - Yen - Monthly - End of period,1972-10,301.11,A,,F
M,JP,JPY,E,0,6,A, Exchange rates against USD Japan - Yen - Monthly - End of period,1972-11,301.11,A,,F
M,JP,JPY,E,0,6,A, Exchange rates against USD Japan - Yen - Monthly - End of period,1972-12,301.66,A,,F
M,JP,JPY,E,0,6,A, Exchange rates against USD Japan - Yen - Monthly - End of period,1973-01,301.39,A,,F
M,JP,JPY,E,0,6,A, Exchange rates against USD Japan - Yen - Monthly - End of period,1973-02,265.67,A,,F
M,JP,JPY,E,0,6,A, Exchange rates against USD Japan - Yen - Monthly - End of period,1973-03,265.96,A,,F
M,JP,JPY,E,0,6,A, Exchange rates against USD Japan - Yen - Monthly - End of period,1973-04,265.53,A,,F
M,JP,JPY,E,0,6,A, Exchange rates against USD Japan - Yen - Monthly - End of period,1973-05,264.69,A,,F
M,JP,JPY,E,0,6,A, Exchange rates against USD Japan - Yen - Monthly - End of period,1973-06,263.16,A,,F
M,JP,JPY,E,0,6,A, Exchange rates against USD Japan - Yen - Monthly - End of period,1973-07,263.44,A,,F
M,JP,JPY,E,0,6,A, Exchange rates against USD Japan - Yen - Monthly - End of period,1973-08,265.39,A,,F
M,JP,JPY,E,0,6,A, Exchange rates against USD Japan - Yen - Monthly - End of period,1973-09,265.6,A,,F
M,JP,JPY,E,0,6,A, Exchange rates against USD Japan - Yen - Monthly - End of period,1973-10,266.95,A,,F
M,JP,JPY,E,0,6,A, Exchange rates against USD Japan - Yen - Monthly - End of period,1973-11,280.11,A,,F
M,JP,JPY,E,0,6,A, Exchange rates against USD Japan - Yen - Monthly - End of period,1973-12,280.27,A,,F
M,JP,JPY,E,0,6,A, Exchange rates against USD Japan - Yen - Monthly - End of period,1974-01,298.77,A,,F
M,JP,JPY,E,0,6,A, Exchange rates against USD Japan - Yen - Monthly - End of period,1974-02,288.43,A,,F
M,JP,JPY,E,0,6,A, Exchange rates against USD Japan - Yen - Monthly - End of period,1974-03,276.09,A,,F
M,JP,JPY,E,0,6,A, Exchange rates against USD Japan - Yen - Monthly - End of period,1974-04,279.64,A,,F
M,JP,JPY,E,0,6,A, Exchange rates against USD Japan - Yen - Monthly - End of period,1974-05,281.93,A,,F
M,JP,JPY,E,0,6,A, Exchange rates against USD Japan - Yen - Monthly - End of period,1974-06,284.25,A,,F
M,JP,JPY,E,0,6,A, Exchange rates against USD Japan - Yen - Monthly - End of period,1974-07,298.24,A,,F
M,JP,JPY,E,0,6,A, Exchange rates against USD Japan - Yen - Monthly - End of period,1974-08,302.94,A,,F
M,JP,JPY,E,0,6,A, Exchange rates against USD Japan - Yen - Monthly - End of period,1974-09,298.33,A,,F
M,JP,JPY,E,0,6,A, Exchange rates against USD Japan - Yen - Monthly - End of period,1974-10,299.94,A,,F
M,JP,JPY,E,0,6,A, Exchange rates against USD Japan - Yen - Monthly - End of period,1974-11,300.3,A,,F
M,JP,JPY,E,0,6,A, Exchange rates against USD Japan - Yen - Monthly - End of period,1974-12,301.02,A,,F
M,JP,JPY,E,0,6,A, Exchange rates against USD Japan - Yen - Monthly - End of period,1975-01,297.97,A,,F
M,JP,JPY,E,0,6,A, Exchange rates against USD Japan - Yen - Monthly - End of period,1975-02,286.45,A,,F
M,JP,JPY,E,0,6,A, Exchange rates against USD Japan - Yen - Monthly - End of period,1975-03,294.03,A,,F
M,JP,JPY,E,0,6,A, Exchange rates against USD Japan - Yen - Monthly - End of period,1975-04,292.23,A,,F
M,JP,JPY,E,0,6,A, Exchange rates against USD Japan - Yen - Monthly - End of period,1975-05,291.55,A,,F
M,JP,JPY,E,0,6,A, Exchange rates against USD Japan - Yen - Monthly - End of period,1975-06,293.750097,A,,F
M,JP,JPY,E,0,6,A, Exchange rates against USD Japan - Yen - Monthly - End of period,1975-07,297.522594,A,,F
M,JP,JPY,E,0,6,A, Exchange rates against USD Japan - Yen - Monthly - End of period,1975-08,297.736911,A,,F
M,JP,JPY,E,0,6,A, Exchange rates against USD Japan - Yen - Monthly - End of period,1975-09,302.077072,A,,F
M,JP,JPY,E,0,6,A, Exchange rates against USD Japan - Yen - Monthly - End of period,1975-10,300.994929,A,,F
M,JP,JPY,E,0,6,A, Exchange rates against USD Japan - Yen - Monthly - End of period,1975-11,303.023949,A,,F
M,JP,JPY,E,0,6,A, Exchange rates against USD Japan - Yen - Monthly - End of period,1975-12,304.057394,A,,F
M,JP,JPY,E,0,6,A, Exchange rates against USD Japan - Yen - Monthly - End of period,1976-01,303.715018,A,,F
M,JP,JPY,E,0,6,A, Exchange rates against USD Japan - Yen - Monthly - End of period,1976-02,302.054048,A,,F
M,JP,JPY,E,0,6,A, Exchange rates against USD Japan - Yen - Monthly - End of period,1976-03,299.291441,A,,F
M,JP,JPY,E,0,6,A, Exchange rates against USD Japan - Yen - Monthly - End of period,1976-04,299.074141,A,,F
M,JP,JPY,E,0,6,A, Exchange rates against USD Japan - Yen - Monthly - End of period,1976-05,299.603913,A,,F
M,JP,JPY,E,0,6,A, Exchange rates against USD Japan - Yen - Monthly - End of period,1976-06,297.972065,A,,F
M,JP,JPY,E,0,6,A, Exchange rates against USD Japan - Yen - Monthly - End of period,1976-07,292.846103,A,,F
M,JP,JPY,E,0,6,A, Exchange rates against USD Japan - Yen - Monthly - End of period,1976-08,289.034539,A,,F
M,JP,JPY,E,0,6,A, Exchange rates against USD Japan - Yen - Monthly - End of period,1976-09,286.606212,A,,F
M,JP,JPY,E,0,6,A, Exchange rates against USD Japan - Yen - Monthly - End of period,1976-10,294.108099,A,,F
M,JP,JPY,E,0,6,A, Exchange rates against USD Japan - Yen - Monthly - End of period,1976-11,296.673047,A,,F
M,JP,JPY,E,0,6,A, Exchange rates against USD Japan - Yen - Monthly - End of period,1976-12,292.660112,A,,F
M,JP,JPY,E,0,6,A, Exchange rates against USD Japan - Yen - Monthly - End of period,1977-01,288.664684,A,,F
M,JP,JPY,E,0,6,A, Exchange rates against USD Japan - Yen - Monthly - End of period,1977-02,282.660494,A,,F
M,JP,JPY,E,0,6,A, Exchange rates against USD Japan - Yen - Monthly - End of period,1977-03,277.204912,A,,F
M,JP,JPY,E,0,6,A, Exchange rates against USD Japan - Yen - Monthly - End of period,1977-04,277.492983,A,,F
M,JP,JPY,E,0,6,A, Exchange rates against USD Japan - Yen - Monthly - End of period,1977-05,277.424123,A,,F
M,JP,JPY,E,0,6,A, Exchange rates against USD Japan - Yen - Monthly - End of period,1977-06,266.924814,A,,F
M,JP,JPY,E,0,6,A, Exchange rates against USD Japan - Yen - Monthly - End of period,1977-07,266.219224,A,,F
M,JP,JPY,E,0,6,A, Exchange rates against USD Japan - Yen - Monthly - End of period,1977-08,267.446592,A,,F
M,JP,JPY,E,0,6,A, Exchange rates against USD Japan - Yen - Monthly - End of period,1977-09,263.490633,A,,F
M,JP,JPY,E,0,6,A, Exchange rates against USD Japan - Yen - Monthly - End of period,1977-10,249.468163,A,,F
M,JP,JPY,E,0,6,A, Exchange rates against USD Japan - Yen - Monthly - End of period,1977-11,244.804706,A,,F
M,JP,JPY,E,0,6,A, Exchange rates against USD Japan - Yen - Monthly - End of period,1977-12,239.216038,A,,F
M,JP,JPY,E,0,6,A, Exchange rates against USD Japan - Yen - Monthly - End of period,1978-01,241.56141,A,,F
M,JP,JPY,E,0,6,A, Exchange rates against USD Japan - Yen - Monthly - End of period,1978-02,238.444526,A,,F
M,JP,JPY,E,0,6,A, Exchange rates against USD Japan - Yen - Monthly - End of period,1978-03,222.536509,A,,F
M,JP,JPY,E,0,6,A, Exchange rates against USD Japan - Yen - Monthly - End of period,1978-04,222.603709,A,,F
M,JP,JPY,E,0,6,A, Exchange rates against USD Japan - Yen - Monthly - End of period,1978-05,222.611371,A,,F
M,JP,JPY,E,0,6,A, Exchange rates against USD Japan - Yen - Monthly - End of period,1978-06,204.438479,A,,F
M,JP,JPY,E,0,6,A, Exchange rates against USD Japan - Yen - Monthly - End of period,1978-07,189.823719,A,,F
M,JP,JPY,E,0,6,A, Exchange rates against USD Japan - Yen - Monthly - End of period,1978-08,189.804225,A,,F
M,JP,JPY,E,0,6,A, Exchange rates against USD Japan - Yen - Monthly - End of period,1978-09,188.742562,A,,F
M,JP,JPY,E,0,6,A, Exchange rates against USD Japan - Yen - Monthly - End of period,1978-10,176.696878,A,,F
M,JP,JPY,E,0,6,A, Exchange rates against USD Japan - Yen - Monthly - End of period,1978-11,197.588596,A,,F
M,JP,JPY,E,0,6,A, Exchange rates against USD Japan - Yen - Monthly - End of period,1978-12,192.875196,A,,F
M,JP,JPY,E,0,6,A, Exchange rates against USD Japan - Yen - Monthly - End of period,1979-01,200.902329,A,,F
M,JP,JPY,E,0,6,A, Exchange rates against USD Japan - Yen - Monthly - End of period,1979-02,202.279631,A,,F
M,JP,JPY,E,0,6,A, Exchange rates against USD Japan - Yen - Monthly - End of period,1979-03,209.700234,A,,F
M,JP,JPY,E,0,6,A, Exchange rates against USD Japan - Yen - Monthly - End of period,1979-04,221.87042,A,,F
M,JP,JPY,E,0,6,A, Exchange rates against USD Japan - Yen - Monthly - End of period,1979-05,219.598957,A,,F
M,JP,JPY,E,0,6,A, Exchange rates against USD Japan - Yen - Monthly - End of period,1979-06,217.499835,A,,F
M,JP,JPY,E,0,6,A, Exchange rates against USD Japan - Yen - Monthly - End of period,1979-07,217.249839,A,,F
M,JP,JPY,E,0,6,A, Exchange rates against USD Japan - Yen - Monthly - End of period,1979-08,220.669685,A,,F
M,JP,JPY,E,0,6,A, Exchange rates against USD Japan - Yen - Monthly - End of period,1979-09,223.649926,A,,F
M,JP,JPY,E,0,6,A, Exchange rates against USD Japan - Yen - Monthly - End of period,1979-10,238.200572,A,,F
M,JP,JPY,E,0,6,A, Exchange rates against USD Japan - Yen - Monthly - End of period,1979-11,249.44928,A,,F
M,JP,JPY,E,0,6,A, Exchange rates against USD Japan - Yen - Monthly - End of period,1979-12,239.500414,A,,F
M,JP,JPY,E,0,6,A, Exchange rates against USD Japan - Yen - Monthly - End of period,1980-01,239.299291,A,,F
M,JP,JPY,E,0,6,A, Exchange rates against USD Japan - Yen - Monthly - End of period,1980-02,250.700115,A,,F
M,JP,JPY,E,0,6,A, Exchange rates against USD Japan - Yen - Monthly - End of period,1980-03,250.199555,A,,F
M,JP,JPY,E,0,6,A, Exchange rates against USD Japan - Yen - Monthly - End of period,1980-04,238.850555,A,,F
M,JP,JPY,E,0,6,A, Exchange rates against USD Japan - Yen - Monthly - End of period,1980-05,224.400729,A,,F
M,JP,JPY,E,0,6,A, Exchange rates against USD Japan - Yen - Monthly - End of period,1980-06,217.949794,A,,F
M,JP,JPY,E,0,6,A, Exchange rates against USD Japan - Yen - Monthly - End of period,1980-07,227.500617,A,,F
M,JP,JPY,E,0,6,A, Exchange rates against USD Japan - Yen - Monthly - End of period,1980-08,218.999759,A,,F
M,JP,JPY,E,0,6,A, Exchange rates against USD Japan - Yen - Monthly - End of period,1980-09,210.969756,A,,F
M,JP,JPY,E,0,6,A, Exchange rates against USD Japan - Yen - Monthly - End of period,1980-10,211.721,A,,F
M,JP,JPY,E,0,6,A, Exchange rates against USD Japan - Yen - Monthly - End of period,1980-11,216.550689,A,,F
M,JP,JPY,E,0,6,A, Exchange rates against USD Japan - Yen - Monthly - End of period,1980-12,202.699236,A,,F
M,JP,JPY,E,0,6,A, Exchange rates against USD Japan - Yen - Monthly - End of period,1981-01,205.750856,A,,F
M,JP,JPY,E,0,6,A, Exchange rates against USD Japan - Yen - Monthly - End of period,1981-02,209.499518,A,,F
M,JP,JPY,E,0,6,A, Exchange rates against USD Japan - Yen - Monthly - End of period,1981-03,209.95073,A,,F
M,JP,JPY,E,0,6,A, Exchange rates against USD Japan - Yen - Monthly - End of period,1981-04,215.249941,A,,F
M,JP,JPY,E,0,6,A, Exchange rates against USD Japan - Yen - Monthly - End of period,1981-05,223.800077,A,,F
M,JP,JPY,E,0,6,A, Exchange rates against USD Japan - Yen - Monthly - End of period,1981-06,226,A,,F
M,JP,JPY,E,0,6,A, Exchange rates against USD Japan - Yen - Monthly - End of period,1981-07,239.600399,A,,F
M,JP,JPY,E,0,6,A, Exchange rates against USD Japan - Yen - Monthly - End of period,1981-08,229.150734,A,,F
M,JP,JPY,E,0,6,A, Exchange rates against USD Japan - Yen - Monthly - End of period,1981-09,232.5,A,,F
M,JP,JPY,E,0,6,A, Exchange rates against USD Japan - Yen - Monthly - End of period,1981-10,233.398549,A,,F
M,JP,JPY,E,0,6,A, Exchange rates against USD Japan - Yen - Monthly - End of period,1981-11,213.800684,A,,F
M,JP,JPY,E,0,6,A, Exchange rates against USD Japan - Yen - Monthly - End of period,1981-12,219.600616,A,,F
M,JP,JPY,E,0,6,A, Exchange rates against USD Japan - Yen - Monthly - End of period,1982-01,228.270433,A,,F
M,JP,JPY,E,0,6,A, Exchange rates against USD Japan - Yen - Monthly - End of period,1982-02,236.718781,A,,F
M,JP,JPY,E,0,6,A, Exchange rates against USD Japan - Yen - Monthly - End of period,1982-03,247.049544,A,,F
M,JP,JPY,E,0,6,A, Exchange rates against USD Japan - Yen - Monthly - End of period,1982-04,235.699188,A,,F
M,JP,JPY,E,0,6,A, Exchange rates against USD Japan - Yen - Monthly - End of period,1982-05,243.149487,A,,F
M,JP,JPY,E,0,6,A, Exchange rates against USD Japan - Yen - Monthly - End of period,1982-06,255.400214,A,,F
M,JP,JPY,E,0,6,A, Exchange rates against USD Japan - Yen - Monthly - End of period,1982-07,256.300008,A,,F
M,JP,JPY,E,0,6,A, Exchange rates against USD Japan - Yen - Monthly - End of period,1982-08,259.700148,A,,F
M,JP,JPY,E,0,6,A, Exchange rates against USD Japan - Yen - Monthly - End of period,1982-09,268.200242,A,,F
M,JP,JPY,E,0,6,A, Exchange rates against USD Japan - Yen - Monthly - End of period,1982-10,277.599637,A,,F
M,JP,JPY,E,0,6,A, Exchange rates against USD Japan - Yen - Monthly - End of period,1982-11,252.399854,A,,F
M,JP,JPY,E,0,6,A, Exchange rates against USD Japan - Yen - Monthly - End of period,1982-12,234.750177,A,,F
M,JP,JPY,E,0,6,A, Exchange rates against USD Japan - Yen - Monthly - End of period,1983-01,238.100315,A,,F
M,JP,JPY,E,0,6,A, Exchange rates against USD Japan - Yen - Monthly - End of period,1983-02,236.100151,A,,F
M,JP,JPY,E,0,6,A, Exchange rates against USD Japan - Yen - Monthly - End of period,1983-03,238.999688,A,,F
M,JP,JPY,E,0,6,A, Exchange rates against USD Japan - Yen - Monthly - End of period,1983-04,237.499647,A,,F
M,JP,JPY,E,0,6,A, Exchange rates against USD Japan - Yen - Monthly - End of period,1983-05,238.400034,A,,F
M,JP,JPY,E,0,6,A, Exchange rates against USD Japan - Yen - Monthly - End of period,1983-06,239.699967,A,,F
M,JP,JPY,E,0,6,A, Exchange rates against USD Japan - Yen - Monthly - End of period,1983-07,241.750352,A,,F
M,JP,JPY,E,0,6,A, Exchange rates against USD Japan - Yen - Monthly - End of period,1983-08,246.650534,A,,F
M,JP,JPY,E,0,6,A, Exchange rates against USD Japan - Yen - Monthly - End of period,1983-09,235.550255,A,,F
M,JP,JPY,E,0,6,A, Exchange rates against USD Japan - Yen - Monthly - End of period,1983-10,233.849958,A,,F
M,JP,JPY,E,0,6,A, Exchange rates against USD Japan - Yen - Monthly - End of period,1983-11,233.049882,A,,F
M,JP,JPY,E,0,6,A, Exchange rates against USD Japan - Yen - Monthly - End of period,1983-12,231.750003,A,,F
M,JP,JPY,E,0,6,A, Exchange rates against USD Japan - Yen - Monthly - End of period,1984-01,234.520023,A,,F
M,JP,JPY,E,0,6,A, Exchange rates against USD Japan - Yen - Monthly - End of period,1984-02,233.460294,A,,F
M,JP,JPY,E,0,6,A, Exchange rates against USD Japan - Yen - Monthly - End of period,1984-03,224.470594,A,,F
M,JP,JPY,E,0,6,A, Exchange rates against USD Japan - Yen - Monthly - End of period,1984-04,226.750284,A,,F
M,JP,JPY,E,0,6,A, Exchange rates against USD Japan - Yen - Monthly - End of period,1984-05,231.299769,A,,F
M,JP,JPY,E,0,6,A, Exchange rates against USD Japan - Yen - Monthly - End of period,1984-06,236.999433,A,,F
M,JP,JPY,E,0,6,A, Exchange rates against USD Japan - Yen - Monthly - End of period,1984-07,245.300562,A,,F
M,JP,JPY,E,0,6,A, Exchange rates against USD Japan - Yen - Monthly - End of period,1984-08,241.649793,A,,F
M,JP,JPY,E,0,6,A, Exchange rates against USD Japan - Yen - Monthly - End of period,1984-09,245.049281,A,,F
M,JP,JPY,E,0,6,A, Exchange rates against USD Japan - Yen - Monthly - End of period,1984-10,245.600706,A,,F
M,JP,JPY,E,0,6,A, Exchange rates against USD Japan - Yen - Monthly - End of period,1984-11,246.949669,A,,F
M,JP,JPY,E,0,6,A, Exchange rates against USD Japan - Yen - Monthly - End of period,1984-12,251.150299,A,,F
M,JP,JPY,E,0,6,A, Exchange rates against USD Japan - Yen - Monthly - End of period,1985-01,255.049521,A,,F
M,JP,JPY,E,0,6,A, Exchange rates against USD Japan - Yen - Monthly - End of period,1985-02,259.350403,A,,F
M,JP,JPY,E,0,6,A, Exchange rates against USD Japan - Yen - Monthly - End of period,1985-03,250.59998,A,,F
M,JP,JPY,E,0,6,A, Exchange rates against USD Japan - Yen - Monthly - End of period,1985-04,251.350654,A,,F
M,JP,JPY,E,0,6,A, Exchange rates against USD Japan - Yen - Monthly - End of period,1985-05,251.950426,A,,F
M,JP,JPY,E,0,6,A, Exchange rates against USD Japan - Yen - Monthly - End of period,1985-06,249.150621,A,,F
M,JP,JPY,E,0,6,A, Exchange rates against USD Japan - Yen - Monthly - End of period,1985-07,236.499369,A,,F
M,JP,JPY,E,0,6,A, Exchange rates against USD Japan - Yen - Monthly - End of period,1985-08,236.9604,A,,F
M,JP,JPY,E,0,6,A, Exchange rates against USD Japan - Yen - Monthly - End of period,1985-09,216.749514,A,,F
M,JP,JPY,E,0,6,A, Exchange rates against USD Japan - Yen - Monthly - End of period,1985-10,211.349544,A,,F
M,JP,JPY,E,0,6,A, Exchange rates against USD Japan - Yen - Monthly - End of period,1985-11,202.450406,A,,F
M,JP,JPY,E,0,6,A, Exchange rates against USD Japan - Yen - Monthly - End of period,1985-12,200.700058,A,,F
M,JP,JPY,E,0,6,A, Exchange rates against USD Japan - Yen - Monthly - End of period,1986-01,192.949944,A,,F
M,JP,JPY,E,0,6,A, Exchange rates against USD Japan - Yen - Monthly - End of period,1986-02,180.100216,A,,F
M,JP,JPY,E,0,6,A, Exchange rates against USD Japan - Yen - Monthly - End of period,1986-03,179.400408,A,,F
M,JP,JPY,E,0,6,A, Exchange rates against USD Japan - Yen - Monthly - End of period,1986-04,168.549895,A,,F
M,JP,JPY,E,0,6,A, Exchange rates against USD Japan - Yen - Monthly - End of period,1986-05,173.399612,A,,F
M,JP,JPY,E,0,6,A, Exchange rates against USD Japan - Yen - Monthly - End of period,1986-06,163.749983,A,,F
M,JP,JPY,E,0,6,A, Exchange rates against USD Japan - Yen - Monthly - End of period,1986-07,153.649249,A,,F
M,JP,JPY,E,0,6,A, Exchange rates against USD Japan - Yen - Monthly - End of period,1986-08,155.750234,A,,F
M,JP,JPY,E,0,6,A, Exchange rates against USD Japan - Yen - Monthly - End of period,1986-09,154.500335,A,,F
M,JP,JPY,E,0,6,A, Exchange rates against USD Japan - Yen - Monthly - End of period,1986-10,163.849603,A,,F
M,JP,JPY,E,0,6,A, Exchange rates against USD Japan - Yen - Monthly - End of period,1986-11,161.949527,A,,F
M,JP,JPY,E,0,6,A, Exchange rates against USD Japan - Yen - Monthly - End of period,1986-12,159.799324,A,,F
M,JP,JPY,E,0,6,A, Exchange rates against USD Japan - Yen - Monthly - End of period,1987-01,152.800513,A,,F
M,JP,JPY,E,0,6,A, Exchange rates against USD Japan - Yen - Monthly - End of period,1987-02,153.400502,A,,F
M,JP,JPY,E,0,6,A, Exchange rates against USD Japan - Yen - Monthly - End of period,1987-03,146.099439,A,,F
M,JP,JPY,E,0,6,A, Exchange rates against USD Japan - Yen - Monthly - End of period,1987-04,139.650171,A,,F
M,JP,JPY,E,0,6,A, Exchange rates against USD Japan - Yen - Monthly - End of period,1987-05,143.899913,A,,F
M,JP,JPY,E,0,6,A, Exchange rates against USD Japan - Yen - Monthly - End of period,1987-06,147.0003,A,,F
M,JP,JPY,E,0,6,A, Exchange rates against USD Japan - Yen - Monthly - End of period,1987-07,149.549985,A,,F
M,JP,JPY,E,0,6,A, Exchange rates against USD Japan - Yen - Monthly - End of period,1987-08,142.350509,A,,F
M,JP,JPY,E,0,6,A, Exchange rates against USD Japan - Yen - Monthly - End of period,1987-09,146.150578,A,,F
M,JP,JPY,E,0,6,A, Exchange rates against USD Japan - Yen - Monthly - End of period,1987-10,138.920833,A,,F
M,JP,JPY,E,0,6,A, Exchange rates against USD Japan - Yen - Monthly - End of period,1987-11,132.20007,A,,F
M,JP,JPY,E,0,6,A, Exchange rates against USD Japan - Yen - Monthly - End of period,1987-12,121.450109,A,,F
M,JP,JPY,E,0,6,A, Exchange rates against USD Japan - Yen - Monthly - End of period,1988-01,127.969915,A,,F
M,JP,JPY,E,0,6,A, Exchange rates against USD Japan - Yen - Monthly - End of period,1988-02,128.220523,A,,F
M,JP,JPY,E,0,6,A, Exchange rates against USD Japan - Yen - Monthly - End of period,1988-03,124.000383,A,,F
M,JP,JPY,E,0,6,A, Exchange rates against USD Japan - Yen - Monthly - End of period,1988-04,124.699702,A,,F
M,JP,JPY,E,0,6,A, Exchange rates against USD Japan - Yen - Monthly - End of period,1988-05,125.000207,A,,F
M,JP,JPY,E,0,6,A, Exchange rates against USD Japan - Yen - Monthly - End of period,1988-06,133.399358,A,,F
M,JP,JPY,E,0,6,A, Exchange rates against USD Japan - Yen - Monthly - End of period,1988-07,132.850385,A,,F
M,JP,JPY,E,0,6,A, Exchange rates against USD Japan - Yen - Monthly - End of period,1988-08,136.449063,A,,F
M,JP,JPY,E,0,6,A, Exchange rates against USD Japan - Yen - Monthly - End of period,1988-09,134.570104,A,,F
M,JP,JPY,E,0,6,A, Exchange rates against USD Japan - Yen - Monthly - End of period,1988-10,124.699834,A,,F
M,JP,JPY,E,0,6,A, Exchange rates against USD Japan - Yen - Monthly - End of period,1988-11,122.169606,A,,F
M,JP,JPY,E,0,6,A, Exchange rates against USD Japan - Yen - Monthly - End of period,1988-12,124.899794,A,,F
M,JP,JPY,E,0,6,A, Exchange rates against USD Japan - Yen - Monthly - End of period,1989-01,129.400736,A,,F
M,JP,JPY,E,0,6,A, Exchange rates against USD Japan - Yen - Monthly - End of period,1989-02,127.269926,A,,F
M,JP,JPY,E,0,6,A, Exchange rates against USD Japan - Yen - Monthly - End of period,1989-03,132.480256,A,,F
M,JP,JPY,E,0,6,A, Exchange rates against USD Japan - Yen - Monthly - End of period,1989-04,132.770347,A,,F
M,JP,JPY,E,0,6,A, Exchange rates against USD Japan - Yen - Monthly - End of period,1989-05,142.569708,A,,F
M,JP,JPY,E,0,6,A, Exchange rates against USD Japan - Yen - Monthly - End of period,1989-06,143.800755,A,,F
M,JP,JPY,E,0,6,A, Exchange rates against USD Japan - Yen - Monthly - End of period,1989-07,137.250094,A,,F
M,JP,JPY,E,0,6,A, Exchange rates against USD Japan - Yen - Monthly - End of period,1989-08,144.650188,A,,F
M,JP,JPY,E,0,6,A, Exchange rates against USD Japan - Yen - Monthly - End of period,1989-09,139.300773,A,,F
M,JP,JPY,E,0,6,A, Exchange rates against USD Japan - Yen - Monthly - End of period,1989-10,142.269712,A,,F
M,JP,JPY,E,0,6,A, Exchange rates against USD Japan - Yen - Monthly - End of period,1989-11,142.599826,A,,F
M,JP,JPY,E,0,6,A, Exchange rates against USD Japan - Yen - Monthly - End of period,1989-12,143.600197,A,,F
M,JP,JPY,E,0,6,A, Exchange rates against USD Japan - Yen - Monthly - End of period,1990-01,144.350122,A,,F
M,JP,JPY,E,0,6,A, Exchange rates against USD Japan - Yen - Monthly - End of period,1990-02,148.600278,A,,F
M,JP,JPY,E,0,6,A, Exchange rates against USD Japan - Yen - Monthly - End of period,1990-03,157.499151,A,,F
M,JP,JPY,E,0,6,A, Exchange rates against USD Japan - Yen - Monthly - End of period,1990-04,159.149293,A,,F
M,JP,JPY,E,0,6,A, Exchange rates against USD Japan - Yen - Monthly - End of period,1990-05,152.250679,A,,F
M,JP,JPY,E,0,6,A, Exchange rates against USD Japan - Yen - Monthly - End of period,1990-06,152.200356,A,,F
M,JP,JPY,E,0,6,A, Exchange rates against USD Japan - Yen - Monthly - End of period,1990-07,146.550514,A,,F
M,JP,JPY,E,0,6,A, Exchange rates against USD Japan - Yen - Monthly - End of period,1990-08,143.35006,A,,F
M,JP,JPY,E,0,6,A, Exchange rates against USD Japan - Yen - Monthly - End of period,1990-09,138.250029,A,,F
M,JP,JPY,E,0,6,A, Exchange rates against USD Japan - Yen - Monthly - End of period,1990-10,129.649916,A,,F
M,JP,JPY,E,0,6,A, Exchange rates against USD Japan - Yen - Monthly - End of period,1990-11,133.349702,A,,F
M,JP,JPY,E,0,6,A, Exchange rates against USD Japan - Yen - Monthly - End of period,1990-12,135.65026,A,,F
M,JP,JPY,E,0,6,A, Exchange rates against USD Japan - Yen - Monthly - End of period,1991-01,131.700027,A,,F
M,JP,JPY,E,0,6,A, Exchange rates against USD Japan - Yen - Monthly - End of period,1991-02,132.29959,A,,F
M,JP,JPY,E,0,6,A, Exchange rates against USD Japan - Yen - Monthly - End of period,1991-03,140.449766,A,,F
M,JP,JPY,E,0,6,A, Exchange rates against USD Japan - Yen - Monthly - End of period,1991-04,137.400814,A,,F
M,JP,JPY,E,0,6,A, Exchange rates against USD Japan - Yen - Monthly - End of period,1991-05,138.050114,A,,F
M,JP,JPY,E,0,6,A, Exchange rates against USD Japan - Yen - Monthly - End of period,1991-06,138.019336,A,,F
M,JP,JPY,E,0,6,A, Exchange rates against USD Japan - Yen - Monthly - End of period,1991-07,137.749979,A,,F
M,JP,JPY,E,0,6,A, Exchange rates against USD Japan - Yen - Monthly - End of period,1991-08,136.749395,A,,F
M,JP,JPY,E,0,6,A, Exchange rates against USD Japan - Yen - Monthly - End of period,1991-09,132.80013,A,,F
M,JP,JPY,E,0,6,A, Exchange rates against USD Japan - Yen - Monthly - End of period,1991-10,131.249539,A,,F
M,JP,JPY,E,0,6,A, Exchange rates against USD Japan - Yen - Monthly - End of period,1991-11,130.049541,A,,F
M,JP,JPY,E,0,6,A, Exchange rates against USD Japan - Yen - Monthly - End of period,1991-12,124.949848,A,,F
M,JP,JPY,E,0,6,A, Exchange rates against USD Japan - Yen - Monthly - End of period,1992-01,125.169617,A,,F
M,JP,JPY,E,0,6,A, Exchange rates against USD Japan - Yen - Monthly - End of period,1992-02,129.350612,A,,F
M,JP,JPY,E,0,6,A, Exchange rates against USD Japan - Yen - Monthly - End of period,1992-03,133.000748,A,,F
M,JP,JPY,E,0,6,A, Exchange rates against USD Japan - Yen - Monthly - End of period,1992-04,133.599502,A,,F
M,JP,JPY,E,0,6,A, Exchange rates against USD Japan - Yen - Monthly - End of period,1992-05,128.25058,A,,F
M,JP,JPY,E,0,6,A, Exchange rates against USD Japan - Yen - Monthly - End of period,1992-06,125.899961,A,,F
M,JP,JPY,E,0,6,A, Exchange rates against USD Japan - Yen - Monthly - End of period,1992-07,127.450269,A,,F
M,JP,JPY,E,0,6,A, Exchange rates against USD Japan - Yen - Monthly - End of period,1992-08,123.399818,A,,F
M,JP,JPY,E,0,6,A, Exchange rates against USD Japan - Yen - Monthly - End of period,1992-09,119.599428,A,,F
M,JP,JPY,E,0,6,A, Exchange rates against USD Japan - Yen - Monthly - End of period,1992-10,123.1298,A,,F
M,JP,JPY,E,0,6,A, Exchange rates against USD Japan - Yen - Monthly - End of period,1992-11,124.800242,A,,F
M,JP,JPY,E,0,6,A, Exchange rates against USD Japan - Yen - Monthly - End of period,1992-12,124.750186,A,,F
M,JP,JPY,E,0,6,A, Exchange rates against USD Japan - Yen - Monthly - End of period,1993-01,124.669687,A,,F
M,JP,JPY,E,0,6,A, Exchange rates against USD Japan - Yen - Monthly - End of period,1993-02,117.920437,A,,F
M,JP,JPY,E,0,6,A, Exchange rates against USD Japan - Yen - Monthly - End of period,1993-03,114.95026,A,,F
M,JP,JPY,E,0,6,A, Exchange rates against USD Japan - Yen - Monthly - End of period,1993-04,110.849826,A,,F
M,JP,JPY,E,0,6,A, Exchange rates against USD Japan - Yen - Monthly - End of period,1993-05,107.200315,A,,F
M,JP,JPY,E,0,6,A, Exchange rates against USD Japan - Yen - Monthly - End of period,1993-06,105.569958,A,,F
M,JP,JPY,E,0,6,A, Exchange rates against USD Japan - Yen - Monthly - End of period,1993-07,104.299483,A,,F
M,JP,JPY,E,0,6,A, Exchange rates against USD Japan - Yen - Monthly - End of period,1993-08,104.230659,A,,F
M,JP,JPY,E,0,6,A, Exchange rates against USD Japan - Yen - Monthly - End of period,1993-09,105.29999,A,,F
M,JP,JPY,E,0,6,A, Exchange rates against USD Japan - Yen - Monthly - End of period,1993-10,108.48983,A,,F
M,JP,JPY,E,0,6,A, Exchange rates against USD Japan - Yen - Monthly - End of period,1993-11,108.97015,A,,F
M,JP,JPY,E,0,6,A, Exchange rates against USD Japan - Yen - Monthly - End of period,1993-12,111.800084,A,,F
M,JP,JPY,E,0,6,A, Exchange rates against USD Japan - Yen - Monthly - End of period,1994-01,109.019931,A,,F
M,JP,JPY,E,0,6,A, Exchange rates against USD Japan - Yen - Monthly - End of period,1994-02,104.279553,A,,F
M,JP,JPY,E,0,6,A, Exchange rates against USD Japan - Yen - Monthly - End of period,1994-03,102.850239,A,,F
M,JP,JPY,E,0,6,A, Exchange rates against USD Japan - Yen - Monthly - End of period,1994-04,100.950253,A,,F
M,JP,JPY,E,0,6,A, Exchange rates against USD Japan - Yen - Monthly - End of period,1994-05,104.519933,A,,F
M,JP,JPY,E,0,6,A, Exchange rates against USD Japan - Yen - Monthly - End of period,1994-06,99.000125,A,,F
M,JP,JPY,E,0,6,A, Exchange rates against USD Japan - Yen - Monthly - End of period,1994-07,100.529663,A,,F
M,JP,JPY,E,0,6,A, Exchange rates against USD Japan - Yen - Monthly - End of period,1994-08,100.200431,A,,F
M,JP,JPY,E,0,6,A, Exchange rates against USD Japan - Yen - Monthly - End of period,1994-09,98.520548,A,,F
M,JP,JPY,E,0,6,A, Exchange rates against USD Japan - Yen - Monthly - End of period,1994-10,97.320534,A,,F
M,JP,JPY,E,0,6,A, Exchange rates against USD Japan - Yen - Monthly - End of period,1994-11,99.000205,A,,F
M,JP,JPY,E,0,6,A, Exchange rates against USD Japan - Yen - Monthly - End of period,1994-12,99.719521,A,,F
M,JP,JPY,E,0,6,A, Exchange rates against USD Japan - Yen - Monthly - End of period,1995-01,98.729843,A,,F
M,JP,JPY,E,0,6,A, Exchange rates against USD Japan - Yen - Monthly - End of period,1995-02,96.829678,A,,F
M,JP,JPY,E,0,6,A, Exchange rates against USD Japan - Yen - Monthly - End of period,1995-03,87.199588,A,,F
M,JP,JPY,E,0,6,A, Exchange rates against USD Japan - Yen - Monthly - End of period,1995-04,84.07007,A,,F
M,JP,JPY,E,0,6,A, Exchange rates against USD Japan - Yen - Monthly - End of period,1995-05,82.799798,A,,F
M,JP,JPY,E,0,6,A, Exchange rates against USD Japan - Yen - Monthly - End of period,1995-06,84.849884,A,,F
M,JP,JPY,E,0,6,A, Exchange rates against USD Japan - Yen - Monthly - End of period,1995-07,87.819667,A,,F
M,JP,JPY,E,0,6,A, Exchange rates against USD Japan - Yen - Monthly - End of period,1995-08,97.20065,A,,F
M,JP,JPY,E,0,6,A, Exchange rates against USD Japan - Yen - Monthly - End of period,1995-09,98.769786,A,,F
M,JP,JPY,E,0,6,A, Exchange rates against USD Japan - Yen - Monthly - End of period,1995-10,102.119979,A,,F
M,JP,JPY,E,0,6,A, Exchange rates against USD Japan - Yen - Monthly - End of period,1995-11,101.230541,A,,F
M,JP,JPY,E,0,6,A, Exchange rates against USD Japan - Yen - Monthly - End of period,1995-12,103.169893,A,,F
M,JP,JPY,E,0,6,A, Exchange rates against USD Japan - Yen - Monthly - End of period,1996-01,107.070564,A,,F
M,JP,JPY,E,0,6,A, Exchange rates against USD Japan - Yen - Monthly - End of period,1996-02,104.899665,A,,F
M,JP,JPY,E,0,6,A, Exchange rates against USD Japan - Yen - Monthly - End of period,1996-03,106.479938,A,,F
M,JP,JPY,E,0,6,A, Exchange rates against USD Japan - Yen - Monthly - End of period,1996-04,104.319921,A,,F
M,JP,JPY,E,0,6,A, Exchange rates against USD Japan - Yen - Monthly - End of period,1996-05,108.370249,A,,F
M,JP,JPY,E,0,6,A, Exchange rates against USD Japan - Yen - Monthly - End of period,1996-06,109.819518,A,,F
M,JP,JPY,E,0,6,A, Exchange rates against USD Japan - Yen - Monthly - End of period,1996-07,106.819833,A,,F
M,JP,JPY,E,0,6,A, Exchange rates against USD Japan - Yen - Monthly - End of period,1996-08,108.789522,A,,F
M,JP,JPY,E,0,6,A, Exchange rates against USD Japan - Yen - Monthly - End of period,1996-09,111.620352,A,,F
M,JP,JPY,E,0,6,A, Exchange rates against USD Japan - Yen - Monthly - End of period,1996-10,113.649607,A,,F
M,JP,JPY,E,0,6,A, Exchange rates against USD Japan - Yen - Monthly - End of period,1996-11,113.71024,A,,F
M,JP,JPY,E,0,6,A, Exchange rates against USD Japan - Yen - Monthly - End of period,1996-12,116.400769,A,,F
M,JP,JPY,E,0,6,A, Exchange rates against USD Japan - Yen - Monthly - End of period,1997-01,121.409836,A,,F
M,JP,JPY,E,0,6,A, Exchange rates against USD Japan - Yen - Monthly - End of period,1997-02,120.81013,A,,F
M,JP,JPY,E,0,6,A, Exchange rates against USD Japan - Yen - Monthly - End of period,1997-03,123.589819,A,,F
M,JP,JPY,E,0,6,A, Exchange rates against USD Japan - Yen - Monthly - End of period,1997-04,126.799718,A,,F
M,JP,JPY,E,0,6,A, Exchange rates against USD Japan - Yen - Monthly - End of period,1997-05,116.469984,A,,F
M,JP,JPY,E,0,6,A, Exchange rates against USD Japan - Yen - Monthly - End of period,1997-06,114.429833,A,,F
M,JP,JPY,E,0,6,A, Exchange rates against USD Japan - Yen - Monthly - End of period,1997-07,118.149677,A,,F
M,JP,JPY,E,0,6,A, Exchange rates against USD Japan - Yen - Monthly - End of period,1997-08,119.450521,A,,F
M,JP,JPY,E,0,6,A, Exchange rates against USD Japan - Yen - Monthly - End of period,1997-09,121.179695,A,,F
M,JP,JPY,E,0,6,A, Exchange rates against USD Japan - Yen - Monthly - End of period,1997-10,120.220167,A,,F
M,JP,JPY,E,0,6,A, Exchange rates against USD Japan - Yen - Monthly - End of period,1997-11,127.659366,A,,F
M,JP,JPY,E,0,6,A, Exchange rates against USD Japan - Yen - Monthly - End of period,1997-12,130.120176,A,,F
M,JP,JPY,E,0,6,A, Exchange rates against USD Japan - Yen - Monthly - End of period,1998-01,127.249234,A,,F
M,JP,JPY,E,0,6,A, Exchange rates against USD Japan - Yen - Monthly - End of period,1998-02,126.3,A,,F
M,JP,JPY,E,0,6,A, Exchange rates against USD Japan - Yen - Monthly - End of period,1998-03,132.819789,A,,F
M,JP,JPY,E,0,6,A, Exchange rates against USD Japan - Yen - Monthly - End of period,1998-04,132.129941,A,,F
M,JP,JPY,E,0,6,A, Exchange rates against USD Japan - Yen - Monthly - End of period,1998-05,138.599877,A,,F
M,JP,JPY,E,0,6,A, Exchange rates against USD Japan - Yen - Monthly - End of period,1998-06,138.919609,A,,F
M,JP,JPY,E,0,6,A, Exchange rates against USD Japan - Yen - Monthly - End of period,1998-07,144.259689,A,,F
M,JP,JPY,E,0,6,A, Exchange rates against USD Japan - Yen - Monthly - End of period,1998-08,142.029922,A,,F
M,JP,JPY,E,0,6,A, Exchange rates against USD Japan - Yen - Monthly - End of period,1998-09,135.419387,A,,F
M,JP,JPY,E,0,6,A, Exchange rates against USD Japan - Yen - Monthly - End of period,1998-10,116.250274,A,,F
M,JP,JPY,E,0,6,A, Exchange rates against USD Japan - Yen - Monthly - End of period,1998-11,123.019884,A,,F
M,JP,JPY,E,0,6,A, Exchange rates against USD Japan - Yen - Monthly - End of period,1998-12,113.820441,A,,F
M,JP,JPY,E,0,6,A, Exchange rates against USD Japan - Yen - Monthly - End of period,1999-01,116.040056,A,,F
M,JP,JPY,E,0,6,A, Exchange rates against USD Japan - Yen - Monthly - End of period,1999-02,119.195861,A,,F
M,JP,JPY,E,0,6,A, Exchange rates against USD Japan - Yen - Monthly - End of period,1999-03,118.981568,A,,F
M,JP,JPY,E,0,6,A, Exchange rates against USD Japan - Yen - Monthly - End of period,1999-04,119.750873,A,,F
M,JP,JPY,E,0,6,A, Exchange rates against USD Japan - Yen - Monthly - End of period,1999-05,121.633512,A,,F
M,JP,JPY,E,0,6,A, Exchange rates against USD Japan - Yen - Monthly - End of period,1999-06,120.855926,A,,F
M,JP,JPY,E,0,6,A, Exchange rates against USD Japan - Yen - Monthly - End of period,1999-07,115.195437,A,,F
M,JP,JPY,E,0,6,A, Exchange rates against USD Japan - Yen - Monthly - End of period,1999-08,109.268892,A,,F
M,JP,JPY,E,0,6,A, Exchange rates against USD Japan - Yen - Monthly - End of period,1999-09,105.644632,A,,F
M,JP,JPY,E,0,6,A, Exchange rates against USD Japan - Yen - Monthly - End of period,1999-10,104.840716,A,,F
M,JP,JPY,E,0,6,A, Exchange rates against USD Japan - Yen - Monthly - End of period,1999-11,102.010498,A,,F
M,JP,JPY,E,0,6,A, Exchange rates against USD Japan - Yen - Monthly - End of period,1999-12,102.259606,A,,F
M,JP,JPY,E,0,6,A, Exchange rates against USD Japan - Yen - Monthly - End of period,2000-01,106.853233,A,,F
M,JP,JPY,E,0,6,A, Exchange rates against USD Japan - Yen - Monthly - End of period,2000-02,109.954705,A,,F
M,JP,JPY,E,0,6,A, Exchange rates against USD Japan - Yen - Monthly - End of period,2000-03,103.140375,A,,F
M,JP,JPY,E,0,6,A, Exchange rates against USD Japan - Yen - Monthly - End of period,2000-04,107.297744,A,,F
M,JP,JPY,E,0,6,A, Exchange rates against USD Japan - Yen - Monthly - End of period,2000-05,107.384715,A,,F
M,JP,JPY,E,0,6,A, Exchange rates against USD Japan - Yen - Monthly - End of period,2000-06,105.242779,A,,F
M,JP,JPY,E,0,6,A, Exchange rates against USD Japan - Yen - Monthly - End of period,2000-07,109.315157,A,,F
M,JP,JPY,E,0,6,A, Exchange rates against USD Japan - Yen - Monthly - End of period,2000-08,106.411408,A,,F
M,JP,JPY,E,0,6,A, Exchange rates against USD Japan - Yen - Monthly - End of period,2000-09,108.317171,A,,F
M,JP,JPY,E,0,6,A, Exchange rates against USD Japan - Yen - Monthly - End of period,2000-10,109.160033,A,,F
M,JP,JPY,E,0,6,A, Exchange rates against USD Japan - Yen - Monthly - End of period,2000-11,111.054813,A,,F
M,JP,JPY,E,0,6,A, Exchange rates against USD Japan - Yen - Monthly - End of period,2000-12,114.905965,A,,F
M,JP,JPY,E,0,6,A, Exchange rates against USD Japan - Yen - Monthly - End of period,2001-01,116.076617,A,,F
M,JP,JPY,E,0,6,A, Exchange rates against USD Japan - Yen - Monthly - End of period,2001-02,117.268599,A,,F
M,JP,JPY,E,0,6,A, Exchange rates against USD Japan - Yen - Monthly - End of period,2001-03,125.384964,A,,F
M,JP,JPY,E,0,6,A, Exchange rates against USD Japan - Yen - Monthly - End of period,2001-04,123.557909,A,,F
M,JP,JPY,E,0,6,A, Exchange rates against USD Japan - Yen - Monthly - End of period,2001-05,119.103774,A,,F
M,JP,JPY,E,0,6,A, Exchange rates against USD Japan - Yen - Monthly - End of period,2001-06,124.257075,A,,F
M,JP,JPY,E,0,6,A, Exchange rates against USD Japan - Yen - Monthly - End of period,2001-07,124.842947,A,,F
M,JP,JPY,E,0,6,A, Exchange rates against USD Japan - Yen - Monthly - End of period,2001-08,118.639441,A,,F
M,JP,JPY,E,0,6,A, Exchange rates against USD Japan - Yen - Monthly - End of period,2001-09,119.395466,A,,F
M,JP,JPY,E,0,6,A, Exchange rates against USD Japan - Yen - Monthly - End of period,2001-10,122.063703,A,,F
M,JP,JPY,E,0,6,A, Exchange rates against USD Japan - Yen - Monthly - End of period,2001-11,123.690717,A,,F
M,JP,JPY,E,0,6,A, Exchange rates against USD Japan - Yen - Monthly - End of period,2001-12,130.863497,A,,F
M,JP,JPY,E,0,6,A, Exchange rates against USD Japan - Yen - Monthly - End of period,2002-01,132.835475,A,,F
M,JP,JPY,E,0,6,A, Exchange rates against USD Japan - Yen - Monthly - End of period,2002-02,134.16946,A,,F
M,JP,JPY,E,0,6,A, Exchange rates against USD Japan - Yen - Monthly - End of period,2002-03,132.40486,A,,F
M,JP,JPY,E,0,6,A, Exchange rates against USD Japan - Yen - Monthly - End of period,2002-04,128.39698,A,,F
M,JP,JPY,E,0,6,A, Exchange rates against USD Japan - Yen - Monthly - End of period,2002-05,123.990625,A,,F
M,JP,JPY,E,0,6,A, Exchange rates against USD Japan - Yen - Monthly - End of period,2002-06,118.496241,A,,F
M,JP,JPY,E,0,6,A, Exchange rates against USD Japan - Yen - Monthly - End of period,2002-07,120.024532,A,,F
M,JP,JPY,E,0,6,A, Exchange rates against USD Japan - Yen - Monthly - End of period,2002-08,118.326045,A,,F
M,JP,JPY,E,0,6,A, Exchange rates against USD Japan - Yen - Monthly - End of period,2002-09,121.369168,A,,F
M,JP,JPY,E,0,6,A, Exchange rates against USD Japan - Yen - Monthly - End of period,2002-10,122.70884,A,,F
M,JP,JPY,E,0,6,A, Exchange rates against USD Japan - Yen - Monthly - End of period,2002-11,122.453914,A,,F
M,JP,JPY,E,0,6,A, Exchange rates against USD Japan - Yen - Monthly - End of period,2002-12,118.613522,A,,F
M,JP,JPY,E,0,6,A, Exchange rates against USD Japan - Yen - Monthly - End of period,2003-01,119.424926,A,,F
M,JP,JPY,E,0,6,A, Exchange rates against USD Japan - Yen - Monthly - End of period,2003-02,118.085698,A,,F
M,JP,JPY,E,0,6,A, Exchange rates against USD Japan - Yen - Monthly - End of period,2003-03,118.568151,A,,F
M,JP,JPY,E,0,6,A, Exchange rates against USD Japan - Yen - Monthly - End of period,2003-04,119.468152,A,,F
M,JP,JPY,E,0,6,A, Exchange rates against USD Japan - Yen - Monthly - End of period,2003-05,118.685502,A,,F
M,JP,JPY,E,0,6,A, Exchange rates against USD Japan - Yen - Monthly - End of period,2003-06,120.171524,A,,F
M,JP,JPY,E,0,6,A, Exchange rates against USD Japan - Yen - Monthly - End of period,2003-07,119.915179,A,,F
M,JP,JPY,E,0,6,A, Exchange rates against USD Japan - Yen - Monthly - End of period,2003-08,116.463805,A,,F
M,JP,JPY,E,0,6,A, Exchange rates against USD Japan - Yen - Monthly - End of period,2003-09,110.538963,A,,F
M,JP,JPY,E,0,6,A, Exchange rates against USD Japan - Yen - Monthly - End of period,2003-10,109.03459,A,,F
M,JP,JPY,E,0,6,A, Exchange rates against USD Japan - Yen - Monthly - End of period,2003-11,109.421377,A,,F
M,JP,JPY,E,0,6,A, Exchange rates against USD Japan - Yen - Monthly - End of period,2003-12,106.927949,A,,F
M,JP,JPY,E,0,6,A, Exchange rates against USD Japan - Yen - Monthly - End of period,2004-01,105.830103,A,,F
M,JP,JPY,E,0,6,A, Exchange rates against USD Japan - Yen - Monthly - End of period,2004-02,109.220486,A,,F
M,JP,JPY,E,0,6,A, Exchange rates against USD Japan - Yen - Monthly - End of period,2004-03,103.869437,A,,F
M,JP,JPY,E,0,6,A, Exchange rates against USD Japan - Yen - Monthly - End of period,2004-04,110.379175,A,,F
M,JP,JPY,E,0,6,A, Exchange rates against USD Japan - Yen - Monthly - End of period,2004-05,109.231021,A,,F
M,JP,JPY,E,0,6,A, Exchange rates against USD Japan - Yen - Monthly - End of period,2004-06,108.926368,A,,F
M,JP,JPY,E,0,6,A, Exchange rates against USD Japan - Yen - Monthly - End of period,2004-07,111.462746,A,,F
M,JP,JPY,E,0,6,A, Exchange rates against USD Japan - Yen - Monthly - End of period,2004-08,109.858806,A,,F
M,JP,JPY,E,0,6,A, Exchange rates against USD Japan - Yen - Monthly - End of period,2004-09,110.540737,A,,F
M,JP,JPY,E,0,6,A, Exchange rates against USD Japan - Yen - Monthly - End of period,2004-10,106.092486,A,,F
M,JP,JPY,E,0,6,A, Exchange rates against USD Japan - Yen - Monthly - End of period,2004-11,102.700263,A,,F
M,JP,JPY,E,0,6,A, Exchange rates against USD Japan - Yen - Monthly - End of period,2004-12,102.525512,A,,F
M,JP,JPY,E,0,6,A, Exchange rates against USD Japan - Yen - Monthly - End of period,2005-01,103.536632,A,,F
M,JP,JPY,E,0,6,A, Exchange rates against USD Japan - Yen - Monthly - End of period,2005-02,104.126122,A,,F
M,JP,JPY,E,0,6,A, Exchange rates against USD Japan - Yen - Monthly - End of period,2005-03,106.788028,A,,F
M,JP,JPY,E,0,6,A, Exchange rates against USD Japan - Yen - Monthly - End of period,2005-04,105.147797,A,,F
M,JP,JPY,E,0,6,A, Exchange rates against USD Japan - Yen - Monthly - End of period,2005-05,108.239397,A,,F
M,JP,JPY,E,0,6,A, Exchange rates against USD Japan - Yen - Monthly - End of period,2005-06,110.775719,A,,F
M,JP,JPY,E,0,6,A, Exchange rates against USD Japan - Yen - Monthly - End of period,2005-07,112.387332,A,,F
M,JP,JPY,E,0,6,A, Exchange rates against USD Japan - Yen - Monthly - End of period,2005-08,111.542876,A,,F
M,JP,JPY,E,0,6,A, Exchange rates against USD Japan - Yen - Monthly - End of period,2005-09,113.145657,A,,F
M,JP,JPY,E,0,6,A, Exchange rates against USD Japan - Yen - Monthly - End of period,2005-10,116.144057,A,,F
M,JP,JPY,E,0,6,A, Exchange rates against USD Japan - Yen - Monthly - End of period,2005-11,119.636333,A,,F
M,JP,JPY,E,0,6,A, Exchange rates against USD Japan - Yen - Monthly - End of period,2005-12,117.741799,A,,F
M,JP,JPY,E,0,6,A, Exchange rates against USD Japan - Yen - Monthly - End of period,2006-01,117.32134,A,,F
M,JP,JPY,E,0,6,A, Exchange rates against USD Japan - Yen - Monthly - End of period,2006-02,116.362105,A,,F
M,JP,JPY,E,0,6,A, Exchange rates against USD Japan - Yen - Monthly - End of period,2006-03,117.663582,A,,F
M,JP,JPY,E,0,6,A, Exchange rates against USD Japan - Yen - Monthly - End of period,2006-04,114.293691,A,,F
M,JP,JPY,E,0,6,A, Exchange rates against USD Japan - Yen - Monthly - End of period,2006-05,112.154181,A,,F
M,JP,JPY,E,0,6,A, Exchange rates against USD Japan - Yen - Monthly - End of period,2006-06,114.646425,A,,F
M,JP,JPY,E,0,6,A, Exchange rates against USD Japan - Yen - Monthly - End of period,2006-07,114.216339,A,,F
M,JP,JPY,E,0,6,A, Exchange rates against USD Japan - Yen - Monthly - End of period,2006-08,117.158198,A,,F
M,JP,JPY,E,0,6,A, Exchange rates against USD Japan - Yen - Monthly - End of period,2006-09,117.962085,A,,F
M,JP,JPY,E,0,6,A, Exchange rates against USD Japan - Yen - Monthly - End of period,2006-10,117.824512,A,,F
M,JP,JPY,E,0,6,A, Exchange rates against USD Japan - Yen - Monthly - End of period,2006-11,116.128788,A,,F
M,JP,JPY,E,0,6,A, Exchange rates against USD Japan - Yen - Monthly - End of period,2006-12,119.157175,A,,F
M,JP,JPY,E,0,6,A, Exchange rates against USD Japan - Yen - Monthly - End of period,2007-01,121.406515,A,,F
M,JP,JPY,E,0,6,A, Exchange rates against USD Japan - Yen - Monthly - End of period,2007-02,118.424041,A,,F
M,JP,JPY,E,0,6,A, Exchange rates against USD Japan - Yen - Monthly - End of period,2007-03,118.125845,A,,F
M,JP,JPY,E,0,6,A, Exchange rates against USD Japan - Yen - Monthly - End of period,2007-04,119.676589,A,,F
M,JP,JPY,E,0,6,A, Exchange rates against USD Japan - Yen - Monthly - End of period,2007-05,121.57883,A,,F
M,JP,JPY,E,0,6,A, Exchange rates against USD Japan - Yen - Monthly - End of period,2007-06,123.383932,A,,F
M,JP,JPY,E,0,6,A, Exchange rates against USD Japan - Yen - Monthly - End of period,2007-07,119.347779,A,,F
M,JP,JPY,E,0,6,A, Exchange rates against USD Japan - Yen - Monthly - End of period,2007-08,116.198468,A,,F
M,JP,JPY,E,0,6,A, Exchange rates against USD Japan - Yen - Monthly - End of period,2007-09,115.346639,A,,F
M,JP,JPY,E,0,6,A, Exchange rates against USD Japan - Yen - Monthly - End of period,2007-10,115.241919,A,,F
M,JP,JPY,E,0,6,A, Exchange rates against USD Japan - Yen - Monthly - End of period,2007-11,110.717431,A,,F
M,JP,JPY,E,0,6,A, Exchange rates against USD Japan - Yen - Monthly - End of period,2007-12,112.037226,A,,F
M,JP,JPY,E,0,6,A, Exchange rates against USD Japan - Yen - Monthly - End of period,2008-01,106.207128,A,,F
M,JP,JPY,E,0,6,A, Exchange rates against USD Japan - Yen - Monthly - End of period,2008-02,104.193314,A,,F
M,JP,JPY,E,0,6,A, Exchange rates against USD Japan - Yen - Monthly - End of period,2008-03,99.525677,A,,F
M,JP,JPY,E,0,6,A, Exchange rates against USD Japan - Yen - Monthly - End of period,2008-04,104.646075,A,,F
M,JP,JPY,E,0,6,A, Exchange rates against USD Japan - Yen - Monthly - End of period,2008-05,105.584215,A,,F
M,JP,JPY,E,0,6,A, Exchange rates against USD Japan - Yen - Monthly - End of period,2008-06,105.58234,A,,F
M,JP,JPY,E,0,6,A, Exchange rates against USD Japan - Yen - Monthly - End of period,2008-07,108.26981,A,,F
M,JP,JPY,E,0,6,A, Exchange rates against USD Japan - Yen - Monthly - End of period,2008-08,108.734306,A,,F
M,JP,JPY,E,0,6,A, Exchange rates against USD Japan - Yen - Monthly - End of period,2008-09,105.201706,A,,F
M,JP,JPY,E,0,6,A, Exchange rates against USD Japan - Yen - Monthly - End of period,2008-10,97.961903,A,,F
M,JP,JPY,E,0,6,A, Exchange rates against USD Japan - Yen - Monthly - End of period,2008-11,95.434902,A,,F
M,JP,JPY,E,0,6,A, Exchange rates against USD Japan - Yen - Monthly - End of period,2008-12,90.63735,A,,F
M,JP,JPY,E,0,6,A, Exchange rates against USD Japan - Yen - Monthly - End of period,2009-01,89.71598,A,,F
M,JP,JPY,E,0,6,A, Exchange rates against USD Japan - Yen - Monthly - End of period,2009-02,97.461246,A,,F
M,JP,JPY,E,0,6,A, Exchange rates against USD Japan - Yen - Monthly - End of period,2009-03,98.564773,A,,F
M,JP,JPY,E,0,6,A, Exchange rates against USD Japan - Yen - Monthly - End of period,2009-04,98.184557,A,,F
M,JP,JPY,E,0,6,A, Exchange rates against USD Japan - Yen - Monthly - End of period,2009-05,95.914314,A,,F
M,JP,JPY,E,0,6,A, Exchange rates against USD Japan - Yen - Monthly - End of period,2009-06,95.875195,A,,F
M,JP,JPY,E,0,6,A, Exchange rates against USD Japan - Yen - Monthly - End of period,2009-07,95.720753,A,,F
M,JP,JPY,E,0,6,A, Exchange rates against USD Japan - Yen - Monthly - End of period,2009-08,93.259529,A,,F
M,JP,JPY,E,0,6,A, Exchange rates against USD Japan - Yen - Monthly - End of period,2009-09,89.510346,A,,F
M,JP,JPY,E,0,6,A, Exchange rates against USD Japan - Yen - Monthly - End of period,2009-10,90.986486,A,,F
M,JP,JPY,E,0,6,A, Exchange rates against USD Japan - Yen - Monthly - End of period,2009-11,86.380883,A,,F
M,JP,JPY,E,0,6,A, Exchange rates against USD Japan - Yen - Monthly - End of period,2009-12,92.433708,A,,F
M,JP,JPY,E,0,6,A, Exchange rates against USD Japan - Yen - Monthly - End of period,2010-01,90.326507,A,,F
M,JP,JPY,E,0,6,A, Exchange rates against USD Japan - Yen - Monthly - End of period,2010-02,89.108327,A,,F
M,JP,JPY,E,0,6,A, Exchange rates against USD Japan - Yen - Monthly - End of period,2010-03,93.426812,A,,F
M,JP,JPY,E,0,6,A, Exchange rates against USD Japan - Yen - Monthly - End of period,2010-04,94.48742,A,,F
M,JP,JPY,E,0,6,A, Exchange rates against USD Japan - Yen - Monthly - End of period,2010-05,91.508897,A,,F
M,JP,JPY,E,0,6,A, Exchange rates against USD Japan - Yen - Monthly - End of period,2010-06,88.656181,A,,F
M,JP,JPY,E,0,6,A, Exchange rates against USD Japan - Yen - Monthly - End of period,2010-07,86.444581,A,,F
M,JP,JPY,E,0,6,A, Exchange rates against USD Japan - Yen - Monthly - End of period,2010-08,84.440063,A,,F
M,JP,JPY,E,0,6,A, Exchange rates against USD Japan - Yen - Monthly - End of period,2010-09,83.294256,A,,F
M,JP,JPY,E,0,6,A, Exchange rates against USD Japan - Yen - Monthly - End of period,2010-10,80.73176,A,,F
M,JP,JPY,E,0,6,A, Exchange rates against USD Japan - Yen - Monthly - End of period,2010-11,83.859055,A,,F
M,JP,JPY,E,0,6,A, Exchange rates against USD Japan - Yen - Monthly - End of period,2010-12,81.312678,A,,F
M,JP,JPY,E,0,6,A, Exchange rates against USD Japan - Yen - Monthly - End of period,2011-01,82.157464,A,,F
M,JP,JPY,E,0,6,A, Exchange rates against USD Japan - Yen - Monthly - End of period,2011-02,81.870753,A,,F
M,JP,JPY,E,0,6,A, Exchange rates against USD Japan - Yen - Monthly - End of period,2011-03,82.783135,A,,F
M,JP,JPY,E,0,6,A, Exchange rates against USD Japan - Yen - Monthly - End of period,2011-04,81.204576,A,,F
M,JP,JPY,E,0,6,A, Exchange rates against USD Japan - Yen - Monthly - End of period,2011-05,81.487661,A,,F
M,JP,JPY,E,0,6,A, Exchange rates against USD Japan - Yen - Monthly - End of period,2011-06,80.433128,A,,F
M,JP,JPY,E,0,6,A, Exchange rates against USD Japan - Yen - Monthly - End of period,2011-07,77.552595,A,,F
M,JP,JPY,E,0,6,A, Exchange rates against USD Japan - Yen - Monthly - End of period,2011-08,76.50519,A,,F
M,JP,JPY,E,0,6,A, Exchange rates against USD Japan - Yen - Monthly - End of period,2011-09,76.864401,A,,F
M,JP,JPY,E,0,6,A, Exchange rates against USD Japan - Yen - Monthly - End of period,2011-10,78.008714,A,,F
M,JP,JPY,E,0,6,A, Exchange rates against USD Japan - Yen - Monthly - End of period,2011-11,77.507825,A,,F
M,JP,JPY,E,0,6,A, Exchange rates against USD Japan - Yen - Monthly - End of period,2011-12,77.440297,A,,F
M,JP,JPY,E,0,6,A, Exchange rates against USD Japan - Yen - Monthly - End of period,2012-01,76.37371,A,,F
M,JP,JPY,E,0,6,A, Exchange rates against USD Japan - Yen - Monthly - End of period,2012-02,80.279699,A,,F
M,JP,JPY,E,0,6,A, Exchange rates against USD Japan - Yen - Monthly - End of period,2012-03,82.030548,A,,F
M,JP,JPY,E,0,6,A, Exchange rates against USD Japan - Yen - Monthly - End of period,2012-04,80.104435,A,,F
M,JP,JPY,E,0,6,A, Exchange rates against USD Japan - Yen - Monthly - End of period,2012-05,78.739015,A,,F
M,JP,JPY,E,0,6,A, Exchange rates against USD Japan - Yen - Monthly - End of period,2012-06,79.531374,A,,F
M,JP,JPY,E,0,6,A, Exchange rates against USD Japan - Yen - Monthly - End of period,2012-07,78.174862,A,,F
M,JP,JPY,E,0,6,A, Exchange rates against USD Japan - Yen - Monthly - End of period,2012-08,78.471176,A,,F
M,JP,JPY,E,0,6,A, Exchange rates against USD Japan - Yen - Monthly - End of period,2012-09,77.625677,A,,F
M,JP,JPY,E,0,6,A, Exchange rates against USD Japan - Yen - Monthly - End of period,2012-10,79.873778,A,,F
M,JP,JPY,E,0,6,A, Exchange rates against USD Japan - Yen - Monthly - End of period,2012-11,82.681349,A,,F
M,JP,JPY,E,0,6,A, Exchange rates against USD Japan - Yen - Monthly - End of period,2012-12,86.107322,A,,F
M,JP,JPY,E,0,6,A, Exchange rates against USD Japan - Yen - Monthly - End of period,2013-01,91.01107,A,,F
M,JP,JPY,E,0,6,A, Exchange rates against USD Japan - Yen - Monthly - End of period,2013-02,92.215706,A,,F
M,JP,JPY,E,0,6,A, Exchange rates against USD Japan - Yen - Monthly - End of period,2013-03,94.392815,A,,F
M,JP,JPY,E,0,6,A, Exchange rates against USD Japan - Yen - Monthly - End of period,2013-04,97.421971,A,,F
M,JP,JPY,E,0,6,A, Exchange rates against USD Japan - Yen - Monthly - End of period,2013-05,100.315239,A,,F
M,JP,JPY,E,0,6,A, Exchange rates against USD Japan - Yen - Monthly - End of period,2013-06,98.922018,A,,F
M,JP,JPY,E,0,6,A, Exchange rates against USD Japan - Yen - Monthly - End of period,2013-07,97.928437,A,,F
M,JP,JPY,E,0,6,A, Exchange rates against USD Japan - Yen - Monthly - End of period,2013-08,98.231961,A,,F
M,JP,JPY,E,0,6,A, Exchange rates against USD Japan - Yen - Monthly - End of period,2013-09,97.578675,A,,F
M,JP,JPY,E,0,6,A, Exchange rates against USD Japan - Yen - Monthly - End of period,2013-10,98.225937,A,,F
M,JP,JPY,E,0,6,A, Exchange rates against USD Japan - Yen - Monthly - End of period,2013-11,102.27757,A,,F
M,JP,JPY,E,0,6,A, Exchange rates against USD Japan - Yen - Monthly - End of period,2013-12,104.938003,A,,F
M,JP,JPY,E,0,6,A, Exchange rates against USD Japan - Yen - Monthly - End of period,2014-01,102.197396,A,,F
M,JP,JPY,E,0,6,A, Exchange rates against USD Japan - Yen - Monthly - End of period,2014-02,101.809889,A,,F
M,JP,JPY,E,0,6,A, Exchange rates against USD Japan - Yen - Monthly - End of period,2014-03,103.292718,A,,F
M,JP,JPY,E,0,6,A, Exchange rates against USD Japan - Yen - Monthly - End of period,2014-04,102.577617,A,,F
M,JP,JPY,E,0,6,A, Exchange rates against USD Japan - Yen - Monthly - End of period,2014-05,101.682957,A,,F
M,JP,JPY,E,0,6,A, Exchange rates against USD Japan - Yen - Monthly - End of period,2014-06,101.361839,A,,F
M,JP,JPY,E,0,6,A, Exchange rates against USD Japan - Yen - Monthly - End of period,2014-07,102.892593,A,,F
M,JP,JPY,E,0,6,A, Exchange rates against USD Japan - Yen - Monthly - End of period,2014-08,103.965726,A,,F
M,JP,JPY,E,0,6,A, Exchange rates against USD Japan - Yen - Monthly - End of period,2014-09,109.759199,A,,F
M,JP,JPY,E,0,6,A, Exchange rates against USD Japan - Yen - Monthly - End of period,2014-10,111.929096,A,,F
M,JP,JPY,E,0,6,A, Exchange rates against USD Japan - Yen - Monthly - End of period,2014-11,118.312906,A,,F
M,JP,JPY,E,0,6,A, Exchange rates against USD Japan - Yen - Monthly - End of period,2014-12,119.619471,A,,F
M,JP,JPY,E,0,6,A, Exchange rates against USD Japan - Yen - Monthly - End of period,2015-01,117.717824,A,,F
M,JP,JPY,E,0,6,A, Exchange rates against USD Japan - Yen - Monthly - End of period,2015-02,119.261566,A,,F
M,JP,JPY,E,0,6,A, Exchange rates against USD Japan - Yen - Monthly - End of period,2015-03,119.853146,A,,F
M,JP,JPY,E,0,6,A, Exchange rates against USD Japan - Yen - Monthly - End of period,2015-04,118.823005,A,,F
M,JP,JPY,E,0,6,A, Exchange rates against USD Japan - Yen - Monthly - End of period,2015-05,123.928897,A,,F
M,JP,JPY,E,0,6,A, Exchange rates against USD Japan - Yen - Monthly - End of period,2015-06,122.450621,A,,F
M,JP,JPY,E,0,6,A, Exchange rates against USD Japan - Yen - Monthly - End of period,2015-07,124.31841,A,,F
M,JP,JPY,E,0,6,A, Exchange rates against USD Japan - Yen - Monthly - End of period,2015-08,121.328578,A,,F
M,JP,JPY,E,0,6,A, Exchange rates against USD Japan - Yen - Monthly - End of period,2015-09,120.226725,A,,F
M,JP,JPY,E,0,6,A, Exchange rates against USD Japan - Yen - Monthly - End of period,2015-10,120.613597,A,,F
M,JP,JPY,E,0,6,A, Exchange rates against USD Japan - Yen - Monthly - End of period,2015-11,123.09292,A,,F
M,JP,JPY,E,0,6,A, Exchange rates against USD Japan - Yen - Monthly - End of period,2015-12,120.391292,A,,F
M,JP,JPY,E,0,6,A, Exchange rates against USD Japan - Yen - Monthly - End of period,2016-01,121.108059,A,,F
M,JP,JPY,E,0,6,A, Exchange rates against USD Japan - Yen - Monthly - End of period,2016-02,113.096988,A,,F
M,JP,JPY,E,0,6,A, Exchange rates against USD Japan - Yen - Monthly - End of period,2016-03,112.340799,A,,F
M,JP,JPY,E,0,6,A, Exchange rates against USD Japan - Yen - Monthly - End of period,2016-04,107.287556,A,,F
M,JP,JPY,E,0,6,A, Exchange rates against USD Japan - Yen - Monthly - End of period,2016-05,111.018469,A,,F
M,JP,JPY,E,0,6,A, Exchange rates against USD Japan - Yen - Monthly - End of period,2016-06,102.729238,A,,F
M,JP,JPY,E,0,6,A, Exchange rates against USD Japan - Yen - Monthly - End of period,2016-07,103.329434,A,,F
M,JP,JPY,E,0,6,A, Exchange rates against USD Japan - Yen - Monthly - End of period,2016-08,103.314768,A,,F
M,JP,JPY,E,0,6,A, Exchange rates against USD Japan - Yen - Monthly - End of period,2016-09,101.326046,A,,F
M,JP,JPY,E,0,6,A, Exchange rates against USD Japan - Yen - Monthly - End of period,2016-10,105.033802,A,,F
M,JP,JPY,E,0,6,A, Exchange rates against USD Japan - Yen - Monthly - End of period,2016-11,113.286319,A,,F
M,JP,JPY,E,0,6,A, Exchange rates against USD Japan - Yen - Monthly - End of period,2016-12,117.066692,A,,F
M,JP,JPY,E,0,6,A, Exchange rates against USD Japan - Yen - Monthly - End of period,2017-01,113.379823,A,,F
M,JP,JPY,E,0,6,A, Exchange rates against USD Japan - Yen - Monthly - End of period,2017-02,112.13551,A,,F
M,JP,JPY,E,0,6,A, Exchange rates against USD Japan - Yen - Monthly - End of period,2017-03,111.823029,A,,F
M,JP,JPY,E,0,6,A, Exchange rates against USD Japan - Yen - Monthly - End of period,2017-04,111.399817,A,,F
M,JP,JPY,E,0,6,A, Exchange rates against USD Japan - Yen - Monthly - End of period,2017-05,110.863559,A,,F
M,JP,JPY,E,0,6,A, Exchange rates against USD Japan - Yen - Monthly - End of period,2017-06,111.943568,A,,F
M,JP,JPY,E,0,6,A, Exchange rates against USD Japan - Yen - Monthly - End of period,2017-07,110.599471,A,,F
M,JP,JPY,E,0,6,A, Exchange rates against USD Japan - Yen - Monthly - End of period,2017-08,110.621564,A,,F
M,JP,JPY,E,0,6,A, Exchange rates against USD Japan - Yen - Monthly - End of period,2017-09,112.502118,A,,F
M,JP,JPY,E,0,6,A, Exchange rates against USD Japan - Yen - Monthly - End of period,2017-10,113.42155,A,,F
M,JP,JPY,E,0,6,A, Exchange rates against USD Japan - Yen - Monthly - End of period,2017-11,112.313275,A,,F
M,JP,JPY,E,0,6,A, Exchange rates against USD Japan - Yen - Monthly - End of period,2017-12,112.574002,A,,F
M,JP,JPY,E,0,6,A, Exchange rates against USD Japan - Yen - Monthly - End of period,2018-01,108.854459,A,,F
M,JP,JPY,E,0,6,A, Exchange rates against USD Japan - Yen - Monthly - End of period,2018-02,107.024726,A,,F
M,JP,JPY,E,0,6,A, Exchange rates against USD Japan - Yen - Monthly - End of period,2018-03,106.444282,A,,F
M,JP,JPY,E,0,6,A, Exchange rates against USD Japan - Yen - Monthly - End of period,2018-04,109.379916,A,,F
M,JP,JPY,E,0,6,A, Exchange rates against USD Japan - Yen - Monthly - End of period,2018-05,108.838362,A,,F
M,JP,JPY,E,0,6,A, Exchange rates against USD Japan - Yen - Monthly - End of period,2018-06,110.68794,A,,F
M,JP,JPY,E,0,6,A, Exchange rates against USD Japan - Yen - Monthly - End of period,2018-07,111.486026,A,,F
M,JP,JPY,E,0,6,A, Exchange rates against USD Japan - Yen - Monthly - End of period,2018-08,110.763025,A,,F
M,JP,JPY,E,0,6,A, Exchange rates against USD Japan - Yen - Monthly - End of period,2018-09,113.363856,A,,F
M,JP,JPY,E,0,6,A, Exchange rates against USD Japan - Yen - Monthly - End of period,2018-10,113.226719,A,,F
M,JP,JPY,E,0,6,A, Exchange rates against USD Japan - Yen - Monthly - End of period,2018-11,113.557531,A,,F
M,JP,JPY,E,0,6,A, Exchange rates against USD Japan - Yen - Monthly - End of period,2018-12,109.912664,A,,F
M,JP,JPY,E,0,6,A, Exchange rates against USD Japan - Yen - Monthly - End of period,2019-01,108.643802,A,,F
M,JP,JPY,E,0,6,A, Exchange rates against USD Japan - Yen - Monthly - End of period,2019-02,110.756833,A,,F
M,JP,JPY,E,0,6,A, Exchange rates against USD Japan - Yen - Monthly - End of period,2019-03,110.769915,A,,F
M,JP,JPY,E,0,6,A, Exchange rates against USD Japan - Yen - Monthly - End of period,2019-04,111.365662,A,,F
M,JP,JPY,E,0,6,A, Exchange rates against USD Japan - Yen - Monthly - End of period,2019-05,108.752578,A,,F
M,JP,JPY,E,0,6,A, Exchange rates against USD Japan - Yen - Monthly - End of period,2019-06,107.732865,A,,F
M,JP,JPY,E,0,6,A, Exchange rates against USD Japan - Yen - Monthly - End of period,2019-07,108.546319,A,,F
M,JP,JPY,E,0,6,A, Exchange rates against USD Japan - Yen - Monthly - End of period,2019-08,106.270388,A,,F
M,JP,JPY,E,0,6,A, Exchange rates against USD Japan - Yen - Monthly - End of period,2019-09,107.989714,A,,F
M,JP,JPY,E,0,6,A, Exchange rates against USD Japan - Yen - Monthly - End of period,2019-10,108.239197,A,,F
M,JP,JPY,E,0,6,A, Exchange rates against USD Japan - Yen - Monthly - End of period,2019-11,109.661264,A,,F
M,JP,JPY,E,0,6,A, Exchange rates against USD Japan - Yen - Monthly - End of period,2019-12,108.545487,A,,F
M,JP,JPY,E,0,6,A, Exchange rates against USD Japan - Yen - Monthly - End of period,2020-01,108.894318,A,,F
M,JP,JPY,E,0,6,A, Exchange rates against USD Japan - Yen - Monthly - End of period,2020-02,108.736449,A,,F
M,JP,JPY,E,0,6,A, Exchange rates against USD Japan - Yen - Monthly - End of period,2020-03,108.525009,A,,F
M,JP,JPY,E,0,6,A, Exchange rates against USD Japan - Yen - Monthly - End of period,2020-04,106.53733,A,,F
M,JP,JPY,E,0,6,A, Exchange rates against USD Japan - Yen - Monthly - End of period,2020-05,107.121049,A,,F
M,JP,JPY,E,0,6,A, Exchange rates against USD Japan - Yen - Monthly - End of period,2020-06,107.751384,A,,F
M,JP,JPY,E,0,6,A, Exchange rates against USD Japan - Yen - Monthly - End of period,2020-07,104.920662,A,,F
M,JP,JPY,E,0,6,A, Exchange rates against USD Japan - Yen - Monthly - End of period,2020-08,105.921273,A,,F
M,JP,JPY,E,0,6,A, Exchange rates against USD Japan - Yen - Monthly - End of period,2020-09,105.705501,A,,F
M,JP,JPY,E,0,6,A, Exchange rates against USD Japan - Yen - Monthly - End of period,2020-10,104.599077,A,,F
M,JP,JPY,E,0,6,A, Exchange rates against USD Japan - Yen - Monthly - End of period,2020-11,104.165275,A,,F
M,JP,JPY,E,0,6,A, Exchange rates against USD Japan - Yen - Monthly - End of period,2020-12,103.080434,A,,F
M,JP,JPY,E,0,6,A, Exchange rates against USD Japan - Yen - Monthly - End of period,2021-01,104.68853,A,,F
M,JP,JPY,E,0,6,A, Exchange rates against USD Japan - Yen - Monthly - End of period,2021-02,106.28661,A,,F
M,JP,JPY,E,0,6,A, Exchange rates against USD Japan - Yen - Monthly - End of period,2021-03,110.797441,A,,F
M,JP,JPY,E,0,6,A, Exchange rates against USD Japan - Yen - Monthly - End of period,2021-04,108.938917,A,,F
M,JP,JPY,E,0,6,A, Exchange rates against USD Japan - Yen - Monthly - End of period,2021-05,109.654946,A,,F
M,JP,JPY,E,0,6,A, Exchange rates against USD Japan - Yen - Monthly - End of period,2021-06,110.594076,A,,F
M,JP,JPY,E,0,6,A, Exchange rates against USD Japan - Yen - Monthly - End of period,2021-07,109.65436,A,,F
M,JP,JPY,E,0,6,A, Exchange rates against USD Japan - Yen - Monthly - End of period,2021-08,109.810715,A,,F
M,JP,JPY,E,0,6,A, Exchange rates against USD Japan - Yen - Monthly - End of period,2021-09,111.987218,A,,F
M,JP,JPY,E,0,6,A, Exchange rates against USD Japan - Yen - Monthly - End of period,2021-10,113.885788,A,,F
M,JP,JPY,E,0,6,A, Exchange rates against USD Japan - Yen - Monthly - End of period,2021-11,112.822318,A,,F
M,JP,JPY,E,0,6,A, Exchange rates against USD Japan - Yen - Monthly - End of period,2021-12,115.115663,A,,F
M,JP,JPY,E,0,6,A, Exchange rates against USD Japan - Yen - Monthly - End of period,2022-01,115.444604,A,,F
M,JP,JPY,E,0,6,A, Exchange rates against USD Japan - Yen - Monthly - End of period,2022-02,115.465667,A,,F
M,JP,JPY,E,0,6,A, Exchange rates against USD Japan - Yen - Monthly - End of period,2022-03,121.763805,A,,F
M,JP,JPY,E,0,6,A, Exchange rates against USD Japan - Yen - Monthly - End of period,2022-04,129.990512,A,,F
M,JP,JPY,E,0,6,A, Exchange rates against USD Japan - Yen - Monthly - End of period,2022-05,128.218053,A,,F
M,JP,JPY,E,0,6,A, Exchange rates against USD Japan - Yen - Monthly - End of period,2022-06,136.266487,A,,F
M,JP,JPY,E,0,6,A, Exchange rates against USD Japan - Yen - Monthly - End of period,2022-07,133.771328,A,,F
M,JP,JPY,E,0,6,A, Exchange rates against USD Japan - Yen - Monthly - End of period,2022-08,138.72,A,,F
M,JP,JPY,E,0,6,A, Exchange rates against USD Japan - Yen - Monthly - End of period,2022-09,144.655314,A,,F
M,JP,JPY,E,0,6,A, Exchange rates against USD Japan - Yen - Monthly - End of period,2022-10,148.678636,A,,F
M,JP,JPY,E,0,6,A, Exchange rates against USD Japan - Yen - Monthly - End of period,2022-11,139.051658,A,,F
M,JP,JPY,E,0,6,A, Exchange rates against USD Japan - Yen - Monthly - End of period,2022-12,131.876992,A,,F
M,JP,JPY,E,0,6,A, Exchange rates against USD Japan - Yen - Monthly - End of period,2023-01,130.407089,A,,F
M,JP,JPY,E,0,6,A, Exchange rates against USD Japan - Yen - Monthly - End of period,2023-02,136.76429,A,,F
M,JP,JPY,E,0,6,A, Exchange rates against USD Japan - Yen - Monthly - End of period,2023-03,133.177011,A,,F
M,JP,JPY,E,0,6,A, Exchange rates against USD Japan - Yen - Monthly - End of period,2023-04,136.00765,A,,F
M,JP,JPY,E,0,6,A, Exchange rates against USD Japan - Yen - Monthly - End of period,2023-05,139.595619,A,,F
M,JP,JPY,E,0,6,A, Exchange rates against USD Japan - Yen - Monthly - End of period,2023-06,144.63464,A,,F
M,JP,JPY,E,0,6,A, Exchange rates against USD Japan - Yen - Monthly - End of period,2023-07,142.184523,A,,F
M,JP,JPY,E,0,6,A, Exchange rates against USD Japan - Yen - Monthly - End of period,2023-08,145.8318,A,,F
M,JP,JPY,E,0,6,A, Exchange rates against USD Japan - Yen - Monthly - End of period,2023-09,149.235416,A,,F
M,JP,JPY,E,0,6,A, Exchange rates against USD Japan - Yen - Monthly - End of period,2023-10,150.955834,A,,F
M,JP,JPY,E,0,6,A, Exchange rates against USD Japan - Yen - Monthly - End of period,2023-11,147.461348,A,,F
M,JP,JPY,E,0,6,A, Exchange rates against USD Japan - Yen - Monthly - End of period,2023-12,141.475113,A,,F
M,JP,JPY,E,0,6,A, Exchange rates against USD Japan - Yen - Monthly - End of period,2024-01,147.817662,A,,F
M,JP,JPY,E,0,6,A, Exchange rates against USD Japan - Yen - Monthly - End of period,2024-02,150.129318,A,,F
M,JP,JPY,E,0,6,A, Exchange rates against USD Japan - Yen - Monthly - End of period,2024-03,151.188604,A,,F
M,JP,JPY,E,0,6,A, Exchange rates against USD Japan - Yen - Monthly - End of period,2024-04,156.997574,A,,F
M,JP,JPY,E,0,6,A, Exchange rates against USD Japan - Yen - Monthly - End of period,2024-05,157.132326,A,,F
M,JP,JPY,E,0,6,A, Exchange rates against USD Japan - Yen - Monthly - End of period,2024-06,160.616534,A,,F
M,JP,JPY,E,0,6,A, Exchange rates against USD Japan - Yen - Monthly - End of period,2024-07,150.314001,A,,F
M,JP,JPY,E,0,6,A, Exchange rates against USD Japan - Yen - Monthly - End of period,2024-08,145.386489,A,,F
M,JP,JPY,E,0,6,A, Exchange rates against USD Japan - Yen - Monthly - End of period,2024-09,142.74741,A,,F
M,JP,JPY,E,0,6,A, Exchange rates against USD Japan - Yen - Monthly - End of period,2024-10,152.821173,A,,F
M,JP,JPY,E,0,6,A, Exchange rates against USD Japan - Yen - Monthly - End of period,2024-11,150.198826,A,,F
M,JP,JPY,E,0,6,A, Exchange rates against USD Japan - Yen - Monthly - End of period,2024-12,156.954471,A,,F
M,JP,JPY,E,0,6,A, Exchange rates against USD Japan - Yen - Monthly - End of period,2025-01,154.902338,A,,F
M,JP,JPY,E,0,6,A, Exchange rates against USD Japan - Yen - Monthly - End of period,2025-02,150.763615,A,,F
M,JP,JPY,E,0,6,A, Exchange rates against USD Japan - Yen - Monthly - End of period,2025-03,149.422099,A,,F
M,JP,JPY,E,0,6,A, Exchange rates against USD Japan - Yen - Monthly - End of period,2025-04,143.040535,A,,F
M,JP,JPY,E,0,6,A, Exchange rates against USD Japan - Yen - Monthly - End of period,2025-05,143.716377,A,,F
M,JP,JPY,E,0,6,A, Exchange rates against USD Japan - Yen - Monthly - End of period,2025-06,144.343003,A,,F
M,JP,JPY,E,0,6,A, Exchange rates against USD Japan - Yen - Monthly - End of period,2025-07,149.851476,A,,F
M,JP,JPY,E,0,6,A, Exchange rates against USD Japan - Yen - Monthly - End of period,2025-08,147.297993,A,,F
M,JP,JPY,E,0,6,A, Exchange rates against USD Japan - Yen - Monthly - End of period,2025-09,147.994208,A,,F
M,JP,JPY,E,0,6,A, Exchange rates against USD Japan - Yen - Monthly - End of period,2025-10,154.18037,A,,F
M,JP,JPY,E,0,6,A, Exchange rates against USD Japan - Yen - Monthly - End of period,2025-11,156.12139,A,,F
M,JP,JPY,E,0,6,A, Exchange rates against USD Japan - Yen - Monthly - End of period,2025-12,156.67234,A,,F
M,JP,JPY,E,0,6,A, Exchange rates against USD Japan - Yen - Monthly - End of period,2026-01,154.031378,A,,F
M,JP,JPY,E,0,6,A, Exchange rates against USD Japan - Yen - Monthly - End of period,2026-02,155.976281,A,,F
M,JP,JPY,E,0,6,A, Exchange rates against USD Japan - Yen - Monthly - End of period,2026-03,159.497304,A,,F
M,JP,JPY,E,0,6,A, Exchange rates against USD Japan - Yen - Monthly - End of period,2026-04,156.562981,A,,F
M,JP,JPY,E,0,6,A, Exchange rates against USD Japan - Yen - Monthly - End of period,2026-05,159.266575,A,,F
M,JP,JPY,E,0,6,A, Exchange rates against USD Japan - Yen - Monthly - End of period,2026-06,162.43637,A,,F
M,JP,JPY,E,0,6,A, Exchange rates against USD Japan - Yen - Monthly - End of period,2026-07,160.235089,A,,F
M,JP,JPY,E,0,6,A, Exchange rates against USD Japan - Yen - Monthly - End of period,2026-08,159.727492,A,,F
